location,reference_date,horizon,target_end_date,target,output_type,output_type_id,value
01,2026-10-03,0,2026-10-03,wk inc flu hosp,quantile,0.01,8.02342006770357
02,2026-10-03,0,2026-10-03,wk inc flu hosp,quantile,0.01,3.296111465364608
04,2026-10-03,0,2026-10-03,wk inc flu hosp,quantile,0.01,0.0
05,2026-10-03,0,2026-10-03,wk inc flu hosp,quantile,0.01,0.0
06,2026-10-03,0,2026-10-03,wk inc flu hosp,quantile,0.01,246.5881561845344
08,2026-10-03,0,2026-10-03,wk inc flu hosp,quantile,0.01,5.9021340061789225
09,2026-10-03,0,2026-10-03,wk inc flu hosp,quantile,0.01,0.0
10,2026-10-03,0,2026-10-03,wk inc flu hosp,quantile,0.01,0.0
11,2026-10-03,0,2026-10-03,wk inc flu hosp,quantile,0.01,0.0
12,2026-10-03,0,2026-10-03,wk inc flu hosp,quantile,0.01,272.3212545263469
13,2026-10-03,0,2026-10-03,wk inc flu hosp,quantile,0.01,0.0
15,2026-10-03,0,2026-10-03,wk inc flu hosp,quantile,0.01,7.791595500228226
16,2026-10-03,0,2026-10-03,wk inc flu hosp,quantile,0.01,0.8619117989043383
17,2026-10-03,0,2026-10-03,wk inc flu hosp,quantile,0.01,11.257556509330561
18,2026-10-03,0,2026-10-03,wk inc flu hosp,quantile,0.01,10.31883293785478
19,2026-10-03,0,2026-10-03,wk inc flu hosp,quantile,0.01,0.0
20,2026-10-03,0,2026-10-03,wk inc flu hosp,quantile,0.01,0.0
21,2026-10-03,0,2026-10-03,wk inc flu hosp,quantile,0.01,0.0
22,2026-10-03,0,2026-10-03,wk inc flu hosp,quantile,0.01,15.928799829184701
23,2026-10-03,0,2026-10-03,wk inc flu hosp,quantile,0.01,0.0
24,2026-10-03,0,2026-10-03,wk inc flu hosp,quantile,0.01,0.0
25,2026-10-03,0,2026-10-03,wk inc flu hosp,quantile,0.01,0.0
26,2026-10-03,0,2026-10-03,wk inc flu hosp,quantile,0.01,9.133097369354779
27,2026-10-03,0,2026-10-03,wk inc flu hosp,quantile,0.01,0.0
28,2026-10-03,0,2026-10-03,wk inc flu hosp,quantile,0.01,5.355686472178404
29,2026-10-03,0,2026-10-03,wk inc flu hosp,quantile,0.01,6.5764369576891255
30,2026-10-03,0,2026-10-03,wk inc flu hosp,quantile,0.01,10.793620110611561
31,2026-10-03,0,2026-10-03,wk inc flu hosp,quantile,0.01,0.0
32,2026-10-03,0,2026-10-03,wk inc flu hosp,quantile,0.01,20.812072766348646
33,2026-10-03,0,2026-10-03,wk inc flu hosp,quantile,0.01,0.0
34,2026-10-03,0,2026-10-03,wk inc flu hosp,quantile,0.01,42.9469578594592
35,2026-10-03,0,2026-10-03,wk inc flu hosp,quantile,0.01,0.0
36,2026-10-03,0,2026-10-03,wk inc flu hosp,quantile,0.01,47.3481175091782
37,2026-10-03,0,2026-10-03,wk inc flu hosp,quantile,0.01,12.479598870226173
38,2026-10-03,0,2026-10-03,wk inc flu hosp,quantile,0.01,0.0
39,2026-10-03,0,2026-10-03,wk inc flu hosp,quantile,0.01,0.0
40,2026-10-03,0,2026-10-03,wk inc flu hosp,quantile,0.01,0.0
41,2026-10-03,0,2026-10-03,wk inc flu hosp,quantile,0.01,9.968712733826033
42,2026-10-03,0,2026-10-03,wk inc flu hosp,quantile,0.01,90.25745126674249
44,2026-10-03,0,2026-10-03,wk inc flu hosp,quantile,0.01,0.0
45,2026-10-03,0,2026-10-03,wk inc flu hosp,quantile,0.01,6.9348329834612015
46,2026-10-03,0,2026-10-03,wk inc flu hosp,quantile,0.01,0.0
47,2026-10-03,0,2026-10-03,wk inc flu hosp,quantile,0.01,24.47060311254984
48,2026-10-03,0,2026-10-03,wk inc flu hosp,quantile,0.01,152.16654945393535
49,2026-10-03,0,2026-10-03,wk inc flu hosp,quantile,0.01,2.6200491780776622
50,2026-10-03,0,2026-10-03,wk inc flu hosp,quantile,0.01,0.0
51,2026-10-03,0,2026-10-03,wk inc flu hosp,quantile,0.01,9.40768747599444
53,2026-10-03,0,2026-10-03,wk inc flu hosp,quantile,0.01,58.14030764525524
54,2026-10-03,0,2026-10-03,wk inc flu hosp,quantile,0.01,0.0
55,2026-10-03,0,2026-10-03,wk inc flu hosp,quantile,0.01,5.748748625986988
56,2026-10-03,0,2026-10-03,wk inc flu hosp,quantile,0.01,0.0
72,2026-10-03,0,2026-10-03,wk inc flu hosp,quantile,0.01,41.15818960381477
US,2026-10-03,0,2026-10-03,wk inc flu hosp,quantile,0.01,1693.9376947342446
01,2026-10-03,1,2026-10-10,wk inc flu hosp,quantile,0.01,0.0
02,2026-10-03,1,2026-10-10,wk inc flu hosp,quantile,0.01,1.6457620336701724
04,2026-10-03,1,2026-10-10,wk inc flu hosp,quantile,0.01,0.0
05,2026-10-03,1,2026-10-10,wk inc flu hosp,quantile,0.01,0.0
06,2026-10-03,1,2026-10-10,wk inc flu hosp,quantile,0.01,132.7442902616387
08,2026-10-03,1,2026-10-10,wk inc flu hosp,quantile,0.01,0.0
09,2026-10-03,1,2026-10-10,wk inc flu hosp,quantile,0.01,0.0
10,2026-10-03,1,2026-10-10,wk inc flu hosp,quantile,0.01,0.0
11,2026-10-03,1,2026-10-10,wk inc flu hosp,quantile,0.01,0.0
12,2026-10-03,1,2026-10-10,wk inc flu hosp,quantile,0.01,179.75726891450043
13,2026-10-03,1,2026-10-10,wk inc flu hosp,quantile,0.01,0.0
15,2026-10-03,1,2026-10-10,wk inc flu hosp,quantile,0.01,5.924385392001091
16,2026-10-03,1,2026-10-10,wk inc flu hosp,quantile,0.01,0.0
17,2026-10-03,1,2026-10-10,wk inc flu hosp,quantile,0.01,0.0
18,2026-10-03,1,2026-10-10,wk inc flu hosp,quantile,0.01,0.0
19,2026-10-03,1,2026-10-10,wk inc flu hosp,quantile,0.01,0.0
20,2026-10-03,1,2026-10-10,wk inc flu hosp,quantile,0.01,0.0
21,2026-10-03,1,2026-10-10,wk inc flu hosp,quantile,0.01,0.0
22,2026-10-03,1,2026-10-10,wk inc flu hosp,quantile,0.01,4.947742160491691
23,2026-10-03,1,2026-10-10,wk inc flu hosp,quantile,0.01,0.0
24,2026-10-03,1,2026-10-10,wk inc flu hosp,quantile,0.01,0.0
25,2026-10-03,1,2026-10-10,wk inc flu hosp,quantile,0.01,0.0
26,2026-10-03,1,2026-10-10,wk inc flu hosp,quantile,0.01,0.0
27,2026-10-03,1,2026-10-10,wk inc flu hosp,quantile,0.01,0.0
28,2026-10-03,1,2026-10-10,wk inc flu hosp,quantile,0.01,0.0
29,2026-10-03,1,2026-10-10,wk inc flu hosp,quantile,0.01,0.0
30,2026-10-03,1,2026-10-10,wk inc flu hosp,quantile,0.01,6.002771849075442
31,2026-10-03,1,2026-10-10,wk inc flu hosp,quantile,0.01,0.0
32,2026-10-03,1,2026-10-10,wk inc flu hosp,quantile,0.01,11.243672638563167
33,2026-10-03,1,2026-10-10,wk inc flu hosp,quantile,0.01,0.0
34,2026-10-03,1,2026-10-10,wk inc flu hosp,quantile,0.01,19.788749163460512
35,2026-10-03,1,2026-10-10,wk inc flu hosp,quantile,0.01,0.0
36,2026-10-03,1,2026-10-10,wk inc flu hosp,quantile,0.01,10.770782898459538
37,2026-10-03,1,2026-10-10,wk inc flu hosp,quantile,0.01,0.0
38,2026-10-03,1,2026-10-10,wk inc flu hosp,quantile,0.01,0.0
39,2026-10-03,1,2026-10-10,wk inc flu hosp,quantile,0.01,0.0
40,2026-10-03,1,2026-10-10,wk inc flu hosp,quantile,0.01,0.0
41,2026-10-03,1,2026-10-10,wk inc flu hosp,quantile,0.01,0.0
42,2026-10-03,1,2026-10-10,wk inc flu hosp,quantile,0.01,44.39324155140468
44,2026-10-03,1,2026-10-10,wk inc flu hosp,quantile,0.01,0.0
45,2026-10-03,1,2026-10-10,wk inc flu hosp,quantile,0.01,0.0
46,2026-10-03,1,2026-10-10,wk inc flu hosp,quantile,0.01,0.0
47,2026-10-03,1,2026-10-10,wk inc flu hosp,quantile,0.01,7.3902920899925055
48,2026-10-03,1,2026-10-10,wk inc flu hosp,quantile,0.01,73.86329893837409
49,2026-10-03,1,2026-10-10,wk inc flu hosp,quantile,0.01,0.0
50,2026-10-03,1,2026-10-10,wk inc flu hosp,quantile,0.01,0.0
51,2026-10-03,1,2026-10-10,wk inc flu hosp,quantile,0.01,0.0
53,2026-10-03,1,2026-10-10,wk inc flu hosp,quantile,0.01,29.75827925657445
54,2026-10-03,1,2026-10-10,wk inc flu hosp,quantile,0.01,0.0
55,2026-10-03,1,2026-10-10,wk inc flu hosp,quantile,0.01,0.0
56,2026-10-03,1,2026-10-10,wk inc flu hosp,quantile,0.01,0.0
72,2026-10-03,1,2026-10-10,wk inc flu hosp,quantile,0.01,28.79835195912114
US,2026-10-03,1,2026-10-10,wk inc flu hosp,quantile,0.01,993.131856861109
01,2026-10-03,2,2026-10-17,wk inc flu hosp,quantile,0.01,0.0
02,2026-10-03,2,2026-10-17,wk inc flu hosp,quantile,0.01,0.3823306680621115
04,2026-10-03,2,2026-10-17,wk inc flu hosp,quantile,0.01,0.0
05,2026-10-03,2,2026-10-17,wk inc flu hosp,quantile,0.01,0.0
06,2026-10-03,2,2026-10-17,wk inc flu hosp,quantile,0.01,54.16234370327444
08,2026-10-03,2,2026-10-17,wk inc flu hosp,quantile,0.01,0.0
09,2026-10-03,2,2026-10-17,wk inc flu hosp,quantile,0.01,0.0
10,2026-10-03,2,2026-10-17,wk inc flu hosp,quantile,0.01,0.0
11,2026-10-03,2,2026-10-17,wk inc flu hosp,quantile,0.01,0.0
12,2026-10-03,2,2026-10-17,wk inc flu hosp,quantile,0.01,107.82114449105534
13,2026-10-03,2,2026-10-17,wk inc flu hosp,quantile,0.01,0.0
15,2026-10-03,2,2026-10-17,wk inc flu hosp,quantile,0.01,2.719482376950002
16,2026-10-03,2,2026-10-17,wk inc flu hosp,quantile,0.01,0.0
17,2026-10-03,2,2026-10-17,wk inc flu hosp,quantile,0.01,0.0
18,2026-10-03,2,2026-10-17,wk inc flu hosp,quantile,0.01,0.0
19,2026-10-03,2,2026-10-17,wk inc flu hosp,quantile,0.01,0.0
20,2026-10-03,2,2026-10-17,wk inc flu hosp,quantile,0.01,0.0
21,2026-10-03,2,2026-10-17,wk inc flu hosp,quantile,0.01,0.0
22,2026-10-03,2,2026-10-17,wk inc flu hosp,quantile,0.01,0.0
23,2026-10-03,2,2026-10-17,wk inc flu hosp,quantile,0.01,0.0
24,2026-10-03,2,2026-10-17,wk inc flu hosp,quantile,0.01,0.0
25,2026-10-03,2,2026-10-17,wk inc flu hosp,quantile,0.01,0.0
26,2026-10-03,2,2026-10-17,wk inc flu hosp,quantile,0.01,0.0
27,2026-10-03,2,2026-10-17,wk inc flu hosp,quantile,0.01,0.0
28,2026-10-03,2,2026-10-17,wk inc flu hosp,quantile,0.01,0.0
29,2026-10-03,2,2026-10-17,wk inc flu hosp,quantile,0.01,0.0
30,2026-10-03,2,2026-10-17,wk inc flu hosp,quantile,0.01,2.518666609860348
31,2026-10-03,2,2026-10-17,wk inc flu hosp,quantile,0.01,0.0
32,2026-10-03,2,2026-10-17,wk inc flu hosp,quantile,0.01,4.406407871561
33,2026-10-03,2,2026-10-17,wk inc flu hosp,quantile,0.01,0.0
34,2026-10-03,2,2026-10-17,wk inc flu hosp,quantile,0.01,1.1906883618327941
35,2026-10-03,2,2026-10-17,wk inc flu hosp,quantile,0.01,0.0
36,2026-10-03,2,2026-10-17,wk inc flu hosp,quantile,0.01,0.0
37,2026-10-03,2,2026-10-17,wk inc flu hosp,quantile,0.01,0.0
38,2026-10-03,2,2026-10-17,wk inc flu hosp,quantile,0.01,0.0
39,2026-10-03,2,2026-10-17,wk inc flu hosp,quantile,0.01,0.0
40,2026-10-03,2,2026-10-17,wk inc flu hosp,quantile,0.01,0.0
41,2026-10-03,2,2026-10-17,wk inc flu hosp,quantile,0.01,0.0
42,2026-10-03,2,2026-10-17,wk inc flu hosp,quantile,0.01,12.584814235344128
44,2026-10-03,2,2026-10-17,wk inc flu hosp,quantile,0.01,0.0
45,2026-10-03,2,2026-10-17,wk inc flu hosp,quantile,0.01,0.0
46,2026-10-03,2,2026-10-17,wk inc flu hosp,quantile,0.01,0.0
47,2026-10-03,2,2026-10-17,wk inc flu hosp,quantile,0.01,0.0
48,2026-10-03,2,2026-10-17,wk inc flu hosp,quantile,0.01,18.463002218726782
49,2026-10-03,2,2026-10-17,wk inc flu hosp,quantile,0.01,0.0
50,2026-10-03,2,2026-10-17,wk inc flu hosp,quantile,0.01,0.0
51,2026-10-03,2,2026-10-17,wk inc flu hosp,quantile,0.01,0.0
53,2026-10-03,2,2026-10-17,wk inc flu hosp,quantile,0.01,13.120893637017875
54,2026-10-03,2,2026-10-17,wk inc flu hosp,quantile,0.01,0.0
55,2026-10-03,2,2026-10-17,wk inc flu hosp,quantile,0.01,0.0
56,2026-10-03,2,2026-10-17,wk inc flu hosp,quantile,0.01,0.0
72,2026-10-03,2,2026-10-17,wk inc flu hosp,quantile,0.01,21.542057029546346
US,2026-10-03,2,2026-10-17,wk inc flu hosp,quantile,0.01,562.9175205993831
01,2026-10-03,3,2026-10-24,wk inc flu hosp,quantile,0.01,0.0
02,2026-10-03,3,2026-10-24,wk inc flu hosp,quantile,0.01,0.0
04,2026-10-03,3,2026-10-24,wk inc flu hosp,quantile,0.01,0.0
05,2026-10-03,3,2026-10-24,wk inc flu hosp,quantile,0.01,0.0
06,2026-10-03,3,2026-10-24,wk inc flu hosp,quantile,0.01,2.0454057272360786
08,2026-10-03,3,2026-10-24,wk inc flu hosp,quantile,0.01,0.0
09,2026-10-03,3,2026-10-24,wk inc flu hosp,quantile,0.01,0.0
10,2026-10-03,3,2026-10-24,wk inc flu hosp,quantile,0.01,0.0
11,2026-10-03,3,2026-10-24,wk inc flu hosp,quantile,0.01,0.0
12,2026-10-03,3,2026-10-24,wk inc flu hosp,quantile,0.01,66.85199351375974
13,2026-10-03,3,2026-10-24,wk inc flu hosp,quantile,0.01,0.0
15,2026-10-03,3,2026-10-24,wk inc flu hosp,quantile,0.01,1.9672641349724644
16,2026-10-03,3,2026-10-24,wk inc flu hosp,quantile,0.01,0.0
17,2026-10-03,3,2026-10-24,wk inc flu hosp,quantile,0.01,0.0
18,2026-10-03,3,2026-10-24,wk inc flu hosp,quantile,0.01,0.0
19,2026-10-03,3,2026-10-24,wk inc flu hosp,quantile,0.01,0.0
20,2026-10-03,3,2026-10-24,wk inc flu hosp,quantile,0.01,0.0
21,2026-10-03,3,2026-10-24,wk inc flu hosp,quantile,0.01,0.0
22,2026-10-03,3,2026-10-24,wk inc flu hosp,quantile,0.01,0.0
23,2026-10-03,3,2026-10-24,wk inc flu hosp,quantile,0.01,0.0
24,2026-10-03,3,2026-10-24,wk inc flu hosp,quantile,0.01,0.0
25,2026-10-03,3,2026-10-24,wk inc flu hosp,quantile,0.01,0.0
26,2026-10-03,3,2026-10-24,wk inc flu hosp,quantile,0.01,0.0
27,2026-10-03,3,2026-10-24,wk inc flu hosp,quantile,0.01,0.0
28,2026-10-03,3,2026-10-24,wk inc flu hosp,quantile,0.01,0.0
29,2026-10-03,3,2026-10-24,wk inc flu hosp,quantile,0.01,0.0
30,2026-10-03,3,2026-10-24,wk inc flu hosp,quantile,0.01,0.5360736812023207
31,2026-10-03,3,2026-10-24,wk inc flu hosp,quantile,0.01,0.0
32,2026-10-03,3,2026-10-24,wk inc flu hosp,quantile,0.01,0.7813700532000514
33,2026-10-03,3,2026-10-24,wk inc flu hosp,quantile,0.01,0.0
34,2026-10-03,3,2026-10-24,wk inc flu hosp,quantile,0.01,0.0
35,2026-10-03,3,2026-10-24,wk inc flu hosp,quantile,0.01,0.0
36,2026-10-03,3,2026-10-24,wk inc flu hosp,quantile,0.01,0.0
37,2026-10-03,3,2026-10-24,wk inc flu hosp,quantile,0.01,0.0
38,2026-10-03,3,2026-10-24,wk inc flu hosp,quantile,0.01,0.0
39,2026-10-03,3,2026-10-24,wk inc flu hosp,quantile,0.01,0.0
40,2026-10-03,3,2026-10-24,wk inc flu hosp,quantile,0.01,0.0
41,2026-10-03,3,2026-10-24,wk inc flu hosp,quantile,0.01,0.0
42,2026-10-03,3,2026-10-24,wk inc flu hosp,quantile,0.01,0.0
44,2026-10-03,3,2026-10-24,wk inc flu hosp,quantile,0.01,0.0
45,2026-10-03,3,2026-10-24,wk inc flu hosp,quantile,0.01,0.0
46,2026-10-03,3,2026-10-24,wk inc flu hosp,quantile,0.01,0.0
47,2026-10-03,3,2026-10-24,wk inc flu hosp,quantile,0.01,0.0
48,2026-10-03,3,2026-10-24,wk inc flu hosp,quantile,0.01,0.0
49,2026-10-03,3,2026-10-24,wk inc flu hosp,quantile,0.01,0.0
50,2026-10-03,3,2026-10-24,wk inc flu hosp,quantile,0.01,0.0
51,2026-10-03,3,2026-10-24,wk inc flu hosp,quantile,0.01,0.0
53,2026-10-03,3,2026-10-24,wk inc flu hosp,quantile,0.01,2.9480781942857295
54,2026-10-03,3,2026-10-24,wk inc flu hosp,quantile,0.01,0.0
55,2026-10-03,3,2026-10-24,wk inc flu hosp,quantile,0.01,0.0
56,2026-10-03,3,2026-10-24,wk inc flu hosp,quantile,0.01,0.0
72,2026-10-03,3,2026-10-24,wk inc flu hosp,quantile,0.01,16.28073797166413
US,2026-10-03,3,2026-10-24,wk inc flu hosp,quantile,0.01,97.13923061757362
01,2026-10-03,0,2026-10-03,wk inc flu hosp,quantile,0.025,11.74177311714476
02,2026-10-03,0,2026-10-03,wk inc flu hosp,quantile,0.025,4.468480885140673
04,2026-10-03,0,2026-10-03,wk inc flu hosp,quantile,0.025,0.0
05,2026-10-03,0,2026-10-03,wk inc flu hosp,quantile,0.025,0.0
06,2026-10-03,0,2026-10-03,wk inc flu hosp,quantile,0.025,269.00786185142107
08,2026-10-03,0,2026-10-03,wk inc flu hosp,quantile,0.025,9.908825954431457
09,2026-10-03,0,2026-10-03,wk inc flu hosp,quantile,0.025,0.0
10,2026-10-03,0,2026-10-03,wk inc flu hosp,quantile,0.025,0.0
11,2026-10-03,0,2026-10-03,wk inc flu hosp,quantile,0.025,0.0
12,2026-10-03,0,2026-10-03,wk inc flu hosp,quantile,0.025,293.0330079315373
13,2026-10-03,0,2026-10-03,wk inc flu hosp,quantile,0.025,0.0
15,2026-10-03,0,2026-10-03,wk inc flu hosp,quantile,0.025,9.305175304794801
16,2026-10-03,0,2026-10-03,wk inc flu hosp,quantile,0.025,2.1778335971909346
17,2026-10-03,0,2026-10-03,wk inc flu hosp,quantile,0.025,19.066770003008955
18,2026-10-03,0,2026-10-03,wk inc flu hosp,quantile,0.025,13.62020656891328
19,2026-10-03,0,2026-10-03,wk inc flu hosp,quantile,0.025,0.0
20,2026-10-03,0,2026-10-03,wk inc flu hosp,quantile,0.025,0.0
21,2026-10-03,0,2026-10-03,wk inc flu hosp,quantile,0.025,0.0
22,2026-10-03,0,2026-10-03,wk inc flu hosp,quantile,0.025,21.49089522913108
23,2026-10-03,0,2026-10-03,wk inc flu hosp,quantile,0.025,0.0
24,2026-10-03,0,2026-10-03,wk inc flu hosp,quantile,0.025,1.5517064114881147
25,2026-10-03,0,2026-10-03,wk inc flu hosp,quantile,0.025,0.0
26,2026-10-03,0,2026-10-03,wk inc flu hosp,quantile,0.025,13.396082090250461
27,2026-10-03,0,2026-10-03,wk inc flu hosp,quantile,0.025,0.9085616147985877
28,2026-10-03,0,2026-10-03,wk inc flu hosp,quantile,0.025,7.699810162095897
29,2026-10-03,0,2026-10-03,wk inc flu hosp,quantile,0.025,10.048667379524383
30,2026-10-03,0,2026-10-03,wk inc flu hosp,quantile,0.025,13.305405955641039
31,2026-10-03,0,2026-10-03,wk inc flu hosp,quantile,0.025,0.0
32,2026-10-03,0,2026-10-03,wk inc flu hosp,quantile,0.025,24.25430613446774
33,2026-10-03,0,2026-10-03,wk inc flu hosp,quantile,0.025,0.0
34,2026-10-03,0,2026-10-03,wk inc flu hosp,quantile,0.025,50.67747400480177
35,2026-10-03,0,2026-10-03,wk inc flu hosp,quantile,0.025,0.009221278113342979
36,2026-10-03,0,2026-10-03,wk inc flu hosp,quantile,0.025,55.094825662619506
37,2026-10-03,0,2026-10-03,wk inc flu hosp,quantile,0.025,19.263132946935375
38,2026-10-03,0,2026-10-03,wk inc flu hosp,quantile,0.025,0.20979915132125618
39,2026-10-03,0,2026-10-03,wk inc flu hosp,quantile,0.025,0.0
40,2026-10-03,0,2026-10-03,wk inc flu hosp,quantile,0.025,0.0
41,2026-10-03,0,2026-10-03,wk inc flu hosp,quantile,0.025,13.337581715986964
42,2026-10-03,0,2026-10-03,wk inc flu hosp,quantile,0.025,103.95901764141794
44,2026-10-03,0,2026-10-03,wk inc flu hosp,quantile,0.025,0.0
45,2026-10-03,0,2026-10-03,wk inc flu hosp,quantile,0.025,10.92337467080625
46,2026-10-03,0,2026-10-03,wk inc flu hosp,quantile,0.025,0.0
47,2026-10-03,0,2026-10-03,wk inc flu hosp,quantile,0.025,30.78037289506708
48,2026-10-03,0,2026-10-03,wk inc flu hosp,quantile,0.025,169.86150995487188
49,2026-10-03,0,2026-10-03,wk inc flu hosp,quantile,0.025,4.697688743662248
50,2026-10-03,0,2026-10-03,wk inc flu hosp,quantile,0.025,0.0
51,2026-10-03,0,2026-10-03,wk inc flu hosp,quantile,0.025,14.172623337961944
53,2026-10-03,0,2026-10-03,wk inc flu hosp,quantile,0.025,64.22455931550346
54,2026-10-03,0,2026-10-03,wk inc flu hosp,quantile,0.025,0.0
55,2026-10-03,0,2026-10-03,wk inc flu hosp,quantile,0.025,8.374954513087115
56,2026-10-03,0,2026-10-03,wk inc flu hosp,quantile,0.025,0.0
72,2026-10-03,0,2026-10-03,wk inc flu hosp,quantile,0.025,50.59455291105885
US,2026-10-03,0,2026-10-03,wk inc flu hosp,quantile,0.025,1869.8203454651982
01,2026-10-03,1,2026-10-10,wk inc flu hosp,quantile,0.025,2.2673679559527473
02,2026-10-03,1,2026-10-10,wk inc flu hosp,quantile,0.025,2.6262981425126606
04,2026-10-03,1,2026-10-10,wk inc flu hosp,quantile,0.025,0.0
05,2026-10-03,1,2026-10-10,wk inc flu hosp,quantile,0.025,0.0
06,2026-10-03,1,2026-10-10,wk inc flu hosp,quantile,0.025,184.04630824504528
08,2026-10-03,1,2026-10-10,wk inc flu hosp,quantile,0.025,1.169964944354215
09,2026-10-03,1,2026-10-10,wk inc flu hosp,quantile,0.025,0.0
10,2026-10-03,1,2026-10-10,wk inc flu hosp,quantile,0.025,0.0
11,2026-10-03,1,2026-10-10,wk inc flu hosp,quantile,0.025,0.0
12,2026-10-03,1,2026-10-10,wk inc flu hosp,quantile,0.025,218.17736818029965
13,2026-10-03,1,2026-10-10,wk inc flu hosp,quantile,0.025,0.0
15,2026-10-03,1,2026-10-10,wk inc flu hosp,quantile,0.025,7.845875243286507
16,2026-10-03,1,2026-10-10,wk inc flu hosp,quantile,0.025,0.0
17,2026-10-03,1,2026-10-10,wk inc flu hosp,quantile,0.025,0.0
18,2026-10-03,1,2026-10-10,wk inc flu hosp,quantile,0.025,0.32020847904196165
19,2026-10-03,1,2026-10-10,wk inc flu hosp,quantile,0.025,0.0
20,2026-10-03,1,2026-10-10,wk inc flu hosp,quantile,0.025,0.0
21,2026-10-03,1,2026-10-10,wk inc flu hosp,quantile,0.025,0.0
22,2026-10-03,1,2026-10-10,wk inc flu hosp,quantile,0.025,10.294642648559895
23,2026-10-03,1,2026-10-10,wk inc flu hosp,quantile,0.025,0.0
24,2026-10-03,1,2026-10-10,wk inc flu hosp,quantile,0.025,0.0
25,2026-10-03,1,2026-10-10,wk inc flu hosp,quantile,0.025,0.0
26,2026-10-03,1,2026-10-10,wk inc flu hosp,quantile,0.025,0.0
27,2026-10-03,1,2026-10-10,wk inc flu hosp,quantile,0.025,0.0
28,2026-10-03,1,2026-10-10,wk inc flu hosp,quantile,0.025,2.4001254429391383
29,2026-10-03,1,2026-10-10,wk inc flu hosp,quantile,0.025,0.0
30,2026-10-03,1,2026-10-10,wk inc flu hosp,quantile,0.025,8.2492164921127
31,2026-10-03,1,2026-10-10,wk inc flu hosp,quantile,0.025,0.0
32,2026-10-03,1,2026-10-10,wk inc flu hosp,quantile,0.025,15.071999683227453
33,2026-10-03,1,2026-10-10,wk inc flu hosp,quantile,0.025,0.0
34,2026-10-03,1,2026-10-10,wk inc flu hosp,quantile,0.025,29.760706098502645
35,2026-10-03,1,2026-10-10,wk inc flu hosp,quantile,0.025,0.0
36,2026-10-03,1,2026-10-10,wk inc flu hosp,quantile,0.025,26.263765536826565
37,2026-10-03,1,2026-10-10,wk inc flu hosp,quantile,0.025,1.2088508638730557
38,2026-10-03,1,2026-10-10,wk inc flu hosp,quantile,0.025,0.0
39,2026-10-03,1,2026-10-10,wk inc flu hosp,quantile,0.025,0.0
40,2026-10-03,1,2026-10-10,wk inc flu hosp,quantile,0.025,0.0
41,2026-10-03,1,2026-10-10,wk inc flu hosp,quantile,0.025,2.7303502783417377
42,2026-10-03,1,2026-10-10,wk inc flu hosp,quantile,0.025,60.396243965422904
44,2026-10-03,1,2026-10-10,wk inc flu hosp,quantile,0.025,0.0
45,2026-10-03,1,2026-10-10,wk inc flu hosp,quantile,0.025,0.15850052597515218
46,2026-10-03,1,2026-10-10,wk inc flu hosp,quantile,0.025,0.0
47,2026-10-03,1,2026-10-10,wk inc flu hosp,quantile,0.025,13.477671084374368
48,2026-10-03,1,2026-10-10,wk inc flu hosp,quantile,0.025,109.28123049787011
49,2026-10-03,1,2026-10-10,wk inc flu hosp,quantile,0.025,0.0
50,2026-10-03,1,2026-10-10,wk inc flu hosp,quantile,0.025,0.0
51,2026-10-03,1,2026-10-10,wk inc flu hosp,quantile,0.025,2.2388909904554706
53,2026-10-03,1,2026-10-10,wk inc flu hosp,quantile,0.025,40.643430996002245
54,2026-10-03,1,2026-10-10,wk inc flu hosp,quantile,0.025,0.0
55,2026-10-03,1,2026-10-10,wk inc flu hosp,quantile,0.025,0.0
56,2026-10-03,1,2026-10-10,wk inc flu hosp,quantile,0.025,0.0
72,2026-10-03,1,2026-10-10,wk inc flu hosp,quantile,0.025,35.883164503031246
US,2026-10-03,1,2026-10-10,wk inc flu hosp,quantile,0.025,1341.1511623797187
01,2026-10-03,2,2026-10-17,wk inc flu hosp,quantile,0.025,0.0
02,2026-10-03,2,2026-10-17,wk inc flu hosp,quantile,0.025,1.614526703442443
04,2026-10-03,2,2026-10-17,wk inc flu hosp,quantile,0.025,0.0
05,2026-10-03,2,2026-10-17,wk inc flu hosp,quantile,0.025,0.0
06,2026-10-03,2,2026-10-17,wk inc flu hosp,quantile,0.025,106.02114865560364
08,2026-10-03,2,2026-10-17,wk inc flu hosp,quantile,0.025,0.0
09,2026-10-03,2,2026-10-17,wk inc flu hosp,quantile,0.025,0.0
10,2026-10-03,2,2026-10-17,wk inc flu hosp,quantile,0.025,0.0
11,2026-10-03,2,2026-10-17,wk inc flu hosp,quantile,0.025,0.0
12,2026-10-03,2,2026-10-17,wk inc flu hosp,quantile,0.025,160.18215067372188
13,2026-10-03,2,2026-10-17,wk inc flu hosp,quantile,0.025,0.0
15,2026-10-03,2,2026-10-17,wk inc flu hosp,quantile,0.025,5.225055398233713
16,2026-10-03,2,2026-10-17,wk inc flu hosp,quantile,0.025,0.0
17,2026-10-03,2,2026-10-17,wk inc flu hosp,quantile,0.025,0.0
18,2026-10-03,2,2026-10-17,wk inc flu hosp,quantile,0.025,0.0
19,2026-10-03,2,2026-10-17,wk inc flu hosp,quantile,0.025,0.0
20,2026-10-03,2,2026-10-17,wk inc flu hosp,quantile,0.025,0.0
21,2026-10-03,2,2026-10-17,wk inc flu hosp,quantile,0.025,0.0
22,2026-10-03,2,2026-10-17,wk inc flu hosp,quantile,0.025,3.962511731447931
23,2026-10-03,2,2026-10-17,wk inc flu hosp,quantile,0.025,0.0
24,2026-10-03,2,2026-10-17,wk inc flu hosp,quantile,0.025,0.0
25,2026-10-03,2,2026-10-17,wk inc flu hosp,quantile,0.025,0.0
26,2026-10-03,2,2026-10-17,wk inc flu hosp,quantile,0.025,0.0
27,2026-10-03,2,2026-10-17,wk inc flu hosp,quantile,0.025,0.0
28,2026-10-03,2,2026-10-17,wk inc flu hosp,quantile,0.025,0.05027374908418673
29,2026-10-03,2,2026-10-17,wk inc flu hosp,quantile,0.025,0.0
30,2026-10-03,2,2026-10-17,wk inc flu hosp,quantile,0.025,4.502929260552255
31,2026-10-03,2,2026-10-17,wk inc flu hosp,quantile,0.025,0.0
32,2026-10-03,2,2026-10-17,wk inc flu hosp,quantile,0.025,8.486380158193654
33,2026-10-03,2,2026-10-17,wk inc flu hosp,quantile,0.025,0.0
34,2026-10-03,2,2026-10-17,wk inc flu hosp,quantile,0.025,14.685134833806197
35,2026-10-03,2,2026-10-17,wk inc flu hosp,quantile,0.025,0.0
36,2026-10-03,2,2026-10-17,wk inc flu hosp,quantile,0.025,4.9050446345688865
37,2026-10-03,2,2026-10-17,wk inc flu hosp,quantile,0.025,0.0
38,2026-10-03,2,2026-10-17,wk inc flu hosp,quantile,0.025,0.0
39,2026-10-03,2,2026-10-17,wk inc flu hosp,quantile,0.025,0.0
40,2026-10-03,2,2026-10-17,wk inc flu hosp,quantile,0.025,0.0
41,2026-10-03,2,2026-10-17,wk inc flu hosp,quantile,0.025,0.0
42,2026-10-03,2,2026-10-17,wk inc flu hosp,quantile,0.025,33.80071690549283
44,2026-10-03,2,2026-10-17,wk inc flu hosp,quantile,0.025,0.0
45,2026-10-03,2,2026-10-17,wk inc flu hosp,quantile,0.025,0.0
46,2026-10-03,2,2026-10-17,wk inc flu hosp,quantile,0.025,0.0
47,2026-10-03,2,2026-10-17,wk inc flu hosp,quantile,0.025,2.503873828397007
48,2026-10-03,2,2026-10-17,wk inc flu hosp,quantile,0.025,53.66513293847801
49,2026-10-03,2,2026-10-17,wk inc flu hosp,quantile,0.025,0.0
50,2026-10-03,2,2026-10-17,wk inc flu hosp,quantile,0.025,0.0
51,2026-10-03,2,2026-10-17,wk inc flu hosp,quantile,0.025,0.0
53,2026-10-03,2,2026-10-17,wk inc flu hosp,quantile,0.025,22.3481768774691
54,2026-10-03,2,2026-10-17,wk inc flu hosp,quantile,0.025,0.0
55,2026-10-03,2,2026-10-17,wk inc flu hosp,quantile,0.025,0.0
56,2026-10-03,2,2026-10-17,wk inc flu hosp,quantile,0.025,0.0
72,2026-10-03,2,2026-10-17,wk inc flu hosp,quantile,0.025,31.16321521315812
US,2026-10-03,2,2026-10-17,wk inc flu hosp,quantile,0.025,881.2460631012322
01,2026-10-03,3,2026-10-24,wk inc flu hosp,quantile,0.025,0.0
02,2026-10-03,3,2026-10-24,wk inc flu hosp,quantile,0.025,1.1455943922281029
04,2026-10-03,3,2026-10-24,wk inc flu hosp,quantile,0.025,0.0
05,2026-10-03,3,2026-10-24,wk inc flu hosp,quantile,0.025,0.0
06,2026-10-03,3,2026-10-24,wk inc flu hosp,quantile,0.025,47.42282321088269
08,2026-10-03,3,2026-10-24,wk inc flu hosp,quantile,0.025,0.0
09,2026-10-03,3,2026-10-24,wk inc flu hosp,quantile,0.025,0.0
10,2026-10-03,3,2026-10-24,wk inc flu hosp,quantile,0.025,0.0
11,2026-10-03,3,2026-10-24,wk inc flu hosp,quantile,0.025,0.0
12,2026-10-03,3,2026-10-24,wk inc flu hosp,quantile,0.025,117.74779566671444
13,2026-10-03,3,2026-10-24,wk inc flu hosp,quantile,0.025,0.0
15,2026-10-03,3,2026-10-24,wk inc flu hosp,quantile,0.025,4.008989462927098
16,2026-10-03,3,2026-10-24,wk inc flu hosp,quantile,0.025,0.0
17,2026-10-03,3,2026-10-24,wk inc flu hosp,quantile,0.025,0.0
18,2026-10-03,3,2026-10-24,wk inc flu hosp,quantile,0.025,0.0
19,2026-10-03,3,2026-10-24,wk inc flu hosp,quantile,0.025,0.0
20,2026-10-03,3,2026-10-24,wk inc flu hosp,quantile,0.025,0.0
21,2026-10-03,3,2026-10-24,wk inc flu hosp,quantile,0.025,0.0
22,2026-10-03,3,2026-10-24,wk inc flu hosp,quantile,0.025,1.4799399855188033
23,2026-10-03,3,2026-10-24,wk inc flu hosp,quantile,0.025,0.0
24,2026-10-03,3,2026-10-24,wk inc flu hosp,quantile,0.025,0.0
25,2026-10-03,3,2026-10-24,wk inc flu hosp,quantile,0.025,0.0
26,2026-10-03,3,2026-10-24,wk inc flu hosp,quantile,0.025,0.0
27,2026-10-03,3,2026-10-24,wk inc flu hosp,quantile,0.025,0.0
28,2026-10-03,3,2026-10-24,wk inc flu hosp,quantile,0.025,0.0
29,2026-10-03,3,2026-10-24,wk inc flu hosp,quantile,0.025,0.0
30,2026-10-03,3,2026-10-24,wk inc flu hosp,quantile,0.025,2.505782778215222
31,2026-10-03,3,2026-10-24,wk inc flu hosp,quantile,0.025,0.0
32,2026-10-03,3,2026-10-24,wk inc flu hosp,quantile,0.025,4.512525052563782
33,2026-10-03,3,2026-10-24,wk inc flu hosp,quantile,0.025,0.0
34,2026-10-03,3,2026-10-24,wk inc flu hosp,quantile,0.025,5.734521648497708
35,2026-10-03,3,2026-10-24,wk inc flu hosp,quantile,0.025,0.0
36,2026-10-03,3,2026-10-24,wk inc flu hosp,quantile,0.025,0.0
37,2026-10-03,3,2026-10-24,wk inc flu hosp,quantile,0.025,0.0
38,2026-10-03,3,2026-10-24,wk inc flu hosp,quantile,0.025,0.0
39,2026-10-03,3,2026-10-24,wk inc flu hosp,quantile,0.025,0.0
40,2026-10-03,3,2026-10-24,wk inc flu hosp,quantile,0.025,0.0
41,2026-10-03,3,2026-10-24,wk inc flu hosp,quantile,0.025,0.0
42,2026-10-03,3,2026-10-24,wk inc flu hosp,quantile,0.025,13.98518617475425
44,2026-10-03,3,2026-10-24,wk inc flu hosp,quantile,0.025,0.0
45,2026-10-03,3,2026-10-24,wk inc flu hosp,quantile,0.025,0.0
46,2026-10-03,3,2026-10-24,wk inc flu hosp,quantile,0.025,0.0
47,2026-10-03,3,2026-10-24,wk inc flu hosp,quantile,0.025,0.0
48,2026-10-03,3,2026-10-24,wk inc flu hosp,quantile,0.025,24.851588320608425
49,2026-10-03,3,2026-10-24,wk inc flu hosp,quantile,0.025,0.0
50,2026-10-03,3,2026-10-24,wk inc flu hosp,quantile,0.025,0.0
51,2026-10-03,3,2026-10-24,wk inc flu hosp,quantile,0.025,0.0
53,2026-10-03,3,2026-10-24,wk inc flu hosp,quantile,0.025,9.584503951502128
54,2026-10-03,3,2026-10-24,wk inc flu hosp,quantile,0.025,0.0
55,2026-10-03,3,2026-10-24,wk inc flu hosp,quantile,0.025,0.0
56,2026-10-03,3,2026-10-24,wk inc flu hosp,quantile,0.025,0.0
72,2026-10-03,3,2026-10-24,wk inc flu hosp,quantile,0.025,23.66855892611814
US,2026-10-03,3,2026-10-24,wk inc flu hosp,quantile,0.025,532.771140961474
01,2026-10-03,0,2026-10-03,wk inc flu hosp,quantile,0.05,14.84794763633939
02,2026-10-03,0,2026-10-03,wk inc flu hosp,quantile,0.05,5.736613068663496
04,2026-10-03,0,2026-10-03,wk inc flu hosp,quantile,0.05,1.9456831150251117
05,2026-10-03,0,2026-10-03,wk inc flu hosp,quantile,0.05,0.796798334184462
06,2026-10-03,0,2026-10-03,wk inc flu hosp,quantile,0.05,289.1732540398811
08,2026-10-03,0,2026-10-03,wk inc flu hosp,quantile,0.05,12.683252332373671
09,2026-10-03,0,2026-10-03,wk inc flu hosp,quantile,0.05,0.0
10,2026-10-03,0,2026-10-03,wk inc flu hosp,quantile,0.05,0.0
11,2026-10-03,0,2026-10-03,wk inc flu hosp,quantile,0.05,0.0
12,2026-10-03,0,2026-10-03,wk inc flu hosp,quantile,0.05,312.3814661549703
13,2026-10-03,0,2026-10-03,wk inc flu hosp,quantile,0.05,0.770000664224714
15,2026-10-03,0,2026-10-03,wk inc flu hosp,quantile,0.05,11.548306830621568
16,2026-10-03,0,2026-10-03,wk inc flu hosp,quantile,0.05,3.459386237727785
17,2026-10-03,0,2026-10-03,wk inc flu hosp,quantile,0.05,25.280594966412387
18,2026-10-03,0,2026-10-03,wk inc flu hosp,quantile,0.05,17.514587977814262
19,2026-10-03,0,2026-10-03,wk inc flu hosp,quantile,0.05,0.0
20,2026-10-03,0,2026-10-03,wk inc flu hosp,quantile,0.05,0.0
21,2026-10-03,0,2026-10-03,wk inc flu hosp,quantile,0.05,0.0
22,2026-10-03,0,2026-10-03,wk inc flu hosp,quantile,0.05,25.622942308803253
23,2026-10-03,0,2026-10-03,wk inc flu hosp,quantile,0.05,0.0
24,2026-10-03,0,2026-10-03,wk inc flu hosp,quantile,0.05,3.4374757081128364
25,2026-10-03,0,2026-10-03,wk inc flu hosp,quantile,0.05,0.0
26,2026-10-03,0,2026-10-03,wk inc flu hosp,quantile,0.05,17.691497459897686
27,2026-10-03,0,2026-10-03,wk inc flu hosp,quantile,0.05,3.7667252055341267
28,2026-10-03,0,2026-10-03,wk inc flu hosp,quantile,0.05,9.84690543468138
29,2026-10-03,0,2026-10-03,wk inc flu hosp,quantile,0.05,14.055982974437892
30,2026-10-03,0,2026-10-03,wk inc flu hosp,quantile,0.05,15.152094331839807
31,2026-10-03,0,2026-10-03,wk inc flu hosp,quantile,0.05,0.0
32,2026-10-03,0,2026-10-03,wk inc flu hosp,quantile,0.05,27.345899925454006
33,2026-10-03,0,2026-10-03,wk inc flu hosp,quantile,0.05,0.674191263652451
34,2026-10-03,0,2026-10-03,wk inc flu hosp,quantile,0.05,57.19321337997341
35,2026-10-03,0,2026-10-03,wk inc flu hosp,quantile,0.05,1.2869515768114101
36,2026-10-03,0,2026-10-03,wk inc flu hosp,quantile,0.05,65.14844155980809
37,2026-10-03,0,2026-10-03,wk inc flu hosp,quantile,0.05,24.6331789015385
38,2026-10-03,0,2026-10-03,wk inc flu hosp,quantile,0.05,0.6408891450074146
39,2026-10-03,0,2026-10-03,wk inc flu hosp,quantile,0.05,0.0
40,2026-10-03,0,2026-10-03,wk inc flu hosp,quantile,0.05,0.0
41,2026-10-03,0,2026-10-03,wk inc flu hosp,quantile,0.05,17.03138777380037
42,2026-10-03,0,2026-10-03,wk inc flu hosp,quantile,0.05,116.91362791613437
44,2026-10-03,0,2026-10-03,wk inc flu hosp,quantile,0.05,0.0
45,2026-10-03,0,2026-10-03,wk inc flu hosp,quantile,0.05,15.140095002527802
46,2026-10-03,0,2026-10-03,wk inc flu hosp,quantile,0.05,0.0
47,2026-10-03,0,2026-10-03,wk inc flu hosp,quantile,0.05,36.8413229048504
48,2026-10-03,0,2026-10-03,wk inc flu hosp,quantile,0.05,186.83219859372494
49,2026-10-03,0,2026-10-03,wk inc flu hosp,quantile,0.05,6.270767688748961
50,2026-10-03,0,2026-10-03,wk inc flu hosp,quantile,0.05,0.1401876709279963
51,2026-10-03,0,2026-10-03,wk inc flu hosp,quantile,0.05,18.65511440568382
53,2026-10-03,0,2026-10-03,wk inc flu hosp,quantile,0.05,72.60440662279703
54,2026-10-03,0,2026-10-03,wk inc flu hosp,quantile,0.05,0.0
55,2026-10-03,0,2026-10-03,wk inc flu hosp,quantile,0.05,12.01533524464961
56,2026-10-03,0,2026-10-03,wk inc flu hosp,quantile,0.05,0.0
72,2026-10-03,0,2026-10-03,wk inc flu hosp,quantile,0.05,57.05256455223791
US,2026-10-03,0,2026-10-03,wk inc flu hosp,quantile,0.05,2024.850586211789
01,2026-10-03,1,2026-10-10,wk inc flu hosp,quantile,0.05,6.628012413387139
02,2026-10-03,1,2026-10-10,wk inc flu hosp,quantile,0.05,3.8662139627684247
04,2026-10-03,1,2026-10-10,wk inc flu hosp,quantile,0.05,0.0
05,2026-10-03,1,2026-10-10,wk inc flu hosp,quantile,0.05,0.0
06,2026-10-03,1,2026-10-10,wk inc flu hosp,quantile,0.05,215.07127841292333
08,2026-10-03,1,2026-10-10,wk inc flu hosp,quantile,0.05,4.876232033388764
09,2026-10-03,1,2026-10-10,wk inc flu hosp,quantile,0.05,0.0
10,2026-10-03,1,2026-10-10,wk inc flu hosp,quantile,0.05,0.0
11,2026-10-03,1,2026-10-10,wk inc flu hosp,quantile,0.05,0.0
12,2026-10-03,1,2026-10-10,wk inc flu hosp,quantile,0.05,250.5822904208125
13,2026-10-03,1,2026-10-10,wk inc flu hosp,quantile,0.05,0.0
15,2026-10-03,1,2026-10-10,wk inc flu hosp,quantile,0.05,9.684151593458058
16,2026-10-03,1,2026-10-10,wk inc flu hosp,quantile,0.05,0.7349321517779784
17,2026-10-03,1,2026-10-10,wk inc flu hosp,quantile,0.05,5.966084785282536
18,2026-10-03,1,2026-10-10,wk inc flu hosp,quantile,0.05,6.732024344971685
19,2026-10-03,1,2026-10-10,wk inc flu hosp,quantile,0.05,0.0
20,2026-10-03,1,2026-10-10,wk inc flu hosp,quantile,0.05,0.0
21,2026-10-03,1,2026-10-10,wk inc flu hosp,quantile,0.05,0.0
22,2026-10-03,1,2026-10-10,wk inc flu hosp,quantile,0.05,14.923478647142401
23,2026-10-03,1,2026-10-10,wk inc flu hosp,quantile,0.05,0.0
24,2026-10-03,1,2026-10-10,wk inc flu hosp,quantile,0.05,0.0
25,2026-10-03,1,2026-10-10,wk inc flu hosp,quantile,0.05,0.0
26,2026-10-03,1,2026-10-10,wk inc flu hosp,quantile,0.05,4.380133282198856
27,2026-10-03,1,2026-10-10,wk inc flu hosp,quantile,0.05,0.0
28,2026-10-03,1,2026-10-10,wk inc flu hosp,quantile,0.05,5.135926155970798
29,2026-10-03,1,2026-10-10,wk inc flu hosp,quantile,0.05,3.489667310966417
30,2026-10-03,1,2026-10-10,wk inc flu hosp,quantile,0.05,10.443940517314582
31,2026-10-03,1,2026-10-10,wk inc flu hosp,quantile,0.05,0.0
32,2026-10-03,1,2026-10-10,wk inc flu hosp,quantile,0.05,19.435550922951798
33,2026-10-03,1,2026-10-10,wk inc flu hosp,quantile,0.05,0.0
34,2026-10-03,1,2026-10-10,wk inc flu hosp,quantile,0.05,41.35665013497402
35,2026-10-03,1,2026-10-10,wk inc flu hosp,quantile,0.05,0.0
36,2026-10-03,1,2026-10-10,wk inc flu hosp,quantile,0.05,41.92795799163088
37,2026-10-03,1,2026-10-10,wk inc flu hosp,quantile,0.05,9.63701488580097
38,2026-10-03,1,2026-10-10,wk inc flu hosp,quantile,0.05,0.0
39,2026-10-03,1,2026-10-10,wk inc flu hosp,quantile,0.05,0.0
40,2026-10-03,1,2026-10-10,wk inc flu hosp,quantile,0.05,0.0
41,2026-10-03,1,2026-10-10,wk inc flu hosp,quantile,0.05,7.000595988376706
42,2026-10-03,1,2026-10-10,wk inc flu hosp,quantile,0.05,80.54962924713314
44,2026-10-03,1,2026-10-10,wk inc flu hosp,quantile,0.05,0.0
45,2026-10-03,1,2026-10-10,wk inc flu hosp,quantile,0.05,5.400311196380257
46,2026-10-03,1,2026-10-10,wk inc flu hosp,quantile,0.05,0.0
47,2026-10-03,1,2026-10-10,wk inc flu hosp,quantile,0.05,21.008671989550166
48,2026-10-03,1,2026-10-10,wk inc flu hosp,quantile,0.05,138.51806767614303
49,2026-10-03,1,2026-10-10,wk inc flu hosp,quantile,0.05,1.8195318571971206
50,2026-10-03,1,2026-10-10,wk inc flu hosp,quantile,0.05,0.0
51,2026-10-03,1,2026-10-10,wk inc flu hosp,quantile,0.05,8.167958564680251
53,2026-10-03,1,2026-10-10,wk inc flu hosp,quantile,0.05,48.06262038778109
54,2026-10-03,1,2026-10-10,wk inc flu hosp,quantile,0.05,0.0
55,2026-10-03,1,2026-10-10,wk inc flu hosp,quantile,0.05,0.0
56,2026-10-03,1,2026-10-10,wk inc flu hosp,quantile,0.05,0.0
72,2026-10-03,1,2026-10-10,wk inc flu hosp,quantile,0.05,44.10672675052003
US,2026-10-03,1,2026-10-10,wk inc flu hosp,quantile,0.05,1662.4042921337555
01,2026-10-03,2,2026-10-17,wk inc flu hosp,quantile,0.05,0.30104352200083817
02,2026-10-03,2,2026-10-17,wk inc flu hosp,quantile,0.05,2.7198048795541854
04,2026-10-03,2,2026-10-17,wk inc flu hosp,quantile,0.05,0.0
05,2026-10-03,2,2026-10-17,wk inc flu hosp,quantile,0.05,0.0
06,2026-10-03,2,2026-10-17,wk inc flu hosp,quantile,0.05,144.74272311196466
08,2026-10-03,2,2026-10-17,wk inc flu hosp,quantile,0.05,0.0
09,2026-10-03,2,2026-10-17,wk inc flu hosp,quantile,0.05,0.0
10,2026-10-03,2,2026-10-17,wk inc flu hosp,quantile,0.05,0.0
11,2026-10-03,2,2026-10-17,wk inc flu hosp,quantile,0.05,0.0
12,2026-10-03,2,2026-10-17,wk inc flu hosp,quantile,0.05,198.0902357662131
13,2026-10-03,2,2026-10-17,wk inc flu hosp,quantile,0.05,0.0
15,2026-10-03,2,2026-10-17,wk inc flu hosp,quantile,0.05,7.206289459504691
16,2026-10-03,2,2026-10-17,wk inc flu hosp,quantile,0.05,0.0
17,2026-10-03,2,2026-10-17,wk inc flu hosp,quantile,0.05,0.0
18,2026-10-03,2,2026-10-17,wk inc flu hosp,quantile,0.05,0.0
19,2026-10-03,2,2026-10-17,wk inc flu hosp,quantile,0.05,0.0
20,2026-10-03,2,2026-10-17,wk inc flu hosp,quantile,0.05,0.0
21,2026-10-03,2,2026-10-17,wk inc flu hosp,quantile,0.05,0.0
22,2026-10-03,2,2026-10-17,wk inc flu hosp,quantile,0.05,9.608928919801794
23,2026-10-03,2,2026-10-17,wk inc flu hosp,quantile,0.05,0.0
24,2026-10-03,2,2026-10-17,wk inc flu hosp,quantile,0.05,0.0
25,2026-10-03,2,2026-10-17,wk inc flu hosp,quantile,0.05,0.0
26,2026-10-03,2,2026-10-17,wk inc flu hosp,quantile,0.05,0.0
27,2026-10-03,2,2026-10-17,wk inc flu hosp,quantile,0.05,0.0
28,2026-10-03,2,2026-10-17,wk inc flu hosp,quantile,0.05,2.8408963848513125
29,2026-10-03,2,2026-10-17,wk inc flu hosp,quantile,0.05,0.0
30,2026-10-03,2,2026-10-17,wk inc flu hosp,quantile,0.05,6.940199430209901
31,2026-10-03,2,2026-10-17,wk inc flu hosp,quantile,0.05,0.0
32,2026-10-03,2,2026-10-17,wk inc flu hosp,quantile,0.05,13.084988714384957
33,2026-10-03,2,2026-10-17,wk inc flu hosp,quantile,0.05,0.0
34,2026-10-03,2,2026-10-17,wk inc flu hosp,quantile,0.05,29.154067815002897
35,2026-10-03,2,2026-10-17,wk inc flu hosp,quantile,0.05,0.0
36,2026-10-03,2,2026-10-17,wk inc flu hosp,quantile,0.05,24.222710523955328
37,2026-10-03,2,2026-10-17,wk inc flu hosp,quantile,0.05,0.0
38,2026-10-03,2,2026-10-17,wk inc flu hosp,quantile,0.05,0.0
39,2026-10-03,2,2026-10-17,wk inc flu hosp,quantile,0.05,0.0
40,2026-10-03,2,2026-10-17,wk inc flu hosp,quantile,0.05,0.0
41,2026-10-03,2,2026-10-17,wk inc flu hosp,quantile,0.05,2.287330757277035
42,2026-10-03,2,2026-10-17,wk inc flu hosp,quantile,0.05,53.29858337884793
44,2026-10-03,2,2026-10-17,wk inc flu hosp,quantile,0.05,0.0
45,2026-10-03,2,2026-10-17,wk inc flu hosp,quantile,0.05,0.0
46,2026-10-03,2,2026-10-17,wk inc flu hosp,quantile,0.05,0.0
47,2026-10-03,2,2026-10-17,wk inc flu hosp,quantile,0.05,11.887487435519434
48,2026-10-03,2,2026-10-17,wk inc flu hosp,quantile,0.05,97.60620631051582
49,2026-10-03,2,2026-10-17,wk inc flu hosp,quantile,0.05,0.0
50,2026-10-03,2,2026-10-17,wk inc flu hosp,quantile,0.05,0.0
51,2026-10-03,2,2026-10-17,wk inc flu hosp,quantile,0.05,0.0
53,2026-10-03,2,2026-10-17,wk inc flu hosp,quantile,0.05,30.3556224407053
54,2026-10-03,2,2026-10-17,wk inc flu hosp,quantile,0.05,0.0
55,2026-10-03,2,2026-10-17,wk inc flu hosp,quantile,0.05,0.0
56,2026-10-03,2,2026-10-17,wk inc flu hosp,quantile,0.05,0.0
72,2026-10-03,2,2026-10-17,wk inc flu hosp,quantile,0.05,40.605839057161674
US,2026-10-03,2,2026-10-17,wk inc flu hosp,quantile,0.05,1265.7349087462387
01,2026-10-03,3,2026-10-24,wk inc flu hosp,quantile,0.05,0.0
02,2026-10-03,3,2026-10-24,wk inc flu hosp,quantile,0.05,2.2179114350924114
04,2026-10-03,3,2026-10-24,wk inc flu hosp,quantile,0.05,0.0
05,2026-10-03,3,2026-10-24,wk inc flu hosp,quantile,0.05,0.0
06,2026-10-03,3,2026-10-24,wk inc flu hosp,quantile,0.05,90.60910780186963
08,2026-10-03,3,2026-10-24,wk inc flu hosp,quantile,0.05,0.0
09,2026-10-03,3,2026-10-24,wk inc flu hosp,quantile,0.05,0.0
10,2026-10-03,3,2026-10-24,wk inc flu hosp,quantile,0.05,0.0
11,2026-10-03,3,2026-10-24,wk inc flu hosp,quantile,0.05,0.0
12,2026-10-03,3,2026-10-24,wk inc flu hosp,quantile,0.05,157.1684133898785
13,2026-10-03,3,2026-10-24,wk inc flu hosp,quantile,0.05,0.0
15,2026-10-03,3,2026-10-24,wk inc flu hosp,quantile,0.05,5.830916223147503
16,2026-10-03,3,2026-10-24,wk inc flu hosp,quantile,0.05,0.0
17,2026-10-03,3,2026-10-24,wk inc flu hosp,quantile,0.05,0.0
18,2026-10-03,3,2026-10-24,wk inc flu hosp,quantile,0.05,0.0
19,2026-10-03,3,2026-10-24,wk inc flu hosp,quantile,0.05,0.0
20,2026-10-03,3,2026-10-24,wk inc flu hosp,quantile,0.05,0.0
21,2026-10-03,3,2026-10-24,wk inc flu hosp,quantile,0.05,0.0
22,2026-10-03,3,2026-10-24,wk inc flu hosp,quantile,0.05,5.90484205317945
23,2026-10-03,3,2026-10-24,wk inc flu hosp,quantile,0.05,0.0
24,2026-10-03,3,2026-10-24,wk inc flu hosp,quantile,0.05,0.0
25,2026-10-03,3,2026-10-24,wk inc flu hosp,quantile,0.05,0.0
26,2026-10-03,3,2026-10-24,wk inc flu hosp,quantile,0.05,0.0
27,2026-10-03,3,2026-10-24,wk inc flu hosp,quantile,0.05,0.0
28,2026-10-03,3,2026-10-24,wk inc flu hosp,quantile,0.05,0.7866677510473715
29,2026-10-03,3,2026-10-24,wk inc flu hosp,quantile,0.05,0.0
30,2026-10-03,3,2026-10-24,wk inc flu hosp,quantile,0.05,5.019226947438111
31,2026-10-03,3,2026-10-24,wk inc flu hosp,quantile,0.05,0.0
32,2026-10-03,3,2026-10-24,wk inc flu hosp,quantile,0.05,8.613509984052126
33,2026-10-03,3,2026-10-24,wk inc flu hosp,quantile,0.05,0.0
34,2026-10-03,3,2026-10-24,wk inc flu hosp,quantile,0.05,17.390372718087725
35,2026-10-03,3,2026-10-24,wk inc flu hosp,quantile,0.05,0.0
36,2026-10-03,3,2026-10-24,wk inc flu hosp,quantile,0.05,9.079990595834813
37,2026-10-03,3,2026-10-24,wk inc flu hosp,quantile,0.05,0.0
38,2026-10-03,3,2026-10-24,wk inc flu hosp,quantile,0.05,0.0
39,2026-10-03,3,2026-10-24,wk inc flu hosp,quantile,0.05,0.0
40,2026-10-03,3,2026-10-24,wk inc flu hosp,quantile,0.05,0.0
41,2026-10-03,3,2026-10-24,wk inc flu hosp,quantile,0.05,0.0
42,2026-10-03,3,2026-10-24,wk inc flu hosp,quantile,0.05,35.78386088877657
44,2026-10-03,3,2026-10-24,wk inc flu hosp,quantile,0.05,0.0
45,2026-10-03,3,2026-10-24,wk inc flu hosp,quantile,0.05,0.0
46,2026-10-03,3,2026-10-24,wk inc flu hosp,quantile,0.05,0.0
47,2026-10-03,3,2026-10-24,wk inc flu hosp,quantile,0.05,4.301246512517715
48,2026-10-03,3,2026-10-24,wk inc flu hosp,quantile,0.05,67.31623177147142
49,2026-10-03,3,2026-10-24,wk inc flu hosp,quantile,0.05,0.0
50,2026-10-03,3,2026-10-24,wk inc flu hosp,quantile,0.05,0.0
51,2026-10-03,3,2026-10-24,wk inc flu hosp,quantile,0.05,0.0
53,2026-10-03,3,2026-10-24,wk inc flu hosp,quantile,0.05,18.761418300495674
54,2026-10-03,3,2026-10-24,wk inc flu hosp,quantile,0.05,0.0
55,2026-10-03,3,2026-10-24,wk inc flu hosp,quantile,0.05,0.0
56,2026-10-03,3,2026-10-24,wk inc flu hosp,quantile,0.05,0.0
72,2026-10-03,3,2026-10-24,wk inc flu hosp,quantile,0.05,33.5611820668815
US,2026-10-03,3,2026-10-24,wk inc flu hosp,quantile,0.05,870.7026024261978
01,2026-10-03,0,2026-10-03,wk inc flu hosp,quantile,0.1,19.144123447789703
02,2026-10-03,0,2026-10-03,wk inc flu hosp,quantile,0.1,7.748315758465997
04,2026-10-03,0,2026-10-03,wk inc flu hosp,quantile,0.1,7.703156241597431
05,2026-10-03,0,2026-10-03,wk inc flu hosp,quantile,0.1,2.7612935880145257
06,2026-10-03,0,2026-10-03,wk inc flu hosp,quantile,0.1,317.2939127414831
08,2026-10-03,0,2026-10-03,wk inc flu hosp,quantile,0.1,16.636979543164067
09,2026-10-03,0,2026-10-03,wk inc flu hosp,quantile,0.1,1.8426667534603844
10,2026-10-03,0,2026-10-03,wk inc flu hosp,quantile,0.1,0.0
11,2026-10-03,0,2026-10-03,wk inc flu hosp,quantile,0.1,0.350638683466201
12,2026-10-03,0,2026-10-03,wk inc flu hosp,quantile,0.1,341.5392014007288
13,2026-10-03,0,2026-10-03,wk inc flu hosp,quantile,0.1,5.78199461184408
15,2026-10-03,0,2026-10-03,wk inc flu hosp,quantile,0.1,13.92328718121602
16,2026-10-03,0,2026-10-03,wk inc flu hosp,quantile,0.1,5.13128362740884
17,2026-10-03,0,2026-10-03,wk inc flu hosp,quantile,0.1,32.82461681995039
18,2026-10-03,0,2026-10-03,wk inc flu hosp,quantile,0.1,22.20934585660769
19,2026-10-03,0,2026-10-03,wk inc flu hosp,quantile,0.1,0.0
20,2026-10-03,0,2026-10-03,wk inc flu hosp,quantile,0.1,0.21283678322177776
21,2026-10-03,0,2026-10-03,wk inc flu hosp,quantile,0.1,0.0
22,2026-10-03,0,2026-10-03,wk inc flu hosp,quantile,0.1,30.096099666068316
23,2026-10-03,0,2026-10-03,wk inc flu hosp,quantile,0.1,0.4002695264387828
24,2026-10-03,0,2026-10-03,wk inc flu hosp,quantile,0.1,6.483364039274311
25,2026-10-03,0,2026-10-03,wk inc flu hosp,quantile,0.1,2.6560226543697576
26,2026-10-03,0,2026-10-03,wk inc flu hosp,quantile,0.1,23.635097992238435
27,2026-10-03,0,2026-10-03,wk inc flu hosp,quantile,0.1,7.408036210397838
28,2026-10-03,0,2026-10-03,wk inc flu hosp,quantile,0.1,12.791527039489404
29,2026-10-03,0,2026-10-03,wk inc flu hosp,quantile,0.1,18.164002832077244
30,2026-10-03,0,2026-10-03,wk inc flu hosp,quantile,0.1,18.151563777174204
31,2026-10-03,0,2026-10-03,wk inc flu hosp,quantile,0.1,0.0
32,2026-10-03,0,2026-10-03,wk inc flu hosp,quantile,0.1,31.759200233413825
33,2026-10-03,0,2026-10-03,wk inc flu hosp,quantile,0.1,1.5236881319492226
34,2026-10-03,0,2026-10-03,wk inc flu hosp,quantile,0.1,66.23785748410417
35,2026-10-03,0,2026-10-03,wk inc flu hosp,quantile,0.1,2.7887661123370804
36,2026-10-03,0,2026-10-03,wk inc flu hosp,quantile,0.1,77.02078421461695
37,2026-10-03,0,2026-10-03,wk inc flu hosp,quantile,0.1,32.325169581504284
38,2026-10-03,0,2026-10-03,wk inc flu hosp,quantile,0.1,1.4159852778002584
39,2026-10-03,0,2026-10-03,wk inc flu hosp,quantile,0.1,7.192878314172212
40,2026-10-03,0,2026-10-03,wk inc flu hosp,quantile,0.1,2.3149973686837066
41,2026-10-03,0,2026-10-03,wk inc flu hosp,quantile,0.1,20.538382739213763
42,2026-10-03,0,2026-10-03,wk inc flu hosp,quantile,0.1,132.3317234324475
44,2026-10-03,0,2026-10-03,wk inc flu hosp,quantile,0.1,0.29446908958831525
45,2026-10-03,0,2026-10-03,wk inc flu hosp,quantile,0.1,19.2443514361145
46,2026-10-03,0,2026-10-03,wk inc flu hosp,quantile,0.1,0.0
47,2026-10-03,0,2026-10-03,wk inc flu hosp,quantile,0.1,44.221703763142436
48,2026-10-03,0,2026-10-03,wk inc flu hosp,quantile,0.1,210.36950029637669
49,2026-10-03,0,2026-10-03,wk inc flu hosp,quantile,0.1,8.421758705136854
50,2026-10-03,0,2026-10-03,wk inc flu hosp,quantile,0.1,0.6910825774856526
51,2026-10-03,0,2026-10-03,wk inc flu hosp,quantile,0.1,23.873691408142403
53,2026-10-03,0,2026-10-03,wk inc flu hosp,quantile,0.1,81.41412727450806
54,2026-10-03,0,2026-10-03,wk inc flu hosp,quantile,0.1,0.21989939469856137
55,2026-10-03,0,2026-10-03,wk inc flu hosp,quantile,0.1,15.193494530213124
56,2026-10-03,0,2026-10-03,wk inc flu hosp,quantile,0.1,0.0
72,2026-10-03,0,2026-10-03,wk inc flu hosp,quantile,0.1,66.29988358412197
US,2026-10-03,0,2026-10-03,wk inc flu hosp,quantile,0.1,2277.5616225435588
01,2026-10-03,1,2026-10-10,wk inc flu hosp,quantile,0.1,11.388800341156069
02,2026-10-03,1,2026-10-10,wk inc flu hosp,quantile,0.1,5.7030158423673605
04,2026-10-03,1,2026-10-10,wk inc flu hosp,quantile,0.1,0.04089439988016039
05,2026-10-03,1,2026-10-10,wk inc flu hosp,quantile,0.1,0.0
06,2026-10-03,1,2026-10-10,wk inc flu hosp,quantile,0.1,254.5757375035614
08,2026-10-03,1,2026-10-10,wk inc flu hosp,quantile,0.1,10.32596506616612
09,2026-10-03,1,2026-10-10,wk inc flu hosp,quantile,0.1,0.0
10,2026-10-03,1,2026-10-10,wk inc flu hosp,quantile,0.1,0.0
11,2026-10-03,1,2026-10-10,wk inc flu hosp,quantile,0.1,0.0
12,2026-10-03,1,2026-10-10,wk inc flu hosp,quantile,0.1,292.85499832214725
13,2026-10-03,1,2026-10-10,wk inc flu hosp,quantile,0.1,0.0
15,2026-10-03,1,2026-10-10,wk inc flu hosp,quantile,0.1,12.08099044234148
16,2026-10-03,1,2026-10-10,wk inc flu hosp,quantile,0.1,2.873919967335141
17,2026-10-03,1,2026-10-10,wk inc flu hosp,quantile,0.1,17.467825947789574
18,2026-10-03,1,2026-10-10,wk inc flu hosp,quantile,0.1,14.80255783644474
19,2026-10-03,1,2026-10-10,wk inc flu hosp,quantile,0.1,0.0
20,2026-10-03,1,2026-10-10,wk inc flu hosp,quantile,0.1,0.0
21,2026-10-03,1,2026-10-10,wk inc flu hosp,quantile,0.1,0.0
22,2026-10-03,1,2026-10-10,wk inc flu hosp,quantile,0.1,22.266175346165422
23,2026-10-03,1,2026-10-10,wk inc flu hosp,quantile,0.1,0.0
24,2026-10-03,1,2026-10-10,wk inc flu hosp,quantile,0.1,0.0
25,2026-10-03,1,2026-10-10,wk inc flu hosp,quantile,0.1,0.0
26,2026-10-03,1,2026-10-10,wk inc flu hosp,quantile,0.1,14.017415646125732
27,2026-10-03,1,2026-10-10,wk inc flu hosp,quantile,0.1,1.1692939795821997
28,2026-10-03,1,2026-10-10,wk inc flu hosp,quantile,0.1,8.56553994250399
29,2026-10-03,1,2026-10-10,wk inc flu hosp,quantile,0.1,9.171345173369838
30,2026-10-03,1,2026-10-10,wk inc flu hosp,quantile,0.1,13.331000417941784
31,2026-10-03,1,2026-10-10,wk inc flu hosp,quantile,0.1,0.0
32,2026-10-03,1,2026-10-10,wk inc flu hosp,quantile,0.1,24.415700843592276
33,2026-10-03,1,2026-10-10,wk inc flu hosp,quantile,0.1,0.20698837388250468
34,2026-10-03,1,2026-10-10,wk inc flu hosp,quantile,0.1,57.67208933501196
35,2026-10-03,1,2026-10-10,wk inc flu hosp,quantile,0.1,0.6497760843206428
36,2026-10-03,1,2026-10-10,wk inc flu hosp,quantile,0.1,62.40895829228081
37,2026-10-03,1,2026-10-10,wk inc flu hosp,quantile,0.1,19.958014934884112
38,2026-10-03,1,2026-10-10,wk inc flu hosp,quantile,0.1,0.6471378578718908
39,2026-10-03,1,2026-10-10,wk inc flu hosp,quantile,0.1,0.0
40,2026-10-03,1,2026-10-10,wk inc flu hosp,quantile,0.1,0.0
41,2026-10-03,1,2026-10-10,wk inc flu hosp,quantile,0.1,13.652988135671455
42,2026-10-03,1,2026-10-10,wk inc flu hosp,quantile,0.1,104.19158012881495
44,2026-10-03,1,2026-10-10,wk inc flu hosp,quantile,0.1,0.0
45,2026-10-03,1,2026-10-10,wk inc flu hosp,quantile,0.1,11.494722331846463
46,2026-10-03,1,2026-10-10,wk inc flu hosp,quantile,0.1,0.0
47,2026-10-03,1,2026-10-10,wk inc flu hosp,quantile,0.1,30.558422917229283
48,2026-10-03,1,2026-10-10,wk inc flu hosp,quantile,0.1,175.3518554019586
49,2026-10-03,1,2026-10-10,wk inc flu hosp,quantile,0.1,4.693309638712456
50,2026-10-03,1,2026-10-10,wk inc flu hosp,quantile,0.1,0.10575839858987021
51,2026-10-03,1,2026-10-10,wk inc flu hosp,quantile,0.1,16.11907672131174
53,2026-10-03,1,2026-10-10,wk inc flu hosp,quantile,0.1,60.23609684564255
54,2026-10-03,1,2026-10-10,wk inc flu hosp,quantile,0.1,0.0
55,2026-10-03,1,2026-10-10,wk inc flu hosp,quantile,0.1,5.112238021014239
56,2026-10-03,1,2026-10-10,wk inc flu hosp,quantile,0.1,0.0
72,2026-10-03,1,2026-10-10,wk inc flu hosp,quantile,0.1,56.948641453527856
US,2026-10-03,1,2026-10-10,wk inc flu hosp,quantile,0.1,2009.1775470718726
01,2026-10-03,2,2026-10-17,wk inc flu hosp,quantile,0.1,7.278740415415375
02,2026-10-03,2,2026-10-17,wk inc flu hosp,quantile,0.1,4.412523362752672
04,2026-10-03,2,2026-10-17,wk inc flu hosp,quantile,0.1,0.0
05,2026-10-03,2,2026-10-17,wk inc flu hosp,quantile,0.1,0.0
06,2026-10-03,2,2026-10-17,wk inc flu hosp,quantile,0.1,205.65583855054373
08,2026-10-03,2,2026-10-17,wk inc flu hosp,quantile,0.1,5.234636298994175
09,2026-10-03,2,2026-10-17,wk inc flu hosp,quantile,0.1,0.0
10,2026-10-03,2,2026-10-17,wk inc flu hosp,quantile,0.1,0.0
11,2026-10-03,2,2026-10-17,wk inc flu hosp,quantile,0.1,0.0
12,2026-10-03,2,2026-10-17,wk inc flu hosp,quantile,0.1,251.55803537619687
13,2026-10-03,2,2026-10-17,wk inc flu hosp,quantile,0.1,0.0
15,2026-10-03,2,2026-10-17,wk inc flu hosp,quantile,0.1,9.837806974604629
16,2026-10-03,2,2026-10-17,wk inc flu hosp,quantile,0.1,1.2187990288209316
17,2026-10-03,2,2026-10-17,wk inc flu hosp,quantile,0.1,5.765229853558898
18,2026-10-03,2,2026-10-17,wk inc flu hosp,quantile,0.1,6.648074844285252
19,2026-10-03,2,2026-10-17,wk inc flu hosp,quantile,0.1,0.0
20,2026-10-03,2,2026-10-17,wk inc flu hosp,quantile,0.1,0.0
21,2026-10-03,2,2026-10-17,wk inc flu hosp,quantile,0.1,0.0
22,2026-10-03,2,2026-10-17,wk inc flu hosp,quantile,0.1,18.253750805963612
23,2026-10-03,2,2026-10-17,wk inc flu hosp,quantile,0.1,0.0
24,2026-10-03,2,2026-10-17,wk inc flu hosp,quantile,0.1,0.0
25,2026-10-03,2,2026-10-17,wk inc flu hosp,quantile,0.1,0.0
26,2026-10-03,2,2026-10-17,wk inc flu hosp,quantile,0.1,5.341184680538377
27,2026-10-03,2,2026-10-17,wk inc flu hosp,quantile,0.1,0.0
28,2026-10-03,2,2026-10-17,wk inc flu hosp,quantile,0.1,6.449915396949225
29,2026-10-03,2,2026-10-17,wk inc flu hosp,quantile,0.1,3.978172514349067
30,2026-10-03,2,2026-10-17,wk inc flu hosp,quantile,0.1,10.920126733953243
31,2026-10-03,2,2026-10-17,wk inc flu hosp,quantile,0.1,0.0
32,2026-10-03,2,2026-10-17,wk inc flu hosp,quantile,0.1,18.627417389174852
33,2026-10-03,2,2026-10-17,wk inc flu hosp,quantile,0.1,0.0
34,2026-10-03,2,2026-10-17,wk inc flu hosp,quantile,0.1,46.904080345872984
35,2026-10-03,2,2026-10-17,wk inc flu hosp,quantile,0.1,0.0
36,2026-10-03,2,2026-10-17,wk inc flu hosp,quantile,0.1,52.18275935836767
37,2026-10-03,2,2026-10-17,wk inc flu hosp,quantile,0.1,11.253876292956488
38,2026-10-03,2,2026-10-17,wk inc flu hosp,quantile,0.1,0.3379506270925878
39,2026-10-03,2,2026-10-17,wk inc flu hosp,quantile,0.1,0.0
40,2026-10-03,2,2026-10-17,wk inc flu hosp,quantile,0.1,0.0
41,2026-10-03,2,2026-10-17,wk inc flu hosp,quantile,0.1,7.353856943282776
42,2026-10-03,2,2026-10-17,wk inc flu hosp,quantile,0.1,84.21908579511195
44,2026-10-03,2,2026-10-17,wk inc flu hosp,quantile,0.1,0.0
45,2026-10-03,2,2026-10-17,wk inc flu hosp,quantile,0.1,5.935974739307393
46,2026-10-03,2,2026-10-17,wk inc flu hosp,quantile,0.1,0.0
47,2026-10-03,2,2026-10-17,wk inc flu hosp,quantile,0.1,22.4411965287664
48,2026-10-03,2,2026-10-17,wk inc flu hosp,quantile,0.1,147.44891437603783
49,2026-10-03,2,2026-10-17,wk inc flu hosp,quantile,0.1,3.306985575645819
50,2026-10-03,2,2026-10-17,wk inc flu hosp,quantile,0.1,0.0
51,2026-10-03,2,2026-10-17,wk inc flu hosp,quantile,0.1,9.714523778161066
53,2026-10-03,2,2026-10-17,wk inc flu hosp,quantile,0.1,45.50665224021261
54,2026-10-03,2,2026-10-17,wk inc flu hosp,quantile,0.1,0.0
55,2026-10-03,2,2026-10-17,wk inc flu hosp,quantile,0.1,0.0
56,2026-10-03,2,2026-10-17,wk inc flu hosp,quantile,0.1,0.0
72,2026-10-03,2,2026-10-17,wk inc flu hosp,quantile,0.1,50.63688960036317
US,2026-10-03,2,2026-10-17,wk inc flu hosp,quantile,0.1,1719.5060563646507
01,2026-10-03,3,2026-10-24,wk inc flu hosp,quantile,0.1,3.734561647954223
02,2026-10-03,3,2026-10-24,wk inc flu hosp,quantile,0.1,3.6596101427262324
04,2026-10-03,3,2026-10-24,wk inc flu hosp,quantile,0.1,0.0
05,2026-10-03,3,2026-10-24,wk inc flu hosp,quantile,0.1,0.0
06,2026-10-03,3,2026-10-24,wk inc flu hosp,quantile,0.1,157.56691593201242
08,2026-10-03,3,2026-10-24,wk inc flu hosp,quantile,0.1,2.691166920610468
09,2026-10-03,3,2026-10-24,wk inc flu hosp,quantile,0.1,0.0
10,2026-10-03,3,2026-10-24,wk inc flu hosp,quantile,0.1,0.0
11,2026-10-03,3,2026-10-24,wk inc flu hosp,quantile,0.1,0.0
12,2026-10-03,3,2026-10-24,wk inc flu hosp,quantile,0.1,218.68515151611803
13,2026-10-03,3,2026-10-24,wk inc flu hosp,quantile,0.1,0.0
15,2026-10-03,3,2026-10-24,wk inc flu hosp,quantile,0.1,8.696867402952158
16,2026-10-03,3,2026-10-24,wk inc flu hosp,quantile,0.1,0.48597136666458546
17,2026-10-03,3,2026-10-24,wk inc flu hosp,quantile,0.1,0.0
18,2026-10-03,3,2026-10-24,wk inc flu hosp,quantile,0.1,1.9380507165240581
19,2026-10-03,3,2026-10-24,wk inc flu hosp,quantile,0.1,0.0
20,2026-10-03,3,2026-10-24,wk inc flu hosp,quantile,0.1,0.0
21,2026-10-03,3,2026-10-24,wk inc flu hosp,quantile,0.1,0.0
22,2026-10-03,3,2026-10-24,wk inc flu hosp,quantile,0.1,14.545263478218002
23,2026-10-03,3,2026-10-24,wk inc flu hosp,quantile,0.1,0.0
24,2026-10-03,3,2026-10-24,wk inc flu hosp,quantile,0.1,0.0
25,2026-10-03,3,2026-10-24,wk inc flu hosp,quantile,0.1,0.0
26,2026-10-03,3,2026-10-24,wk inc flu hosp,quantile,0.1,0.30078949307649533
27,2026-10-03,3,2026-10-24,wk inc flu hosp,quantile,0.1,0.0
28,2026-10-03,3,2026-10-24,wk inc flu hosp,quantile,0.1,5.12092353064705
29,2026-10-03,3,2026-10-24,wk inc flu hosp,quantile,0.1,0.8786787444913563
30,2026-10-03,3,2026-10-24,wk inc flu hosp,quantile,0.1,8.763045711388825
31,2026-10-03,3,2026-10-24,wk inc flu hosp,quantile,0.1,0.0
32,2026-10-03,3,2026-10-24,wk inc flu hosp,quantile,0.1,15.43360599383343
33,2026-10-03,3,2026-10-24,wk inc flu hosp,quantile,0.1,0.0
34,2026-10-03,3,2026-10-24,wk inc flu hosp,quantile,0.1,36.39974952719214
35,2026-10-03,3,2026-10-24,wk inc flu hosp,quantile,0.1,0.0
36,2026-10-03,3,2026-10-24,wk inc flu hosp,quantile,0.1,37.771281856040886
37,2026-10-03,3,2026-10-24,wk inc flu hosp,quantile,0.1,4.564873746317113
38,2026-10-03,3,2026-10-24,wk inc flu hosp,quantile,0.1,0.0
39,2026-10-03,3,2026-10-24,wk inc flu hosp,quantile,0.1,0.0
40,2026-10-03,3,2026-10-24,wk inc flu hosp,quantile,0.1,0.0
41,2026-10-03,3,2026-10-24,wk inc flu hosp,quantile,0.1,4.480395060355616
42,2026-10-03,3,2026-10-24,wk inc flu hosp,quantile,0.1,65.87851346461073
44,2026-10-03,3,2026-10-24,wk inc flu hosp,quantile,0.1,0.0
45,2026-10-03,3,2026-10-24,wk inc flu hosp,quantile,0.1,1.8844019310618503
46,2026-10-03,3,2026-10-24,wk inc flu hosp,quantile,0.1,0.0
47,2026-10-03,3,2026-10-24,wk inc flu hosp,quantile,0.1,17.426641862585935
48,2026-10-03,3,2026-10-24,wk inc flu hosp,quantile,0.1,117.8692400714176
49,2026-10-03,3,2026-10-24,wk inc flu hosp,quantile,0.1,1.1246424220333486
50,2026-10-03,3,2026-10-24,wk inc flu hosp,quantile,0.1,0.0
51,2026-10-03,3,2026-10-24,wk inc flu hosp,quantile,0.1,4.4707618141237
53,2026-10-03,3,2026-10-24,wk inc flu hosp,quantile,0.1,32.103009326218945
54,2026-10-03,3,2026-10-24,wk inc flu hosp,quantile,0.1,0.0
55,2026-10-03,3,2026-10-24,wk inc flu hosp,quantile,0.1,0.0
56,2026-10-03,3,2026-10-24,wk inc flu hosp,quantile,0.1,0.0
72,2026-10-03,3,2026-10-24,wk inc flu hosp,quantile,0.1,47.36225405064994
US,2026-10-03,3,2026-10-24,wk inc flu hosp,quantile,0.1,1468.320942402223
01,2026-10-03,0,2026-10-03,wk inc flu hosp,quantile,0.15,22.46179977469568
02,2026-10-03,0,2026-10-03,wk inc flu hosp,quantile,0.15,8.974583418053633
04,2026-10-03,0,2026-10-03,wk inc flu hosp,quantile,0.15,11.570882338659482
05,2026-10-03,0,2026-10-03,wk inc flu hosp,quantile,0.15,3.958386483729991
06,2026-10-03,0,2026-10-03,wk inc flu hosp,quantile,0.15,333.888200093751
08,2026-10-03,0,2026-10-03,wk inc flu hosp,quantile,0.15,19.323997619591367
09,2026-10-03,0,2026-10-03,wk inc flu hosp,quantile,0.15,3.4649879512246105
10,2026-10-03,0,2026-10-03,wk inc flu hosp,quantile,0.15,0.0
11,2026-10-03,0,2026-10-03,wk inc flu hosp,quantile,0.15,0.7629058498534
12,2026-10-03,0,2026-10-03,wk inc flu hosp,quantile,0.15,361.69093404038847
13,2026-10-03,0,2026-10-03,wk inc flu hosp,quantile,0.15,9.015180330064537
15,2026-10-03,0,2026-10-03,wk inc flu hosp,quantile,0.15,15.87477433185246
16,2026-10-03,0,2026-10-03,wk inc flu hosp,quantile,0.15,6.677676623372575
17,2026-10-03,0,2026-10-03,wk inc flu hosp,quantile,0.15,38.645503697352446
18,2026-10-03,0,2026-10-03,wk inc flu hosp,quantile,0.15,25.944376082538767
19,2026-10-03,0,2026-10-03,wk inc flu hosp,quantile,0.15,0.7285353460989473
20,2026-10-03,0,2026-10-03,wk inc flu hosp,quantile,0.15,1.3862519403892217
21,2026-10-03,0,2026-10-03,wk inc flu hosp,quantile,0.15,0.8336921831134756
22,2026-10-03,0,2026-10-03,wk inc flu hosp,quantile,0.15,33.74174941397502
23,2026-10-03,0,2026-10-03,wk inc flu hosp,quantile,0.15,1.0847342030788605
24,2026-10-03,0,2026-10-03,wk inc flu hosp,quantile,0.15,8.552726227829119
25,2026-10-03,0,2026-10-03,wk inc flu hosp,quantile,0.15,4.948749460175275
26,2026-10-03,0,2026-10-03,wk inc flu hosp,quantile,0.15,28.37888141278264
27,2026-10-03,0,2026-10-03,wk inc flu hosp,quantile,0.15,10.217994840765124
28,2026-10-03,0,2026-10-03,wk inc flu hosp,quantile,0.15,14.90074501365657
29,2026-10-03,0,2026-10-03,wk inc flu hosp,quantile,0.15,22.17572105399015
30,2026-10-03,0,2026-10-03,wk inc flu hosp,quantile,0.15,20.320085227857206
31,2026-10-03,0,2026-10-03,wk inc flu hosp,quantile,0.15,0.0
32,2026-10-03,0,2026-10-03,wk inc flu hosp,quantile,0.15,34.71774515953633
33,2026-10-03,0,2026-10-03,wk inc flu hosp,quantile,0.15,2.201371623930437
34,2026-10-03,0,2026-10-03,wk inc flu hosp,quantile,0.15,72.52299320542865
35,2026-10-03,0,2026-10-03,wk inc flu hosp,quantile,0.15,3.9571657014603048
36,2026-10-03,0,2026-10-03,wk inc flu hosp,quantile,0.15,84.42919143692835
37,2026-10-03,0,2026-10-03,wk inc flu hosp,quantile,0.15,37.877028579327025
38,2026-10-03,0,2026-10-03,wk inc flu hosp,quantile,0.15,2.02106699045082
39,2026-10-03,0,2026-10-03,wk inc flu hosp,quantile,0.15,13.306259730496896
40,2026-10-03,0,2026-10-03,wk inc flu hosp,quantile,0.15,4.080507223569354
41,2026-10-03,0,2026-10-03,wk inc flu hosp,quantile,0.15,23.390829029551043
42,2026-10-03,0,2026-10-03,wk inc flu hosp,quantile,0.15,144.19589269344718
44,2026-10-03,0,2026-10-03,wk inc flu hosp,quantile,0.15,0.8014843266237895
45,2026-10-03,0,2026-10-03,wk inc flu hosp,quantile,0.15,22.209347163228575
46,2026-10-03,0,2026-10-03,wk inc flu hosp,quantile,0.15,0.0
47,2026-10-03,0,2026-10-03,wk inc flu hosp,quantile,0.15,48.657839310242885
48,2026-10-03,0,2026-10-03,wk inc flu hosp,quantile,0.15,226.43399712402123
49,2026-10-03,0,2026-10-03,wk inc flu hosp,quantile,0.15,10.042223148888773
50,2026-10-03,0,2026-10-03,wk inc flu hosp,quantile,0.15,1.1652821569615306
51,2026-10-03,0,2026-10-03,wk inc flu hosp,quantile,0.15,27.744277426359332
53,2026-10-03,0,2026-10-03,wk inc flu hosp,quantile,0.15,87.04111435094964
54,2026-10-03,0,2026-10-03,wk inc flu hosp,quantile,0.15,0.8895639725642074
55,2026-10-03,0,2026-10-03,wk inc flu hosp,quantile,0.15,17.45132750741791
56,2026-10-03,0,2026-10-03,wk inc flu hosp,quantile,0.15,0.33502560754050986
72,2026-10-03,0,2026-10-03,wk inc flu hosp,quantile,0.15,73.11643460893636
US,2026-10-03,0,2026-10-03,wk inc flu hosp,quantile,0.15,2420.156643840764
01,2026-10-03,1,2026-10-10,wk inc flu hosp,quantile,0.15,15.503433580318347
02,2026-10-03,1,2026-10-10,wk inc flu hosp,quantile,0.15,6.979229715487142
04,2026-10-03,1,2026-10-10,wk inc flu hosp,quantile,0.15,5.757543585209005
05,2026-10-03,1,2026-10-10,wk inc flu hosp,quantile,0.15,1.5996040468636705
06,2026-10-03,1,2026-10-10,wk inc flu hosp,quantile,0.15,287.20330196126815
08,2026-10-03,1,2026-10-10,wk inc flu hosp,quantile,0.15,14.792349819797428
09,2026-10-03,1,2026-10-10,wk inc flu hosp,quantile,0.15,0.4367532308874459
10,2026-10-03,1,2026-10-10,wk inc flu hosp,quantile,0.15,0.0
11,2026-10-03,1,2026-10-10,wk inc flu hosp,quantile,0.15,0.24259018985365144
12,2026-10-03,1,2026-10-10,wk inc flu hosp,quantile,0.15,322.831288800312
13,2026-10-03,1,2026-10-10,wk inc flu hosp,quantile,0.15,1.164481507635227
15,2026-10-03,1,2026-10-10,wk inc flu hosp,quantile,0.15,14.31980549065653
16,2026-10-03,1,2026-10-10,wk inc flu hosp,quantile,0.15,4.646731174677243
17,2026-10-03,1,2026-10-10,wk inc flu hosp,quantile,0.15,26.031189332227424
18,2026-10-03,1,2026-10-10,wk inc flu hosp,quantile,0.15,20.731933301155927
19,2026-10-03,1,2026-10-10,wk inc flu hosp,quantile,0.15,0.0
20,2026-10-03,1,2026-10-10,wk inc flu hosp,quantile,0.15,0.0
21,2026-10-03,1,2026-10-10,wk inc flu hosp,quantile,0.15,0.0
22,2026-10-03,1,2026-10-10,wk inc flu hosp,quantile,0.15,27.434196742068924
23,2026-10-03,1,2026-10-10,wk inc flu hosp,quantile,0.15,0.0
24,2026-10-03,1,2026-10-10,wk inc flu hosp,quantile,0.15,2.1264933915460498
25,2026-10-03,1,2026-10-10,wk inc flu hosp,quantile,0.15,2.2114643309499034
26,2026-10-03,1,2026-10-10,wk inc flu hosp,quantile,0.15,21.067592934679222
27,2026-10-03,1,2026-10-10,wk inc flu hosp,quantile,0.15,4.387465009458711
28,2026-10-03,1,2026-10-10,wk inc flu hosp,quantile,0.15,11.814410785971042
29,2026-10-03,1,2026-10-10,wk inc flu hosp,quantile,0.15,15.040026066166714
30,2026-10-03,1,2026-10-10,wk inc flu hosp,quantile,0.15,15.841455817339122
31,2026-10-03,1,2026-10-10,wk inc flu hosp,quantile,0.15,0.0
32,2026-10-03,1,2026-10-10,wk inc flu hosp,quantile,0.15,29.015797741664272
33,2026-10-03,1,2026-10-10,wk inc flu hosp,quantile,0.15,1.2874496002737954
34,2026-10-03,1,2026-10-10,wk inc flu hosp,quantile,0.15,68.9590735228767
35,2026-10-03,1,2026-10-10,wk inc flu hosp,quantile,0.15,2.252910437751969
36,2026-10-03,1,2026-10-10,wk inc flu hosp,quantile,0.15,77.21891066544094
37,2026-10-03,1,2026-10-10,wk inc flu hosp,quantile,0.15,28.376044366625724
38,2026-10-03,1,2026-10-10,wk inc flu hosp,quantile,0.15,1.339030117365247
39,2026-10-03,1,2026-10-10,wk inc flu hosp,quantile,0.15,2.649630303378886
40,2026-10-03,1,2026-10-10,wk inc flu hosp,quantile,0.15,0.9640212774679947
41,2026-10-03,1,2026-10-10,wk inc flu hosp,quantile,0.15,17.740566817503687
42,2026-10-03,1,2026-10-10,wk inc flu hosp,quantile,0.15,122.30338828498886
44,2026-10-03,1,2026-10-10,wk inc flu hosp,quantile,0.15,0.0
45,2026-10-03,1,2026-10-10,wk inc flu hosp,quantile,0.15,16.7353740343123
46,2026-10-03,1,2026-10-10,wk inc flu hosp,quantile,0.15,0.0
47,2026-10-03,1,2026-10-10,wk inc flu hosp,quantile,0.15,38.49470617859202
48,2026-10-03,1,2026-10-10,wk inc flu hosp,quantile,0.15,200.81896834006236
49,2026-10-03,1,2026-10-10,wk inc flu hosp,quantile,0.15,7.0679409632321715
50,2026-10-03,1,2026-10-10,wk inc flu hosp,quantile,0.15,0.6171328807699749
51,2026-10-03,1,2026-10-10,wk inc flu hosp,quantile,0.15,22.3262132677207
53,2026-10-03,1,2026-10-10,wk inc flu hosp,quantile,0.15,70.96342484914862
54,2026-10-03,1,2026-10-10,wk inc flu hosp,quantile,0.15,0.0
55,2026-10-03,1,2026-10-10,wk inc flu hosp,quantile,0.15,8.524258634129763
56,2026-10-03,1,2026-10-10,wk inc flu hosp,quantile,0.15,0.10845822210995001
72,2026-10-03,1,2026-10-10,wk inc flu hosp,quantile,0.15,63.98942904704852
US,2026-10-03,1,2026-10-10,wk inc flu hosp,quantile,0.15,2252.3178239708277
01,2026-10-03,2,2026-10-17,wk inc flu hosp,quantile,0.15,11.93012896840674
02,2026-10-03,2,2026-10-17,wk inc flu hosp,quantile,0.15,5.755948804196748
04,2026-10-03,2,2026-10-17,wk inc flu hosp,quantile,0.15,1.9974570377118916
05,2026-10-03,2,2026-10-17,wk inc flu hosp,quantile,0.15,0.6827637648815702
06,2026-10-03,2,2026-10-17,wk inc flu hosp,quantile,0.15,245.56940324993775
08,2026-10-03,2,2026-10-17,wk inc flu hosp,quantile,0.15,11.700776033836357
09,2026-10-03,2,2026-10-17,wk inc flu hosp,quantile,0.15,0.0
10,2026-10-03,2,2026-10-17,wk inc flu hosp,quantile,0.15,0.0
11,2026-10-03,2,2026-10-17,wk inc flu hosp,quantile,0.15,0.029920331484770246
12,2026-10-03,2,2026-10-17,wk inc flu hosp,quantile,0.15,292.8300811170387
13,2026-10-03,2,2026-10-17,wk inc flu hosp,quantile,0.15,0.0
15,2026-10-03,2,2026-10-17,wk inc flu hosp,quantile,0.15,12.336269118298528
16,2026-10-03,2,2026-10-17,wk inc flu hosp,quantile,0.15,3.2247111327132414
17,2026-10-03,2,2026-10-17,wk inc flu hosp,quantile,0.15,16.552259994634134
18,2026-10-03,2,2026-10-17,wk inc flu hosp,quantile,0.15,13.856947061829596
19,2026-10-03,2,2026-10-17,wk inc flu hosp,quantile,0.15,0.0
20,2026-10-03,2,2026-10-17,wk inc flu hosp,quantile,0.15,0.0
21,2026-10-03,2,2026-10-17,wk inc flu hosp,quantile,0.15,0.0
22,2026-10-03,2,2026-10-17,wk inc flu hosp,quantile,0.15,23.512235061951163
23,2026-10-03,2,2026-10-17,wk inc flu hosp,quantile,0.15,0.0
24,2026-10-03,2,2026-10-17,wk inc flu hosp,quantile,0.15,0.0
25,2026-10-03,2,2026-10-17,wk inc flu hosp,quantile,0.15,0.0
26,2026-10-03,2,2026-10-17,wk inc flu hosp,quantile,0.15,16.399897221561055
27,2026-10-03,2,2026-10-17,wk inc flu hosp,quantile,0.15,1.6873346880401363
28,2026-10-03,2,2026-10-17,wk inc flu hosp,quantile,0.15,10.349949863466168
29,2026-10-03,2,2026-10-17,wk inc flu hosp,quantile,0.15,10.801904398100659
30,2026-10-03,2,2026-10-17,wk inc flu hosp,quantile,0.15,13.28419802001115
31,2026-10-03,2,2026-10-17,wk inc flu hosp,quantile,0.15,0.0
32,2026-10-03,2,2026-10-17,wk inc flu hosp,quantile,0.15,24.405081010403254
33,2026-10-03,2,2026-10-17,wk inc flu hosp,quantile,0.15,0.5198579902000443
34,2026-10-03,2,2026-10-17,wk inc flu hosp,quantile,0.15,60.66838157878045
35,2026-10-03,2,2026-10-17,wk inc flu hosp,quantile,0.15,0.8476746828963853
36,2026-10-03,2,2026-10-17,wk inc flu hosp,quantile,0.15,68.38100620027562
37,2026-10-03,2,2026-10-17,wk inc flu hosp,quantile,0.15,23.486874775192007
38,2026-10-03,2,2026-10-17,wk inc flu hosp,quantile,0.15,0.9497798336025645
39,2026-10-03,2,2026-10-17,wk inc flu hosp,quantile,0.15,0.0
40,2026-10-03,2,2026-10-17,wk inc flu hosp,quantile,0.15,0.0
41,2026-10-03,2,2026-10-17,wk inc flu hosp,quantile,0.15,12.595865362826782
42,2026-10-03,2,2026-10-17,wk inc flu hosp,quantile,0.15,106.25445712537226
44,2026-10-03,2,2026-10-17,wk inc flu hosp,quantile,0.15,0.0
45,2026-10-03,2,2026-10-17,wk inc flu hosp,quantile,0.15,11.684285973800206
46,2026-10-03,2,2026-10-17,wk inc flu hosp,quantile,0.15,0.0
47,2026-10-03,2,2026-10-17,wk inc flu hosp,quantile,0.15,31.80418376740517
48,2026-10-03,2,2026-10-17,wk inc flu hosp,quantile,0.15,177.76123495053824
49,2026-10-03,2,2026-10-17,wk inc flu hosp,quantile,0.15,5.408224681993008
50,2026-10-03,2,2026-10-17,wk inc flu hosp,quantile,0.15,0.24052208728653043
51,2026-10-03,2,2026-10-17,wk inc flu hosp,quantile,0.15,18.2424430717586
53,2026-10-03,2,2026-10-17,wk inc flu hosp,quantile,0.15,55.40512208006791
54,2026-10-03,2,2026-10-17,wk inc flu hosp,quantile,0.15,0.0
55,2026-10-03,2,2026-10-17,wk inc flu hosp,quantile,0.15,2.6771991975389278
56,2026-10-03,2,2026-10-17,wk inc flu hosp,quantile,0.15,0.0012862672089219973
72,2026-10-03,2,2026-10-17,wk inc flu hosp,quantile,0.15,58.58831523173937
US,2026-10-03,2,2026-10-17,wk inc flu hosp,quantile,0.15,2071.660881732483
01,2026-10-03,3,2026-10-24,wk inc flu hosp,quantile,0.15,9.56477813449084
02,2026-10-03,3,2026-10-24,wk inc flu hosp,quantile,0.15,5.031177119223741
04,2026-10-03,3,2026-10-24,wk inc flu hosp,quantile,0.15,0.5893195627767546
05,2026-10-03,3,2026-10-24,wk inc flu hosp,quantile,0.15,0.0
06,2026-10-03,3,2026-10-24,wk inc flu hosp,quantile,0.15,210.95266395525496
08,2026-10-03,3,2026-10-24,wk inc flu hosp,quantile,0.15,8.727494527984238
09,2026-10-03,3,2026-10-24,wk inc flu hosp,quantile,0.15,0.0
10,2026-10-03,3,2026-10-24,wk inc flu hosp,quantile,0.15,0.0
11,2026-10-03,3,2026-10-24,wk inc flu hosp,quantile,0.15,0.0
12,2026-10-03,3,2026-10-24,wk inc flu hosp,quantile,0.15,260.3171285378095
13,2026-10-03,3,2026-10-24,wk inc flu hosp,quantile,0.15,0.0
15,2026-10-03,3,2026-10-24,wk inc flu hosp,quantile,0.15,10.70982642446476
16,2026-10-03,3,2026-10-24,wk inc flu hosp,quantile,0.15,2.690288092248704
17,2026-10-03,3,2026-10-24,wk inc flu hosp,quantile,0.15,9.490225530340194
18,2026-10-03,3,2026-10-24,wk inc flu hosp,quantile,0.15,10.037625622920425
19,2026-10-03,3,2026-10-24,wk inc flu hosp,quantile,0.15,0.0
20,2026-10-03,3,2026-10-24,wk inc flu hosp,quantile,0.15,0.0
21,2026-10-03,3,2026-10-24,wk inc flu hosp,quantile,0.15,0.0
22,2026-10-03,3,2026-10-24,wk inc flu hosp,quantile,0.15,20.526417363681343
23,2026-10-03,3,2026-10-24,wk inc flu hosp,quantile,0.15,0.0
24,2026-10-03,3,2026-10-24,wk inc flu hosp,quantile,0.15,0.0
25,2026-10-03,3,2026-10-24,wk inc flu hosp,quantile,0.15,0.0
26,2026-10-03,3,2026-10-24,wk inc flu hosp,quantile,0.15,11.0282511082181
27,2026-10-03,3,2026-10-24,wk inc flu hosp,quantile,0.15,0.0
28,2026-10-03,3,2026-10-24,wk inc flu hosp,quantile,0.15,9.029615032769735
29,2026-10-03,3,2026-10-24,wk inc flu hosp,quantile,0.15,7.595379727810817
30,2026-10-03,3,2026-10-24,wk inc flu hosp,quantile,0.15,11.494104748657472
31,2026-10-03,3,2026-10-24,wk inc flu hosp,quantile,0.15,0.0
32,2026-10-03,3,2026-10-24,wk inc flu hosp,quantile,0.15,19.764077011625336
33,2026-10-03,3,2026-10-24,wk inc flu hosp,quantile,0.15,0.0692973364817297
34,2026-10-03,3,2026-10-24,wk inc flu hosp,quantile,0.15,53.19766588408044
35,2026-10-03,3,2026-10-24,wk inc flu hosp,quantile,0.15,0.0
36,2026-10-03,3,2026-10-24,wk inc flu hosp,quantile,0.15,57.84223177360286
37,2026-10-03,3,2026-10-24,wk inc flu hosp,quantile,0.15,17.530726569211534
38,2026-10-03,3,2026-10-24,wk inc flu hosp,quantile,0.15,0.6425382321772668
39,2026-10-03,3,2026-10-24,wk inc flu hosp,quantile,0.15,0.0
40,2026-10-03,3,2026-10-24,wk inc flu hosp,quantile,0.15,0.0
41,2026-10-03,3,2026-10-24,wk inc flu hosp,quantile,0.15,9.559445262681018
42,2026-10-03,3,2026-10-24,wk inc flu hosp,quantile,0.15,96.42750612613834
44,2026-10-03,3,2026-10-24,wk inc flu hosp,quantile,0.15,0.0
45,2026-10-03,3,2026-10-24,wk inc flu hosp,quantile,0.15,8.819677679636056
46,2026-10-03,3,2026-10-24,wk inc flu hosp,quantile,0.15,0.0
47,2026-10-03,3,2026-10-24,wk inc flu hosp,quantile,0.15,27.211890241205957
48,2026-10-03,3,2026-10-24,wk inc flu hosp,quantile,0.15,157.99654509742388
49,2026-10-03,3,2026-10-24,wk inc flu hosp,quantile,0.15,3.7079477768716314
50,2026-10-03,3,2026-10-24,wk inc flu hosp,quantile,0.15,0.08519432772897576
51,2026-10-03,3,2026-10-24,wk inc flu hosp,quantile,0.15,13.206857585357115
53,2026-10-03,3,2026-10-24,wk inc flu hosp,quantile,0.15,43.743693087378276
54,2026-10-03,3,2026-10-24,wk inc flu hosp,quantile,0.15,0.0
55,2026-10-03,3,2026-10-24,wk inc flu hosp,quantile,0.15,0.0
56,2026-10-03,3,2026-10-24,wk inc flu hosp,quantile,0.15,0.0
72,2026-10-03,3,2026-10-24,wk inc flu hosp,quantile,0.15,55.332536173880946
US,2026-10-03,3,2026-10-24,wk inc flu hosp,quantile,0.15,1861.9025920187723
01,2026-10-03,0,2026-10-03,wk inc flu hosp,quantile,0.2,24.54458843719492
02,2026-10-03,0,2026-10-03,wk inc flu hosp,quantile,0.2,10.035782979108493
04,2026-10-03,0,2026-10-03,wk inc flu hosp,quantile,0.2,14.994359150687126
05,2026-10-03,0,2026-10-03,wk inc flu hosp,quantile,0.2,5.192136837529395
06,2026-10-03,0,2026-10-03,wk inc flu hosp,quantile,0.2,351.1830522153995
08,2026-10-03,0,2026-10-03,wk inc flu hosp,quantile,0.2,21.52638455358191
09,2026-10-03,0,2026-10-03,wk inc flu hosp,quantile,0.2,4.667350619467076
10,2026-10-03,0,2026-10-03,wk inc flu hosp,quantile,0.2,0.0
11,2026-10-03,0,2026-10-03,wk inc flu hosp,quantile,0.2,1.2028130067207048
12,2026-10-03,0,2026-10-03,wk inc flu hosp,quantile,0.2,376.8918706501015
13,2026-10-03,0,2026-10-03,wk inc flu hosp,quantile,0.2,12.255074471338652
15,2026-10-03,0,2026-10-03,wk inc flu hosp,quantile,0.2,17.345183456817534
16,2026-10-03,0,2026-10-03,wk inc flu hosp,quantile,0.2,7.888414944063386
17,2026-10-03,0,2026-10-03,wk inc flu hosp,quantile,0.2,44.2476983271044
18,2026-10-03,0,2026-10-03,wk inc flu hosp,quantile,0.2,28.813759935031722
19,2026-10-03,0,2026-10-03,wk inc flu hosp,quantile,0.2,1.6489886806502467
20,2026-10-03,0,2026-10-03,wk inc flu hosp,quantile,0.2,2.20897165381806
21,2026-10-03,0,2026-10-03,wk inc flu hosp,quantile,0.2,2.3440065260905003
22,2026-10-03,0,2026-10-03,wk inc flu hosp,quantile,0.2,36.86741203210443
23,2026-10-03,0,2026-10-03,wk inc flu hosp,quantile,0.2,1.693167153911413
24,2026-10-03,0,2026-10-03,wk inc flu hosp,quantile,0.2,10.32129886949917
25,2026-10-03,0,2026-10-03,wk inc flu hosp,quantile,0.2,6.677759401579555
26,2026-10-03,0,2026-10-03,wk inc flu hosp,quantile,0.2,32.57232602347622
27,2026-10-03,0,2026-10-03,wk inc flu hosp,quantile,0.2,12.713757453027501
28,2026-10-03,0,2026-10-03,wk inc flu hosp,quantile,0.2,16.8613133242865
29,2026-10-03,0,2026-10-03,wk inc flu hosp,quantile,0.2,24.701143427552758
30,2026-10-03,0,2026-10-03,wk inc flu hosp,quantile,0.2,22.054893526718327
31,2026-10-03,0,2026-10-03,wk inc flu hosp,quantile,0.2,0.0
32,2026-10-03,0,2026-10-03,wk inc flu hosp,quantile,0.2,37.2207671539079
33,2026-10-03,0,2026-10-03,wk inc flu hosp,quantile,0.2,2.800363168084933
34,2026-10-03,0,2026-10-03,wk inc flu hosp,quantile,0.2,79.07952347731157
35,2026-10-03,0,2026-10-03,wk inc flu hosp,quantile,0.2,5.208492899814596
36,2026-10-03,0,2026-10-03,wk inc flu hosp,quantile,0.2,89.86762710880795
37,2026-10-03,0,2026-10-03,wk inc flu hosp,quantile,0.2,42.54107852234334
38,2026-10-03,0,2026-10-03,wk inc flu hosp,quantile,0.2,2.5190102636387555
39,2026-10-03,0,2026-10-03,wk inc flu hosp,quantile,0.2,18.364883601931048
40,2026-10-03,0,2026-10-03,wk inc flu hosp,quantile,0.2,5.4359461280240104
41,2026-10-03,0,2026-10-03,wk inc flu hosp,quantile,0.2,25.413074890837244
42,2026-10-03,0,2026-10-03,wk inc flu hosp,quantile,0.2,153.80516069692018
44,2026-10-03,0,2026-10-03,wk inc flu hosp,quantile,0.2,1.2339518064815747
45,2026-10-03,0,2026-10-03,wk inc flu hosp,quantile,0.2,24.64512822682741
46,2026-10-03,0,2026-10-03,wk inc flu hosp,quantile,0.2,0.0
47,2026-10-03,0,2026-10-03,wk inc flu hosp,quantile,0.2,52.407051076906285
48,2026-10-03,0,2026-10-03,wk inc flu hosp,quantile,0.2,240.01440459317837
49,2026-10-03,0,2026-10-03,wk inc flu hosp,quantile,0.2,11.34808239313489
50,2026-10-03,0,2026-10-03,wk inc flu hosp,quantile,0.2,1.5516333706788918
51,2026-10-03,0,2026-10-03,wk inc flu hosp,quantile,0.2,31.18049619470194
53,2026-10-03,0,2026-10-03,wk inc flu hosp,quantile,0.2,91.37200160350682
54,2026-10-03,0,2026-10-03,wk inc flu hosp,quantile,0.2,1.4603712298184948
55,2026-10-03,0,2026-10-03,wk inc flu hosp,quantile,0.2,19.615455829758712
56,2026-10-03,0,2026-10-03,wk inc flu hosp,quantile,0.2,0.762942145856861
72,2026-10-03,0,2026-10-03,wk inc flu hosp,quantile,0.2,78.17446482285439
US,2026-10-03,0,2026-10-03,wk inc flu hosp,quantile,0.2,2518.4999185900833
01,2026-10-03,1,2026-10-10,wk inc flu hosp,quantile,0.2,19.50514458988849
02,2026-10-03,1,2026-10-10,wk inc flu hosp,quantile,0.2,8.230445218982211
04,2026-10-03,1,2026-10-10,wk inc flu hosp,quantile,0.2,11.129932989885472
05,2026-10-03,1,2026-10-10,wk inc flu hosp,quantile,0.2,3.2552986348350137
06,2026-10-03,1,2026-10-10,wk inc flu hosp,quantile,0.2,315.54177375626335
08,2026-10-03,1,2026-10-10,wk inc flu hosp,quantile,0.2,18.890994362497
09,2026-10-03,1,2026-10-10,wk inc flu hosp,quantile,0.2,2.485522267069043
10,2026-10-03,1,2026-10-10,wk inc flu hosp,quantile,0.2,0.0
11,2026-10-03,1,2026-10-10,wk inc flu hosp,quantile,0.2,0.8584444852093123
12,2026-10-03,1,2026-10-10,wk inc flu hosp,quantile,0.2,347.4234508865186
13,2026-10-03,1,2026-10-10,wk inc flu hosp,quantile,0.2,5.720888923334279
15,2026-10-03,1,2026-10-10,wk inc flu hosp,quantile,0.2,16.061532064494354
16,2026-10-03,1,2026-10-10,wk inc flu hosp,quantile,0.2,6.1523243521695425
17,2026-10-03,1,2026-10-10,wk inc flu hosp,quantile,0.2,34.79736785699426
18,2026-10-03,1,2026-10-10,wk inc flu hosp,quantile,0.2,25.175641586175082
19,2026-10-03,1,2026-10-10,wk inc flu hosp,quantile,0.2,0.0
20,2026-10-03,1,2026-10-10,wk inc flu hosp,quantile,0.2,0.5203781541039201
21,2026-10-03,1,2026-10-10,wk inc flu hosp,quantile,0.2,0.0
22,2026-10-03,1,2026-10-10,wk inc flu hosp,quantile,0.2,32.17823376681042
23,2026-10-03,1,2026-10-10,wk inc flu hosp,quantile,0.2,0.6260463743824202
24,2026-10-03,1,2026-10-10,wk inc flu hosp,quantile,0.2,5.394534970442653
25,2026-10-03,1,2026-10-10,wk inc flu hosp,quantile,0.2,5.08383323614631
26,2026-10-03,1,2026-10-10,wk inc flu hosp,quantile,0.2,27.27831096988184
27,2026-10-03,1,2026-10-10,wk inc flu hosp,quantile,0.2,7.81686152950294
28,2026-10-03,1,2026-10-10,wk inc flu hosp,quantile,0.2,14.178712237597502
29,2026-10-03,1,2026-10-10,wk inc flu hosp,quantile,0.2,19.410434016809994
30,2026-10-03,1,2026-10-10,wk inc flu hosp,quantile,0.2,18.510594255983793
31,2026-10-03,1,2026-10-10,wk inc flu hosp,quantile,0.2,0.0
32,2026-10-03,1,2026-10-10,wk inc flu hosp,quantile,0.2,32.94106238434321
33,2026-10-03,1,2026-10-10,wk inc flu hosp,quantile,0.2,2.222502760652276
34,2026-10-03,1,2026-10-10,wk inc flu hosp,quantile,0.2,78.58789678132399
35,2026-10-03,1,2026-10-10,wk inc flu hosp,quantile,0.2,3.5510098004717765
36,2026-10-03,1,2026-10-10,wk inc flu hosp,quantile,0.2,88.1757351400116
37,2026-10-03,1,2026-10-10,wk inc flu hosp,quantile,0.2,35.832482029479436
38,2026-10-03,1,2026-10-10,wk inc flu hosp,quantile,0.2,1.9906853952135337
39,2026-10-03,1,2026-10-10,wk inc flu hosp,quantile,0.2,9.197073674382857
40,2026-10-03,1,2026-10-10,wk inc flu hosp,quantile,0.2,3.1162464516065467
41,2026-10-03,1,2026-10-10,wk inc flu hosp,quantile,0.2,21.18896070798114
42,2026-10-03,1,2026-10-10,wk inc flu hosp,quantile,0.2,134.56441313034998
44,2026-10-03,1,2026-10-10,wk inc flu hosp,quantile,0.2,0.6406957871252417
45,2026-10-03,1,2026-10-10,wk inc flu hosp,quantile,0.2,21.42077475216472
46,2026-10-03,1,2026-10-10,wk inc flu hosp,quantile,0.2,0.0
47,2026-10-03,1,2026-10-10,wk inc flu hosp,quantile,0.2,44.97520919452285
48,2026-10-03,1,2026-10-10,wk inc flu hosp,quantile,0.2,221.55906444621854
49,2026-10-03,1,2026-10-10,wk inc flu hosp,quantile,0.2,8.653908894091996
50,2026-10-03,1,2026-10-10,wk inc flu hosp,quantile,0.2,1.0248252331632663
51,2026-10-03,1,2026-10-10,wk inc flu hosp,quantile,0.2,27.30048284668316
53,2026-10-03,1,2026-10-10,wk inc flu hosp,quantile,0.2,77.93025840118956
54,2026-10-03,1,2026-10-10,wk inc flu hosp,quantile,0.2,0.3312367962059765
55,2026-10-03,1,2026-10-10,wk inc flu hosp,quantile,0.2,11.875861219891519
56,2026-10-03,1,2026-10-10,wk inc flu hosp,quantile,0.2,0.5764498817312675
72,2026-10-03,1,2026-10-10,wk inc flu hosp,quantile,0.2,70.68360786039608
US,2026-10-03,1,2026-10-10,wk inc flu hosp,quantile,0.2,2454.5365163878655
01,2026-10-03,2,2026-10-17,wk inc flu hosp,quantile,0.2,15.93628776942764
02,2026-10-03,2,2026-10-17,wk inc flu hosp,quantile,0.2,7.13811014599297
04,2026-10-03,2,2026-10-17,wk inc flu hosp,quantile,0.2,7.237791299032246
05,2026-10-03,2,2026-10-17,wk inc flu hosp,quantile,0.2,2.8643807972737454
06,2026-10-03,2,2026-10-17,wk inc flu hosp,quantile,0.2,280.85312898276277
08,2026-10-03,2,2026-10-17,wk inc flu hosp,quantile,0.2,16.73156536475359
09,2026-10-03,2,2026-10-17,wk inc flu hosp,quantile,0.2,1.290215432267612
10,2026-10-03,2,2026-10-17,wk inc flu hosp,quantile,0.2,0.0
11,2026-10-03,2,2026-10-17,wk inc flu hosp,quantile,0.2,0.6739011820790056
12,2026-10-03,2,2026-10-17,wk inc flu hosp,quantile,0.2,324.49749474362875
13,2026-10-03,2,2026-10-17,wk inc flu hosp,quantile,0.2,2.0740339602740514
15,2026-10-03,2,2026-10-17,wk inc flu hosp,quantile,0.2,14.395641974199188
16,2026-10-03,2,2026-10-17,wk inc flu hosp,quantile,0.2,4.918609870408241
17,2026-10-03,2,2026-10-17,wk inc flu hosp,quantile,0.2,25.97250789041254
18,2026-10-03,2,2026-10-17,wk inc flu hosp,quantile,0.2,20.73994596424192
19,2026-10-03,2,2026-10-17,wk inc flu hosp,quantile,0.2,0.0
20,2026-10-03,2,2026-10-17,wk inc flu hosp,quantile,0.2,0.0
21,2026-10-03,2,2026-10-17,wk inc flu hosp,quantile,0.2,0.0
22,2026-10-03,2,2026-10-17,wk inc flu hosp,quantile,0.2,28.372280904507445
23,2026-10-03,2,2026-10-17,wk inc flu hosp,quantile,0.2,0.16868547977788717
24,2026-10-03,2,2026-10-17,wk inc flu hosp,quantile,0.2,2.5927316564051517
25,2026-10-03,2,2026-10-17,wk inc flu hosp,quantile,0.2,4.14946773880529
26,2026-10-03,2,2026-10-17,wk inc flu hosp,quantile,0.2,23.77822617556972
27,2026-10-03,2,2026-10-17,wk inc flu hosp,quantile,0.2,4.881185619708776
28,2026-10-03,2,2026-10-17,wk inc flu hosp,quantile,0.2,12.825057688602781
29,2026-10-03,2,2026-10-17,wk inc flu hosp,quantile,0.2,16.0468830427226
30,2026-10-03,2,2026-10-17,wk inc flu hosp,quantile,0.2,15.92141688756815
31,2026-10-03,2,2026-10-17,wk inc flu hosp,quantile,0.2,0.0
32,2026-10-03,2,2026-10-17,wk inc flu hosp,quantile,0.2,29.031207330900134
33,2026-10-03,2,2026-10-17,wk inc flu hosp,quantile,0.2,1.4668884317860877
34,2026-10-03,2,2026-10-17,wk inc flu hosp,quantile,0.2,73.75259152632039
35,2026-10-03,2,2026-10-17,wk inc flu hosp,quantile,0.2,2.564455605506358
36,2026-10-03,2,2026-10-17,wk inc flu hosp,quantile,0.2,84.91756649194271
37,2026-10-03,2,2026-10-17,wk inc flu hosp,quantile,0.2,31.37896651339618
38,2026-10-03,2,2026-10-17,wk inc flu hosp,quantile,0.2,1.7172321826319548
39,2026-10-03,2,2026-10-17,wk inc flu hosp,quantile,0.2,4.59574356270798
40,2026-10-03,2,2026-10-17,wk inc flu hosp,quantile,0.2,2.582495162607697
41,2026-10-03,2,2026-10-17,wk inc flu hosp,quantile,0.2,17.68448884599352
42,2026-10-03,2,2026-10-17,wk inc flu hosp,quantile,0.2,126.31025584253764
44,2026-10-03,2,2026-10-17,wk inc flu hosp,quantile,0.2,0.2758550802602306
45,2026-10-03,2,2026-10-17,wk inc flu hosp,quantile,0.2,16.470050682738485
46,2026-10-03,2,2026-10-17,wk inc flu hosp,quantile,0.2,0.0
47,2026-10-03,2,2026-10-17,wk inc flu hosp,quantile,0.2,40.05685471215321
48,2026-10-03,2,2026-10-17,wk inc flu hosp,quantile,0.2,205.32848924256064
49,2026-10-03,2,2026-10-17,wk inc flu hosp,quantile,0.2,7.571043703375807
50,2026-10-03,2,2026-10-17,wk inc flu hosp,quantile,0.2,0.7640225397328001
51,2026-10-03,2,2026-10-17,wk inc flu hosp,quantile,0.2,23.791959756756487
53,2026-10-03,2,2026-10-17,wk inc flu hosp,quantile,0.2,64.92159826212156
54,2026-10-03,2,2026-10-17,wk inc flu hosp,quantile,0.2,0.0
55,2026-10-03,2,2026-10-17,wk inc flu hosp,quantile,0.2,7.06914851107201
56,2026-10-03,2,2026-10-17,wk inc flu hosp,quantile,0.2,0.3672811906692255
72,2026-10-03,2,2026-10-17,wk inc flu hosp,quantile,0.2,66.18524172837436
US,2026-10-03,2,2026-10-17,wk inc flu hosp,quantile,0.2,2407.0358567739286
01,2026-10-03,3,2026-10-24,wk inc flu hosp,quantile,0.2,14.40671032808436
02,2026-10-03,3,2026-10-24,wk inc flu hosp,quantile,0.2,6.14967828021241
04,2026-10-03,3,2026-10-24,wk inc flu hosp,quantile,0.2,6.1426122429592125
05,2026-10-03,3,2026-10-24,wk inc flu hosp,quantile,0.2,2.1383070247256595
06,2026-10-03,3,2026-10-24,wk inc flu hosp,quantile,0.2,249.72274649338632
08,2026-10-03,3,2026-10-24,wk inc flu hosp,quantile,0.2,14.444871737166995
09,2026-10-03,3,2026-10-24,wk inc flu hosp,quantile,0.2,0.8904656842160257
10,2026-10-03,3,2026-10-24,wk inc flu hosp,quantile,0.2,0.0
11,2026-10-03,3,2026-10-24,wk inc flu hosp,quantile,0.2,0.5301900189860956
12,2026-10-03,3,2026-10-24,wk inc flu hosp,quantile,0.2,303.53330082213125
13,2026-10-03,3,2026-10-24,wk inc flu hosp,quantile,0.2,0.5207231423813712
15,2026-10-03,3,2026-10-24,wk inc flu hosp,quantile,0.2,12.679542073981338
16,2026-10-03,3,2026-10-24,wk inc flu hosp,quantile,0.2,4.331798303986597
17,2026-10-03,3,2026-10-24,wk inc flu hosp,quantile,0.2,20.236872916063817
18,2026-10-03,3,2026-10-24,wk inc flu hosp,quantile,0.2,18.9988610386781
19,2026-10-03,3,2026-10-24,wk inc flu hosp,quantile,0.2,0.0
20,2026-10-03,3,2026-10-24,wk inc flu hosp,quantile,0.2,0.0
21,2026-10-03,3,2026-10-24,wk inc flu hosp,quantile,0.2,0.0
22,2026-10-03,3,2026-10-24,wk inc flu hosp,quantile,0.2,26.386500105553804
23,2026-10-03,3,2026-10-24,wk inc flu hosp,quantile,0.2,0.0
24,2026-10-03,3,2026-10-24,wk inc flu hosp,quantile,0.2,1.3847253888296296
25,2026-10-03,3,2026-10-24,wk inc flu hosp,quantile,0.2,2.2734487578103946
26,2026-10-03,3,2026-10-24,wk inc flu hosp,quantile,0.2,20.79764007266816
27,2026-10-03,3,2026-10-24,wk inc flu hosp,quantile,0.2,3.052769170496196
28,2026-10-03,3,2026-10-24,wk inc flu hosp,quantile,0.2,11.909212633916086
29,2026-10-03,3,2026-10-24,wk inc flu hosp,quantile,0.2,14.28697871283207
30,2026-10-03,3,2026-10-24,wk inc flu hosp,quantile,0.2,14.00516344103598
31,2026-10-03,3,2026-10-24,wk inc flu hosp,quantile,0.2,0.0
32,2026-10-03,3,2026-10-24,wk inc flu hosp,quantile,0.2,24.762581129413437
33,2026-10-03,3,2026-10-24,wk inc flu hosp,quantile,0.2,1.127067906145487
34,2026-10-03,3,2026-10-24,wk inc flu hosp,quantile,0.2,67.26961224529877
35,2026-10-03,3,2026-10-24,wk inc flu hosp,quantile,0.2,2.0188115578987085
36,2026-10-03,3,2026-10-24,wk inc flu hosp,quantile,0.2,82.67507264674722
37,2026-10-03,3,2026-10-24,wk inc flu hosp,quantile,0.2,27.627937378889943
38,2026-10-03,3,2026-10-24,wk inc flu hosp,quantile,0.2,1.3244357668703188
39,2026-10-03,3,2026-10-24,wk inc flu hosp,quantile,0.2,2.5875899678612466
40,2026-10-03,3,2026-10-24,wk inc flu hosp,quantile,0.2,1.9790930783626726
41,2026-10-03,3,2026-10-24,wk inc flu hosp,quantile,0.2,14.648741090333381
42,2026-10-03,3,2026-10-24,wk inc flu hosp,quantile,0.2,119.72704469706625
44,2026-10-03,3,2026-10-24,wk inc flu hosp,quantile,0.2,0.1708327360008266
45,2026-10-03,3,2026-10-24,wk inc flu hosp,quantile,0.2,14.535042685319011
46,2026-10-03,3,2026-10-24,wk inc flu hosp,quantile,0.2,0.0
47,2026-10-03,3,2026-10-24,wk inc flu hosp,quantile,0.2,37.28944601719273
48,2026-10-03,3,2026-10-24,wk inc flu hosp,quantile,0.2,195.51930532103376
49,2026-10-03,3,2026-10-24,wk inc flu hosp,quantile,0.2,6.02646449531076
50,2026-10-03,3,2026-10-24,wk inc flu hosp,quantile,0.2,0.5787749138653902
51,2026-10-03,3,2026-10-24,wk inc flu hosp,quantile,0.2,20.69624256363894
53,2026-10-03,3,2026-10-24,wk inc flu hosp,quantile,0.2,54.872805461950406
54,2026-10-03,3,2026-10-24,wk inc flu hosp,quantile,0.2,0.0
55,2026-10-03,3,2026-10-24,wk inc flu hosp,quantile,0.2,4.276988710565029
56,2026-10-03,3,2026-10-24,wk inc flu hosp,quantile,0.2,0.3714473865701518
72,2026-10-03,3,2026-10-24,wk inc flu hosp,quantile,0.2,63.141998134191084
US,2026-10-03,3,2026-10-24,wk inc flu hosp,quantile,0.2,2271.449630370324
01,2026-10-03,0,2026-10-03,wk inc flu hosp,quantile,0.25,26.52950462504711
02,2026-10-03,0,2026-10-03,wk inc flu hosp,quantile,0.25,10.89666683716445
04,2026-10-03,0,2026-10-03,wk inc flu hosp,quantile,0.25,17.572673686954534
05,2026-10-03,0,2026-10-03,wk inc flu hosp,quantile,0.25,6.410611882485873
06,2026-10-03,0,2026-10-03,wk inc flu hosp,quantile,0.25,364.44155683587223
08,2026-10-03,0,2026-10-03,wk inc flu hosp,quantile,0.25,24.186160646782522
09,2026-10-03,0,2026-10-03,wk inc flu hosp,quantile,0.25,5.932188707532783
10,2026-10-03,0,2026-10-03,wk inc flu hosp,quantile,0.25,0.0
11,2026-10-03,0,2026-10-03,wk inc flu hosp,quantile,0.25,1.583642720168501
12,2026-10-03,0,2026-10-03,wk inc flu hosp,quantile,0.25,393.45188199090677
13,2026-10-03,0,2026-10-03,wk inc flu hosp,quantile,0.25,14.80831497178638
15,2026-10-03,0,2026-10-03,wk inc flu hosp,quantile,0.25,18.651640063302988
16,2026-10-03,0,2026-10-03,wk inc flu hosp,quantile,0.25,8.724744726593217
17,2026-10-03,0,2026-10-03,wk inc flu hosp,quantile,0.25,48.470560461537985
18,2026-10-03,0,2026-10-03,wk inc flu hosp,quantile,0.25,30.98858485200087
19,2026-10-03,0,2026-10-03,wk inc flu hosp,quantile,0.25,2.4970655982611807
20,2026-10-03,0,2026-10-03,wk inc flu hosp,quantile,0.25,2.9645688052892503
21,2026-10-03,0,2026-10-03,wk inc flu hosp,quantile,0.25,3.534542542182651
22,2026-10-03,0,2026-10-03,wk inc flu hosp,quantile,0.25,39.85593138484349
23,2026-10-03,0,2026-10-03,wk inc flu hosp,quantile,0.25,2.290100362512767
24,2026-10-03,0,2026-10-03,wk inc flu hosp,quantile,0.25,12.06505149077858
25,2026-10-03,0,2026-10-03,wk inc flu hosp,quantile,0.25,8.420014836384587
26,2026-10-03,0,2026-10-03,wk inc flu hosp,quantile,0.25,35.69080627567106
27,2026-10-03,0,2026-10-03,wk inc flu hosp,quantile,0.25,14.557554392072186
28,2026-10-03,0,2026-10-03,wk inc flu hosp,quantile,0.25,18.50897342513294
29,2026-10-03,0,2026-10-03,wk inc flu hosp,quantile,0.25,27.34494021824711
30,2026-10-03,0,2026-10-03,wk inc flu hosp,quantile,0.25,23.985515404219377
31,2026-10-03,0,2026-10-03,wk inc flu hosp,quantile,0.25,0.0
32,2026-10-03,0,2026-10-03,wk inc flu hosp,quantile,0.25,39.69543260807771
33,2026-10-03,0,2026-10-03,wk inc flu hosp,quantile,0.25,3.4138745108151727
34,2026-10-03,0,2026-10-03,wk inc flu hosp,quantile,0.25,84.18392534652958
35,2026-10-03,0,2026-10-03,wk inc flu hosp,quantile,0.25,6.090847935991268
36,2026-10-03,0,2026-10-03,wk inc flu hosp,quantile,0.25,95.43119065365107
37,2026-10-03,0,2026-10-03,wk inc flu hosp,quantile,0.25,46.59128864455818
38,2026-10-03,0,2026-10-03,wk inc flu hosp,quantile,0.25,3.064020119332807
39,2026-10-03,0,2026-10-03,wk inc flu hosp,quantile,0.25,23.12711059114891
40,2026-10-03,0,2026-10-03,wk inc flu hosp,quantile,0.25,7.022892058324092
41,2026-10-03,0,2026-10-03,wk inc flu hosp,quantile,0.25,27.47349327419081
42,2026-10-03,0,2026-10-03,wk inc flu hosp,quantile,0.25,163.2076162994841
44,2026-10-03,0,2026-10-03,wk inc flu hosp,quantile,0.25,1.6551557139286235
45,2026-10-03,0,2026-10-03,wk inc flu hosp,quantile,0.25,26.863350733984603
46,2026-10-03,0,2026-10-03,wk inc flu hosp,quantile,0.25,0.0
47,2026-10-03,0,2026-10-03,wk inc flu hosp,quantile,0.25,56.25988212231969
48,2026-10-03,0,2026-10-03,wk inc flu hosp,quantile,0.25,250.53900658422586
49,2026-10-03,0,2026-10-03,wk inc flu hosp,quantile,0.25,12.480827579545931
50,2026-10-03,0,2026-10-03,wk inc flu hosp,quantile,0.25,1.9237042435107863
51,2026-10-03,0,2026-10-03,wk inc flu hosp,quantile,0.25,34.1356047458442
53,2026-10-03,0,2026-10-03,wk inc flu hosp,quantile,0.25,95.77406464909954
54,2026-10-03,0,2026-10-03,wk inc flu hosp,quantile,0.25,2.181254828374548
55,2026-10-03,0,2026-10-03,wk inc flu hosp,quantile,0.25,21.350906922559115
56,2026-10-03,0,2026-10-03,wk inc flu hosp,quantile,0.25,1.1127387754649822
72,2026-10-03,0,2026-10-03,wk inc flu hosp,quantile,0.25,82.88405267997636
US,2026-10-03,0,2026-10-03,wk inc flu hosp,quantile,0.25,2614.172311247421
01,2026-10-03,1,2026-10-10,wk inc flu hosp,quantile,0.25,22.403071034970054
02,2026-10-03,1,2026-10-10,wk inc flu hosp,quantile,0.25,9.263728738950604
04,2026-10-03,1,2026-10-10,wk inc flu hosp,quantile,0.25,15.242433391962818
05,2026-10-03,1,2026-10-10,wk inc flu hosp,quantile,0.25,5.169194813005922
06,2026-10-03,1,2026-10-10,wk inc flu hosp,quantile,0.25,335.34308251118773
08,2026-10-03,1,2026-10-10,wk inc flu hosp,quantile,0.25,22.49409280611163
09,2026-10-03,1,2026-10-10,wk inc flu hosp,quantile,0.25,4.307474344873698
10,2026-10-03,1,2026-10-10,wk inc flu hosp,quantile,0.25,0.0
11,2026-10-03,1,2026-10-10,wk inc flu hosp,quantile,0.25,1.4092145419130082
12,2026-10-03,1,2026-10-10,wk inc flu hosp,quantile,0.25,370.92666797264076
13,2026-10-03,1,2026-10-10,wk inc flu hosp,quantile,0.25,9.882708987370414
15,2026-10-03,1,2026-10-10,wk inc flu hosp,quantile,0.25,17.47084400881811
16,2026-10-03,1,2026-10-10,wk inc flu hosp,quantile,0.25,7.668905558235942
17,2026-10-03,1,2026-10-10,wk inc flu hosp,quantile,0.25,41.233082268600064
18,2026-10-03,1,2026-10-10,wk inc flu hosp,quantile,0.25,29.46890587364951
19,2026-10-03,1,2026-10-10,wk inc flu hosp,quantile,0.25,0.7126271849397318
20,2026-10-03,1,2026-10-10,wk inc flu hosp,quantile,0.25,1.8937239783355602
21,2026-10-03,1,2026-10-10,wk inc flu hosp,quantile,0.25,0.02053178861911326
22,2026-10-03,1,2026-10-10,wk inc flu hosp,quantile,0.25,35.91043997503931
23,2026-10-03,1,2026-10-10,wk inc flu hosp,quantile,0.25,1.4583885779047876
24,2026-10-03,1,2026-10-10,wk inc flu hosp,quantile,0.25,8.198533993097627
25,2026-10-03,1,2026-10-10,wk inc flu hosp,quantile,0.25,8.03729139014844
26,2026-10-03,1,2026-10-10,wk inc flu hosp,quantile,0.25,33.49857198880353
27,2026-10-03,1,2026-10-10,wk inc flu hosp,quantile,0.25,11.06521034289698
28,2026-10-03,1,2026-10-10,wk inc flu hosp,quantile,0.25,16.305085746543753
29,2026-10-03,1,2026-10-10,wk inc flu hosp,quantile,0.25,23.75305196889948
30,2026-10-03,1,2026-10-10,wk inc flu hosp,quantile,0.25,20.602223655722725
31,2026-10-03,1,2026-10-10,wk inc flu hosp,quantile,0.25,0.0
32,2026-10-03,1,2026-10-10,wk inc flu hosp,quantile,0.25,36.5372240327216
33,2026-10-03,1,2026-10-10,wk inc flu hosp,quantile,0.25,2.891093237231299
34,2026-10-03,1,2026-10-10,wk inc flu hosp,quantile,0.25,86.46495309863342
35,2026-10-03,1,2026-10-10,wk inc flu hosp,quantile,0.25,4.912446638069658
36,2026-10-03,1,2026-10-10,wk inc flu hosp,quantile,0.25,97.64041327257371
37,2026-10-03,1,2026-10-10,wk inc flu hosp,quantile,0.25,43.131135652976994
38,2026-10-03,1,2026-10-10,wk inc flu hosp,quantile,0.25,2.619034519382063
39,2026-10-03,1,2026-10-10,wk inc flu hosp,quantile,0.25,16.11022743047883
40,2026-10-03,1,2026-10-10,wk inc flu hosp,quantile,0.25,5.547360515254992
41,2026-10-03,1,2026-10-10,wk inc flu hosp,quantile,0.25,24.4190064707099
42,2026-10-03,1,2026-10-10,wk inc flu hosp,quantile,0.25,148.67990821581722
44,2026-10-03,1,2026-10-10,wk inc flu hosp,quantile,0.25,1.2702421508496307
45,2026-10-03,1,2026-10-10,wk inc flu hosp,quantile,0.25,25.164152144887098
46,2026-10-03,1,2026-10-10,wk inc flu hosp,quantile,0.25,0.0
47,2026-10-03,1,2026-10-10,wk inc flu hosp,quantile,0.25,51.96601838618706
48,2026-10-03,1,2026-10-10,wk inc flu hosp,quantile,0.25,244.36666243901752
49,2026-10-03,1,2026-10-10,wk inc flu hosp,quantile,0.25,10.302360409757743
50,2026-10-03,1,2026-10-10,wk inc flu hosp,quantile,0.25,1.4467580846237482
51,2026-10-03,1,2026-10-10,wk inc flu hosp,quantile,0.25,32.15360492764593
53,2026-10-03,1,2026-10-10,wk inc flu hosp,quantile,0.25,85.55326078639956
54,2026-10-03,1,2026-10-10,wk inc flu hosp,quantile,0.25,1.295176145857644
55,2026-10-03,1,2026-10-10,wk inc flu hosp,quantile,0.25,14.723930530560985
56,2026-10-03,1,2026-10-10,wk inc flu hosp,quantile,0.25,0.9833470807513708
72,2026-10-03,1,2026-10-10,wk inc flu hosp,quantile,0.25,76.53630589129732
US,2026-10-03,1,2026-10-10,wk inc flu hosp,quantile,0.25,2665.1678315593426
01,2026-10-03,2,2026-10-17,wk inc flu hosp,quantile,0.25,20.02721806568849
02,2026-10-03,2,2026-10-17,wk inc flu hosp,quantile,0.25,8.366684835542099
04,2026-10-03,2,2026-10-17,wk inc flu hosp,quantile,0.25,12.55359071596375
05,2026-10-03,2,2026-10-17,wk inc flu hosp,quantile,0.25,4.602772660995692
06,2026-10-03,2,2026-10-17,wk inc flu hosp,quantile,0.25,307.6443550892323
08,2026-10-03,2,2026-10-17,wk inc flu hosp,quantile,0.25,20.91227316577798
09,2026-10-03,2,2026-10-17,wk inc flu hosp,quantile,0.25,3.3715140375054147
10,2026-10-03,2,2026-10-17,wk inc flu hosp,quantile,0.25,0.0
11,2026-10-03,2,2026-10-17,wk inc flu hosp,quantile,0.25,1.210992214497437
12,2026-10-03,2,2026-10-17,wk inc flu hosp,quantile,0.25,352.0882074304642
13,2026-10-03,2,2026-10-17,wk inc flu hosp,quantile,0.25,7.262117750479301
15,2026-10-03,2,2026-10-17,wk inc flu hosp,quantile,0.25,16.353238976554245
16,2026-10-03,2,2026-10-17,wk inc flu hosp,quantile,0.25,6.4833978180173135
17,2026-10-03,2,2026-10-17,wk inc flu hosp,quantile,0.25,34.86758793996685
18,2026-10-03,2,2026-10-17,wk inc flu hosp,quantile,0.25,27.696119307782237
19,2026-10-03,2,2026-10-17,wk inc flu hosp,quantile,0.25,0.0
20,2026-10-03,2,2026-10-17,wk inc flu hosp,quantile,0.25,1.1989269828878284
21,2026-10-03,2,2026-10-17,wk inc flu hosp,quantile,0.25,0.0
22,2026-10-03,2,2026-10-17,wk inc flu hosp,quantile,0.25,33.352347044267354
23,2026-10-03,2,2026-10-17,wk inc flu hosp,quantile,0.25,1.1115520209032086
24,2026-10-03,2,2026-10-17,wk inc flu hosp,quantile,0.25,5.976059653704561
25,2026-10-03,2,2026-10-17,wk inc flu hosp,quantile,0.25,8.227484802385504
26,2026-10-03,2,2026-10-17,wk inc flu hosp,quantile,0.25,31.326319860603945
27,2026-10-03,2,2026-10-17,wk inc flu hosp,quantile,0.25,8.384069745617442
28,2026-10-03,2,2026-10-17,wk inc flu hosp,quantile,0.25,15.768846000847809
29,2026-10-03,2,2026-10-17,wk inc flu hosp,quantile,0.25,21.84279087957293
30,2026-10-03,2,2026-10-17,wk inc flu hosp,quantile,0.25,18.525647306277175
31,2026-10-03,2,2026-10-17,wk inc flu hosp,quantile,0.25,0.0
32,2026-10-03,2,2026-10-17,wk inc flu hosp,quantile,0.25,33.09552376955788
33,2026-10-03,2,2026-10-17,wk inc flu hosp,quantile,0.25,2.5222108758072452
34,2026-10-03,2,2026-10-17,wk inc flu hosp,quantile,0.25,84.81809650977232
35,2026-10-03,2,2026-10-17,wk inc flu hosp,quantile,0.25,4.265590518766281
36,2026-10-03,2,2026-10-17,wk inc flu hosp,quantile,0.25,100.54794091607312
37,2026-10-03,2,2026-10-17,wk inc flu hosp,quantile,0.25,39.652340439794564
38,2026-10-03,2,2026-10-17,wk inc flu hosp,quantile,0.25,2.4030536973655057
39,2026-10-03,2,2026-10-17,wk inc flu hosp,quantile,0.25,12.717217448988736
40,2026-10-03,2,2026-10-17,wk inc flu hosp,quantile,0.25,5.376427225822972
41,2026-10-03,2,2026-10-17,wk inc flu hosp,quantile,0.25,22.066213842727198
42,2026-10-03,2,2026-10-17,wk inc flu hosp,quantile,0.25,145.08440269988378
44,2026-10-03,2,2026-10-17,wk inc flu hosp,quantile,0.25,0.916933878410558
45,2026-10-03,2,2026-10-17,wk inc flu hosp,quantile,0.25,21.51100028498381
46,2026-10-03,2,2026-10-17,wk inc flu hosp,quantile,0.25,0.0
47,2026-10-03,2,2026-10-17,wk inc flu hosp,quantile,0.25,49.23679536141728
48,2026-10-03,2,2026-10-17,wk inc flu hosp,quantile,0.25,234.45575431490428
49,2026-10-03,2,2026-10-17,wk inc flu hosp,quantile,0.25,9.21884824949898
50,2026-10-03,2,2026-10-17,wk inc flu hosp,quantile,0.25,1.2392912375543628
51,2026-10-03,2,2026-10-17,wk inc flu hosp,quantile,0.25,29.78295471448973
53,2026-10-03,2,2026-10-17,wk inc flu hosp,quantile,0.25,72.19749430381346
54,2026-10-03,2,2026-10-17,wk inc flu hosp,quantile,0.25,1.0280348099551877
55,2026-10-03,2,2026-10-17,wk inc flu hosp,quantile,0.25,10.82934653599685
56,2026-10-03,2,2026-10-17,wk inc flu hosp,quantile,0.25,0.9067953407830452
72,2026-10-03,2,2026-10-17,wk inc flu hosp,quantile,0.25,72.87099652683796
US,2026-10-03,2,2026-10-17,wk inc flu hosp,quantile,0.25,2720.137110986583
01,2026-10-03,3,2026-10-24,wk inc flu hosp,quantile,0.25,19.086884427007814
02,2026-10-03,3,2026-10-24,wk inc flu hosp,quantile,0.25,7.402934820845081
04,2026-10-03,3,2026-10-24,wk inc flu hosp,quantile,0.25,12.008774933355255
05,2026-10-03,3,2026-10-24,wk inc flu hosp,quantile,0.25,4.195073595090736
06,2026-10-03,3,2026-10-24,wk inc flu hosp,quantile,0.25,288.0992180727463
08,2026-10-03,3,2026-10-24,wk inc flu hosp,quantile,0.25,19.785562779108176
09,2026-10-03,3,2026-10-24,wk inc flu hosp,quantile,0.25,3.6817747288427642
10,2026-10-03,3,2026-10-24,wk inc flu hosp,quantile,0.25,0.0
11,2026-10-03,3,2026-10-24,wk inc flu hosp,quantile,0.25,1.151368063300358
12,2026-10-03,3,2026-10-24,wk inc flu hosp,quantile,0.25,339.501665736118
13,2026-10-03,3,2026-10-24,wk inc flu hosp,quantile,0.25,6.9403710957905185
15,2026-10-03,3,2026-10-24,wk inc flu hosp,quantile,0.25,14.772618844694048
16,2026-10-03,3,2026-10-24,wk inc flu hosp,quantile,0.25,6.229681991773825
17,2026-10-03,3,2026-10-24,wk inc flu hosp,quantile,0.25,32.25750661182396
18,2026-10-03,3,2026-10-24,wk inc flu hosp,quantile,0.25,25.361010419814452
19,2026-10-03,3,2026-10-24,wk inc flu hosp,quantile,0.25,0.1081436700438292
20,2026-10-03,3,2026-10-24,wk inc flu hosp,quantile,0.25,0.9676319694217804
21,2026-10-03,3,2026-10-24,wk inc flu hosp,quantile,0.25,0.0
22,2026-10-03,3,2026-10-24,wk inc flu hosp,quantile,0.25,31.924332919662287
23,2026-10-03,3,2026-10-24,wk inc flu hosp,quantile,0.25,1.0055765046450291
24,2026-10-03,3,2026-10-24,wk inc flu hosp,quantile,0.25,4.663234194306133
25,2026-10-03,3,2026-10-24,wk inc flu hosp,quantile,0.25,6.715554224567503
26,2026-10-03,3,2026-10-24,wk inc flu hosp,quantile,0.25,30.066280653145434
27,2026-10-03,3,2026-10-24,wk inc flu hosp,quantile,0.25,8.113751669680548
28,2026-10-03,3,2026-10-24,wk inc flu hosp,quantile,0.25,14.901576736480449
29,2026-10-03,3,2026-10-24,wk inc flu hosp,quantile,0.25,20.85087037850849
30,2026-10-03,3,2026-10-24,wk inc flu hosp,quantile,0.25,16.381701170914464
31,2026-10-03,3,2026-10-24,wk inc flu hosp,quantile,0.25,0.0
32,2026-10-03,3,2026-10-24,wk inc flu hosp,quantile,0.25,29.165076221998333
33,2026-10-03,3,2026-10-24,wk inc flu hosp,quantile,0.25,2.2901904500572585
34,2026-10-03,3,2026-10-24,wk inc flu hosp,quantile,0.25,80.94463616554458
35,2026-10-03,3,2026-10-24,wk inc flu hosp,quantile,0.25,3.875059126268969
36,2026-10-03,3,2026-10-24,wk inc flu hosp,quantile,0.25,102.0675066469562
37,2026-10-03,3,2026-10-24,wk inc flu hosp,quantile,0.25,37.25995807895187
38,2026-10-03,3,2026-10-24,wk inc flu hosp,quantile,0.25,2.013860893517942
39,2026-10-03,3,2026-10-24,wk inc flu hosp,quantile,0.25,10.033230288484456
40,2026-10-03,3,2026-10-24,wk inc flu hosp,quantile,0.25,5.263026395803597
41,2026-10-03,3,2026-10-24,wk inc flu hosp,quantile,0.25,19.426753048400226
42,2026-10-03,3,2026-10-24,wk inc flu hosp,quantile,0.25,138.04142728141835
44,2026-10-03,3,2026-10-24,wk inc flu hosp,quantile,0.25,0.8938284091250274
45,2026-10-03,3,2026-10-24,wk inc flu hosp,quantile,0.25,20.337944199277004
46,2026-10-03,3,2026-10-24,wk inc flu hosp,quantile,0.25,0.0
47,2026-10-03,3,2026-10-24,wk inc flu hosp,quantile,0.25,46.1545946784502
48,2026-10-03,3,2026-10-24,wk inc flu hosp,quantile,0.25,231.18638918269542
49,2026-10-03,3,2026-10-24,wk inc flu hosp,quantile,0.25,7.904020520286028
50,2026-10-03,3,2026-10-24,wk inc flu hosp,quantile,0.25,1.0481881895836709
51,2026-10-03,3,2026-10-24,wk inc flu hosp,quantile,0.25,27.71256710525964
53,2026-10-03,3,2026-10-24,wk inc flu hosp,quantile,0.25,64.48307934180602
54,2026-10-03,3,2026-10-24,wk inc flu hosp,quantile,0.25,0.45878857805416084
55,2026-10-03,3,2026-10-24,wk inc flu hosp,quantile,0.25,8.816186292786204
56,2026-10-03,3,2026-10-24,wk inc flu hosp,quantile,0.25,0.8238887827989685
72,2026-10-03,3,2026-10-24,wk inc flu hosp,quantile,0.25,69.84502930838651
US,2026-10-03,3,2026-10-24,wk inc flu hosp,quantile,0.25,2702.96921434391
01,2026-10-03,0,2026-10-03,wk inc flu hosp,quantile,0.3,28.406965942730064
02,2026-10-03,0,2026-10-03,wk inc flu hosp,quantile,0.3,11.780553082788561
04,2026-10-03,0,2026-10-03,wk inc flu hosp,quantile,0.3,20.165399944304593
05,2026-10-03,0,2026-10-03,wk inc flu hosp,quantile,0.3,7.623625016651469
06,2026-10-03,0,2026-10-03,wk inc flu hosp,quantile,0.3,376.56534435527124
08,2026-10-03,0,2026-10-03,wk inc flu hosp,quantile,0.3,25.7310731722185
09,2026-10-03,0,2026-10-03,wk inc flu hosp,quantile,0.3,6.920060239463857
10,2026-10-03,0,2026-10-03,wk inc flu hosp,quantile,0.3,0.0
11,2026-10-03,0,2026-10-03,wk inc flu hosp,quantile,0.3,1.9629758392346182
12,2026-10-03,0,2026-10-03,wk inc flu hosp,quantile,0.3,404.9251168809268
13,2026-10-03,0,2026-10-03,wk inc flu hosp,quantile,0.3,17.708969754217176
15,2026-10-03,0,2026-10-03,wk inc flu hosp,quantile,0.3,19.81984457619618
16,2026-10-03,0,2026-10-03,wk inc flu hosp,quantile,0.3,9.586490237041588
17,2026-10-03,0,2026-10-03,wk inc flu hosp,quantile,0.3,53.20621795420072
18,2026-10-03,0,2026-10-03,wk inc flu hosp,quantile,0.3,33.79331991419398
19,2026-10-03,0,2026-10-03,wk inc flu hosp,quantile,0.3,3.3116421348953327
20,2026-10-03,0,2026-10-03,wk inc flu hosp,quantile,0.3,3.8001311855346733
21,2026-10-03,0,2026-10-03,wk inc flu hosp,quantile,0.3,4.807686200522551
22,2026-10-03,0,2026-10-03,wk inc flu hosp,quantile,0.3,42.294446007750125
23,2026-10-03,0,2026-10-03,wk inc flu hosp,quantile,0.3,2.834776953182262
24,2026-10-03,0,2026-10-03,wk inc flu hosp,quantile,0.3,13.710916798543694
25,2026-10-03,0,2026-10-03,wk inc flu hosp,quantile,0.3,9.92660182460956
26,2026-10-03,0,2026-10-03,wk inc flu hosp,quantile,0.3,39.07738452359881
27,2026-10-03,0,2026-10-03,wk inc flu hosp,quantile,0.3,16.71000217847351
28,2026-10-03,0,2026-10-03,wk inc flu hosp,quantile,0.3,19.966057615347573
29,2026-10-03,0,2026-10-03,wk inc flu hosp,quantile,0.3,29.68200677929014
30,2026-10-03,0,2026-10-03,wk inc flu hosp,quantile,0.3,25.64000837657665
31,2026-10-03,0,2026-10-03,wk inc flu hosp,quantile,0.3,0.0
32,2026-10-03,0,2026-10-03,wk inc flu hosp,quantile,0.3,41.6592330905908
33,2026-10-03,0,2026-10-03,wk inc flu hosp,quantile,0.3,4.013993918116832
34,2026-10-03,0,2026-10-03,wk inc flu hosp,quantile,0.3,89.0503386788767
35,2026-10-03,0,2026-10-03,wk inc flu hosp,quantile,0.3,7.032001917953683
36,2026-10-03,0,2026-10-03,wk inc flu hosp,quantile,0.3,100.04360555379033
37,2026-10-03,0,2026-10-03,wk inc flu hosp,quantile,0.3,50.44577811904436
38,2026-10-03,0,2026-10-03,wk inc flu hosp,quantile,0.3,3.5464676917397937
39,2026-10-03,0,2026-10-03,wk inc flu hosp,quantile,0.3,27.127752546078725
40,2026-10-03,0,2026-10-03,wk inc flu hosp,quantile,0.3,8.559259846279987
41,2026-10-03,0,2026-10-03,wk inc flu hosp,quantile,0.3,29.59576397103495
42,2026-10-03,0,2026-10-03,wk inc flu hosp,quantile,0.3,169.7208421522828
44,2026-10-03,0,2026-10-03,wk inc flu hosp,quantile,0.3,2.0903253967609188
45,2026-10-03,0,2026-10-03,wk inc flu hosp,quantile,0.3,28.862747880512824
46,2026-10-03,0,2026-10-03,wk inc flu hosp,quantile,0.3,0.05688341686492273
47,2026-10-03,0,2026-10-03,wk inc flu hosp,quantile,0.3,59.44115337433982
48,2026-10-03,0,2026-10-03,wk inc flu hosp,quantile,0.3,259.94954464420283
49,2026-10-03,0,2026-10-03,wk inc flu hosp,quantile,0.3,13.59158526266285
50,2026-10-03,0,2026-10-03,wk inc flu hosp,quantile,0.3,2.1992367964895165
51,2026-10-03,0,2026-10-03,wk inc flu hosp,quantile,0.3,37.69444352176001
53,2026-10-03,0,2026-10-03,wk inc flu hosp,quantile,0.3,99.83489067673366
54,2026-10-03,0,2026-10-03,wk inc flu hosp,quantile,0.3,2.7158848025115834
55,2026-10-03,0,2026-10-03,wk inc flu hosp,quantile,0.3,23.215552411168627
56,2026-10-03,0,2026-10-03,wk inc flu hosp,quantile,0.3,1.4285096832177637
72,2026-10-03,0,2026-10-03,wk inc flu hosp,quantile,0.3,86.9760800853426
US,2026-10-03,0,2026-10-03,wk inc flu hosp,quantile,0.3,2696.423650095333
01,2026-10-03,1,2026-10-10,wk inc flu hosp,quantile,0.3,25.60223358666656
02,2026-10-03,1,2026-10-10,wk inc flu hosp,quantile,0.3,10.267602002700679
04,2026-10-03,1,2026-10-10,wk inc flu hosp,quantile,0.3,19.189573687139898
05,2026-10-03,1,2026-10-10,wk inc flu hosp,quantile,0.3,6.957867115046582
06,2026-10-03,1,2026-10-10,wk inc flu hosp,quantile,0.3,358.4177467173329
08,2026-10-03,1,2026-10-10,wk inc flu hosp,quantile,0.3,25.700240331571077
09,2026-10-03,1,2026-10-10,wk inc flu hosp,quantile,0.3,6.174741074416307
10,2026-10-03,1,2026-10-10,wk inc flu hosp,quantile,0.3,0.0
11,2026-10-03,1,2026-10-10,wk inc flu hosp,quantile,0.3,1.8942189423865716
12,2026-10-03,1,2026-10-10,wk inc flu hosp,quantile,0.3,398.78970786622966
13,2026-10-03,1,2026-10-10,wk inc flu hosp,quantile,0.3,14.316611532611354
15,2026-10-03,1,2026-10-10,wk inc flu hosp,quantile,0.3,18.87973944701307
16,2026-10-03,1,2026-10-10,wk inc flu hosp,quantile,0.3,8.852605159601245
17,2026-10-03,1,2026-10-10,wk inc flu hosp,quantile,0.3,47.75847279605967
18,2026-10-03,1,2026-10-10,wk inc flu hosp,quantile,0.3,33.29655830777549
19,2026-10-03,1,2026-10-10,wk inc flu hosp,quantile,0.3,1.867184927724832
20,2026-10-03,1,2026-10-10,wk inc flu hosp,quantile,0.3,3.32341973334922
21,2026-10-03,1,2026-10-10,wk inc flu hosp,quantile,0.3,1.9927118982902394
22,2026-10-03,1,2026-10-10,wk inc flu hosp,quantile,0.3,39.79081204093059
23,2026-10-03,1,2026-10-10,wk inc flu hosp,quantile,0.3,2.2359326459206943
24,2026-10-03,1,2026-10-10,wk inc flu hosp,quantile,0.3,10.718568177478385
25,2026-10-03,1,2026-10-10,wk inc flu hosp,quantile,0.3,10.45661631675995
26,2026-10-03,1,2026-10-10,wk inc flu hosp,quantile,0.3,39.115174268736375
27,2026-10-03,1,2026-10-10,wk inc flu hosp,quantile,0.3,14.030629758872498
28,2026-10-03,1,2026-10-10,wk inc flu hosp,quantile,0.3,18.572174463052804
29,2026-10-03,1,2026-10-10,wk inc flu hosp,quantile,0.3,28.198250584991364
30,2026-10-03,1,2026-10-10,wk inc flu hosp,quantile,0.3,22.583097820033746
31,2026-10-03,1,2026-10-10,wk inc flu hosp,quantile,0.3,0.0
32,2026-10-03,1,2026-10-10,wk inc flu hosp,quantile,0.3,39.844617176265004
33,2026-10-03,1,2026-10-10,wk inc flu hosp,quantile,0.3,3.5865789632377734
34,2026-10-03,1,2026-10-10,wk inc flu hosp,quantile,0.3,93.26557889946261
35,2026-10-03,1,2026-10-10,wk inc flu hosp,quantile,0.3,6.402972216957368
36,2026-10-03,1,2026-10-10,wk inc flu hosp,quantile,0.3,107.37872203672065
37,2026-10-03,1,2026-10-10,wk inc flu hosp,quantile,0.3,50.16400584238682
38,2026-10-03,1,2026-10-10,wk inc flu hosp,quantile,0.3,3.254899294511302
39,2026-10-03,1,2026-10-10,wk inc flu hosp,quantile,0.3,22.179471364381296
40,2026-10-03,1,2026-10-10,wk inc flu hosp,quantile,0.3,7.776027893506109
41,2026-10-03,1,2026-10-10,wk inc flu hosp,quantile,0.3,27.69863521385354
42,2026-10-03,1,2026-10-10,wk inc flu hosp,quantile,0.3,164.63240492998253
44,2026-10-03,1,2026-10-10,wk inc flu hosp,quantile,0.3,1.8556214124581134
45,2026-10-03,1,2026-10-10,wk inc flu hosp,quantile,0.3,28.25237829837931
46,2026-10-03,1,2026-10-10,wk inc flu hosp,quantile,0.3,0.0
47,2026-10-03,1,2026-10-10,wk inc flu hosp,quantile,0.3,57.49646440784962
48,2026-10-03,1,2026-10-10,wk inc flu hosp,quantile,0.3,264.5639243569489
49,2026-10-03,1,2026-10-10,wk inc flu hosp,quantile,0.3,11.800765722230617
50,2026-10-03,1,2026-10-10,wk inc flu hosp,quantile,0.3,1.8509423661838478
51,2026-10-03,1,2026-10-10,wk inc flu hosp,quantile,0.3,36.69580205508578
53,2026-10-03,1,2026-10-10,wk inc flu hosp,quantile,0.3,91.3175976854886
54,2026-10-03,1,2026-10-10,wk inc flu hosp,quantile,0.3,2.1870635352511507
55,2026-10-03,1,2026-10-10,wk inc flu hosp,quantile,0.3,17.768393087632163
56,2026-10-03,1,2026-10-10,wk inc flu hosp,quantile,0.3,1.3609711092204484
72,2026-10-03,1,2026-10-10,wk inc flu hosp,quantile,0.3,82.92097766182792
US,2026-10-03,1,2026-10-10,wk inc flu hosp,quantile,0.3,2872.8469656449743
01,2026-10-03,2,2026-10-17,wk inc flu hosp,quantile,0.3,24.124986289877295
02,2026-10-03,2,2026-10-17,wk inc flu hosp,quantile,0.3,9.319647255883707
04,2026-10-03,2,2026-10-17,wk inc flu hosp,quantile,0.3,17.717477051775333
05,2026-10-03,2,2026-10-17,wk inc flu hosp,quantile,0.3,6.5906048728214195
06,2026-10-03,2,2026-10-17,wk inc flu hosp,quantile,0.3,339.3041882851596
08,2026-10-03,2,2026-10-17,wk inc flu hosp,quantile,0.3,25.604318071995298
09,2026-10-03,2,2026-10-17,wk inc flu hosp,quantile,0.3,5.555726379058733
10,2026-10-03,2,2026-10-17,wk inc flu hosp,quantile,0.3,0.0
11,2026-10-03,2,2026-10-17,wk inc flu hosp,quantile,0.3,1.7998254752425422
12,2026-10-03,2,2026-10-17,wk inc flu hosp,quantile,0.3,382.65135097573915
13,2026-10-03,2,2026-10-17,wk inc flu hosp,quantile,0.3,12.287859567744672
15,2026-10-03,2,2026-10-17,wk inc flu hosp,quantile,0.3,17.819549031875
16,2026-10-03,2,2026-10-17,wk inc flu hosp,quantile,0.3,8.26492367061598
17,2026-10-03,2,2026-10-17,wk inc flu hosp,quantile,0.3,44.45356247182041
18,2026-10-03,2,2026-10-17,wk inc flu hosp,quantile,0.3,33.76352605237471
19,2026-10-03,2,2026-10-17,wk inc flu hosp,quantile,0.3,1.389197509620549
20,2026-10-03,2,2026-10-17,wk inc flu hosp,quantile,0.3,3.0385612016294683
21,2026-10-03,2,2026-10-17,wk inc flu hosp,quantile,0.3,1.3816681342843589
22,2026-10-03,2,2026-10-17,wk inc flu hosp,quantile,0.3,38.34401953854468
23,2026-10-03,2,2026-10-17,wk inc flu hosp,quantile,0.3,1.9759178671986175
24,2026-10-03,2,2026-10-17,wk inc flu hosp,quantile,0.3,8.870182705028778
25,2026-10-03,2,2026-10-17,wk inc flu hosp,quantile,0.3,12.234869597907311
26,2026-10-03,2,2026-10-17,wk inc flu hosp,quantile,0.3,38.564993661063745
27,2026-10-03,2,2026-10-17,wk inc flu hosp,quantile,0.3,12.488596100703061
28,2026-10-03,2,2026-10-17,wk inc flu hosp,quantile,0.3,18.217781403522828
29,2026-10-03,2,2026-10-17,wk inc flu hosp,quantile,0.3,26.631349575193752
30,2026-10-03,2,2026-10-17,wk inc flu hosp,quantile,0.3,20.98114856381178
31,2026-10-03,2,2026-10-17,wk inc flu hosp,quantile,0.3,0.0
32,2026-10-03,2,2026-10-17,wk inc flu hosp,quantile,0.3,36.708278142741136
33,2026-10-03,2,2026-10-17,wk inc flu hosp,quantile,0.3,3.5334253522927788
34,2026-10-03,2,2026-10-17,wk inc flu hosp,quantile,0.3,96.06116840490466
35,2026-10-03,2,2026-10-17,wk inc flu hosp,quantile,0.3,5.770204951930639
36,2026-10-03,2,2026-10-17,wk inc flu hosp,quantile,0.3,115.88691406059903
37,2026-10-03,2,2026-10-17,wk inc flu hosp,quantile,0.3,47.90827216117462
38,2026-10-03,2,2026-10-17,wk inc flu hosp,quantile,0.3,3.055364851462849
39,2026-10-03,2,2026-10-17,wk inc flu hosp,quantile,0.3,19.736156666197214
40,2026-10-03,2,2026-10-17,wk inc flu hosp,quantile,0.3,8.346583831239526
41,2026-10-03,2,2026-10-17,wk inc flu hosp,quantile,0.3,26.18942119173306
42,2026-10-03,2,2026-10-17,wk inc flu hosp,quantile,0.3,161.5208455820809
44,2026-10-03,2,2026-10-17,wk inc flu hosp,quantile,0.3,1.6868898913952142
45,2026-10-03,2,2026-10-17,wk inc flu hosp,quantile,0.3,26.772785064150657
46,2026-10-03,2,2026-10-17,wk inc flu hosp,quantile,0.3,0.0033214346842413817
47,2026-10-03,2,2026-10-17,wk inc flu hosp,quantile,0.3,56.202991731369124
48,2026-10-03,2,2026-10-17,wk inc flu hosp,quantile,0.3,259.74030671982064
49,2026-10-03,2,2026-10-17,wk inc flu hosp,quantile,0.3,10.796029263611729
50,2026-10-03,2,2026-10-17,wk inc flu hosp,quantile,0.3,1.6657623836917552
51,2026-10-03,2,2026-10-17,wk inc flu hosp,quantile,0.3,35.93843976577171
53,2026-10-03,2,2026-10-17,wk inc flu hosp,quantile,0.3,81.97638022365355
54,2026-10-03,2,2026-10-17,wk inc flu hosp,quantile,0.3,2.202466157220583
55,2026-10-03,2,2026-10-17,wk inc flu hosp,quantile,0.3,14.8607830517917
56,2026-10-03,2,2026-10-17,wk inc flu hosp,quantile,0.3,1.3260252096269585
72,2026-10-03,2,2026-10-17,wk inc flu hosp,quantile,0.3,79.75807575291887
US,2026-10-03,2,2026-10-17,wk inc flu hosp,quantile,0.3,2998.647766883778
01,2026-10-03,3,2026-10-24,wk inc flu hosp,quantile,0.3,23.81761498615068
02,2026-10-03,3,2026-10-24,wk inc flu hosp,quantile,0.3,8.652820908585419
04,2026-10-03,3,2026-10-24,wk inc flu hosp,quantile,0.3,17.60206215764698
05,2026-10-03,3,2026-10-24,wk inc flu hosp,quantile,0.3,6.678280587365015
06,2026-10-03,3,2026-10-24,wk inc flu hosp,quantile,0.3,321.8297307092643
08,2026-10-03,3,2026-10-24,wk inc flu hosp,quantile,0.3,25.055714334129828
09,2026-10-03,3,2026-10-24,wk inc flu hosp,quantile,0.3,6.242840315366223
10,2026-10-03,3,2026-10-24,wk inc flu hosp,quantile,0.3,0.0
11,2026-10-03,3,2026-10-24,wk inc flu hosp,quantile,0.3,1.892473456262386
12,2026-10-03,3,2026-10-24,wk inc flu hosp,quantile,0.3,365.80873976114145
13,2026-10-03,3,2026-10-24,wk inc flu hosp,quantile,0.3,13.327443793145152
15,2026-10-03,3,2026-10-24,wk inc flu hosp,quantile,0.3,16.495481889244697
16,2026-10-03,3,2026-10-24,wk inc flu hosp,quantile,0.3,8.436205227922187
17,2026-10-03,3,2026-10-24,wk inc flu hosp,quantile,0.3,43.38598251759017
18,2026-10-03,3,2026-10-24,wk inc flu hosp,quantile,0.3,32.53621300261171
19,2026-10-03,3,2026-10-24,wk inc flu hosp,quantile,0.3,1.732503982489577
20,2026-10-03,3,2026-10-24,wk inc flu hosp,quantile,0.3,2.3758741047073677
21,2026-10-03,3,2026-10-24,wk inc flu hosp,quantile,0.3,2.193123671466687
22,2026-10-03,3,2026-10-24,wk inc flu hosp,quantile,0.3,37.30465980915135
23,2026-10-03,3,2026-10-24,wk inc flu hosp,quantile,0.3,2.1808398921052228
24,2026-10-03,3,2026-10-24,wk inc flu hosp,quantile,0.3,8.966793145839436
25,2026-10-03,3,2026-10-24,wk inc flu hosp,quantile,0.3,13.464935732069186
26,2026-10-03,3,2026-10-24,wk inc flu hosp,quantile,0.3,39.75244180268768
27,2026-10-03,3,2026-10-24,wk inc flu hosp,quantile,0.3,12.563028691443337
28,2026-10-03,3,2026-10-24,wk inc flu hosp,quantile,0.3,17.44558520958304
29,2026-10-03,3,2026-10-24,wk inc flu hosp,quantile,0.3,27.115207000487466
30,2026-10-03,3,2026-10-24,wk inc flu hosp,quantile,0.3,18.63844437099057
31,2026-10-03,3,2026-10-24,wk inc flu hosp,quantile,0.3,0.0
32,2026-10-03,3,2026-10-24,wk inc flu hosp,quantile,0.3,32.96405614294594
33,2026-10-03,3,2026-10-24,wk inc flu hosp,quantile,0.3,3.57217669142073
34,2026-10-03,3,2026-10-24,wk inc flu hosp,quantile,0.3,95.19904605125288
35,2026-10-03,3,2026-10-24,wk inc flu hosp,quantile,0.3,5.703718217701671
36,2026-10-03,3,2026-10-24,wk inc flu hosp,quantile,0.3,122.70268932167575
37,2026-10-03,3,2026-10-24,wk inc flu hosp,quantile,0.3,47.84786893601986
38,2026-10-03,3,2026-10-24,wk inc flu hosp,quantile,0.3,2.7206162190195076
39,2026-10-03,3,2026-10-24,wk inc flu hosp,quantile,0.3,19.526663850634254
40,2026-10-03,3,2026-10-24,wk inc flu hosp,quantile,0.3,8.513554501695015
41,2026-10-03,3,2026-10-24,wk inc flu hosp,quantile,0.3,24.508770371494972
42,2026-10-03,3,2026-10-24,wk inc flu hosp,quantile,0.3,157.35820466534074
44,2026-10-03,3,2026-10-24,wk inc flu hosp,quantile,0.3,1.729305522459505
45,2026-10-03,3,2026-10-24,wk inc flu hosp,quantile,0.3,25.680229242332516
46,2026-10-03,3,2026-10-24,wk inc flu hosp,quantile,0.3,0.1135121874195058
47,2026-10-03,3,2026-10-24,wk inc flu hosp,quantile,0.3,54.257352655785894
48,2026-10-03,3,2026-10-24,wk inc flu hosp,quantile,0.3,264.78908675004243
49,2026-10-03,3,2026-10-24,wk inc flu hosp,quantile,0.3,10.128516448163268
50,2026-10-03,3,2026-10-24,wk inc flu hosp,quantile,0.3,1.579631830782004
51,2026-10-03,3,2026-10-24,wk inc flu hosp,quantile,0.3,34.91597196923266
53,2026-10-03,3,2026-10-24,wk inc flu hosp,quantile,0.3,74.33140375207343
54,2026-10-03,3,2026-10-24,wk inc flu hosp,quantile,0.3,2.1205060724978244
55,2026-10-03,3,2026-10-24,wk inc flu hosp,quantile,0.3,13.876976183818337
56,2026-10-03,3,2026-10-24,wk inc flu hosp,quantile,0.3,1.314195665072018
72,2026-10-03,3,2026-10-24,wk inc flu hosp,quantile,0.3,76.54761656620904
US,2026-10-03,3,2026-10-24,wk inc flu hosp,quantile,0.3,3152.294002609245
01,2026-10-03,0,2026-10-03,wk inc flu hosp,quantile,0.35,30.061590768742352
02,2026-10-03,0,2026-10-03,wk inc flu hosp,quantile,0.35,12.582037691059677
04,2026-10-03,0,2026-10-03,wk inc flu hosp,quantile,0.35,22.6337720602741
05,2026-10-03,0,2026-10-03,wk inc flu hosp,quantile,0.35,8.640752154466218
06,2026-10-03,0,2026-10-03,wk inc flu hosp,quantile,0.35,385.72357140521535
08,2026-10-03,0,2026-10-03,wk inc flu hosp,quantile,0.35,27.631086151976096
09,2026-10-03,0,2026-10-03,wk inc flu hosp,quantile,0.35,7.890792537034166
10,2026-10-03,0,2026-10-03,wk inc flu hosp,quantile,0.35,0.0
11,2026-10-03,0,2026-10-03,wk inc flu hosp,quantile,0.35,2.320690316662516
12,2026-10-03,0,2026-10-03,wk inc flu hosp,quantile,0.35,418.02731796625204
13,2026-10-03,0,2026-10-03,wk inc flu hosp,quantile,0.35,20.154291036976385
15,2026-10-03,0,2026-10-03,wk inc flu hosp,quantile,0.35,21.018063662123065
16,2026-10-03,0,2026-10-03,wk inc flu hosp,quantile,0.35,10.495212645646797
17,2026-10-03,0,2026-10-03,wk inc flu hosp,quantile,0.35,57.38935149590094
18,2026-10-03,0,2026-10-03,wk inc flu hosp,quantile,0.35,35.62285311446906
19,2026-10-03,0,2026-10-03,wk inc flu hosp,quantile,0.35,4.134998680486771
20,2026-10-03,0,2026-10-03,wk inc flu hosp,quantile,0.35,4.562259698802205
21,2026-10-03,0,2026-10-03,wk inc flu hosp,quantile,0.35,5.927598199783969
22,2026-10-03,0,2026-10-03,wk inc flu hosp,quantile,0.35,45.414576304323056
23,2026-10-03,0,2026-10-03,wk inc flu hosp,quantile,0.35,3.255472047747136
24,2026-10-03,0,2026-10-03,wk inc flu hosp,quantile,0.35,15.247086761840997
25,2026-10-03,0,2026-10-03,wk inc flu hosp,quantile,0.35,11.238111610620539
26,2026-10-03,0,2026-10-03,wk inc flu hosp,quantile,0.35,42.05064598868564
27,2026-10-03,0,2026-10-03,wk inc flu hosp,quantile,0.35,18.408908479459324
28,2026-10-03,0,2026-10-03,wk inc flu hosp,quantile,0.35,21.388351006690296
29,2026-10-03,0,2026-10-03,wk inc flu hosp,quantile,0.35,32.082549154391195
30,2026-10-03,0,2026-10-03,wk inc flu hosp,quantile,0.35,27.050727167171267
31,2026-10-03,0,2026-10-03,wk inc flu hosp,quantile,0.35,0.03280719874640185
32,2026-10-03,0,2026-10-03,wk inc flu hosp,quantile,0.35,43.27983155340649
33,2026-10-03,0,2026-10-03,wk inc flu hosp,quantile,0.35,4.560692256250958
34,2026-10-03,0,2026-10-03,wk inc flu hosp,quantile,0.35,93.0410212346304
35,2026-10-03,0,2026-10-03,wk inc flu hosp,quantile,0.35,7.89260828632558
36,2026-10-03,0,2026-10-03,wk inc flu hosp,quantile,0.35,104.72287857188942
37,2026-10-03,0,2026-10-03,wk inc flu hosp,quantile,0.35,54.10000232829272
38,2026-10-03,0,2026-10-03,wk inc flu hosp,quantile,0.35,4.012667104484448
39,2026-10-03,0,2026-10-03,wk inc flu hosp,quantile,0.35,31.596686897057985
40,2026-10-03,0,2026-10-03,wk inc flu hosp,quantile,0.35,10.010657240713828
41,2026-10-03,0,2026-10-03,wk inc flu hosp,quantile,0.35,31.368873050017232
42,2026-10-03,0,2026-10-03,wk inc flu hosp,quantile,0.35,177.260465610647
44,2026-10-03,0,2026-10-03,wk inc flu hosp,quantile,0.35,2.4639883622837933
45,2026-10-03,0,2026-10-03,wk inc flu hosp,quantile,0.35,31.133204859062904
46,2026-10-03,0,2026-10-03,wk inc flu hosp,quantile,0.35,0.3453803656104763
47,2026-10-03,0,2026-10-03,wk inc flu hosp,quantile,0.35,62.70128748701324
48,2026-10-03,0,2026-10-03,wk inc flu hosp,quantile,0.35,268.66512043084094
49,2026-10-03,0,2026-10-03,wk inc flu hosp,quantile,0.35,14.7280431756567
50,2026-10-03,0,2026-10-03,wk inc flu hosp,quantile,0.35,2.4928775817585
51,2026-10-03,0,2026-10-03,wk inc flu hosp,quantile,0.35,40.373127480854166
53,2026-10-03,0,2026-10-03,wk inc flu hosp,quantile,0.35,103.5325968450583
54,2026-10-03,0,2026-10-03,wk inc flu hosp,quantile,0.35,3.2888494363861405
55,2026-10-03,0,2026-10-03,wk inc flu hosp,quantile,0.35,24.88723343054473
56,2026-10-03,0,2026-10-03,wk inc flu hosp,quantile,0.35,1.769580360306214
72,2026-10-03,0,2026-10-03,wk inc flu hosp,quantile,0.35,90.70443436361145
US,2026-10-03,0,2026-10-03,wk inc flu hosp,quantile,0.35,2785.9616073472052
01,2026-10-03,1,2026-10-10,wk inc flu hosp,quantile,0.35,29.15072407440086
02,2026-10-03,1,2026-10-10,wk inc flu hosp,quantile,0.35,11.270210401749916
04,2026-10-03,1,2026-10-10,wk inc flu hosp,quantile,0.35,23.09191978419987
05,2026-10-03,1,2026-10-10,wk inc flu hosp,quantile,0.35,8.575061327111845
06,2026-10-03,1,2026-10-10,wk inc flu hosp,quantile,0.35,379.2723178282687
08,2026-10-03,1,2026-10-10,wk inc flu hosp,quantile,0.35,29.453458258278765
09,2026-10-03,1,2026-10-10,wk inc flu hosp,quantile,0.35,7.519184286825055
10,2026-10-03,1,2026-10-10,wk inc flu hosp,quantile,0.35,0.0
11,2026-10-03,1,2026-10-10,wk inc flu hosp,quantile,0.35,2.3776518909414404
12,2026-10-03,1,2026-10-10,wk inc flu hosp,quantile,0.35,418.8030392187933
13,2026-10-03,1,2026-10-10,wk inc flu hosp,quantile,0.35,18.92732214755526
15,2026-10-03,1,2026-10-10,wk inc flu hosp,quantile,0.35,20.222942588752886
16,2026-10-03,1,2026-10-10,wk inc flu hosp,quantile,0.35,10.322677220777322
17,2026-10-03,1,2026-10-10,wk inc flu hosp,quantile,0.35,55.2114268040722
18,2026-10-03,1,2026-10-10,wk inc flu hosp,quantile,0.35,37.19419170828292
19,2026-10-03,1,2026-10-10,wk inc flu hosp,quantile,0.35,3.0428312301911107
20,2026-10-03,1,2026-10-10,wk inc flu hosp,quantile,0.35,4.477112465680986
21,2026-10-03,1,2026-10-10,wk inc flu hosp,quantile,0.35,3.7507892773500604
22,2026-10-03,1,2026-10-10,wk inc flu hosp,quantile,0.35,43.55527763520498
23,2026-10-03,1,2026-10-10,wk inc flu hosp,quantile,0.35,2.917636835439855
24,2026-10-03,1,2026-10-10,wk inc flu hosp,quantile,0.35,13.006505823995317
25,2026-10-03,1,2026-10-10,wk inc flu hosp,quantile,0.35,13.587850676703807
26,2026-10-03,1,2026-10-10,wk inc flu hosp,quantile,0.35,44.77064927187645
27,2026-10-03,1,2026-10-10,wk inc flu hosp,quantile,0.35,17.223446542258444
28,2026-10-03,1,2026-10-10,wk inc flu hosp,quantile,0.35,20.95675897004232
29,2026-10-03,1,2026-10-10,wk inc flu hosp,quantile,0.35,31.77351844619415
30,2026-10-03,1,2026-10-10,wk inc flu hosp,quantile,0.35,24.51893303076216
31,2026-10-03,1,2026-10-10,wk inc flu hosp,quantile,0.35,0.0
32,2026-10-03,1,2026-10-10,wk inc flu hosp,quantile,0.35,42.98122699793361
33,2026-10-03,1,2026-10-10,wk inc flu hosp,quantile,0.35,4.478631409713353
34,2026-10-03,1,2026-10-10,wk inc flu hosp,quantile,0.35,100.72877121664386
35,2026-10-03,1,2026-10-10,wk inc flu hosp,quantile,0.35,7.841257439563739
36,2026-10-03,1,2026-10-10,wk inc flu hosp,quantile,0.35,116.52005952005555
37,2026-10-03,1,2026-10-10,wk inc flu hosp,quantile,0.35,55.86226470983591
38,2026-10-03,1,2026-10-10,wk inc flu hosp,quantile,0.35,3.789303594628008
39,2026-10-03,1,2026-10-10,wk inc flu hosp,quantile,0.35,28.693902079528954
40,2026-10-03,1,2026-10-10,wk inc flu hosp,quantile,0.35,9.811252279037854
41,2026-10-03,1,2026-10-10,wk inc flu hosp,quantile,0.35,31.218770154397202
42,2026-10-03,1,2026-10-10,wk inc flu hosp,quantile,0.35,176.83666405977812
44,2026-10-03,1,2026-10-10,wk inc flu hosp,quantile,0.35,2.392977747086167
45,2026-10-03,1,2026-10-10,wk inc flu hosp,quantile,0.35,31.722506008029818
46,2026-10-03,1,2026-10-10,wk inc flu hosp,quantile,0.35,0.39764092221624686
47,2026-10-03,1,2026-10-10,wk inc flu hosp,quantile,0.35,63.758000015005784
48,2026-10-03,1,2026-10-10,wk inc flu hosp,quantile,0.35,285.2035166577572
49,2026-10-03,1,2026-10-10,wk inc flu hosp,quantile,0.35,13.688960833495383
50,2026-10-03,1,2026-10-10,wk inc flu hosp,quantile,0.35,2.3195225372527615
51,2026-10-03,1,2026-10-10,wk inc flu hosp,quantile,0.35,41.23837411860988
53,2026-10-03,1,2026-10-10,wk inc flu hosp,quantile,0.35,97.99142001993388
54,2026-10-03,1,2026-10-10,wk inc flu hosp,quantile,0.35,3.2421328965758875
55,2026-10-03,1,2026-10-10,wk inc flu hosp,quantile,0.35,20.945988331669156
56,2026-10-03,1,2026-10-10,wk inc flu hosp,quantile,0.35,1.7123446093199886
72,2026-10-03,1,2026-10-10,wk inc flu hosp,quantile,0.35,87.67140760979927
US,2026-10-03,1,2026-10-10,wk inc flu hosp,quantile,0.35,3056.138557838528
01,2026-10-03,2,2026-10-17,wk inc flu hosp,quantile,0.35,27.95255546584105
02,2026-10-03,2,2026-10-17,wk inc flu hosp,quantile,0.35,10.364511136221354
04,2026-10-03,2,2026-10-17,wk inc flu hosp,quantile,0.35,23.374924382196912
05,2026-10-03,2,2026-10-17,wk inc flu hosp,quantile,0.35,8.733111756082254
06,2026-10-03,2,2026-10-17,wk inc flu hosp,quantile,0.35,370.9223603415539
08,2026-10-03,2,2026-10-17,wk inc flu hosp,quantile,0.35,30.485493107568434
09,2026-10-03,2,2026-10-17,wk inc flu hosp,quantile,0.35,8.127709391102563
10,2026-10-03,2,2026-10-17,wk inc flu hosp,quantile,0.35,0.0
11,2026-10-03,2,2026-10-17,wk inc flu hosp,quantile,0.35,2.3914608964695407
12,2026-10-03,2,2026-10-17,wk inc flu hosp,quantile,0.35,412.80716354361346
13,2026-10-03,2,2026-10-17,wk inc flu hosp,quantile,0.35,18.906543527139803
15,2026-10-03,2,2026-10-17,wk inc flu hosp,quantile,0.35,19.392675575511245
16,2026-10-03,2,2026-10-17,wk inc flu hosp,quantile,0.35,10.20661272678765
17,2026-10-03,2,2026-10-17,wk inc flu hosp,quantile,0.35,55.12422572859199
18,2026-10-03,2,2026-10-17,wk inc flu hosp,quantile,0.35,38.96935714184441
19,2026-10-03,2,2026-10-17,wk inc flu hosp,quantile,0.35,2.9233327403404865
20,2026-10-03,2,2026-10-17,wk inc flu hosp,quantile,0.35,4.598405856950414
21,2026-10-03,2,2026-10-17,wk inc flu hosp,quantile,0.35,3.7942064773812256
22,2026-10-03,2,2026-10-17,wk inc flu hosp,quantile,0.35,44.07318789459937
23,2026-10-03,2,2026-10-17,wk inc flu hosp,quantile,0.35,2.8853816659677705
24,2026-10-03,2,2026-10-17,wk inc flu hosp,quantile,0.35,11.838400380296125
25,2026-10-03,2,2026-10-17,wk inc flu hosp,quantile,0.35,16.463801409690817
26,2026-10-03,2,2026-10-17,wk inc flu hosp,quantile,0.35,45.516824995019704
27,2026-10-03,2,2026-10-17,wk inc flu hosp,quantile,0.35,16.943086482682187
28,2026-10-03,2,2026-10-17,wk inc flu hosp,quantile,0.35,21.029650880685296
29,2026-10-03,2,2026-10-17,wk inc flu hosp,quantile,0.35,32.25266345264334
30,2026-10-03,2,2026-10-17,wk inc flu hosp,quantile,0.35,23.072325214146787
31,2026-10-03,2,2026-10-17,wk inc flu hosp,quantile,0.35,0.0
32,2026-10-03,2,2026-10-17,wk inc flu hosp,quantile,0.35,40.74828573916384
33,2026-10-03,2,2026-10-17,wk inc flu hosp,quantile,0.35,4.688522541018878
34,2026-10-03,2,2026-10-17,wk inc flu hosp,quantile,0.35,105.39506011995043
35,2026-10-03,2,2026-10-17,wk inc flu hosp,quantile,0.35,7.625858283828598
36,2026-10-03,2,2026-10-17,wk inc flu hosp,quantile,0.35,130.38648984422207
37,2026-10-03,2,2026-10-17,wk inc flu hosp,quantile,0.35,58.16653179141345
38,2026-10-03,2,2026-10-17,wk inc flu hosp,quantile,0.35,3.8293794988031076
39,2026-10-03,2,2026-10-17,wk inc flu hosp,quantile,0.35,27.859242261350694
40,2026-10-03,2,2026-10-17,wk inc flu hosp,quantile,0.35,11.312782092984763
41,2026-10-03,2,2026-10-17,wk inc flu hosp,quantile,0.35,29.885057914443514
42,2026-10-03,2,2026-10-17,wk inc flu hosp,quantile,0.35,179.06283450206092
44,2026-10-03,2,2026-10-17,wk inc flu hosp,quantile,0.35,2.4480829405978213
45,2026-10-03,2,2026-10-17,wk inc flu hosp,quantile,0.35,32.36098861801068
46,2026-10-03,2,2026-10-17,wk inc flu hosp,quantile,0.35,0.4653455466613271
47,2026-10-03,2,2026-10-17,wk inc flu hosp,quantile,0.35,64.16658611084696
48,2026-10-03,2,2026-10-17,wk inc flu hosp,quantile,0.35,284.1136720725478
49,2026-10-03,2,2026-10-17,wk inc flu hosp,quantile,0.35,12.560334597570444
50,2026-10-03,2,2026-10-17,wk inc flu hosp,quantile,0.35,2.1132950277877667
51,2026-10-03,2,2026-10-17,wk inc flu hosp,quantile,0.35,41.75296375133607
53,2026-10-03,2,2026-10-17,wk inc flu hosp,quantile,0.35,91.10039614801775
54,2026-10-03,2,2026-10-17,wk inc flu hosp,quantile,0.35,3.5123654060353102
55,2026-10-03,2,2026-10-17,wk inc flu hosp,quantile,0.35,18.68192792862289
56,2026-10-03,2,2026-10-17,wk inc flu hosp,quantile,0.35,1.8066441914978288
72,2026-10-03,2,2026-10-17,wk inc flu hosp,quantile,0.35,85.49995012868783
US,2026-10-03,2,2026-10-17,wk inc flu hosp,quantile,0.35,3258.413639286357
01,2026-10-03,3,2026-10-24,wk inc flu hosp,quantile,0.35,28.91843030485956
02,2026-10-03,3,2026-10-24,wk inc flu hosp,quantile,0.35,9.778537664902412
04,2026-10-03,3,2026-10-24,wk inc flu hosp,quantile,0.35,24.100545191233913
05,2026-10-03,3,2026-10-24,wk inc flu hosp,quantile,0.35,8.957404469134032
06,2026-10-03,3,2026-10-24,wk inc flu hosp,quantile,0.35,361.4331741578126
08,2026-10-03,3,2026-10-24,wk inc flu hosp,quantile,0.35,30.02799219809981
09,2026-10-03,3,2026-10-24,wk inc flu hosp,quantile,0.35,8.975524707624803
10,2026-10-03,3,2026-10-24,wk inc flu hosp,quantile,0.35,0.0
11,2026-10-03,3,2026-10-24,wk inc flu hosp,quantile,0.35,2.6041615644160085
12,2026-10-03,3,2026-10-24,wk inc flu hosp,quantile,0.35,392.9428469654232
13,2026-10-03,3,2026-10-24,wk inc flu hosp,quantile,0.35,19.86080839166778
15,2026-10-03,3,2026-10-24,wk inc flu hosp,quantile,0.35,18.30469875489781
16,2026-10-03,3,2026-10-24,wk inc flu hosp,quantile,0.35,10.180814333501635
17,2026-10-03,3,2026-10-24,wk inc flu hosp,quantile,0.35,55.02186350759327
18,2026-10-03,3,2026-10-24,wk inc flu hosp,quantile,0.35,39.93617958856352
19,2026-10-03,3,2026-10-24,wk inc flu hosp,quantile,0.35,3.3646785886777373
20,2026-10-03,3,2026-10-24,wk inc flu hosp,quantile,0.35,4.575110307922004
21,2026-10-03,3,2026-10-24,wk inc flu hosp,quantile,0.35,5.2911799718073675
22,2026-10-03,3,2026-10-24,wk inc flu hosp,quantile,0.35,42.4233698327626
23,2026-10-03,3,2026-10-24,wk inc flu hosp,quantile,0.35,3.175560389146369
24,2026-10-03,3,2026-10-24,wk inc flu hosp,quantile,0.35,13.586815476827304
25,2026-10-03,3,2026-10-24,wk inc flu hosp,quantile,0.35,18.438775504728266
26,2026-10-03,3,2026-10-24,wk inc flu hosp,quantile,0.35,49.09284350009302
27,2026-10-03,3,2026-10-24,wk inc flu hosp,quantile,0.35,17.30561112051084
28,2026-10-03,3,2026-10-24,wk inc flu hosp,quantile,0.35,20.66332911133256
29,2026-10-03,3,2026-10-24,wk inc flu hosp,quantile,0.35,34.35454507456455
30,2026-10-03,3,2026-10-24,wk inc flu hosp,quantile,0.35,21.13990391703511
31,2026-10-03,3,2026-10-24,wk inc flu hosp,quantile,0.35,0.014314480790467765
32,2026-10-03,3,2026-10-24,wk inc flu hosp,quantile,0.35,38.17281092031282
33,2026-10-03,3,2026-10-24,wk inc flu hosp,quantile,0.35,4.785536982574011
34,2026-10-03,3,2026-10-24,wk inc flu hosp,quantile,0.35,105.72123453316456
35,2026-10-03,3,2026-10-24,wk inc flu hosp,quantile,0.35,7.648375915362673
36,2026-10-03,3,2026-10-24,wk inc flu hosp,quantile,0.35,141.7226559200748
37,2026-10-03,3,2026-10-24,wk inc flu hosp,quantile,0.35,59.849024131509324
38,2026-10-03,3,2026-10-24,wk inc flu hosp,quantile,0.35,3.4601875441159198
39,2026-10-03,3,2026-10-24,wk inc flu hosp,quantile,0.35,28.794090517901825
40,2026-10-03,3,2026-10-24,wk inc flu hosp,quantile,0.35,12.04797609381555
41,2026-10-03,3,2026-10-24,wk inc flu hosp,quantile,0.35,29.89989897184572
42,2026-10-03,3,2026-10-24,wk inc flu hosp,quantile,0.35,177.08882143691278
44,2026-10-03,3,2026-10-24,wk inc flu hosp,quantile,0.35,2.4796967948287674
45,2026-10-03,3,2026-10-24,wk inc flu hosp,quantile,0.35,31.696882103193378
46,2026-10-03,3,2026-10-24,wk inc flu hosp,quantile,0.35,0.5634820505231308
47,2026-10-03,3,2026-10-24,wk inc flu hosp,quantile,0.35,63.82360303746539
48,2026-10-03,3,2026-10-24,wk inc flu hosp,quantile,0.35,295.52096363892355
49,2026-10-03,3,2026-10-24,wk inc flu hosp,quantile,0.35,12.075628015010006
50,2026-10-03,3,2026-10-24,wk inc flu hosp,quantile,0.35,2.249152337167093
51,2026-10-03,3,2026-10-24,wk inc flu hosp,quantile,0.35,42.4177917014621
53,2026-10-03,3,2026-10-24,wk inc flu hosp,quantile,0.35,83.95233593191662
54,2026-10-03,3,2026-10-24,wk inc flu hosp,quantile,0.35,3.957859800097971
55,2026-10-03,3,2026-10-24,wk inc flu hosp,quantile,0.35,19.062504864847526
56,2026-10-03,3,2026-10-24,wk inc flu hosp,quantile,0.35,1.8538288563706478
72,2026-10-03,3,2026-10-24,wk inc flu hosp,quantile,0.35,84.13122403419418
US,2026-10-03,3,2026-10-24,wk inc flu hosp,quantile,0.35,3508.7577168089088
01,2026-10-03,0,2026-10-03,wk inc flu hosp,quantile,0.4,32.12795708540056
02,2026-10-03,0,2026-10-03,wk inc flu hosp,quantile,0.4,13.407982607225028
04,2026-10-03,0,2026-10-03,wk inc flu hosp,quantile,0.4,24.676408263120837
05,2026-10-03,0,2026-10-03,wk inc flu hosp,quantile,0.4,9.703924808987168
06,2026-10-03,0,2026-10-03,wk inc flu hosp,quantile,0.4,397.42690245304465
08,2026-10-03,0,2026-10-03,wk inc flu hosp,quantile,0.4,29.102283141952768
09,2026-10-03,0,2026-10-03,wk inc flu hosp,quantile,0.4,8.774006572551459
10,2026-10-03,0,2026-10-03,wk inc flu hosp,quantile,0.4,0.0
11,2026-10-03,0,2026-10-03,wk inc flu hosp,quantile,0.4,2.703068055252001
12,2026-10-03,0,2026-10-03,wk inc flu hosp,quantile,0.4,430.379491442497
13,2026-10-03,0,2026-10-03,wk inc flu hosp,quantile,0.4,22.69898308470938
15,2026-10-03,0,2026-10-03,wk inc flu hosp,quantile,0.4,22.190728114241985
16,2026-10-03,0,2026-10-03,wk inc flu hosp,quantile,0.4,11.56153155814297
17,2026-10-03,0,2026-10-03,wk inc flu hosp,quantile,0.4,61.171439474971194
18,2026-10-03,0,2026-10-03,wk inc flu hosp,quantile,0.4,38.006825014424756
19,2026-10-03,0,2026-10-03,wk inc flu hosp,quantile,0.4,4.733051587789955
20,2026-10-03,0,2026-10-03,wk inc flu hosp,quantile,0.4,5.241047531960056
21,2026-10-03,0,2026-10-03,wk inc flu hosp,quantile,0.4,6.879359828388968
22,2026-10-03,0,2026-10-03,wk inc flu hosp,quantile,0.4,47.90641271776943
23,2026-10-03,0,2026-10-03,wk inc flu hosp,quantile,0.4,3.740092130564567
24,2026-10-03,0,2026-10-03,wk inc flu hosp,quantile,0.4,16.784665493623645
25,2026-10-03,0,2026-10-03,wk inc flu hosp,quantile,0.4,12.672638673247196
26,2026-10-03,0,2026-10-03,wk inc flu hosp,quantile,0.4,45.55109218586291
27,2026-10-03,0,2026-10-03,wk inc flu hosp,quantile,0.4,20.221079755749685
28,2026-10-03,0,2026-10-03,wk inc flu hosp,quantile,0.4,22.894671226479947
29,2026-10-03,0,2026-10-03,wk inc flu hosp,quantile,0.4,34.565668524220555
30,2026-10-03,0,2026-10-03,wk inc flu hosp,quantile,0.4,28.388106104036208
31,2026-10-03,0,2026-10-03,wk inc flu hosp,quantile,0.4,0.5168283927744981
32,2026-10-03,0,2026-10-03,wk inc flu hosp,quantile,0.4,45.46350551768981
33,2026-10-03,0,2026-10-03,wk inc flu hosp,quantile,0.4,5.044109826561787
34,2026-10-03,0,2026-10-03,wk inc flu hosp,quantile,0.4,97.89050276628559
35,2026-10-03,0,2026-10-03,wk inc flu hosp,quantile,0.4,8.605046319131063
36,2026-10-03,0,2026-10-03,wk inc flu hosp,quantile,0.4,109.72224000123188
37,2026-10-03,0,2026-10-03,wk inc flu hosp,quantile,0.4,57.450895023663314
38,2026-10-03,0,2026-10-03,wk inc flu hosp,quantile,0.4,4.464451997653195
39,2026-10-03,0,2026-10-03,wk inc flu hosp,quantile,0.4,36.63455015006358
40,2026-10-03,0,2026-10-03,wk inc flu hosp,quantile,0.4,11.25381134102839
41,2026-10-03,0,2026-10-03,wk inc flu hosp,quantile,0.4,32.93497530426405
42,2026-10-03,0,2026-10-03,wk inc flu hosp,quantile,0.4,185.0754443627905
44,2026-10-03,0,2026-10-03,wk inc flu hosp,quantile,0.4,2.8650974959791027
45,2026-10-03,0,2026-10-03,wk inc flu hosp,quantile,0.4,33.21882167103725
46,2026-10-03,0,2026-10-03,wk inc flu hosp,quantile,0.4,0.6390561517680546
47,2026-10-03,0,2026-10-03,wk inc flu hosp,quantile,0.4,66.06084199347646
48,2026-10-03,0,2026-10-03,wk inc flu hosp,quantile,0.4,280.26041811577363
49,2026-10-03,0,2026-10-03,wk inc flu hosp,quantile,0.4,15.819793808149525
50,2026-10-03,0,2026-10-03,wk inc flu hosp,quantile,0.4,2.8185721530740224
51,2026-10-03,0,2026-10-03,wk inc flu hosp,quantile,0.4,43.34675820066576
53,2026-10-03,0,2026-10-03,wk inc flu hosp,quantile,0.4,107.09380270511363
54,2026-10-03,0,2026-10-03,wk inc flu hosp,quantile,0.4,3.858888171074685
55,2026-10-03,0,2026-10-03,wk inc flu hosp,quantile,0.4,26.472944232945274
56,2026-10-03,0,2026-10-03,wk inc flu hosp,quantile,0.4,2.0839308747400787
72,2026-10-03,0,2026-10-03,wk inc flu hosp,quantile,0.4,94.47184634370136
US,2026-10-03,0,2026-10-03,wk inc flu hosp,quantile,0.4,2869.2652953344136
01,2026-10-03,1,2026-10-10,wk inc flu hosp,quantile,0.4,32.53229919719333
02,2026-10-03,1,2026-10-10,wk inc flu hosp,quantile,0.4,12.187937504451032
04,2026-10-03,1,2026-10-10,wk inc flu hosp,quantile,0.4,26.741917304684115
05,2026-10-03,1,2026-10-10,wk inc flu hosp,quantile,0.4,10.33195300828774
06,2026-10-03,1,2026-10-10,wk inc flu hosp,quantile,0.4,401.0865331487803
08,2026-10-03,1,2026-10-10,wk inc flu hosp,quantile,0.4,32.628294995739196
09,2026-10-03,1,2026-10-10,wk inc flu hosp,quantile,0.4,9.360200674165831
10,2026-10-03,1,2026-10-10,wk inc flu hosp,quantile,0.4,0.0
11,2026-10-03,1,2026-10-10,wk inc flu hosp,quantile,0.4,2.87570132933504
12,2026-10-03,1,2026-10-10,wk inc flu hosp,quantile,0.4,440.05256412754903
13,2026-10-03,1,2026-10-10,wk inc flu hosp,quantile,0.4,22.96783405076924
15,2026-10-03,1,2026-10-10,wk inc flu hosp,quantile,0.4,21.870113634655304
16,2026-10-03,1,2026-10-10,wk inc flu hosp,quantile,0.4,11.843147032073269
17,2026-10-03,1,2026-10-10,wk inc flu hosp,quantile,0.4,60.96312216359117
18,2026-10-03,1,2026-10-10,wk inc flu hosp,quantile,0.4,41.53366330307082
19,2026-10-03,1,2026-10-10,wk inc flu hosp,quantile,0.4,4.213329428535296
20,2026-10-03,1,2026-10-10,wk inc flu hosp,quantile,0.4,5.615496767010618
21,2026-10-03,1,2026-10-10,wk inc flu hosp,quantile,0.4,5.516591167014857
22,2026-10-03,1,2026-10-10,wk inc flu hosp,quantile,0.4,46.964408990233714
23,2026-10-03,1,2026-10-10,wk inc flu hosp,quantile,0.4,3.6162263827837267
24,2026-10-03,1,2026-10-10,wk inc flu hosp,quantile,0.4,15.516596676429948
25,2026-10-03,1,2026-10-10,wk inc flu hosp,quantile,0.4,16.393103034793384
26,2026-10-03,1,2026-10-10,wk inc flu hosp,quantile,0.4,49.91686375353851
27,2026-10-03,1,2026-10-10,wk inc flu hosp,quantile,0.4,20.560989448718725
28,2026-10-03,1,2026-10-10,wk inc flu hosp,quantile,0.4,23.4289822241711
29,2026-10-03,1,2026-10-10,wk inc flu hosp,quantile,0.4,35.81559704175938
30,2026-10-03,1,2026-10-10,wk inc flu hosp,quantile,0.4,26.727032730420156
31,2026-10-03,1,2026-10-10,wk inc flu hosp,quantile,0.4,0.45799519972616864
32,2026-10-03,1,2026-10-10,wk inc flu hosp,quantile,0.4,46.128466455715156
33,2026-10-03,1,2026-10-10,wk inc flu hosp,quantile,0.4,5.280383529438721
34,2026-10-03,1,2026-10-10,wk inc flu hosp,quantile,0.4,109.2790985176117
35,2026-10-03,1,2026-10-10,wk inc flu hosp,quantile,0.4,8.914447823393706
36,2026-10-03,1,2026-10-10,wk inc flu hosp,quantile,0.4,126.4421858836163
37,2026-10-03,1,2026-10-10,wk inc flu hosp,quantile,0.4,61.72070235053416
38,2026-10-03,1,2026-10-10,wk inc flu hosp,quantile,0.4,4.321464402455535
39,2026-10-03,1,2026-10-10,wk inc flu hosp,quantile,0.4,35.41762112821014
40,2026-10-03,1,2026-10-10,wk inc flu hosp,quantile,0.4,12.52107145629245
41,2026-10-03,1,2026-10-10,wk inc flu hosp,quantile,0.4,34.73350165295824
42,2026-10-03,1,2026-10-10,wk inc flu hosp,quantile,0.4,191.43031473336123
44,2026-10-03,1,2026-10-10,wk inc flu hosp,quantile,0.4,2.912524204063515
45,2026-10-03,1,2026-10-10,wk inc flu hosp,quantile,0.4,35.21459159749121
46,2026-10-03,1,2026-10-10,wk inc flu hosp,quantile,0.4,0.7953302390666381
47,2026-10-03,1,2026-10-10,wk inc flu hosp,quantile,0.4,69.00255455882522
48,2026-10-03,1,2026-10-10,wk inc flu hosp,quantile,0.4,301.4362847475005
49,2026-10-03,1,2026-10-10,wk inc flu hosp,quantile,0.4,15.159511134466264
50,2026-10-03,1,2026-10-10,wk inc flu hosp,quantile,0.4,2.7415681309860815
51,2026-10-03,1,2026-10-10,wk inc flu hosp,quantile,0.4,45.54532872436064
53,2026-10-03,1,2026-10-10,wk inc flu hosp,quantile,0.4,104.66142446391292
54,2026-10-03,1,2026-10-10,wk inc flu hosp,quantile,0.4,4.314174855484821
55,2026-10-03,1,2026-10-10,wk inc flu hosp,quantile,0.4,24.07653874782412
56,2026-10-03,1,2026-10-10,wk inc flu hosp,quantile,0.4,2.099384711161862
72,2026-10-03,1,2026-10-10,wk inc flu hosp,quantile,0.4,92.35180941015565
US,2026-10-03,1,2026-10-10,wk inc flu hosp,quantile,0.4,3211.984965486601
01,2026-10-03,2,2026-10-17,wk inc flu hosp,quantile,0.4,31.85557765640163
02,2026-10-03,2,2026-10-17,wk inc flu hosp,quantile,0.4,11.478489718256968
04,2026-10-03,2,2026-10-17,wk inc flu hosp,quantile,0.4,28.429629360805034
05,2026-10-03,2,2026-10-17,wk inc flu hosp,quantile,0.4,11.219228958530408
06,2026-10-03,2,2026-10-17,wk inc flu hosp,quantile,0.4,400.2959006946018
08,2026-10-03,2,2026-10-17,wk inc flu hosp,quantile,0.4,34.257560171608155
09,2026-10-03,2,2026-10-17,wk inc flu hosp,quantile,0.4,10.305311011490883
10,2026-10-03,2,2026-10-17,wk inc flu hosp,quantile,0.4,0.0
11,2026-10-03,2,2026-10-17,wk inc flu hosp,quantile,0.4,2.9970022340644307
12,2026-10-03,2,2026-10-17,wk inc flu hosp,quantile,0.4,437.7837934384994
13,2026-10-03,2,2026-10-17,wk inc flu hosp,quantile,0.4,24.216424720549956
15,2026-10-03,2,2026-10-17,wk inc flu hosp,quantile,0.4,20.98802719449183
16,2026-10-03,2,2026-10-17,wk inc flu hosp,quantile,0.4,12.138994013320836
17,2026-10-03,2,2026-10-17,wk inc flu hosp,quantile,0.4,66.42879087981399
18,2026-10-03,2,2026-10-17,wk inc flu hosp,quantile,0.4,45.55452237184041
19,2026-10-03,2,2026-10-17,wk inc flu hosp,quantile,0.4,4.579114926503779
20,2026-10-03,2,2026-10-17,wk inc flu hosp,quantile,0.4,6.080356965378165
21,2026-10-03,2,2026-10-17,wk inc flu hosp,quantile,0.4,6.489122611460622
22,2026-10-03,2,2026-10-17,wk inc flu hosp,quantile,0.4,48.387663615348224
23,2026-10-03,2,2026-10-17,wk inc flu hosp,quantile,0.4,3.9101896809082244
24,2026-10-03,2,2026-10-17,wk inc flu hosp,quantile,0.4,15.557932768028099
25,2026-10-03,2,2026-10-17,wk inc flu hosp,quantile,0.4,20.791364351713
26,2026-10-03,2,2026-10-17,wk inc flu hosp,quantile,0.4,53.75230484315667
27,2026-10-03,2,2026-10-17,wk inc flu hosp,quantile,0.4,21.22692520795503
28,2026-10-03,2,2026-10-17,wk inc flu hosp,quantile,0.4,23.74079057782165
29,2026-10-03,2,2026-10-17,wk inc flu hosp,quantile,0.4,38.46774098875357
30,2026-10-03,2,2026-10-17,wk inc flu hosp,quantile,0.4,24.89510947440728
31,2026-10-03,2,2026-10-17,wk inc flu hosp,quantile,0.4,0.4805648383533356
32,2026-10-03,2,2026-10-17,wk inc flu hosp,quantile,0.4,45.342635304005334
33,2026-10-03,2,2026-10-17,wk inc flu hosp,quantile,0.4,5.764676880409315
34,2026-10-03,2,2026-10-17,wk inc flu hosp,quantile,0.4,117.13480584823945
35,2026-10-03,2,2026-10-17,wk inc flu hosp,quantile,0.4,9.2456061698731
36,2026-10-03,2,2026-10-17,wk inc flu hosp,quantile,0.4,142.6091140478694
37,2026-10-03,2,2026-10-17,wk inc flu hosp,quantile,0.4,67.2080971557709
38,2026-10-03,2,2026-10-17,wk inc flu hosp,quantile,0.4,4.504617698350056
39,2026-10-03,2,2026-10-17,wk inc flu hosp,quantile,0.4,35.317673443699654
40,2026-10-03,2,2026-10-17,wk inc flu hosp,quantile,0.4,14.44880886579606
41,2026-10-03,2,2026-10-17,wk inc flu hosp,quantile,0.4,34.2897239725145
42,2026-10-03,2,2026-10-17,wk inc flu hosp,quantile,0.4,195.856244216516
44,2026-10-03,2,2026-10-17,wk inc flu hosp,quantile,0.4,3.2013727287634985
45,2026-10-03,2,2026-10-17,wk inc flu hosp,quantile,0.4,37.89069849144247
46,2026-10-03,2,2026-10-17,wk inc flu hosp,quantile,0.4,0.9175898327139913
47,2026-10-03,2,2026-10-17,wk inc flu hosp,quantile,0.4,70.9211240650845
48,2026-10-03,2,2026-10-17,wk inc flu hosp,quantile,0.4,308.84343611549485
49,2026-10-03,2,2026-10-17,wk inc flu hosp,quantile,0.4,14.315149871278182
50,2026-10-03,2,2026-10-17,wk inc flu hosp,quantile,0.4,2.66522788852888
51,2026-10-03,2,2026-10-17,wk inc flu hosp,quantile,0.4,48.56493450113238
53,2026-10-03,2,2026-10-17,wk inc flu hosp,quantile,0.4,99.72616763597726
54,2026-10-03,2,2026-10-17,wk inc flu hosp,quantile,0.4,4.833261844425152
55,2026-10-03,2,2026-10-17,wk inc flu hosp,quantile,0.4,22.53556943148616
56,2026-10-03,2,2026-10-17,wk inc flu hosp,quantile,0.4,2.347934924664224
72,2026-10-03,2,2026-10-17,wk inc flu hosp,quantile,0.4,91.5886640011405
US,2026-10-03,2,2026-10-17,wk inc flu hosp,quantile,0.4,3503.3611494186835
01,2026-10-03,3,2026-10-24,wk inc flu hosp,quantile,0.4,34.283320568462784
02,2026-10-03,3,2026-10-24,wk inc flu hosp,quantile,0.4,11.140959988804086
04,2026-10-03,3,2026-10-24,wk inc flu hosp,quantile,0.4,31.286720963667083
05,2026-10-03,3,2026-10-24,wk inc flu hosp,quantile,0.4,11.622258431378919
06,2026-10-03,3,2026-10-24,wk inc flu hosp,quantile,0.4,400.03031618831767
08,2026-10-03,3,2026-10-24,wk inc flu hosp,quantile,0.4,35.46129951168353
09,2026-10-03,3,2026-10-24,wk inc flu hosp,quantile,0.4,11.98391824962034
10,2026-10-03,3,2026-10-24,wk inc flu hosp,quantile,0.4,0.21132355769845715
11,2026-10-03,3,2026-10-24,wk inc flu hosp,quantile,0.4,3.2597768178372784
12,2026-10-03,3,2026-10-24,wk inc flu hosp,quantile,0.4,425.1376487243837
13,2026-10-03,3,2026-10-24,wk inc flu hosp,quantile,0.4,27.294049938433986
15,2026-10-03,3,2026-10-24,wk inc flu hosp,quantile,0.4,19.834612154171687
16,2026-10-03,3,2026-10-24,wk inc flu hosp,quantile,0.4,12.121693511634323
17,2026-10-03,3,2026-10-24,wk inc flu hosp,quantile,0.4,66.30503157547771
18,2026-10-03,3,2026-10-24,wk inc flu hosp,quantile,0.4,48.27030861679275
19,2026-10-03,3,2026-10-24,wk inc flu hosp,quantile,0.4,5.374150686902599
20,2026-10-03,3,2026-10-24,wk inc flu hosp,quantile,0.4,6.618962012199263
21,2026-10-03,3,2026-10-24,wk inc flu hosp,quantile,0.4,8.069572278736413
22,2026-10-03,3,2026-10-24,wk inc flu hosp,quantile,0.4,48.80553753951097
23,2026-10-03,3,2026-10-24,wk inc flu hosp,quantile,0.4,4.401549673580834
24,2026-10-03,3,2026-10-24,wk inc flu hosp,quantile,0.4,17.853534422616594
25,2026-10-03,3,2026-10-24,wk inc flu hosp,quantile,0.4,25.125316465200907
26,2026-10-03,3,2026-10-24,wk inc flu hosp,quantile,0.4,57.93968143176416
27,2026-10-03,3,2026-10-24,wk inc flu hosp,quantile,0.4,21.898633321122038
28,2026-10-03,3,2026-10-24,wk inc flu hosp,quantile,0.4,24.152461366179082
29,2026-10-03,3,2026-10-24,wk inc flu hosp,quantile,0.4,42.500441929704856
30,2026-10-03,3,2026-10-24,wk inc flu hosp,quantile,0.4,23.807837907582872
31,2026-10-03,3,2026-10-24,wk inc flu hosp,quantile,0.4,0.8793362603320372
32,2026-10-03,3,2026-10-24,wk inc flu hosp,quantile,0.4,42.69235720364741
33,2026-10-03,3,2026-10-24,wk inc flu hosp,quantile,0.4,5.857331582479845
34,2026-10-03,3,2026-10-24,wk inc flu hosp,quantile,0.4,122.6863644086542
35,2026-10-03,3,2026-10-24,wk inc flu hosp,quantile,0.4,9.976334465018207
36,2026-10-03,3,2026-10-24,wk inc flu hosp,quantile,0.4,161.24893110441195
37,2026-10-03,3,2026-10-24,wk inc flu hosp,quantile,0.4,70.26159587386785
38,2026-10-03,3,2026-10-24,wk inc flu hosp,quantile,0.4,4.3074546315026145
39,2026-10-03,3,2026-10-24,wk inc flu hosp,quantile,0.4,38.60904194059943
40,2026-10-03,3,2026-10-24,wk inc flu hosp,quantile,0.4,15.451590759735538
41,2026-10-03,3,2026-10-24,wk inc flu hosp,quantile,0.4,35.28554877184212
42,2026-10-03,3,2026-10-24,wk inc flu hosp,quantile,0.4,197.49972784122062
44,2026-10-03,3,2026-10-24,wk inc flu hosp,quantile,0.4,3.3148616943475506
45,2026-10-03,3,2026-10-24,wk inc flu hosp,quantile,0.4,37.41563578811729
46,2026-10-03,3,2026-10-24,wk inc flu hosp,quantile,0.4,1.2381866693781876
47,2026-10-03,3,2026-10-24,wk inc flu hosp,quantile,0.4,72.38173659801797
48,2026-10-03,3,2026-10-24,wk inc flu hosp,quantile,0.4,324.33654580035494
49,2026-10-03,3,2026-10-24,wk inc flu hosp,quantile,0.4,14.529209275518248
50,2026-10-03,3,2026-10-24,wk inc flu hosp,quantile,0.4,2.8583437749984157
51,2026-10-03,3,2026-10-24,wk inc flu hosp,quantile,0.4,50.49903928127771
53,2026-10-03,3,2026-10-24,wk inc flu hosp,quantile,0.4,93.95824117968156
54,2026-10-03,3,2026-10-24,wk inc flu hosp,quantile,0.4,5.883912170289956
55,2026-10-03,3,2026-10-24,wk inc flu hosp,quantile,0.4,24.16874379002664
56,2026-10-03,3,2026-10-24,wk inc flu hosp,quantile,0.4,2.4046224172392305
72,2026-10-03,3,2026-10-24,wk inc flu hosp,quantile,0.4,91.55569824640669
US,2026-10-03,3,2026-10-24,wk inc flu hosp,quantile,0.4,3830.484595884206
01,2026-10-03,0,2026-10-03,wk inc flu hosp,quantile,0.45,33.88129488285423
02,2026-10-03,0,2026-10-03,wk inc flu hosp,quantile,0.45,14.201664900671162
04,2026-10-03,0,2026-10-03,wk inc flu hosp,quantile,0.45,27.519248183415122
05,2026-10-03,0,2026-10-03,wk inc flu hosp,quantile,0.45,10.924022408690963
06,2026-10-03,0,2026-10-03,wk inc flu hosp,quantile,0.45,407.4319417398057
08,2026-10-03,0,2026-10-03,wk inc flu hosp,quantile,0.45,30.833443916540794
09,2026-10-03,0,2026-10-03,wk inc flu hosp,quantile,0.45,9.689424766320462
10,2026-10-03,0,2026-10-03,wk inc flu hosp,quantile,0.45,0.0
11,2026-10-03,0,2026-10-03,wk inc flu hosp,quantile,0.45,3.1050610862656702
12,2026-10-03,0,2026-10-03,wk inc flu hosp,quantile,0.45,444.40531546551364
13,2026-10-03,0,2026-10-03,wk inc flu hosp,quantile,0.45,25.73572722402365
15,2026-10-03,0,2026-10-03,wk inc flu hosp,quantile,0.45,23.358821023770833
16,2026-10-03,0,2026-10-03,wk inc flu hosp,quantile,0.45,12.484542436579007
17,2026-10-03,0,2026-10-03,wk inc flu hosp,quantile,0.45,64.95766531215612
18,2026-10-03,0,2026-10-03,wk inc flu hosp,quantile,0.45,40.06102236299817
19,2026-10-03,0,2026-10-03,wk inc flu hosp,quantile,0.45,5.451207230339026
20,2026-10-03,0,2026-10-03,wk inc flu hosp,quantile,0.45,6.043543026249828
21,2026-10-03,0,2026-10-03,wk inc flu hosp,quantile,0.45,8.040605067629917
22,2026-10-03,0,2026-10-03,wk inc flu hosp,quantile,0.45,50.285181938613896
23,2026-10-03,0,2026-10-03,wk inc flu hosp,quantile,0.45,4.19333035646428
24,2026-10-03,0,2026-10-03,wk inc flu hosp,quantile,0.45,18.386958763275295
25,2026-10-03,0,2026-10-03,wk inc flu hosp,quantile,0.45,14.10711010028442
26,2026-10-03,0,2026-10-03,wk inc flu hosp,quantile,0.45,48.41159355694903
27,2026-10-03,0,2026-10-03,wk inc flu hosp,quantile,0.45,22.110334475816746
28,2026-10-03,0,2026-10-03,wk inc flu hosp,quantile,0.45,24.346224006893582
29,2026-10-03,0,2026-10-03,wk inc flu hosp,quantile,0.45,36.84965907292114
30,2026-10-03,0,2026-10-03,wk inc flu hosp,quantile,0.45,29.98083968649046
31,2026-10-03,0,2026-10-03,wk inc flu hosp,quantile,0.45,0.8671038827477473
32,2026-10-03,0,2026-10-03,wk inc flu hosp,quantile,0.45,47.27897203507258
33,2026-10-03,0,2026-10-03,wk inc flu hosp,quantile,0.45,5.541652507943255
34,2026-10-03,0,2026-10-03,wk inc flu hosp,quantile,0.45,102.04927934804185
35,2026-10-03,0,2026-10-03,wk inc flu hosp,quantile,0.45,9.524513787724981
36,2026-10-03,0,2026-10-03,wk inc flu hosp,quantile,0.45,114.26465517564831
37,2026-10-03,0,2026-10-03,wk inc flu hosp,quantile,0.45,60.69310165799046
38,2026-10-03,0,2026-10-03,wk inc flu hosp,quantile,0.45,4.9217079597865165
39,2026-10-03,0,2026-10-03,wk inc flu hosp,quantile,0.45,40.585912406728674
40,2026-10-03,0,2026-10-03,wk inc flu hosp,quantile,0.45,12.609478180395243
41,2026-10-03,0,2026-10-03,wk inc flu hosp,quantile,0.45,34.88078652135239
42,2026-10-03,0,2026-10-03,wk inc flu hosp,quantile,0.45,191.8133604605162
44,2026-10-03,0,2026-10-03,wk inc flu hosp,quantile,0.45,3.2879003445003536
45,2026-10-03,0,2026-10-03,wk inc flu hosp,quantile,0.45,35.150065848741356
46,2026-10-03,0,2026-10-03,wk inc flu hosp,quantile,0.45,0.9064540584040673
47,2026-10-03,0,2026-10-03,wk inc flu hosp,quantile,0.45,69.9587193775659
48,2026-10-03,0,2026-10-03,wk inc flu hosp,quantile,0.45,291.92997864681155
49,2026-10-03,0,2026-10-03,wk inc flu hosp,quantile,0.45,16.851457850909803
50,2026-10-03,0,2026-10-03,wk inc flu hosp,quantile,0.45,3.141240502117912
51,2026-10-03,0,2026-10-03,wk inc flu hosp,quantile,0.45,45.75930141582469
53,2026-10-03,0,2026-10-03,wk inc flu hosp,quantile,0.45,110.37039593530503
54,2026-10-03,0,2026-10-03,wk inc flu hosp,quantile,0.45,4.403736246104332
55,2026-10-03,0,2026-10-03,wk inc flu hosp,quantile,0.45,28.18502393312827
56,2026-10-03,0,2026-10-03,wk inc flu hosp,quantile,0.45,2.4437728496868107
72,2026-10-03,0,2026-10-03,wk inc flu hosp,quantile,0.45,98.50821887041867
US,2026-10-03,0,2026-10-03,wk inc flu hosp,quantile,0.45,2953.060726099978
01,2026-10-03,1,2026-10-10,wk inc flu hosp,quantile,0.45,35.28985604682039
02,2026-10-03,1,2026-10-10,wk inc flu hosp,quantile,0.45,13.226319180127527
04,2026-10-03,1,2026-10-10,wk inc flu hosp,quantile,0.45,31.13585312199835
05,2026-10-03,1,2026-10-10,wk inc flu hosp,quantile,0.45,11.830875265433171
06,2026-10-03,1,2026-10-10,wk inc flu hosp,quantile,0.45,418.55008067706956
08,2026-10-03,1,2026-10-10,wk inc flu hosp,quantile,0.45,36.29048616718488
09,2026-10-03,1,2026-10-10,wk inc flu hosp,quantile,0.45,11.059243826607165
10,2026-10-03,1,2026-10-10,wk inc flu hosp,quantile,0.45,0.2642399133734848
11,2026-10-03,1,2026-10-10,wk inc flu hosp,quantile,0.45,3.3694718195608035
12,2026-10-03,1,2026-10-10,wk inc flu hosp,quantile,0.45,461.3121915324728
13,2026-10-03,1,2026-10-10,wk inc flu hosp,quantile,0.45,26.64446691800072
15,2026-10-03,1,2026-10-10,wk inc flu hosp,quantile,0.45,23.21144080264027
16,2026-10-03,1,2026-10-10,wk inc flu hosp,quantile,0.45,13.266121266838116
17,2026-10-03,1,2026-10-10,wk inc flu hosp,quantile,0.45,68.3365051309645
18,2026-10-03,1,2026-10-10,wk inc flu hosp,quantile,0.45,45.81078270153169
19,2026-10-03,1,2026-10-10,wk inc flu hosp,quantile,0.45,5.400577243452146
20,2026-10-03,1,2026-10-10,wk inc flu hosp,quantile,0.45,6.586707777850213
21,2026-10-03,1,2026-10-10,wk inc flu hosp,quantile,0.45,7.247001997566962
22,2026-10-03,1,2026-10-10,wk inc flu hosp,quantile,0.45,50.55718313230436
23,2026-10-03,1,2026-10-10,wk inc flu hosp,quantile,0.45,4.421626286376165
24,2026-10-03,1,2026-10-10,wk inc flu hosp,quantile,0.45,18.662113299262284
25,2026-10-03,1,2026-10-10,wk inc flu hosp,quantile,0.45,19.158450036393134
26,2026-10-03,1,2026-10-10,wk inc flu hosp,quantile,0.45,55.055521777160095
27,2026-10-03,1,2026-10-10,wk inc flu hosp,quantile,0.45,23.790614732203224
28,2026-10-03,1,2026-10-10,wk inc flu hosp,quantile,0.45,25.750391186794108
29,2026-10-03,1,2026-10-10,wk inc flu hosp,quantile,0.45,40.45520580056163
30,2026-10-03,1,2026-10-10,wk inc flu hosp,quantile,0.45,29.009528501763317
31,2026-10-03,1,2026-10-10,wk inc flu hosp,quantile,0.45,1.054052319624088
32,2026-10-03,1,2026-10-10,wk inc flu hosp,quantile,0.45,49.46033923991134
33,2026-10-03,1,2026-10-10,wk inc flu hosp,quantile,0.45,6.159045877978825
34,2026-10-03,1,2026-10-10,wk inc flu hosp,quantile,0.45,117.14976828259083
35,2026-10-03,1,2026-10-10,wk inc flu hosp,quantile,0.45,10.365055486280893
36,2026-10-03,1,2026-10-10,wk inc flu hosp,quantile,0.45,136.36338809183752
37,2026-10-03,1,2026-10-10,wk inc flu hosp,quantile,0.45,68.0475605248116
38,2026-10-03,1,2026-10-10,wk inc flu hosp,quantile,0.45,4.89939351247392
39,2026-10-03,1,2026-10-10,wk inc flu hosp,quantile,0.45,42.52788726773476
40,2026-10-03,1,2026-10-10,wk inc flu hosp,quantile,0.45,15.452186770002053
41,2026-10-03,1,2026-10-10,wk inc flu hosp,quantile,0.45,37.903650996686785
42,2026-10-03,1,2026-10-10,wk inc flu hosp,quantile,0.45,205.78491359549142
44,2026-10-03,1,2026-10-10,wk inc flu hosp,quantile,0.45,3.514794128780548
45,2026-10-03,1,2026-10-10,wk inc flu hosp,quantile,0.45,39.26664282831607
46,2026-10-03,1,2026-10-10,wk inc flu hosp,quantile,0.45,1.2011432262801636
47,2026-10-03,1,2026-10-10,wk inc flu hosp,quantile,0.45,74.95423903982562
48,2026-10-03,1,2026-10-10,wk inc flu hosp,quantile,0.45,317.1094480298649
49,2026-10-03,1,2026-10-10,wk inc flu hosp,quantile,0.45,16.744950031133342
50,2026-10-03,1,2026-10-10,wk inc flu hosp,quantile,0.45,3.145688397824153
51,2026-10-03,1,2026-10-10,wk inc flu hosp,quantile,0.45,51.145419121522515
53,2026-10-03,1,2026-10-10,wk inc flu hosp,quantile,0.45,111.05626797587826
54,2026-10-03,1,2026-10-10,wk inc flu hosp,quantile,0.45,5.493148973589343
55,2026-10-03,1,2026-10-10,wk inc flu hosp,quantile,0.45,26.75762392896662
56,2026-10-03,1,2026-10-10,wk inc flu hosp,quantile,0.45,2.4921377174301735
72,2026-10-03,1,2026-10-10,wk inc flu hosp,quantile,0.45,96.85433649558142
US,2026-10-03,1,2026-10-10,wk inc flu hosp,quantile,0.45,3357.719346916523
01,2026-10-03,2,2026-10-17,wk inc flu hosp,quantile,0.45,36.60907225234817
02,2026-10-03,2,2026-10-17,wk inc flu hosp,quantile,0.45,12.718049078616088
04,2026-10-03,2,2026-10-17,wk inc flu hosp,quantile,0.45,34.843700670471115
05,2026-10-03,2,2026-10-17,wk inc flu hosp,quantile,0.45,13.194310980967773
06,2026-10-03,2,2026-10-17,wk inc flu hosp,quantile,0.45,432.02237489063396
08,2026-10-03,2,2026-10-17,wk inc flu hosp,quantile,0.45,39.815129851541634
09,2026-10-03,2,2026-10-17,wk inc flu hosp,quantile,0.45,12.818130859681238
10,2026-10-03,2,2026-10-17,wk inc flu hosp,quantile,0.45,0.5266149275053414
11,2026-10-03,2,2026-10-17,wk inc flu hosp,quantile,0.45,3.778255835341362
12,2026-10-03,2,2026-10-17,wk inc flu hosp,quantile,0.45,464.49887863405
13,2026-10-03,2,2026-10-17,wk inc flu hosp,quantile,0.45,29.92253525573857
15,2026-10-03,2,2026-10-17,wk inc flu hosp,quantile,0.45,22.642307301234716
16,2026-10-03,2,2026-10-17,wk inc flu hosp,quantile,0.45,13.808946589890837
17,2026-10-03,2,2026-10-17,wk inc flu hosp,quantile,0.45,75.57657376415999
18,2026-10-03,2,2026-10-17,wk inc flu hosp,quantile,0.45,52.19218751354576
19,2026-10-03,2,2026-10-17,wk inc flu hosp,quantile,0.45,6.10937400368045
20,2026-10-03,2,2026-10-17,wk inc flu hosp,quantile,0.45,7.776853187471853
21,2026-10-03,2,2026-10-17,wk inc flu hosp,quantile,0.45,9.058129907069294
22,2026-10-03,2,2026-10-17,wk inc flu hosp,quantile,0.45,53.74045394160923
23,2026-10-03,2,2026-10-17,wk inc flu hosp,quantile,0.45,5.087153574757818
24,2026-10-03,2,2026-10-17,wk inc flu hosp,quantile,0.45,19.090665040252972
25,2026-10-03,2,2026-10-17,wk inc flu hosp,quantile,0.45,24.913902587996045
26,2026-10-03,2,2026-10-17,wk inc flu hosp,quantile,0.45,61.67360165839611
27,2026-10-03,2,2026-10-17,wk inc flu hosp,quantile,0.45,25.634989225995383
28,2026-10-03,2,2026-10-17,wk inc flu hosp,quantile,0.45,26.318047532022167
29,2026-10-03,2,2026-10-17,wk inc flu hosp,quantile,0.45,44.24613532279814
30,2026-10-03,2,2026-10-17,wk inc flu hosp,quantile,0.45,26.836131365296286
31,2026-10-03,2,2026-10-17,wk inc flu hosp,quantile,0.45,1.4448441556324347
32,2026-10-03,2,2026-10-17,wk inc flu hosp,quantile,0.45,49.794680005368626
33,2026-10-03,2,2026-10-17,wk inc flu hosp,quantile,0.45,6.779360788958054
34,2026-10-03,2,2026-10-17,wk inc flu hosp,quantile,0.45,130.40457307323382
35,2026-10-03,2,2026-10-17,wk inc flu hosp,quantile,0.45,11.140192131538678
36,2026-10-03,2,2026-10-17,wk inc flu hosp,quantile,0.45,155.79489396963993
37,2026-10-03,2,2026-10-17,wk inc flu hosp,quantile,0.45,75.98317945872931
38,2026-10-03,2,2026-10-17,wk inc flu hosp,quantile,0.45,5.137921078154387
39,2026-10-03,2,2026-10-17,wk inc flu hosp,quantile,0.45,44.294140243149585
40,2026-10-03,2,2026-10-17,wk inc flu hosp,quantile,0.45,17.57589908482899
41,2026-10-03,2,2026-10-17,wk inc flu hosp,quantile,0.45,39.4559770460131
42,2026-10-03,2,2026-10-17,wk inc flu hosp,quantile,0.45,215.89579398595117
44,2026-10-03,2,2026-10-17,wk inc flu hosp,quantile,0.45,3.9052208101342183
45,2026-10-03,2,2026-10-17,wk inc flu hosp,quantile,0.45,42.528614982614286
46,2026-10-03,2,2026-10-17,wk inc flu hosp,quantile,0.45,1.5013821373712857
47,2026-10-03,2,2026-10-17,wk inc flu hosp,quantile,0.45,78.18845835652345
48,2026-10-03,2,2026-10-17,wk inc flu hosp,quantile,0.45,335.13387888363764
49,2026-10-03,2,2026-10-17,wk inc flu hosp,quantile,0.45,16.14905677300024
50,2026-10-03,2,2026-10-17,wk inc flu hosp,quantile,0.45,3.2855956088301514
51,2026-10-03,2,2026-10-17,wk inc flu hosp,quantile,0.45,56.219617294139454
53,2026-10-03,2,2026-10-17,wk inc flu hosp,quantile,0.45,108.57314645943737
54,2026-10-03,2,2026-10-17,wk inc flu hosp,quantile,0.45,6.597686953123492
55,2026-10-03,2,2026-10-17,wk inc flu hosp,quantile,0.45,27.054443011625914
56,2026-10-03,2,2026-10-17,wk inc flu hosp,quantile,0.45,2.870678129008723
72,2026-10-03,2,2026-10-17,wk inc flu hosp,quantile,0.45,97.92924051275969
US,2026-10-03,2,2026-10-17,wk inc flu hosp,quantile,0.45,3790.229803317865
01,2026-10-03,3,2026-10-24,wk inc flu hosp,quantile,0.45,39.72725537858347
02,2026-10-03,3,2026-10-24,wk inc flu hosp,quantile,0.45,12.181961981149176
04,2026-10-03,3,2026-10-24,wk inc flu hosp,quantile,0.45,38.542593246773386
05,2026-10-03,3,2026-10-24,wk inc flu hosp,quantile,0.45,14.414814884942208
06,2026-10-03,3,2026-10-24,wk inc flu hosp,quantile,0.45,434.44337068430184
08,2026-10-03,3,2026-10-24,wk inc flu hosp,quantile,0.45,41.94132798966398
09,2026-10-03,3,2026-10-24,wk inc flu hosp,quantile,0.45,15.12009375028597
10,2026-10-03,3,2026-10-24,wk inc flu hosp,quantile,0.45,0.8404871520068268
11,2026-10-03,3,2026-10-24,wk inc flu hosp,quantile,0.45,3.9268042612208514
12,2026-10-03,3,2026-10-24,wk inc flu hosp,quantile,0.45,457.15059783135786
13,2026-10-03,3,2026-10-24,wk inc flu hosp,quantile,0.45,34.887160748393995
15,2026-10-03,3,2026-10-24,wk inc flu hosp,quantile,0.45,21.84347542772136
16,2026-10-03,3,2026-10-24,wk inc flu hosp,quantile,0.45,14.10361414540371
17,2026-10-03,3,2026-10-24,wk inc flu hosp,quantile,0.45,79.5268583420663
18,2026-10-03,3,2026-10-24,wk inc flu hosp,quantile,0.45,56.64117725780327
19,2026-10-03,3,2026-10-24,wk inc flu hosp,quantile,0.45,7.443597734911253
20,2026-10-03,3,2026-10-24,wk inc flu hosp,quantile,0.45,8.96058104770927
21,2026-10-03,3,2026-10-24,wk inc flu hosp,quantile,0.45,11.075994382104087
22,2026-10-03,3,2026-10-24,wk inc flu hosp,quantile,0.45,55.53841124150103
23,2026-10-03,3,2026-10-24,wk inc flu hosp,quantile,0.45,5.849189729365653
24,2026-10-03,3,2026-10-24,wk inc flu hosp,quantile,0.45,22.341479115946125
25,2026-10-03,3,2026-10-24,wk inc flu hosp,quantile,0.45,31.544404462655432
26,2026-10-03,3,2026-10-24,wk inc flu hosp,quantile,0.45,67.68891840818321
27,2026-10-03,3,2026-10-24,wk inc flu hosp,quantile,0.45,28.26180889366034
28,2026-10-03,3,2026-10-24,wk inc flu hosp,quantile,0.45,27.650887687145904
29,2026-10-03,3,2026-10-24,wk inc flu hosp,quantile,0.45,49.3255621425748
30,2026-10-03,3,2026-10-24,wk inc flu hosp,quantile,0.45,26.645996198655286
31,2026-10-03,3,2026-10-24,wk inc flu hosp,quantile,0.45,1.8317871533937555
32,2026-10-03,3,2026-10-24,wk inc flu hosp,quantile,0.45,47.50432179465092
33,2026-10-03,3,2026-10-24,wk inc flu hosp,quantile,0.45,7.12504148609422
34,2026-10-03,3,2026-10-24,wk inc flu hosp,quantile,0.45,135.44772688728588
35,2026-10-03,3,2026-10-24,wk inc flu hosp,quantile,0.45,12.293205968928156
36,2026-10-03,3,2026-10-24,wk inc flu hosp,quantile,0.45,182.26285191093243
37,2026-10-03,3,2026-10-24,wk inc flu hosp,quantile,0.45,82.17658285012243
38,2026-10-03,3,2026-10-24,wk inc flu hosp,quantile,0.45,5.239039877661427
39,2026-10-03,3,2026-10-24,wk inc flu hosp,quantile,0.45,48.56648909364673
40,2026-10-03,3,2026-10-24,wk inc flu hosp,quantile,0.45,19.06410973978948
41,2026-10-03,3,2026-10-24,wk inc flu hosp,quantile,0.45,40.05823643876107
42,2026-10-03,3,2026-10-24,wk inc flu hosp,quantile,0.45,221.2428080383501
44,2026-10-03,3,2026-10-24,wk inc flu hosp,quantile,0.45,4.131682872958875
45,2026-10-03,3,2026-10-24,wk inc flu hosp,quantile,0.45,44.037455546097426
46,2026-10-03,3,2026-10-24,wk inc flu hosp,quantile,0.45,1.7985319060929343
47,2026-10-03,3,2026-10-24,wk inc flu hosp,quantile,0.45,82.03442942561868
48,2026-10-03,3,2026-10-24,wk inc flu hosp,quantile,0.45,357.73968054067603
49,2026-10-03,3,2026-10-24,wk inc flu hosp,quantile,0.45,16.460675505845135
50,2026-10-03,3,2026-10-24,wk inc flu hosp,quantile,0.45,3.4860080612273707
51,2026-10-03,3,2026-10-24,wk inc flu hosp,quantile,0.45,60.503332058343034
53,2026-10-03,3,2026-10-24,wk inc flu hosp,quantile,0.45,103.19685097529363
54,2026-10-03,3,2026-10-24,wk inc flu hosp,quantile,0.45,7.739022742672166
55,2026-10-03,3,2026-10-24,wk inc flu hosp,quantile,0.45,28.580963972629505
56,2026-10-03,3,2026-10-24,wk inc flu hosp,quantile,0.45,2.9809352894117787
72,2026-10-03,3,2026-10-24,wk inc flu hosp,quantile,0.45,99.1633379297095
US,2026-10-03,3,2026-10-24,wk inc flu hosp,quantile,0.45,4220.865553833914
01,2026-10-03,0,2026-10-03,wk inc flu hosp,quantile,0.5,35.654838093431636
02,2026-10-03,0,2026-10-03,wk inc flu hosp,quantile,0.5,15.172173713268647
04,2026-10-03,0,2026-10-03,wk inc flu hosp,quantile,0.5,30.129737813156378
05,2026-10-03,0,2026-10-03,wk inc flu hosp,quantile,0.5,11.870738806630012
06,2026-10-03,0,2026-10-03,wk inc flu hosp,quantile,0.5,418.56291011456443
08,2026-10-03,0,2026-10-03,wk inc flu hosp,quantile,0.5,32.456379501666454
09,2026-10-03,0,2026-10-03,wk inc flu hosp,quantile,0.5,10.718145519884805
10,2026-10-03,0,2026-10-03,wk inc flu hosp,quantile,0.5,0.27928153212571954
11,2026-10-03,0,2026-10-03,wk inc flu hosp,quantile,0.5,3.5075237854490138
12,2026-10-03,0,2026-10-03,wk inc flu hosp,quantile,0.5,457.0783870594467
13,2026-10-03,0,2026-10-03,wk inc flu hosp,quantile,0.5,28.127039972463344
15,2026-10-03,0,2026-10-03,wk inc flu hosp,quantile,0.5,24.470430232771353
16,2026-10-03,0,2026-10-03,wk inc flu hosp,quantile,0.5,13.43924030960612
17,2026-10-03,0,2026-10-03,wk inc flu hosp,quantile,0.5,69.35412679692288
18,2026-10-03,0,2026-10-03,wk inc flu hosp,quantile,0.5,42.1232096389594
19,2026-10-03,0,2026-10-03,wk inc flu hosp,quantile,0.5,6.204412852891098
20,2026-10-03,0,2026-10-03,wk inc flu hosp,quantile,0.5,6.95592613156139
21,2026-10-03,0,2026-10-03,wk inc flu hosp,quantile,0.5,9.170932816073307
22,2026-10-03,0,2026-10-03,wk inc flu hosp,quantile,0.5,52.99334355819464
23,2026-10-03,0,2026-10-03,wk inc flu hosp,quantile,0.5,4.716816101893712
24,2026-10-03,0,2026-10-03,wk inc flu hosp,quantile,0.5,19.943131833738974
25,2026-10-03,0,2026-10-03,wk inc flu hosp,quantile,0.5,15.305630707816197
26,2026-10-03,0,2026-10-03,wk inc flu hosp,quantile,0.5,51.7618235894147
27,2026-10-03,0,2026-10-03,wk inc flu hosp,quantile,0.5,24.060320044735867
28,2026-10-03,0,2026-10-03,wk inc flu hosp,quantile,0.5,25.81987404787321
29,2026-10-03,0,2026-10-03,wk inc flu hosp,quantile,0.5,38.970578152291175
30,2026-10-03,0,2026-10-03,wk inc flu hosp,quantile,0.5,31.33145225130178
31,2026-10-03,0,2026-10-03,wk inc flu hosp,quantile,0.5,1.2920088434133792
32,2026-10-03,0,2026-10-03,wk inc flu hosp,quantile,0.5,49.17668441569959
33,2026-10-03,0,2026-10-03,wk inc flu hosp,quantile,0.5,6.071415983223311
34,2026-10-03,0,2026-10-03,wk inc flu hosp,quantile,0.5,106.41533402419354
35,2026-10-03,0,2026-10-03,wk inc flu hosp,quantile,0.5,10.55704757564292
36,2026-10-03,0,2026-10-03,wk inc flu hosp,quantile,0.5,118.848303251383
37,2026-10-03,0,2026-10-03,wk inc flu hosp,quantile,0.5,63.98785032101105
38,2026-10-03,0,2026-10-03,wk inc flu hosp,quantile,0.5,5.253988056896431
39,2026-10-03,0,2026-10-03,wk inc flu hosp,quantile,0.5,45.34725689529331
40,2026-10-03,0,2026-10-03,wk inc flu hosp,quantile,0.5,13.803513341882665
41,2026-10-03,0,2026-10-03,wk inc flu hosp,quantile,0.5,36.67294028031199
42,2026-10-03,0,2026-10-03,wk inc flu hosp,quantile,0.5,198.56945574805866
44,2026-10-03,0,2026-10-03,wk inc flu hosp,quantile,0.5,3.642565341489708
45,2026-10-03,0,2026-10-03,wk inc flu hosp,quantile,0.5,37.03254398686836
46,2026-10-03,0,2026-10-03,wk inc flu hosp,quantile,0.5,1.1474333806495227
47,2026-10-03,0,2026-10-03,wk inc flu hosp,quantile,0.5,72.73436894997991
48,2026-10-03,0,2026-10-03,wk inc flu hosp,quantile,0.5,300.38824845797757
49,2026-10-03,0,2026-10-03,wk inc flu hosp,quantile,0.5,17.957098669932694
50,2026-10-03,0,2026-10-03,wk inc flu hosp,quantile,0.5,3.427619500441516
51,2026-10-03,0,2026-10-03,wk inc flu hosp,quantile,0.5,48.58746079330892
53,2026-10-03,0,2026-10-03,wk inc flu hosp,quantile,0.5,114.33004052798118
54,2026-10-03,0,2026-10-03,wk inc flu hosp,quantile,0.5,5.013056670127075
55,2026-10-03,0,2026-10-03,wk inc flu hosp,quantile,0.5,29.92020352553918
56,2026-10-03,0,2026-10-03,wk inc flu hosp,quantile,0.5,2.803897862319784
72,2026-10-03,0,2026-10-03,wk inc flu hosp,quantile,0.5,102.39806925503471
US,2026-10-03,0,2026-10-03,wk inc flu hosp,quantile,0.5,3045.7139575711412
01,2026-10-03,1,2026-10-10,wk inc flu hosp,quantile,0.5,38.51816593272998
02,2026-10-03,1,2026-10-10,wk inc flu hosp,quantile,0.5,14.555428544253758
04,2026-10-03,1,2026-10-10,wk inc flu hosp,quantile,0.5,35.567861496758304
05,2026-10-03,1,2026-10-10,wk inc flu hosp,quantile,0.5,13.630365512538038
06,2026-10-03,1,2026-10-10,wk inc flu hosp,quantile,0.5,444.1677260909986
08,2026-10-03,1,2026-10-10,wk inc flu hosp,quantile,0.5,39.758157076010185
09,2026-10-03,1,2026-10-10,wk inc flu hosp,quantile,0.5,12.902897919576915
10,2026-10-03,1,2026-10-10,wk inc flu hosp,quantile,0.5,0.7229245036907129
11,2026-10-03,1,2026-10-10,wk inc flu hosp,quantile,0.5,4.061856785423282
12,2026-10-03,1,2026-10-10,wk inc flu hosp,quantile,0.5,484.21397495704895
13,2026-10-03,1,2026-10-10,wk inc flu hosp,quantile,0.5,31.435726728585585
15,2026-10-03,1,2026-10-10,wk inc flu hosp,quantile,0.5,24.632306918127444
16,2026-10-03,1,2026-10-10,wk inc flu hosp,quantile,0.5,14.855789721085724
17,2026-10-03,1,2026-10-10,wk inc flu hosp,quantile,0.5,76.71596742340405
18,2026-10-03,1,2026-10-10,wk inc flu hosp,quantile,0.5,50.174704878439556
19,2026-10-03,1,2026-10-10,wk inc flu hosp,quantile,0.5,6.557577820965503
20,2026-10-03,1,2026-10-10,wk inc flu hosp,quantile,0.5,7.851658735448996
21,2026-10-03,1,2026-10-10,wk inc flu hosp,quantile,0.5,9.261657927083965
22,2026-10-03,1,2026-10-10,wk inc flu hosp,quantile,0.5,54.65445513977497
23,2026-10-03,1,2026-10-10,wk inc flu hosp,quantile,0.5,5.268661799176018
24,2026-10-03,1,2026-10-10,wk inc flu hosp,quantile,0.5,21.407104580574714
25,2026-10-03,1,2026-10-10,wk inc flu hosp,quantile,0.5,21.98129777430005
26,2026-10-03,1,2026-10-10,wk inc flu hosp,quantile,0.5,61.46034564365061
27,2026-10-03,1,2026-10-10,wk inc flu hosp,quantile,0.5,26.91375613705336
28,2026-10-03,1,2026-10-10,wk inc flu hosp,quantile,0.5,27.858868185621017
29,2026-10-03,1,2026-10-10,wk inc flu hosp,quantile,0.5,44.898523058867774
30,2026-10-03,1,2026-10-10,wk inc flu hosp,quantile,0.5,30.639083944599278
31,2026-10-03,1,2026-10-10,wk inc flu hosp,quantile,0.5,1.8206624210316718
32,2026-10-03,1,2026-10-10,wk inc flu hosp,quantile,0.5,52.37489808443603
33,2026-10-03,1,2026-10-10,wk inc flu hosp,quantile,0.5,6.891646419875891
34,2026-10-03,1,2026-10-10,wk inc flu hosp,quantile,0.5,125.14071017796863
35,2026-10-03,1,2026-10-10,wk inc flu hosp,quantile,0.5,11.5743483870548
36,2026-10-03,1,2026-10-10,wk inc flu hosp,quantile,0.5,144.27510615670536
37,2026-10-03,1,2026-10-10,wk inc flu hosp,quantile,0.5,75.17102960499588
38,2026-10-03,1,2026-10-10,wk inc flu hosp,quantile,0.5,5.573124111930045
39,2026-10-03,1,2026-10-10,wk inc flu hosp,quantile,0.5,49.08813097733139
40,2026-10-03,1,2026-10-10,wk inc flu hosp,quantile,0.5,17.827115987241815
41,2026-10-03,1,2026-10-10,wk inc flu hosp,quantile,0.5,41.30110925490489
42,2026-10-03,1,2026-10-10,wk inc flu hosp,quantile,0.5,218.8186434431344
44,2026-10-03,1,2026-10-10,wk inc flu hosp,quantile,0.5,4.083912075338967
45,2026-10-03,1,2026-10-10,wk inc flu hosp,quantile,0.5,42.757449747548215
46,2026-10-03,1,2026-10-10,wk inc flu hosp,quantile,0.5,1.6832405858889248
47,2026-10-03,1,2026-10-10,wk inc flu hosp,quantile,0.5,81.17228290960755
48,2026-10-03,1,2026-10-10,wk inc flu hosp,quantile,0.5,334.07509989871505
49,2026-10-03,1,2026-10-10,wk inc flu hosp,quantile,0.5,18.268195020270223
50,2026-10-03,1,2026-10-10,wk inc flu hosp,quantile,0.5,3.6466188393822314
51,2026-10-03,1,2026-10-10,wk inc flu hosp,quantile,0.5,57.19931615992549
53,2026-10-03,1,2026-10-10,wk inc flu hosp,quantile,0.5,116.27987496620051
54,2026-10-03,1,2026-10-10,wk inc flu hosp,quantile,0.5,6.650299035884549
55,2026-10-03,1,2026-10-10,wk inc flu hosp,quantile,0.5,29.63695610022044
56,2026-10-03,1,2026-10-10,wk inc flu hosp,quantile,0.5,2.9054387945643243
72,2026-10-03,1,2026-10-10,wk inc flu hosp,quantile,0.5,102.36684490849646
US,2026-10-03,1,2026-10-10,wk inc flu hosp,quantile,0.5,3532.3508005670915
01,2026-10-03,2,2026-10-17,wk inc flu hosp,quantile,0.5,40.99619715262651
02,2026-10-03,2,2026-10-17,wk inc flu hosp,quantile,0.5,13.795595694536583
04,2026-10-03,2,2026-10-17,wk inc flu hosp,quantile,0.5,41.08529368519674
05,2026-10-03,2,2026-10-17,wk inc flu hosp,quantile,0.5,15.748093252535737
06,2026-10-03,2,2026-10-17,wk inc flu hosp,quantile,0.5,464.3649847347117
08,2026-10-03,2,2026-10-17,wk inc flu hosp,quantile,0.5,44.08005923737817
09,2026-10-03,2,2026-10-17,wk inc flu hosp,quantile,0.5,15.57760513345041
10,2026-10-03,2,2026-10-17,wk inc flu hosp,quantile,0.5,1.1106113254447783
11,2026-10-03,2,2026-10-17,wk inc flu hosp,quantile,0.5,4.660245243385849
12,2026-10-03,2,2026-10-17,wk inc flu hosp,quantile,0.5,494.6287033556691
13,2026-10-03,2,2026-10-17,wk inc flu hosp,quantile,0.5,35.88572506645706
15,2026-10-03,2,2026-10-17,wk inc flu hosp,quantile,0.5,24.420604782734966
16,2026-10-03,2,2026-10-17,wk inc flu hosp,quantile,0.5,15.79129785716687
17,2026-10-03,2,2026-10-17,wk inc flu hosp,quantile,0.5,87.53500574784351
18,2026-10-03,2,2026-10-17,wk inc flu hosp,quantile,0.5,58.862887150541624
19,2026-10-03,2,2026-10-17,wk inc flu hosp,quantile,0.5,7.970515238646667
20,2026-10-03,2,2026-10-17,wk inc flu hosp,quantile,0.5,9.50399045783475
21,2026-10-03,2,2026-10-17,wk inc flu hosp,quantile,0.5,11.861523411947783
22,2026-10-03,2,2026-10-17,wk inc flu hosp,quantile,0.5,58.451091222760596
23,2026-10-03,2,2026-10-17,wk inc flu hosp,quantile,0.5,6.099568141342307
24,2026-10-03,2,2026-10-17,wk inc flu hosp,quantile,0.5,23.08859506565497
25,2026-10-03,2,2026-10-17,wk inc flu hosp,quantile,0.5,29.400129143794384
26,2026-10-03,2,2026-10-17,wk inc flu hosp,quantile,0.5,69.39679631688345
27,2026-10-03,2,2026-10-17,wk inc flu hosp,quantile,0.5,30.220260968367825
28,2026-10-03,2,2026-10-17,wk inc flu hosp,quantile,0.5,29.0448006252272
29,2026-10-03,2,2026-10-17,wk inc flu hosp,quantile,0.5,50.62330491261785
30,2026-10-03,2,2026-10-17,wk inc flu hosp,quantile,0.5,29.551920673132628
31,2026-10-03,2,2026-10-17,wk inc flu hosp,quantile,0.5,2.2593677519453994
32,2026-10-03,2,2026-10-17,wk inc flu hosp,quantile,0.5,53.593385374681645
33,2026-10-03,2,2026-10-17,wk inc flu hosp,quantile,0.5,8.267017689400184
34,2026-10-03,2,2026-10-17,wk inc flu hosp,quantile,0.5,141.39926468054628
35,2026-10-03,2,2026-10-17,wk inc flu hosp,quantile,0.5,13.01555486758114
36,2026-10-03,2,2026-10-17,wk inc flu hosp,quantile,0.5,175.0272128468873
37,2026-10-03,2,2026-10-17,wk inc flu hosp,quantile,0.5,85.15768736942839
38,2026-10-03,2,2026-10-17,wk inc flu hosp,quantile,0.5,5.865324230882979
39,2026-10-03,2,2026-10-17,wk inc flu hosp,quantile,0.5,54.532790278424955
40,2026-10-03,2,2026-10-17,wk inc flu hosp,quantile,0.5,20.12049467234934
41,2026-10-03,2,2026-10-17,wk inc flu hosp,quantile,0.5,44.02030902898699
42,2026-10-03,2,2026-10-17,wk inc flu hosp,quantile,0.5,234.13819566776104
44,2026-10-03,2,2026-10-17,wk inc flu hosp,quantile,0.5,4.649541208615843
45,2026-10-03,2,2026-10-17,wk inc flu hosp,quantile,0.5,47.4581183814733
46,2026-10-03,2,2026-10-17,wk inc flu hosp,quantile,0.5,2.079250716719988
47,2026-10-03,2,2026-10-17,wk inc flu hosp,quantile,0.5,85.98907094704602
48,2026-10-03,2,2026-10-17,wk inc flu hosp,quantile,0.5,368.67044562594856
49,2026-10-03,2,2026-10-17,wk inc flu hosp,quantile,0.5,18.193674748372985
50,2026-10-03,2,2026-10-17,wk inc flu hosp,quantile,0.5,3.811884594402892
51,2026-10-03,2,2026-10-17,wk inc flu hosp,quantile,0.5,63.116903357079124
53,2026-10-03,2,2026-10-17,wk inc flu hosp,quantile,0.5,115.56227018663373
54,2026-10-03,2,2026-10-17,wk inc flu hosp,quantile,0.5,8.144942277229168
55,2026-10-03,2,2026-10-17,wk inc flu hosp,quantile,0.5,30.530008167634527
56,2026-10-03,2,2026-10-17,wk inc flu hosp,quantile,0.5,3.4636546892469218
72,2026-10-03,2,2026-10-17,wk inc flu hosp,quantile,0.5,102.93728582933957
US,2026-10-03,2,2026-10-17,wk inc flu hosp,quantile,0.5,4067.5747493996514
01,2026-10-03,3,2026-10-24,wk inc flu hosp,quantile,0.5,46.03942385312407
02,2026-10-03,3,2026-10-24,wk inc flu hosp,quantile,0.5,13.547254380405699
04,2026-10-03,3,2026-10-24,wk inc flu hosp,quantile,0.5,45.868485396482434
05,2026-10-03,3,2026-10-24,wk inc flu hosp,quantile,0.5,17.530476669428126
06,2026-10-03,3,2026-10-24,wk inc flu hosp,quantile,0.5,470.43615376719686
08,2026-10-03,3,2026-10-24,wk inc flu hosp,quantile,0.5,47.33310301364087
09,2026-10-03,3,2026-10-24,wk inc flu hosp,quantile,0.5,18.043441588234817
10,2026-10-03,3,2026-10-24,wk inc flu hosp,quantile,0.5,1.6246775775059648
11,2026-10-03,3,2026-10-24,wk inc flu hosp,quantile,0.5,4.932632313049731
12,2026-10-03,3,2026-10-24,wk inc flu hosp,quantile,0.5,492.6040798440236
13,2026-10-03,3,2026-10-24,wk inc flu hosp,quantile,0.5,41.45529100789919
15,2026-10-03,3,2026-10-24,wk inc flu hosp,quantile,0.5,23.898057564761977
16,2026-10-03,3,2026-10-24,wk inc flu hosp,quantile,0.5,16.16751696381179
17,2026-10-03,3,2026-10-24,wk inc flu hosp,quantile,0.5,93.3611552724828
18,2026-10-03,3,2026-10-24,wk inc flu hosp,quantile,0.5,66.14098904883673
19,2026-10-03,3,2026-10-24,wk inc flu hosp,quantile,0.5,9.200673722229077
20,2026-10-03,3,2026-10-24,wk inc flu hosp,quantile,0.5,11.4683157636005
21,2026-10-03,3,2026-10-24,wk inc flu hosp,quantile,0.5,15.210134879269543
22,2026-10-03,3,2026-10-24,wk inc flu hosp,quantile,0.5,60.94174984976003
23,2026-10-03,3,2026-10-24,wk inc flu hosp,quantile,0.5,7.102348224145801
24,2026-10-03,3,2026-10-24,wk inc flu hosp,quantile,0.5,26.534296589932385
25,2026-10-03,3,2026-10-24,wk inc flu hosp,quantile,0.5,38.36797834040788
26,2026-10-03,3,2026-10-24,wk inc flu hosp,quantile,0.5,80.5311368768573
27,2026-10-03,3,2026-10-24,wk inc flu hosp,quantile,0.5,33.65909958589091
28,2026-10-03,3,2026-10-24,wk inc flu hosp,quantile,0.5,31.08406712514997
29,2026-10-03,3,2026-10-24,wk inc flu hosp,quantile,0.5,58.46674736218592
30,2026-10-03,3,2026-10-24,wk inc flu hosp,quantile,0.5,29.21812095904745
31,2026-10-03,3,2026-10-24,wk inc flu hosp,quantile,0.5,3.0857921422254164
32,2026-10-03,3,2026-10-24,wk inc flu hosp,quantile,0.5,52.97449547266805
33,2026-10-03,3,2026-10-24,wk inc flu hosp,quantile,0.5,8.596605501293244
34,2026-10-03,3,2026-10-24,wk inc flu hosp,quantile,0.5,153.19264118689307
35,2026-10-03,3,2026-10-24,wk inc flu hosp,quantile,0.5,14.347548008746704
36,2026-10-03,3,2026-10-24,wk inc flu hosp,quantile,0.5,200.15418246697652
37,2026-10-03,3,2026-10-24,wk inc flu hosp,quantile,0.5,93.7595359326426
38,2026-10-03,3,2026-10-24,wk inc flu hosp,quantile,0.5,6.246078297537225
39,2026-10-03,3,2026-10-24,wk inc flu hosp,quantile,0.5,59.7952598966183
40,2026-10-03,3,2026-10-24,wk inc flu hosp,quantile,0.5,23.494831603838854
41,2026-10-03,3,2026-10-24,wk inc flu hosp,quantile,0.5,45.71626571125729
42,2026-10-03,3,2026-10-24,wk inc flu hosp,quantile,0.5,246.94808539319905
44,2026-10-03,3,2026-10-24,wk inc flu hosp,quantile,0.5,5.03044842012009
45,2026-10-03,3,2026-10-24,wk inc flu hosp,quantile,0.5,50.41786894440749
46,2026-10-03,3,2026-10-24,wk inc flu hosp,quantile,0.5,2.6287426981360746
47,2026-10-03,3,2026-10-24,wk inc flu hosp,quantile,0.5,91.61970598556557
48,2026-10-03,3,2026-10-24,wk inc flu hosp,quantile,0.5,386.56271789938575
49,2026-10-03,3,2026-10-24,wk inc flu hosp,quantile,0.5,18.79496987180278
50,2026-10-03,3,2026-10-24,wk inc flu hosp,quantile,0.5,4.063086668773494
51,2026-10-03,3,2026-10-24,wk inc flu hosp,quantile,0.5,69.76715735479547
53,2026-10-03,3,2026-10-24,wk inc flu hosp,quantile,0.5,113.29370500009064
54,2026-10-03,3,2026-10-24,wk inc flu hosp,quantile,0.5,9.732030318823838
55,2026-10-03,3,2026-10-24,wk inc flu hosp,quantile,0.5,34.23697106549628
56,2026-10-03,3,2026-10-24,wk inc flu hosp,quantile,0.5,3.567325127057492
72,2026-10-03,3,2026-10-24,wk inc flu hosp,quantile,0.5,105.36709756711221
US,2026-10-03,3,2026-10-24,wk inc flu hosp,quantile,0.5,4539.15414746672
01,2026-10-03,0,2026-10-03,wk inc flu hosp,quantile,0.55,37.6353501251228
02,2026-10-03,0,2026-10-03,wk inc flu hosp,quantile,0.55,16.1175079129842
04,2026-10-03,0,2026-10-03,wk inc flu hosp,quantile,0.55,32.796282811498905
05,2026-10-03,0,2026-10-03,wk inc flu hosp,quantile,0.55,13.048636390544582
06,2026-10-03,0,2026-10-03,wk inc flu hosp,quantile,0.55,428.87315783684073
08,2026-10-03,0,2026-10-03,wk inc flu hosp,quantile,0.55,34.23801719423592
09,2026-10-03,0,2026-10-03,wk inc flu hosp,quantile,0.55,11.711325422443407
10,2026-10-03,0,2026-10-03,wk inc flu hosp,quantile,0.55,0.5257635111118858
11,2026-10-03,0,2026-10-03,wk inc flu hosp,quantile,0.55,3.957612235128445
12,2026-10-03,0,2026-10-03,wk inc flu hosp,quantile,0.55,470.47826838207976
13,2026-10-03,0,2026-10-03,wk inc flu hosp,quantile,0.55,30.55079385860961
15,2026-10-03,0,2026-10-03,wk inc flu hosp,quantile,0.55,25.656746665517293
16,2026-10-03,0,2026-10-03,wk inc flu hosp,quantile,0.55,14.333470099238593
17,2026-10-03,0,2026-10-03,wk inc flu hosp,quantile,0.55,74.30708909650033
18,2026-10-03,0,2026-10-03,wk inc flu hosp,quantile,0.55,44.76685888075379
19,2026-10-03,0,2026-10-03,wk inc flu hosp,quantile,0.55,7.008044592612629
20,2026-10-03,0,2026-10-03,wk inc flu hosp,quantile,0.55,7.709601709338237
21,2026-10-03,0,2026-10-03,wk inc flu hosp,quantile,0.55,10.218191089997744
22,2026-10-03,0,2026-10-03,wk inc flu hosp,quantile,0.55,55.64150982509136
23,2026-10-03,0,2026-10-03,wk inc flu hosp,quantile,0.55,5.211786493834289
24,2026-10-03,0,2026-10-03,wk inc flu hosp,quantile,0.55,21.257710923973796
25,2026-10-03,0,2026-10-03,wk inc flu hosp,quantile,0.55,16.778130407184484
26,2026-10-03,0,2026-10-03,wk inc flu hosp,quantile,0.55,55.146574928206654
27,2026-10-03,0,2026-10-03,wk inc flu hosp,quantile,0.55,25.967837173554063
28,2026-10-03,0,2026-10-03,wk inc flu hosp,quantile,0.55,27.25978779637429
29,2026-10-03,0,2026-10-03,wk inc flu hosp,quantile,0.55,41.16169000540777
30,2026-10-03,0,2026-10-03,wk inc flu hosp,quantile,0.55,32.87637863551168
31,2026-10-03,0,2026-10-03,wk inc flu hosp,quantile,0.55,1.8046030987665174
32,2026-10-03,0,2026-10-03,wk inc flu hosp,quantile,0.55,50.92084165652555
33,2026-10-03,0,2026-10-03,wk inc flu hosp,quantile,0.55,6.637613513352243
34,2026-10-03,0,2026-10-03,wk inc flu hosp,quantile,0.55,111.33845202705413
35,2026-10-03,0,2026-10-03,wk inc flu hosp,quantile,0.55,11.588983740233061
36,2026-10-03,0,2026-10-03,wk inc flu hosp,quantile,0.55,123.07710603857525
37,2026-10-03,0,2026-10-03,wk inc flu hosp,quantile,0.55,67.46788209216885
38,2026-10-03,0,2026-10-03,wk inc flu hosp,quantile,0.55,5.688313571897404
39,2026-10-03,0,2026-10-03,wk inc flu hosp,quantile,0.55,49.63318308275056
40,2026-10-03,0,2026-10-03,wk inc flu hosp,quantile,0.55,15.318347494161525
41,2026-10-03,0,2026-10-03,wk inc flu hosp,quantile,0.55,38.422683474057465
42,2026-10-03,0,2026-10-03,wk inc flu hosp,quantile,0.55,205.6499681545895
44,2026-10-03,0,2026-10-03,wk inc flu hosp,quantile,0.55,4.060479378212335
45,2026-10-03,0,2026-10-03,wk inc flu hosp,quantile,0.55,39.024482051553605
46,2026-10-03,0,2026-10-03,wk inc flu hosp,quantile,0.55,1.476165230353479
47,2026-10-03,0,2026-10-03,wk inc flu hosp,quantile,0.55,76.51638235564279
48,2026-10-03,0,2026-10-03,wk inc flu hosp,quantile,0.55,308.37144323255876
49,2026-10-03,0,2026-10-03,wk inc flu hosp,quantile,0.55,19.054733602193085
50,2026-10-03,0,2026-10-03,wk inc flu hosp,quantile,0.55,3.7163933381279173
51,2026-10-03,0,2026-10-03,wk inc flu hosp,quantile,0.55,51.127382134527934
53,2026-10-03,0,2026-10-03,wk inc flu hosp,quantile,0.55,117.80308254030744
54,2026-10-03,0,2026-10-03,wk inc flu hosp,quantile,0.55,5.6842953114093175
55,2026-10-03,0,2026-10-03,wk inc flu hosp,quantile,0.55,31.476049086224418
56,2026-10-03,0,2026-10-03,wk inc flu hosp,quantile,0.55,3.113235298916321
72,2026-10-03,0,2026-10-03,wk inc flu hosp,quantile,0.55,106.50336356931464
US,2026-10-03,0,2026-10-03,wk inc flu hosp,quantile,0.55,3125.959852120709
01,2026-10-03,1,2026-10-10,wk inc flu hosp,quantile,0.55,42.0049065438224
02,2026-10-03,1,2026-10-10,wk inc flu hosp,quantile,0.55,15.744702401681
04,2026-10-03,1,2026-10-10,wk inc flu hosp,quantile,0.55,39.618223886535716
05,2026-10-03,1,2026-10-10,wk inc flu hosp,quantile,0.55,15.33728313913013
06,2026-10-03,1,2026-10-10,wk inc flu hosp,quantile,0.55,470.04957308246605
08,2026-10-03,1,2026-10-10,wk inc flu hosp,quantile,0.55,42.806005467639665
09,2026-10-03,1,2026-10-10,wk inc flu hosp,quantile,0.55,15.245427589210912
10,2026-10-03,1,2026-10-10,wk inc flu hosp,quantile,0.55,1.1765676316316245
11,2026-10-03,1,2026-10-10,wk inc flu hosp,quantile,0.55,4.67370641088351
12,2026-10-03,1,2026-10-10,wk inc flu hosp,quantile,0.55,506.20418137087614
13,2026-10-03,1,2026-10-10,wk inc flu hosp,quantile,0.55,36.26392543446408
15,2026-10-03,1,2026-10-10,wk inc flu hosp,quantile,0.55,26.05866270431481
16,2026-10-03,1,2026-10-10,wk inc flu hosp,quantile,0.55,16.254098949698047
17,2026-10-03,1,2026-10-10,wk inc flu hosp,quantile,0.55,84.9256682238744
18,2026-10-03,1,2026-10-10,wk inc flu hosp,quantile,0.55,55.143233897108715
19,2026-10-03,1,2026-10-10,wk inc flu hosp,quantile,0.55,8.020299196715584
20,2026-10-03,1,2026-10-10,wk inc flu hosp,quantile,0.55,9.452471785271205
21,2026-10-03,1,2026-10-10,wk inc flu hosp,quantile,0.55,11.288116108688516
22,2026-10-03,1,2026-10-10,wk inc flu hosp,quantile,0.55,58.85029469503857
23,2026-10-03,1,2026-10-10,wk inc flu hosp,quantile,0.55,6.115860351863971
24,2026-10-03,1,2026-10-10,wk inc flu hosp,quantile,0.55,24.049417649946342
25,2026-10-03,1,2026-10-10,wk inc flu hosp,quantile,0.55,24.694683215437383
26,2026-10-03,1,2026-10-10,wk inc flu hosp,quantile,0.55,67.9428931518398
27,2026-10-03,1,2026-10-10,wk inc flu hosp,quantile,0.55,30.03272007002163
28,2026-10-03,1,2026-10-10,wk inc flu hosp,quantile,0.55,29.90958746915862
29,2026-10-03,1,2026-10-10,wk inc flu hosp,quantile,0.55,48.90138862594423
30,2026-10-03,1,2026-10-10,wk inc flu hosp,quantile,0.55,32.93578906047046
31,2026-10-03,1,2026-10-10,wk inc flu hosp,quantile,0.55,2.49773510140563
32,2026-10-03,1,2026-10-10,wk inc flu hosp,quantile,0.55,56.256065994919354
33,2026-10-03,1,2026-10-10,wk inc flu hosp,quantile,0.55,7.928016019568066
34,2026-10-03,1,2026-10-10,wk inc flu hosp,quantile,0.55,134.8721734525548
35,2026-10-03,1,2026-10-10,wk inc flu hosp,quantile,0.55,13.063572007166352
36,2026-10-03,1,2026-10-10,wk inc flu hosp,quantile,0.55,154.57452038604987
37,2026-10-03,1,2026-10-10,wk inc flu hosp,quantile,0.55,82.19263777439224
38,2026-10-03,1,2026-10-10,wk inc flu hosp,quantile,0.55,6.2773805256295985
39,2026-10-03,1,2026-10-10,wk inc flu hosp,quantile,0.55,56.663623674294605
40,2026-10-03,1,2026-10-10,wk inc flu hosp,quantile,0.55,20.14997331916448
41,2026-10-03,1,2026-10-10,wk inc flu hosp,quantile,0.55,44.395286983335055
42,2026-10-03,1,2026-10-10,wk inc flu hosp,quantile,0.55,231.6396796942709
44,2026-10-03,1,2026-10-10,wk inc flu hosp,quantile,0.55,4.761302506872029
45,2026-10-03,1,2026-10-10,wk inc flu hosp,quantile,0.55,47.33699926942588
46,2026-10-03,1,2026-10-10,wk inc flu hosp,quantile,0.55,2.211394380021967
47,2026-10-03,1,2026-10-10,wk inc flu hosp,quantile,0.55,87.21466260300676
48,2026-10-03,1,2026-10-10,wk inc flu hosp,quantile,0.55,352.1935474291407
49,2026-10-03,1,2026-10-10,wk inc flu hosp,quantile,0.55,19.875392560985944
50,2026-10-03,1,2026-10-10,wk inc flu hosp,quantile,0.55,4.155578020583962
51,2026-10-03,1,2026-10-10,wk inc flu hosp,quantile,0.55,61.459525957918615
53,2026-10-03,1,2026-10-10,wk inc flu hosp,quantile,0.55,123.77038913652976
54,2026-10-03,1,2026-10-10,wk inc flu hosp,quantile,0.55,8.037674517110744
55,2026-10-03,1,2026-10-10,wk inc flu hosp,quantile,0.55,32.901048482863054
56,2026-10-03,1,2026-10-10,wk inc flu hosp,quantile,0.55,3.433284650853735
72,2026-10-03,1,2026-10-10,wk inc flu hosp,quantile,0.55,107.36296934221772
US,2026-10-03,1,2026-10-10,wk inc flu hosp,quantile,0.55,3693.28196121957
01,2026-10-03,2,2026-10-17,wk inc flu hosp,quantile,0.55,45.87149996738975
02,2026-10-03,2,2026-10-17,wk inc flu hosp,quantile,0.55,15.391325875214932
04,2026-10-03,2,2026-10-17,wk inc flu hosp,quantile,0.55,46.88398154793593
05,2026-10-03,2,2026-10-17,wk inc flu hosp,quantile,0.55,18.120426546371498
06,2026-10-03,2,2026-10-17,wk inc flu hosp,quantile,0.55,499.0205270221908
08,2026-10-03,2,2026-10-17,wk inc flu hosp,quantile,0.55,49.4688964915293
09,2026-10-03,2,2026-10-17,wk inc flu hosp,quantile,0.55,18.565896940143933
10,2026-10-03,2,2026-10-17,wk inc flu hosp,quantile,0.55,1.684536686146534
11,2026-10-03,2,2026-10-17,wk inc flu hosp,quantile,0.55,5.508241598110333
12,2026-10-03,2,2026-10-17,wk inc flu hosp,quantile,0.55,521.3073308542992
13,2026-10-03,2,2026-10-17,wk inc flu hosp,quantile,0.55,42.12233484188215
15,2026-10-03,2,2026-10-17,wk inc flu hosp,quantile,0.55,25.855136708725112
16,2026-10-03,2,2026-10-17,wk inc flu hosp,quantile,0.55,17.53379615905019
17,2026-10-03,2,2026-10-17,wk inc flu hosp,quantile,0.55,97.23902361175523
18,2026-10-03,2,2026-10-17,wk inc flu hosp,quantile,0.55,64.4052686059277
19,2026-10-03,2,2026-10-17,wk inc flu hosp,quantile,0.55,10.39640046359867
20,2026-10-03,2,2026-10-17,wk inc flu hosp,quantile,0.55,11.624346609996913
21,2026-10-03,2,2026-10-17,wk inc flu hosp,quantile,0.55,14.969931857735377
22,2026-10-03,2,2026-10-17,wk inc flu hosp,quantile,0.55,63.361110463957246
23,2026-10-03,2,2026-10-17,wk inc flu hosp,quantile,0.55,7.320911244964375
24,2026-10-03,2,2026-10-17,wk inc flu hosp,quantile,0.55,26.929663926011262
25,2026-10-03,2,2026-10-17,wk inc flu hosp,quantile,0.55,34.73783639581341
26,2026-10-03,2,2026-10-17,wk inc flu hosp,quantile,0.55,79.41039389518942
27,2026-10-03,2,2026-10-17,wk inc flu hosp,quantile,0.55,35.36200191821523
28,2026-10-03,2,2026-10-17,wk inc flu hosp,quantile,0.55,31.887448770428552
29,2026-10-03,2,2026-10-17,wk inc flu hosp,quantile,0.55,57.824191278448886
30,2026-10-03,2,2026-10-17,wk inc flu hosp,quantile,0.55,32.492501710618455
31,2026-10-03,2,2026-10-17,wk inc flu hosp,quantile,0.55,3.2244814857290893
32,2026-10-03,2,2026-10-17,wk inc flu hosp,quantile,0.55,58.70689928343025
33,2026-10-03,2,2026-10-17,wk inc flu hosp,quantile,0.55,9.605823740581055
34,2026-10-03,2,2026-10-17,wk inc flu hosp,quantile,0.55,154.28285200628332
35,2026-10-03,2,2026-10-17,wk inc flu hosp,quantile,0.55,15.105808032820226
36,2026-10-03,2,2026-10-17,wk inc flu hosp,quantile,0.55,190.20816709379227
37,2026-10-03,2,2026-10-17,wk inc flu hosp,quantile,0.55,95.19574461869162
38,2026-10-03,2,2026-10-17,wk inc flu hosp,quantile,0.55,6.67710431035711
39,2026-10-03,2,2026-10-17,wk inc flu hosp,quantile,0.55,65.01447582411153
40,2026-10-03,2,2026-10-17,wk inc flu hosp,quantile,0.55,24.01552956201549
41,2026-10-03,2,2026-10-17,wk inc flu hosp,quantile,0.55,48.310787574401616
42,2026-10-03,2,2026-10-17,wk inc flu hosp,quantile,0.55,256.7632666903301
44,2026-10-03,2,2026-10-17,wk inc flu hosp,quantile,0.55,5.491549178735118
45,2026-10-03,2,2026-10-17,wk inc flu hosp,quantile,0.55,53.56544013069835
46,2026-10-03,2,2026-10-17,wk inc flu hosp,quantile,0.55,2.7366179849366605
47,2026-10-03,2,2026-10-17,wk inc flu hosp,quantile,0.55,93.5396841199144
48,2026-10-03,2,2026-10-17,wk inc flu hosp,quantile,0.55,393.93593447295723
49,2026-10-03,2,2026-10-17,wk inc flu hosp,quantile,0.55,20.12764214502628
50,2026-10-03,2,2026-10-17,wk inc flu hosp,quantile,0.55,4.4069991719298995
51,2026-10-03,2,2026-10-17,wk inc flu hosp,quantile,0.55,70.65333721501261
53,2026-10-03,2,2026-10-17,wk inc flu hosp,quantile,0.55,125.39879687466934
54,2026-10-03,2,2026-10-17,wk inc flu hosp,quantile,0.55,9.620369140187803
55,2026-10-03,2,2026-10-17,wk inc flu hosp,quantile,0.55,36.02283510489956
56,2026-10-03,2,2026-10-17,wk inc flu hosp,quantile,0.55,3.994967499547094
72,2026-10-03,2,2026-10-17,wk inc flu hosp,quantile,0.55,110.110107729438
US,2026-10-03,2,2026-10-17,wk inc flu hosp,quantile,0.55,4377.856646173872
01,2026-10-03,3,2026-10-24,wk inc flu hosp,quantile,0.55,51.36957278729793
02,2026-10-03,3,2026-10-24,wk inc flu hosp,quantile,0.55,14.813293426621826
04,2026-10-03,3,2026-10-24,wk inc flu hosp,quantile,0.55,52.90863519727732
05,2026-10-03,3,2026-10-24,wk inc flu hosp,quantile,0.55,20.27534099138013
06,2026-10-03,3,2026-10-24,wk inc flu hosp,quantile,0.55,508.68544195264354
08,2026-10-03,3,2026-10-24,wk inc flu hosp,quantile,0.55,54.96966571057196
09,2026-10-03,3,2026-10-24,wk inc flu hosp,quantile,0.55,21.712130540324637
10,2026-10-03,3,2026-10-24,wk inc flu hosp,quantile,0.55,2.4992627712990423
11,2026-10-03,3,2026-10-24,wk inc flu hosp,quantile,0.55,6.016615343498419
12,2026-10-03,3,2026-10-24,wk inc flu hosp,quantile,0.55,534.5290798651616
13,2026-10-03,3,2026-10-24,wk inc flu hosp,quantile,0.55,48.52872711722307
15,2026-10-03,3,2026-10-24,wk inc flu hosp,quantile,0.55,25.75701902415765
16,2026-10-03,3,2026-10-24,wk inc flu hosp,quantile,0.55,18.65808327211856
17,2026-10-03,3,2026-10-24,wk inc flu hosp,quantile,0.55,106.58575937524242
18,2026-10-03,3,2026-10-24,wk inc flu hosp,quantile,0.55,75.37952346649845
19,2026-10-03,3,2026-10-24,wk inc flu hosp,quantile,0.55,12.239102537275087
20,2026-10-03,3,2026-10-24,wk inc flu hosp,quantile,0.55,13.980897283200393
21,2026-10-03,3,2026-10-24,wk inc flu hosp,quantile,0.55,19.52424414760615
22,2026-10-03,3,2026-10-24,wk inc flu hosp,quantile,0.55,67.76628909238522
23,2026-10-03,3,2026-10-24,wk inc flu hosp,quantile,0.55,8.513633855774435
24,2026-10-03,3,2026-10-24,wk inc flu hosp,quantile,0.55,30.749250781193943
25,2026-10-03,3,2026-10-24,wk inc flu hosp,quantile,0.55,44.84298338344755
26,2026-10-03,3,2026-10-24,wk inc flu hosp,quantile,0.55,92.97670279554337
27,2026-10-03,3,2026-10-24,wk inc flu hosp,quantile,0.55,39.297422933552035
28,2026-10-03,3,2026-10-24,wk inc flu hosp,quantile,0.55,35.40952673916714
29,2026-10-03,3,2026-10-24,wk inc flu hosp,quantile,0.55,67.21229180797543
30,2026-10-03,3,2026-10-24,wk inc flu hosp,quantile,0.55,32.2788410450946
31,2026-10-03,3,2026-10-24,wk inc flu hosp,quantile,0.55,4.309606546637321
32,2026-10-03,3,2026-10-24,wk inc flu hosp,quantile,0.55,58.16410046122287
33,2026-10-03,3,2026-10-24,wk inc flu hosp,quantile,0.55,10.097804160394677
34,2026-10-03,3,2026-10-24,wk inc flu hosp,quantile,0.55,170.01553021876018
35,2026-10-03,3,2026-10-24,wk inc flu hosp,quantile,0.55,16.609921077489872
36,2026-10-03,3,2026-10-24,wk inc flu hosp,quantile,0.55,223.40162421592325
37,2026-10-03,3,2026-10-24,wk inc flu hosp,quantile,0.55,108.52313783425616
38,2026-10-03,3,2026-10-24,wk inc flu hosp,quantile,0.55,7.123304113955538
39,2026-10-03,3,2026-10-24,wk inc flu hosp,quantile,0.55,73.64363281250887
40,2026-10-03,3,2026-10-24,wk inc flu hosp,quantile,0.55,28.77009398384859
41,2026-10-03,3,2026-10-24,wk inc flu hosp,quantile,0.55,51.19381131148943
42,2026-10-03,3,2026-10-24,wk inc flu hosp,quantile,0.55,270.85856662052794
44,2026-10-03,3,2026-10-24,wk inc flu hosp,quantile,0.55,6.018540619162289
45,2026-10-03,3,2026-10-24,wk inc flu hosp,quantile,0.55,58.75378629325141
46,2026-10-03,3,2026-10-24,wk inc flu hosp,quantile,0.55,3.3938031791374885
47,2026-10-03,3,2026-10-24,wk inc flu hosp,quantile,0.55,101.01213494491924
48,2026-10-03,3,2026-10-24,wk inc flu hosp,quantile,0.55,423.8533845082048
49,2026-10-03,3,2026-10-24,wk inc flu hosp,quantile,0.55,21.01446558163905
50,2026-10-03,3,2026-10-24,wk inc flu hosp,quantile,0.55,4.731774974857994
51,2026-10-03,3,2026-10-24,wk inc flu hosp,quantile,0.55,77.7612914660538
53,2026-10-03,3,2026-10-24,wk inc flu hosp,quantile,0.55,124.55617225520785
54,2026-10-03,3,2026-10-24,wk inc flu hosp,quantile,0.55,11.660005573249958
55,2026-10-03,3,2026-10-24,wk inc flu hosp,quantile,0.55,40.072840774854484
56,2026-10-03,3,2026-10-24,wk inc flu hosp,quantile,0.55,4.371760384504513
72,2026-10-03,3,2026-10-24,wk inc flu hosp,quantile,0.55,112.89424789494917
US,2026-10-03,3,2026-10-24,wk inc flu hosp,quantile,0.55,4902.874423729393
01,2026-10-03,0,2026-10-03,wk inc flu hosp,quantile,0.6,39.92049669169372
02,2026-10-03,0,2026-10-03,wk inc flu hosp,quantile,0.6,17.144625011815272
04,2026-10-03,0,2026-10-03,wk inc flu hosp,quantile,0.6,35.84741157170002
05,2026-10-03,0,2026-10-03,wk inc flu hosp,quantile,0.6,14.136364168518938
06,2026-10-03,0,2026-10-03,wk inc flu hosp,quantile,0.6,441.25624274449035
08,2026-10-03,0,2026-10-03,wk inc flu hosp,quantile,0.6,35.903473494122984
09,2026-10-03,0,2026-10-03,wk inc flu hosp,quantile,0.6,12.923501556749065
10,2026-10-03,0,2026-10-03,wk inc flu hosp,quantile,0.6,0.848649033241656
11,2026-10-03,0,2026-10-03,wk inc flu hosp,quantile,0.6,4.402405215063529
12,2026-10-03,0,2026-10-03,wk inc flu hosp,quantile,0.6,481.64677441153117
13,2026-10-03,0,2026-10-03,wk inc flu hosp,quantile,0.6,32.83011094232377
15,2026-10-03,0,2026-10-03,wk inc flu hosp,quantile,0.6,26.692967438984745
16,2026-10-03,0,2026-10-03,wk inc flu hosp,quantile,0.6,15.2942503948027
17,2026-10-03,0,2026-10-03,wk inc flu hosp,quantile,0.6,78.21397361155617
18,2026-10-03,0,2026-10-03,wk inc flu hosp,quantile,0.6,47.17596433064857
19,2026-10-03,0,2026-10-03,wk inc flu hosp,quantile,0.6,7.909313174746455
20,2026-10-03,0,2026-10-03,wk inc flu hosp,quantile,0.6,8.493433352132833
21,2026-10-03,0,2026-10-03,wk inc flu hosp,quantile,0.6,11.412319926644166
22,2026-10-03,0,2026-10-03,wk inc flu hosp,quantile,0.6,57.683807139669646
23,2026-10-03,0,2026-10-03,wk inc flu hosp,quantile,0.6,5.787177191476653
24,2026-10-03,0,2026-10-03,wk inc flu hosp,quantile,0.6,22.650525358174605
25,2026-10-03,0,2026-10-03,wk inc flu hosp,quantile,0.6,18.258712064977775
26,2026-10-03,0,2026-10-03,wk inc flu hosp,quantile,0.6,58.181551001914144
27,2026-10-03,0,2026-10-03,wk inc flu hosp,quantile,0.6,27.912625499736176
28,2026-10-03,0,2026-10-03,wk inc flu hosp,quantile,0.6,28.53586120852933
29,2026-10-03,0,2026-10-03,wk inc flu hosp,quantile,0.6,44.04202828278241
30,2026-10-03,0,2026-10-03,wk inc flu hosp,quantile,0.6,34.494804229605535
31,2026-10-03,0,2026-10-03,wk inc flu hosp,quantile,0.6,2.3250403700604507
32,2026-10-03,0,2026-10-03,wk inc flu hosp,quantile,0.6,53.03088394256072
33,2026-10-03,0,2026-10-03,wk inc flu hosp,quantile,0.6,7.218553929203094
34,2026-10-03,0,2026-10-03,wk inc flu hosp,quantile,0.6,115.9782360104357
35,2026-10-03,0,2026-10-03,wk inc flu hosp,quantile,0.6,12.601092206254604
36,2026-10-03,0,2026-10-03,wk inc flu hosp,quantile,0.6,127.51403701432294
37,2026-10-03,0,2026-10-03,wk inc flu hosp,quantile,0.6,71.77068571916358
38,2026-10-03,0,2026-10-03,wk inc flu hosp,quantile,0.6,6.11672461574384
39,2026-10-03,0,2026-10-03,wk inc flu hosp,quantile,0.6,54.53825643857575
40,2026-10-03,0,2026-10-03,wk inc flu hosp,quantile,0.6,16.612810474260655
41,2026-10-03,0,2026-10-03,wk inc flu hosp,quantile,0.6,40.17065487786275
42,2026-10-03,0,2026-10-03,wk inc flu hosp,quantile,0.6,214.14375558449288
44,2026-10-03,0,2026-10-03,wk inc flu hosp,quantile,0.6,4.554220079823076
45,2026-10-03,0,2026-10-03,wk inc flu hosp,quantile,0.6,41.27692086032547
46,2026-10-03,0,2026-10-03,wk inc flu hosp,quantile,0.6,1.7536360141525178
47,2026-10-03,0,2026-10-03,wk inc flu hosp,quantile,0.6,80.0446906393542
48,2026-10-03,0,2026-10-03,wk inc flu hosp,quantile,0.6,317.928388008708
49,2026-10-03,0,2026-10-03,wk inc flu hosp,quantile,0.6,20.25708300908555
50,2026-10-03,0,2026-10-03,wk inc flu hosp,quantile,0.6,4.0323691070947065
51,2026-10-03,0,2026-10-03,wk inc flu hosp,quantile,0.6,54.47362427500881
53,2026-10-03,0,2026-10-03,wk inc flu hosp,quantile,0.6,121.51650365146979
54,2026-10-03,0,2026-10-03,wk inc flu hosp,quantile,0.6,6.3526946740865435
55,2026-10-03,0,2026-10-03,wk inc flu hosp,quantile,0.6,33.303613540990206
56,2026-10-03,0,2026-10-03,wk inc flu hosp,quantile,0.6,3.535973995838296
72,2026-10-03,0,2026-10-03,wk inc flu hosp,quantile,0.6,110.79497139802136
US,2026-10-03,0,2026-10-03,wk inc flu hosp,quantile,0.6,3214.9831501057483
01,2026-10-03,1,2026-10-10,wk inc flu hosp,quantile,0.6,45.228847930298095
02,2026-10-03,1,2026-10-10,wk inc flu hosp,quantile,0.6,16.917571635615545
04,2026-10-03,1,2026-10-10,wk inc flu hosp,quantile,0.6,44.52672464714062
05,2026-10-03,1,2026-10-10,wk inc flu hosp,quantile,0.6,17.183400077409424
06,2026-10-03,1,2026-10-10,wk inc flu hosp,quantile,0.6,492.7725806540764
08,2026-10-03,1,2026-10-10,wk inc flu hosp,quantile,0.6,46.96409787719674
09,2026-10-03,1,2026-10-10,wk inc flu hosp,quantile,0.6,17.227678762485052
10,2026-10-03,1,2026-10-10,wk inc flu hosp,quantile,0.6,1.7082022854892522
11,2026-10-03,1,2026-10-10,wk inc flu hosp,quantile,0.6,5.381517268288529
12,2026-10-03,1,2026-10-10,wk inc flu hosp,quantile,0.6,529.0276210926511
13,2026-10-03,1,2026-10-10,wk inc flu hosp,quantile,0.6,41.572064289274884
15,2026-10-03,1,2026-10-10,wk inc flu hosp,quantile,0.6,27.62060970582454
16,2026-10-03,1,2026-10-10,wk inc flu hosp,quantile,0.6,17.83621508285794
17,2026-10-03,1,2026-10-10,wk inc flu hosp,quantile,0.6,94.47644263559496
18,2026-10-03,1,2026-10-10,wk inc flu hosp,quantile,0.6,60.44601343236897
19,2026-10-03,1,2026-10-10,wk inc flu hosp,quantile,0.6,9.628168913967459
20,2026-10-03,1,2026-10-10,wk inc flu hosp,quantile,0.6,10.80686573999668
21,2026-10-03,1,2026-10-10,wk inc flu hosp,quantile,0.6,13.856755072166889
22,2026-10-03,1,2026-10-10,wk inc flu hosp,quantile,0.6,63.22747421296235
23,2026-10-03,1,2026-10-10,wk inc flu hosp,quantile,0.6,7.010288515292141
24,2026-10-03,1,2026-10-10,wk inc flu hosp,quantile,0.6,27.15094238895159
25,2026-10-03,1,2026-10-10,wk inc flu hosp,quantile,0.6,28.20730486711839
26,2026-10-03,1,2026-10-10,wk inc flu hosp,quantile,0.6,73.53033441408925
27,2026-10-03,1,2026-10-10,wk inc flu hosp,quantile,0.6,33.92901015853138
28,2026-10-03,1,2026-10-10,wk inc flu hosp,quantile,0.6,32.17267191142697
29,2026-10-03,1,2026-10-10,wk inc flu hosp,quantile,0.6,53.38265796092106
30,2026-10-03,1,2026-10-10,wk inc flu hosp,quantile,0.6,35.575952025891134
31,2026-10-03,1,2026-10-10,wk inc flu hosp,quantile,0.6,3.224359608813477
32,2026-10-03,1,2026-10-10,wk inc flu hosp,quantile,0.6,59.48299377634168
33,2026-10-03,1,2026-10-10,wk inc flu hosp,quantile,0.6,8.91965158013304
34,2026-10-03,1,2026-10-10,wk inc flu hosp,quantile,0.6,144.11620906371695
35,2026-10-03,1,2026-10-10,wk inc flu hosp,quantile,0.6,14.869412832391982
36,2026-10-03,1,2026-10-10,wk inc flu hosp,quantile,0.6,167.57354907260617
37,2026-10-03,1,2026-10-10,wk inc flu hosp,quantile,0.6,89.70674683813277
38,2026-10-03,1,2026-10-10,wk inc flu hosp,quantile,0.6,6.9701480428463
39,2026-10-03,1,2026-10-10,wk inc flu hosp,quantile,0.6,66.18023148838823
40,2026-10-03,1,2026-10-10,wk inc flu hosp,quantile,0.6,23.216436015051865
41,2026-10-03,1,2026-10-10,wk inc flu hosp,quantile,0.6,47.96730501823424
42,2026-10-03,1,2026-10-10,wk inc flu hosp,quantile,0.6,246.6347331223428
44,2026-10-03,1,2026-10-10,wk inc flu hosp,quantile,0.6,5.497477349256764
45,2026-10-03,1,2026-10-10,wk inc flu hosp,quantile,0.6,50.66821948107353
46,2026-10-03,1,2026-10-10,wk inc flu hosp,quantile,0.6,2.7546106787995184
47,2026-10-03,1,2026-10-10,wk inc flu hosp,quantile,0.6,92.56146968657393
48,2026-10-03,1,2026-10-10,wk inc flu hosp,quantile,0.6,375.1007277525925
49,2026-10-03,1,2026-10-10,wk inc flu hosp,quantile,0.6,21.55080080931567
50,2026-10-03,1,2026-10-10,wk inc flu hosp,quantile,0.6,4.7488545999457115
51,2026-10-03,1,2026-10-10,wk inc flu hosp,quantile,0.6,67.86230482452744
53,2026-10-03,1,2026-10-10,wk inc flu hosp,quantile,0.6,129.83870965058074
54,2026-10-03,1,2026-10-10,wk inc flu hosp,quantile,0.6,9.22855916659475
55,2026-10-03,1,2026-10-10,wk inc flu hosp,quantile,0.6,36.10808926704934
56,2026-10-03,1,2026-10-10,wk inc flu hosp,quantile,0.6,3.99921093122746
72,2026-10-03,1,2026-10-10,wk inc flu hosp,quantile,0.6,113.80595961011063
US,2026-10-03,1,2026-10-10,wk inc flu hosp,quantile,0.6,3907.7886620868953
01,2026-10-03,2,2026-10-17,wk inc flu hosp,quantile,0.6,51.59724756852916
02,2026-10-03,2,2026-10-17,wk inc flu hosp,quantile,0.6,16.67203336903496
04,2026-10-03,2,2026-10-17,wk inc flu hosp,quantile,0.6,53.661192817897174
05,2026-10-03,2,2026-10-17,wk inc flu hosp,quantile,0.6,20.61821247214384
06,2026-10-03,2,2026-10-17,wk inc flu hosp,quantile,0.6,533.3668459975464
08,2026-10-03,2,2026-10-17,wk inc flu hosp,quantile,0.6,55.41514906917397
09,2026-10-03,2,2026-10-17,wk inc flu hosp,quantile,0.6,21.862711689130556
10,2026-10-03,2,2026-10-17,wk inc flu hosp,quantile,0.6,2.3737567119328213
11,2026-10-03,2,2026-10-17,wk inc flu hosp,quantile,0.6,6.43334310073299
12,2026-10-03,2,2026-10-17,wk inc flu hosp,quantile,0.6,554.0179757364705
13,2026-10-03,2,2026-10-17,wk inc flu hosp,quantile,0.6,49.9646138581406
15,2026-10-03,2,2026-10-17,wk inc flu hosp,quantile,0.6,27.672685510704493
16,2026-10-03,2,2026-10-17,wk inc flu hosp,quantile,0.6,19.652030314757756
17,2026-10-03,2,2026-10-17,wk inc flu hosp,quantile,0.6,109.40150002965277
18,2026-10-03,2,2026-10-17,wk inc flu hosp,quantile,0.6,72.61368643206757
19,2026-10-03,2,2026-10-17,wk inc flu hosp,quantile,0.6,12.409175507696231
20,2026-10-03,2,2026-10-17,wk inc flu hosp,quantile,0.6,13.509097820448073
21,2026-10-03,2,2026-10-17,wk inc flu hosp,quantile,0.6,18.06282038437066
22,2026-10-03,2,2026-10-17,wk inc flu hosp,quantile,0.6,68.7420938716231
23,2026-10-03,2,2026-10-17,wk inc flu hosp,quantile,0.6,8.69178958572163
24,2026-10-03,2,2026-10-17,wk inc flu hosp,quantile,0.6,31.213944008188918
25,2026-10-03,2,2026-10-17,wk inc flu hosp,quantile,0.6,40.014020850637564
26,2026-10-03,2,2026-10-17,wk inc flu hosp,quantile,0.6,89.67406117581776
27,2026-10-03,2,2026-10-17,wk inc flu hosp,quantile,0.6,40.52350285998617
28,2026-10-03,2,2026-10-17,wk inc flu hosp,quantile,0.6,35.482295235958915
29,2026-10-03,2,2026-10-17,wk inc flu hosp,quantile,0.6,66.35002514128041
30,2026-10-03,2,2026-10-17,wk inc flu hosp,quantile,0.6,35.14785093832345
31,2026-10-03,2,2026-10-17,wk inc flu hosp,quantile,0.6,4.445601742023867
32,2026-10-03,2,2026-10-17,wk inc flu hosp,quantile,0.6,63.95755014331058
33,2026-10-03,2,2026-10-17,wk inc flu hosp,quantile,0.6,10.867542276354284
34,2026-10-03,2,2026-10-17,wk inc flu hosp,quantile,0.6,168.47312863621977
35,2026-10-03,2,2026-10-17,wk inc flu hosp,quantile,0.6,17.617802088884908
36,2026-10-03,2,2026-10-17,wk inc flu hosp,quantile,0.6,209.33808463253487
37,2026-10-03,2,2026-10-17,wk inc flu hosp,quantile,0.6,106.26007947888814
38,2026-10-03,2,2026-10-17,wk inc flu hosp,quantile,0.6,7.67361074807173
39,2026-10-03,2,2026-10-17,wk inc flu hosp,quantile,0.6,77.27182343901234
40,2026-10-03,2,2026-10-17,wk inc flu hosp,quantile,0.6,28.046272241993297
41,2026-10-03,2,2026-10-17,wk inc flu hosp,quantile,0.6,54.20126150552402
42,2026-10-03,2,2026-10-17,wk inc flu hosp,quantile,0.6,276.1021579676553
44,2026-10-03,2,2026-10-17,wk inc flu hosp,quantile,0.6,6.412951852304132
45,2026-10-03,2,2026-10-17,wk inc flu hosp,quantile,0.6,59.9359251483233
46,2026-10-03,2,2026-10-17,wk inc flu hosp,quantile,0.6,3.516904388111161
47,2026-10-03,2,2026-10-17,wk inc flu hosp,quantile,0.6,101.66999831428093
48,2026-10-03,2,2026-10-17,wk inc flu hosp,quantile,0.6,422.9327670466658
49,2026-10-03,2,2026-10-17,wk inc flu hosp,quantile,0.6,22.485554387458688
50,2026-10-03,2,2026-10-17,wk inc flu hosp,quantile,0.6,5.01558504905889
51,2026-10-03,2,2026-10-17,wk inc flu hosp,quantile,0.6,78.2883371048799
53,2026-10-03,2,2026-10-17,wk inc flu hosp,quantile,0.6,133.8163788931209
54,2026-10-03,2,2026-10-17,wk inc flu hosp,quantile,0.6,11.424617491578863
55,2026-10-03,2,2026-10-17,wk inc flu hosp,quantile,0.6,40.33281780404735
56,2026-10-03,2,2026-10-17,wk inc flu hosp,quantile,0.6,4.52946291604778
72,2026-10-03,2,2026-10-17,wk inc flu hosp,quantile,0.6,117.15513870432213
US,2026-10-03,2,2026-10-17,wk inc flu hosp,quantile,0.6,4670.654065685775
01,2026-10-03,3,2026-10-24,wk inc flu hosp,quantile,0.6,58.31766251364638
02,2026-10-03,3,2026-10-24,wk inc flu hosp,quantile,0.6,16.16819424698509
04,2026-10-03,3,2026-10-24,wk inc flu hosp,quantile,0.6,61.63346214013653
05,2026-10-03,3,2026-10-24,wk inc flu hosp,quantile,0.6,23.81034957593556
06,2026-10-03,3,2026-10-24,wk inc flu hosp,quantile,0.6,546.9110993578729
08,2026-10-03,3,2026-10-24,wk inc flu hosp,quantile,0.6,63.0465524212988
09,2026-10-03,3,2026-10-24,wk inc flu hosp,quantile,0.6,26.26498819941076
10,2026-10-03,3,2026-10-24,wk inc flu hosp,quantile,0.6,3.319449824830591
11,2026-10-03,3,2026-10-24,wk inc flu hosp,quantile,0.6,7.0732306712407
12,2026-10-03,3,2026-10-24,wk inc flu hosp,quantile,0.6,579.5221428703678
13,2026-10-03,3,2026-10-24,wk inc flu hosp,quantile,0.6,58.26012735455658
15,2026-10-03,3,2026-10-24,wk inc flu hosp,quantile,0.6,27.626363059832673
16,2026-10-03,3,2026-10-24,wk inc flu hosp,quantile,0.6,21.585371137451848
17,2026-10-03,3,2026-10-24,wk inc flu hosp,quantile,0.6,120.95211553985695
18,2026-10-03,3,2026-10-24,wk inc flu hosp,quantile,0.6,85.92465690595171
19,2026-10-03,3,2026-10-24,wk inc flu hosp,quantile,0.6,15.270425528384392
20,2026-10-03,3,2026-10-24,wk inc flu hosp,quantile,0.6,16.534340869096425
21,2026-10-03,3,2026-10-24,wk inc flu hosp,quantile,0.6,24.01101164859909
22,2026-10-03,3,2026-10-24,wk inc flu hosp,quantile,0.6,74.110595055251
23,2026-10-03,3,2026-10-24,wk inc flu hosp,quantile,0.6,10.082646187656906
24,2026-10-03,3,2026-10-24,wk inc flu hosp,quantile,0.6,36.42535690887873
25,2026-10-03,3,2026-10-24,wk inc flu hosp,quantile,0.6,51.30311055478464
26,2026-10-03,3,2026-10-24,wk inc flu hosp,quantile,0.6,104.1186037528646
27,2026-10-03,3,2026-10-24,wk inc flu hosp,quantile,0.6,46.69275340226346
28,2026-10-03,3,2026-10-24,wk inc flu hosp,quantile,0.6,39.019645504715804
29,2026-10-03,3,2026-10-24,wk inc flu hosp,quantile,0.6,77.72720406516235
30,2026-10-03,3,2026-10-24,wk inc flu hosp,quantile,0.6,35.54935851568109
31,2026-10-03,3,2026-10-24,wk inc flu hosp,quantile,0.6,5.70297266986994
32,2026-10-03,3,2026-10-24,wk inc flu hosp,quantile,0.6,63.983210528855146
33,2026-10-03,3,2026-10-24,wk inc flu hosp,quantile,0.6,11.907045658440872
34,2026-10-03,3,2026-10-24,wk inc flu hosp,quantile,0.6,187.72375347163404
35,2026-10-03,3,2026-10-24,wk inc flu hosp,quantile,0.6,19.97693428745134
36,2026-10-03,3,2026-10-24,wk inc flu hosp,quantile,0.6,247.3635494436506
37,2026-10-03,3,2026-10-24,wk inc flu hosp,quantile,0.6,122.97656049440788
38,2026-10-03,3,2026-10-24,wk inc flu hosp,quantile,0.6,8.156242959636895
39,2026-10-03,3,2026-10-24,wk inc flu hosp,quantile,0.6,86.5997051098297
40,2026-10-03,3,2026-10-24,wk inc flu hosp,quantile,0.6,34.14012313944718
41,2026-10-03,3,2026-10-24,wk inc flu hosp,quantile,0.6,57.47300285600283
42,2026-10-03,3,2026-10-24,wk inc flu hosp,quantile,0.6,301.64262647903433
44,2026-10-03,3,2026-10-24,wk inc flu hosp,quantile,0.6,7.183595759926068
45,2026-10-03,3,2026-10-24,wk inc flu hosp,quantile,0.6,66.99043924043802
46,2026-10-03,3,2026-10-24,wk inc flu hosp,quantile,0.6,4.331551825417944
47,2026-10-03,3,2026-10-24,wk inc flu hosp,quantile,0.6,112.25295830809236
48,2026-10-03,3,2026-10-24,wk inc flu hosp,quantile,0.6,463.4469381172326
49,2026-10-03,3,2026-10-24,wk inc flu hosp,quantile,0.6,23.586908343912597
50,2026-10-03,3,2026-10-24,wk inc flu hosp,quantile,0.6,5.645727716433319
51,2026-10-03,3,2026-10-24,wk inc flu hosp,quantile,0.6,86.499636737589
53,2026-10-03,3,2026-10-24,wk inc flu hosp,quantile,0.6,136.68955430998292
54,2026-10-03,3,2026-10-24,wk inc flu hosp,quantile,0.6,14.064010481818116
55,2026-10-03,3,2026-10-24,wk inc flu hosp,quantile,0.6,47.00446123579628
56,2026-10-03,3,2026-10-24,wk inc flu hosp,quantile,0.6,5.195658278119076
72,2026-10-03,3,2026-10-24,wk inc flu hosp,quantile,0.6,120.82177557401957
US,2026-10-03,3,2026-10-24,wk inc flu hosp,quantile,0.6,5334.024169873468
01,2026-10-03,0,2026-10-03,wk inc flu hosp,quantile,0.65,41.773250318584175
02,2026-10-03,0,2026-10-03,wk inc flu hosp,quantile,0.65,18.256590148121173
04,2026-10-03,0,2026-10-03,wk inc flu hosp,quantile,0.65,38.79640585329614
05,2026-10-03,0,2026-10-03,wk inc flu hosp,quantile,0.65,15.494674403995383
06,2026-10-03,0,2026-10-03,wk inc flu hosp,quantile,0.65,454.07895698520474
08,2026-10-03,0,2026-10-03,wk inc flu hosp,quantile,0.65,38.21770300162237
09,2026-10-03,0,2026-10-03,wk inc flu hosp,quantile,0.65,14.27516241154982
10,2026-10-03,0,2026-10-03,wk inc flu hosp,quantile,0.65,1.204305713874229
11,2026-10-03,0,2026-10-03,wk inc flu hosp,quantile,0.65,4.983589931468159
12,2026-10-03,0,2026-10-03,wk inc flu hosp,quantile,0.65,495.6293167787456
13,2026-10-03,0,2026-10-03,wk inc flu hosp,quantile,0.65,35.370476029174164
15,2026-10-03,0,2026-10-03,wk inc flu hosp,quantile,0.65,28.035927640690534
16,2026-10-03,0,2026-10-03,wk inc flu hosp,quantile,0.65,16.359721403643025
17,2026-10-03,0,2026-10-03,wk inc flu hosp,quantile,0.65,83.0313436825851
18,2026-10-03,0,2026-10-03,wk inc flu hosp,quantile,0.65,49.81463015586454
19,2026-10-03,0,2026-10-03,wk inc flu hosp,quantile,0.65,8.928277802454422
20,2026-10-03,0,2026-10-03,wk inc flu hosp,quantile,0.65,9.269732368923588
21,2026-10-03,0,2026-10-03,wk inc flu hosp,quantile,0.65,12.77108328371378
22,2026-10-03,0,2026-10-03,wk inc flu hosp,quantile,0.65,60.257273838801176
23,2026-10-03,0,2026-10-03,wk inc flu hosp,quantile,0.65,6.289944997218754
24,2026-10-03,0,2026-10-03,wk inc flu hosp,quantile,0.65,24.364312972127642
25,2026-10-03,0,2026-10-03,wk inc flu hosp,quantile,0.65,19.687257993937827
26,2026-10-03,0,2026-10-03,wk inc flu hosp,quantile,0.65,61.59620349048331
27,2026-10-03,0,2026-10-03,wk inc flu hosp,quantile,0.65,30.55760854875627
28,2026-10-03,0,2026-10-03,wk inc flu hosp,quantile,0.65,30.16532891648143
29,2026-10-03,0,2026-10-03,wk inc flu hosp,quantile,0.65,46.512108210902056
30,2026-10-03,0,2026-10-03,wk inc flu hosp,quantile,0.65,36.19250082862459
31,2026-10-03,0,2026-10-03,wk inc flu hosp,quantile,0.65,2.9183149480219144
32,2026-10-03,0,2026-10-03,wk inc flu hosp,quantile,0.65,55.376282180319365
33,2026-10-03,0,2026-10-03,wk inc flu hosp,quantile,0.65,7.9039764969530735
34,2026-10-03,0,2026-10-03,wk inc flu hosp,quantile,0.65,120.63011293251675
35,2026-10-03,0,2026-10-03,wk inc flu hosp,quantile,0.65,13.692640747056734
36,2026-10-03,0,2026-10-03,wk inc flu hosp,quantile,0.65,133.33900886782465
37,2026-10-03,0,2026-10-03,wk inc flu hosp,quantile,0.65,75.31255955494348
38,2026-10-03,0,2026-10-03,wk inc flu hosp,quantile,0.65,6.583829494345069
39,2026-10-03,0,2026-10-03,wk inc flu hosp,quantile,0.65,59.90173816394324
40,2026-10-03,0,2026-10-03,wk inc flu hosp,quantile,0.65,18.053169539770835
41,2026-10-03,0,2026-10-03,wk inc flu hosp,quantile,0.65,42.47354048675009
42,2026-10-03,0,2026-10-03,wk inc flu hosp,quantile,0.65,221.9032351202233
44,2026-10-03,0,2026-10-03,wk inc flu hosp,quantile,0.65,5.086969201624982
45,2026-10-03,0,2026-10-03,wk inc flu hosp,quantile,0.65,43.68893307629075
46,2026-10-03,0,2026-10-03,wk inc flu hosp,quantile,0.65,2.1147732432921464
47,2026-10-03,0,2026-10-03,wk inc flu hosp,quantile,0.65,83.69140459914992
48,2026-10-03,0,2026-10-03,wk inc flu hosp,quantile,0.65,329.3559096985012
49,2026-10-03,0,2026-10-03,wk inc flu hosp,quantile,0.65,21.51869141141521
50,2026-10-03,0,2026-10-03,wk inc flu hosp,quantile,0.65,4.470657658276867
51,2026-10-03,0,2026-10-03,wk inc flu hosp,quantile,0.65,57.52084121062456
53,2026-10-03,0,2026-10-03,wk inc flu hosp,quantile,0.65,125.26991435194975
54,2026-10-03,0,2026-10-03,wk inc flu hosp,quantile,0.65,7.01878492289261
55,2026-10-03,0,2026-10-03,wk inc flu hosp,quantile,0.65,35.28424913508276
56,2026-10-03,0,2026-10-03,wk inc flu hosp,quantile,0.65,3.937987606301813
72,2026-10-03,0,2026-10-03,wk inc flu hosp,quantile,0.65,115.35186094827667
US,2026-10-03,0,2026-10-03,wk inc flu hosp,quantile,0.65,3299.9210960017426
01,2026-10-03,1,2026-10-10,wk inc flu hosp,quantile,0.65,49.30800576592224
02,2026-10-03,1,2026-10-10,wk inc flu hosp,quantile,0.65,18.14680613330661
04,2026-10-03,1,2026-10-10,wk inc flu hosp,quantile,0.65,50.92211229535357
05,2026-10-03,1,2026-10-10,wk inc flu hosp,quantile,0.65,19.564556701594455
06,2026-10-03,1,2026-10-10,wk inc flu hosp,quantile,0.65,515.5724088225265
08,2026-10-03,1,2026-10-10,wk inc flu hosp,quantile,0.65,49.71396033716029
09,2026-10-03,1,2026-10-10,wk inc flu hosp,quantile,0.65,19.696444406184384
10,2026-10-03,1,2026-10-10,wk inc flu hosp,quantile,0.65,2.275336115835848
11,2026-10-03,1,2026-10-10,wk inc flu hosp,quantile,0.65,6.0914372855090955
12,2026-10-03,1,2026-10-10,wk inc flu hosp,quantile,0.65,552.0413871370574
13,2026-10-03,1,2026-10-10,wk inc flu hosp,quantile,0.65,47.20570443644977
15,2026-10-03,1,2026-10-10,wk inc flu hosp,quantile,0.65,29.194407714532684
16,2026-10-03,1,2026-10-10,wk inc flu hosp,quantile,0.65,19.63967808011956
17,2026-10-03,1,2026-10-10,wk inc flu hosp,quantile,0.65,103.86651986370647
18,2026-10-03,1,2026-10-10,wk inc flu hosp,quantile,0.65,66.55888305298699
19,2026-10-03,1,2026-10-10,wk inc flu hosp,quantile,0.65,11.159924214318476
20,2026-10-03,1,2026-10-10,wk inc flu hosp,quantile,0.65,12.592326904962263
21,2026-10-03,1,2026-10-10,wk inc flu hosp,quantile,0.65,16.589152688895638
22,2026-10-03,1,2026-10-10,wk inc flu hosp,quantile,0.65,68.2058726679182
23,2026-10-03,1,2026-10-10,wk inc flu hosp,quantile,0.65,7.890169953713859
24,2026-10-03,1,2026-10-10,wk inc flu hosp,quantile,0.65,30.007730787192738
25,2026-10-03,1,2026-10-10,wk inc flu hosp,quantile,0.65,32.24278637938637
26,2026-10-03,1,2026-10-10,wk inc flu hosp,quantile,0.65,80.81792477085548
27,2026-10-03,1,2026-10-10,wk inc flu hosp,quantile,0.65,38.57485560397235
28,2026-10-03,1,2026-10-10,wk inc flu hosp,quantile,0.65,34.794655184591825
29,2026-10-03,1,2026-10-10,wk inc flu hosp,quantile,0.65,59.34421461532387
30,2026-10-03,1,2026-10-10,wk inc flu hosp,quantile,0.65,38.35342809804456
31,2026-10-03,1,2026-10-10,wk inc flu hosp,quantile,0.65,4.144693899132322
32,2026-10-03,1,2026-10-10,wk inc flu hosp,quantile,0.65,62.775428220093296
33,2026-10-03,1,2026-10-10,wk inc flu hosp,quantile,0.65,10.157938420204589
34,2026-10-03,1,2026-10-10,wk inc flu hosp,quantile,0.65,155.64818318172476
35,2026-10-03,1,2026-10-10,wk inc flu hosp,quantile,0.65,17.048652923499706
36,2026-10-03,1,2026-10-10,wk inc flu hosp,quantile,0.65,180.92725750409753
37,2026-10-03,1,2026-10-10,wk inc flu hosp,quantile,0.65,98.41607859417671
38,2026-10-03,1,2026-10-10,wk inc flu hosp,quantile,0.65,7.762868768388031
39,2026-10-03,1,2026-10-10,wk inc flu hosp,quantile,0.65,75.29492238687085
40,2026-10-03,1,2026-10-10,wk inc flu hosp,quantile,0.65,26.32215568711753
41,2026-10-03,1,2026-10-10,wk inc flu hosp,quantile,0.65,51.85735761946199
42,2026-10-03,1,2026-10-10,wk inc flu hosp,quantile,0.65,264.9991967431918
44,2026-10-03,1,2026-10-10,wk inc flu hosp,quantile,0.65,6.148079954065861
45,2026-10-03,1,2026-10-10,wk inc flu hosp,quantile,0.65,55.005818000733655
46,2026-10-03,1,2026-10-10,wk inc flu hosp,quantile,0.65,3.3668113926690624
47,2026-10-03,1,2026-10-10,wk inc flu hosp,quantile,0.65,98.42891846482087
48,2026-10-03,1,2026-10-10,wk inc flu hosp,quantile,0.65,400.4895501102929
49,2026-10-03,1,2026-10-10,wk inc flu hosp,quantile,0.65,23.334306472539236
50,2026-10-03,1,2026-10-10,wk inc flu hosp,quantile,0.65,5.305820909928111
51,2026-10-03,1,2026-10-10,wk inc flu hosp,quantile,0.65,73.39155094144603
53,2026-10-03,1,2026-10-10,wk inc flu hosp,quantile,0.65,137.92932602729118
54,2026-10-03,1,2026-10-10,wk inc flu hosp,quantile,0.65,10.82269711218056
55,2026-10-03,1,2026-10-10,wk inc flu hosp,quantile,0.65,39.66952551707463
56,2026-10-03,1,2026-10-10,wk inc flu hosp,quantile,0.65,4.657494093287182
72,2026-10-03,1,2026-10-10,wk inc flu hosp,quantile,0.65,121.12823690578965
US,2026-10-03,1,2026-10-10,wk inc flu hosp,quantile,0.65,4118.9775292545255
01,2026-10-03,2,2026-10-17,wk inc flu hosp,quantile,0.65,57.38443912991365
02,2026-10-03,2,2026-10-17,wk inc flu hosp,quantile,0.65,18.174015479643952
04,2026-10-03,2,2026-10-17,wk inc flu hosp,quantile,0.65,61.87593537484764
05,2026-10-03,2,2026-10-17,wk inc flu hosp,quantile,0.65,23.490842632110784
06,2026-10-03,2,2026-10-17,wk inc flu hosp,quantile,0.65,571.7078293804344
08,2026-10-03,2,2026-10-17,wk inc flu hosp,quantile,0.65,61.11431723398666
09,2026-10-03,2,2026-10-17,wk inc flu hosp,quantile,0.65,25.233062008108618
10,2026-10-03,2,2026-10-17,wk inc flu hosp,quantile,0.65,3.176252271441005
11,2026-10-03,2,2026-10-17,wk inc flu hosp,quantile,0.65,7.5130566789823785
12,2026-10-03,2,2026-10-17,wk inc flu hosp,quantile,0.65,587.1878338735515
13,2026-10-03,2,2026-10-17,wk inc flu hosp,quantile,0.65,57.30139487377056
15,2026-10-03,2,2026-10-17,wk inc flu hosp,quantile,0.65,29.46502557956432
16,2026-10-03,2,2026-10-17,wk inc flu hosp,quantile,0.65,22.121046755168912
17,2026-10-03,2,2026-10-17,wk inc flu hosp,quantile,0.65,122.75521080499189
18,2026-10-03,2,2026-10-17,wk inc flu hosp,quantile,0.65,82.01018788827007
19,2026-10-03,2,2026-10-17,wk inc flu hosp,quantile,0.65,14.988255611646629
20,2026-10-03,2,2026-10-17,wk inc flu hosp,quantile,0.65,15.89144049090936
21,2026-10-03,2,2026-10-17,wk inc flu hosp,quantile,0.65,21.531492126532417
22,2026-10-03,2,2026-10-17,wk inc flu hosp,quantile,0.65,73.69672958963321
23,2026-10-03,2,2026-10-17,wk inc flu hosp,quantile,0.65,10.41166895940701
24,2026-10-03,2,2026-10-17,wk inc flu hosp,quantile,0.65,36.149622134367775
25,2026-10-03,2,2026-10-17,wk inc flu hosp,quantile,0.65,46.30048810938968
26,2026-10-03,2,2026-10-17,wk inc flu hosp,quantile,0.65,100.28947699957052
27,2026-10-03,2,2026-10-17,wk inc flu hosp,quantile,0.65,46.65708193751247
28,2026-10-03,2,2026-10-17,wk inc flu hosp,quantile,0.65,39.15766806289614
29,2026-10-03,2,2026-10-17,wk inc flu hosp,quantile,0.65,75.01904190569591
30,2026-10-03,2,2026-10-17,wk inc flu hosp,quantile,0.65,38.36666707355033
31,2026-10-03,2,2026-10-17,wk inc flu hosp,quantile,0.65,5.569779048736808
32,2026-10-03,2,2026-10-17,wk inc flu hosp,quantile,0.65,69.21781999558182
33,2026-10-03,2,2026-10-17,wk inc flu hosp,quantile,0.65,12.353714475034225
34,2026-10-03,2,2026-10-17,wk inc flu hosp,quantile,0.65,186.33396721012886
35,2026-10-03,2,2026-10-17,wk inc flu hosp,quantile,0.65,20.384980628100777
36,2026-10-03,2,2026-10-17,wk inc flu hosp,quantile,0.65,230.90296112559852
37,2026-10-03,2,2026-10-17,wk inc flu hosp,quantile,0.65,118.59068058361107
38,2026-10-03,2,2026-10-17,wk inc flu hosp,quantile,0.65,8.458614442250662
39,2026-10-03,2,2026-10-17,wk inc flu hosp,quantile,0.65,90.67294340490481
40,2026-10-03,2,2026-10-17,wk inc flu hosp,quantile,0.65,32.12582551973038
41,2026-10-03,2,2026-10-17,wk inc flu hosp,quantile,0.65,59.966890929539865
42,2026-10-03,2,2026-10-17,wk inc flu hosp,quantile,0.65,297.46894232281386
44,2026-10-03,2,2026-10-17,wk inc flu hosp,quantile,0.65,7.367469800378502
45,2026-10-03,2,2026-10-17,wk inc flu hosp,quantile,0.65,66.16208350144109
46,2026-10-03,2,2026-10-17,wk inc flu hosp,quantile,0.65,4.321895702668832
47,2026-10-03,2,2026-10-17,wk inc flu hosp,quantile,0.65,113.0539339291769
48,2026-10-03,2,2026-10-17,wk inc flu hosp,quantile,0.65,453.46203232684337
49,2026-10-03,2,2026-10-17,wk inc flu hosp,quantile,0.65,24.78634702413519
50,2026-10-03,2,2026-10-17,wk inc flu hosp,quantile,0.65,5.707619591290406
51,2026-10-03,2,2026-10-17,wk inc flu hosp,quantile,0.65,86.52123043740694
53,2026-10-03,2,2026-10-17,wk inc flu hosp,quantile,0.65,143.94219039135163
54,2026-10-03,2,2026-10-17,wk inc flu hosp,quantile,0.65,13.348034678118117
55,2026-10-03,2,2026-10-17,wk inc flu hosp,quantile,0.65,46.247957928484055
56,2026-10-03,2,2026-10-17,wk inc flu hosp,quantile,0.65,5.240768118098338
72,2026-10-03,2,2026-10-17,wk inc flu hosp,quantile,0.65,124.83023717711872
US,2026-10-03,2,2026-10-17,wk inc flu hosp,quantile,0.65,4930.1403666919205
01,2026-10-03,3,2026-10-24,wk inc flu hosp,quantile,0.65,64.76110093932242
02,2026-10-03,3,2026-10-24,wk inc flu hosp,quantile,0.65,17.619245295525044
04,2026-10-03,3,2026-10-24,wk inc flu hosp,quantile,0.65,71.37689575536436
05,2026-10-03,3,2026-10-24,wk inc flu hosp,quantile,0.65,27.432699184293373
06,2026-10-03,3,2026-10-24,wk inc flu hosp,quantile,0.65,604.7318826021818
08,2026-10-03,3,2026-10-24,wk inc flu hosp,quantile,0.65,70.54889538800523
09,2026-10-03,3,2026-10-24,wk inc flu hosp,quantile,0.65,31.32822092888189
10,2026-10-03,3,2026-10-24,wk inc flu hosp,quantile,0.65,4.2610114600058635
11,2026-10-03,3,2026-10-24,wk inc flu hosp,quantile,0.65,8.459203703198654
12,2026-10-03,3,2026-10-24,wk inc flu hosp,quantile,0.65,624.4864322008
13,2026-10-03,3,2026-10-24,wk inc flu hosp,quantile,0.65,67.35130450209846
15,2026-10-03,3,2026-10-24,wk inc flu hosp,quantile,0.65,29.87406693475442
16,2026-10-03,3,2026-10-24,wk inc flu hosp,quantile,0.65,24.546351565445427
17,2026-10-03,3,2026-10-24,wk inc flu hosp,quantile,0.65,135.81723350386756
18,2026-10-03,3,2026-10-24,wk inc flu hosp,quantile,0.65,97.29728273107877
19,2026-10-03,3,2026-10-24,wk inc flu hosp,quantile,0.65,18.60500842141683
20,2026-10-03,3,2026-10-24,wk inc flu hosp,quantile,0.65,19.8222149021087
21,2026-10-03,3,2026-10-24,wk inc flu hosp,quantile,0.65,29.5469407334588
22,2026-10-03,3,2026-10-24,wk inc flu hosp,quantile,0.65,81.84796473102843
23,2026-10-03,3,2026-10-24,wk inc flu hosp,quantile,0.65,11.895806950367394
24,2026-10-03,3,2026-10-24,wk inc flu hosp,quantile,0.65,43.43807577842503
25,2026-10-03,3,2026-10-24,wk inc flu hosp,quantile,0.65,60.999369764844616
26,2026-10-03,3,2026-10-24,wk inc flu hosp,quantile,0.65,119.77799831897683
27,2026-10-03,3,2026-10-24,wk inc flu hosp,quantile,0.65,53.8741229782609
28,2026-10-03,3,2026-10-24,wk inc flu hosp,quantile,0.65,43.40400096607272
29,2026-10-03,3,2026-10-24,wk inc flu hosp,quantile,0.65,89.10403956285685
30,2026-10-03,3,2026-10-24,wk inc flu hosp,quantile,0.65,39.05211122842401
31,2026-10-03,3,2026-10-24,wk inc flu hosp,quantile,0.65,7.253973384611339
32,2026-10-03,3,2026-10-24,wk inc flu hosp,quantile,0.65,71.43255009790656
33,2026-10-03,3,2026-10-24,wk inc flu hosp,quantile,0.65,14.002231054991405
34,2026-10-03,3,2026-10-24,wk inc flu hosp,quantile,0.65,210.3156828427116
35,2026-10-03,3,2026-10-24,wk inc flu hosp,quantile,0.65,22.96115884819836
36,2026-10-03,3,2026-10-24,wk inc flu hosp,quantile,0.65,274.209916774042
37,2026-10-03,3,2026-10-24,wk inc flu hosp,quantile,0.65,141.01053369928644
38,2026-10-03,3,2026-10-24,wk inc flu hosp,quantile,0.65,9.283305287228815
39,2026-10-03,3,2026-10-24,wk inc flu hosp,quantile,0.65,102.94157528444646
40,2026-10-03,3,2026-10-24,wk inc flu hosp,quantile,0.65,39.07880266507074
41,2026-10-03,3,2026-10-24,wk inc flu hosp,quantile,0.65,64.47615293484442
42,2026-10-03,3,2026-10-24,wk inc flu hosp,quantile,0.65,332.6371922397211
44,2026-10-03,3,2026-10-24,wk inc flu hosp,quantile,0.65,8.300060714078759
45,2026-10-03,3,2026-10-24,wk inc flu hosp,quantile,0.65,76.2150775905375
46,2026-10-03,3,2026-10-24,wk inc flu hosp,quantile,0.65,5.206423632383263
47,2026-10-03,3,2026-10-24,wk inc flu hosp,quantile,0.65,124.53317525240384
48,2026-10-03,3,2026-10-24,wk inc flu hosp,quantile,0.65,499.8576354030603
49,2026-10-03,3,2026-10-24,wk inc flu hosp,quantile,0.65,26.710218962048497
50,2026-10-03,3,2026-10-24,wk inc flu hosp,quantile,0.65,6.401398744569975
51,2026-10-03,3,2026-10-24,wk inc flu hosp,quantile,0.65,97.52946015020821
53,2026-10-03,3,2026-10-24,wk inc flu hosp,quantile,0.65,149.15801526111116
54,2026-10-03,3,2026-10-24,wk inc flu hosp,quantile,0.65,16.69113816194047
55,2026-10-03,3,2026-10-24,wk inc flu hosp,quantile,0.65,53.99616794308283
56,2026-10-03,3,2026-10-24,wk inc flu hosp,quantile,0.65,6.199660692008995
72,2026-10-03,3,2026-10-24,wk inc flu hosp,quantile,0.65,129.17970840797008
US,2026-10-03,3,2026-10-24,wk inc flu hosp,quantile,0.65,5776.776516093358
01,2026-10-03,0,2026-10-03,wk inc flu hosp,quantile,0.7,44.060393342774596
02,2026-10-03,0,2026-10-03,wk inc flu hosp,quantile,0.7,19.30552968404299
04,2026-10-03,0,2026-10-03,wk inc flu hosp,quantile,0.7,42.089338706167766
05,2026-10-03,0,2026-10-03,wk inc flu hosp,quantile,0.7,16.768587195192968
06,2026-10-03,0,2026-10-03,wk inc flu hosp,quantile,0.7,466.57109444265313
08,2026-10-03,0,2026-10-03,wk inc flu hosp,quantile,0.7,40.655499825319104
09,2026-10-03,0,2026-10-03,wk inc flu hosp,quantile,0.7,15.707852127902383
10,2026-10-03,0,2026-10-03,wk inc flu hosp,quantile,0.7,1.5524044476954464
11,2026-10-03,0,2026-10-03,wk inc flu hosp,quantile,0.7,5.484628720590603
12,2026-10-03,0,2026-10-03,wk inc flu hosp,quantile,0.7,508.8073002515315
13,2026-10-03,0,2026-10-03,wk inc flu hosp,quantile,0.7,38.297166117666286
15,2026-10-03,0,2026-10-03,wk inc flu hosp,quantile,0.7,29.37975129517667
16,2026-10-03,0,2026-10-03,wk inc flu hosp,quantile,0.7,17.650906056497682
17,2026-10-03,0,2026-10-03,wk inc flu hosp,quantile,0.7,87.9340689795428
18,2026-10-03,0,2026-10-03,wk inc flu hosp,quantile,0.7,52.39962095550985
19,2026-10-03,0,2026-10-03,wk inc flu hosp,quantile,0.7,9.787633539376127
20,2026-10-03,0,2026-10-03,wk inc flu hosp,quantile,0.7,10.12557666019545
21,2026-10-03,0,2026-10-03,wk inc flu hosp,quantile,0.7,13.916849245702698
22,2026-10-03,0,2026-10-03,wk inc flu hosp,quantile,0.7,63.44533861573153
23,2026-10-03,0,2026-10-03,wk inc flu hosp,quantile,0.7,7.068365169148706
24,2026-10-03,0,2026-10-03,wk inc flu hosp,quantile,0.7,26.16330116443404
25,2026-10-03,0,2026-10-03,wk inc flu hosp,quantile,0.7,21.56159248721559
26,2026-10-03,0,2026-10-03,wk inc flu hosp,quantile,0.7,65.04984825625591
27,2026-10-03,0,2026-10-03,wk inc flu hosp,quantile,0.7,32.889029713563986
28,2026-10-03,0,2026-10-03,wk inc flu hosp,quantile,0.7,31.642012207279873
29,2026-10-03,0,2026-10-03,wk inc flu hosp,quantile,0.7,49.15799048513912
30,2026-10-03,0,2026-10-03,wk inc flu hosp,quantile,0.7,38.08528243681662
31,2026-10-03,0,2026-10-03,wk inc flu hosp,quantile,0.7,3.4548212915493806
32,2026-10-03,0,2026-10-03,wk inc flu hosp,quantile,0.7,57.59778666049387
33,2026-10-03,0,2026-10-03,wk inc flu hosp,quantile,0.7,8.40520113386545
34,2026-10-03,0,2026-10-03,wk inc flu hosp,quantile,0.7,126.35851437176987
35,2026-10-03,0,2026-10-03,wk inc flu hosp,quantile,0.7,14.861280024909822
36,2026-10-03,0,2026-10-03,wk inc flu hosp,quantile,0.7,138.77477191490914
37,2026-10-03,0,2026-10-03,wk inc flu hosp,quantile,0.7,79.32750691192548
38,2026-10-03,0,2026-10-03,wk inc flu hosp,quantile,0.7,7.1440402905987135
39,2026-10-03,0,2026-10-03,wk inc flu hosp,quantile,0.7,65.3565074282757
40,2026-10-03,0,2026-10-03,wk inc flu hosp,quantile,0.7,20.39525022658768
41,2026-10-03,0,2026-10-03,wk inc flu hosp,quantile,0.7,44.68375192704322
42,2026-10-03,0,2026-10-03,wk inc flu hosp,quantile,0.7,230.2346766002223
44,2026-10-03,0,2026-10-03,wk inc flu hosp,quantile,0.7,5.675469685810681
45,2026-10-03,0,2026-10-03,wk inc flu hosp,quantile,0.7,46.14711626362856
46,2026-10-03,0,2026-10-03,wk inc flu hosp,quantile,0.7,2.538505864069147
47,2026-10-03,0,2026-10-03,wk inc flu hosp,quantile,0.7,87.94348144388704
48,2026-10-03,0,2026-10-03,wk inc flu hosp,quantile,0.7,340.15150991791523
49,2026-10-03,0,2026-10-03,wk inc flu hosp,quantile,0.7,22.62674475272013
50,2026-10-03,0,2026-10-03,wk inc flu hosp,quantile,0.7,4.837284805248277
51,2026-10-03,0,2026-10-03,wk inc flu hosp,quantile,0.7,60.17341707251448
53,2026-10-03,0,2026-10-03,wk inc flu hosp,quantile,0.7,129.22942870997295
54,2026-10-03,0,2026-10-03,wk inc flu hosp,quantile,0.7,7.942215563802895
55,2026-10-03,0,2026-10-03,wk inc flu hosp,quantile,0.7,37.3342665430464
56,2026-10-03,0,2026-10-03,wk inc flu hosp,quantile,0.7,4.443734165954281
72,2026-10-03,0,2026-10-03,wk inc flu hosp,quantile,0.7,120.57057779930635
US,2026-10-03,0,2026-10-03,wk inc flu hosp,quantile,0.7,3380.434032437176
01,2026-10-03,1,2026-10-10,wk inc flu hosp,quantile,0.7,54.603354098291575
02,2026-10-03,1,2026-10-10,wk inc flu hosp,quantile,0.7,19.616380779625786
04,2026-10-03,1,2026-10-10,wk inc flu hosp,quantile,0.7,56.44974237908263
05,2026-10-03,1,2026-10-10,wk inc flu hosp,quantile,0.7,21.815886960841873
06,2026-10-03,1,2026-10-10,wk inc flu hosp,quantile,0.7,540.9958307771292
08,2026-10-03,1,2026-10-10,wk inc flu hosp,quantile,0.7,54.57707253215
09,2026-10-03,1,2026-10-10,wk inc flu hosp,quantile,0.7,22.582988697694248
10,2026-10-03,1,2026-10-10,wk inc flu hosp,quantile,0.7,2.892180124786181
11,2026-10-03,1,2026-10-10,wk inc flu hosp,quantile,0.7,7.012706699364244
12,2026-10-03,1,2026-10-10,wk inc flu hosp,quantile,0.7,575.3210231178426
13,2026-10-03,1,2026-10-10,wk inc flu hosp,quantile,0.7,52.76388811655231
15,2026-10-03,1,2026-10-10,wk inc flu hosp,quantile,0.7,30.658912415209823
16,2026-10-03,1,2026-10-10,wk inc flu hosp,quantile,0.7,21.845235097225075
17,2026-10-03,1,2026-10-10,wk inc flu hosp,quantile,0.7,113.96610721160401
18,2026-10-03,1,2026-10-10,wk inc flu hosp,quantile,0.7,72.22002258706091
19,2026-10-03,1,2026-10-10,wk inc flu hosp,quantile,0.7,13.144173477876189
20,2026-10-03,1,2026-10-10,wk inc flu hosp,quantile,0.7,14.350629645309196
21,2026-10-03,1,2026-10-10,wk inc flu hosp,quantile,0.7,19.766610515977092
22,2026-10-03,1,2026-10-10,wk inc flu hosp,quantile,0.7,73.69309351807686
23,2026-10-03,1,2026-10-10,wk inc flu hosp,quantile,0.7,9.339829443788881
24,2026-10-03,1,2026-10-10,wk inc flu hosp,quantile,0.7,34.00680781419949
25,2026-10-03,1,2026-10-10,wk inc flu hosp,quantile,0.7,36.36372807480784
26,2026-10-03,1,2026-10-10,wk inc flu hosp,quantile,0.7,88.58804275293961
27,2026-10-03,1,2026-10-10,wk inc flu hosp,quantile,0.7,43.50635087100475
28,2026-10-03,1,2026-10-10,wk inc flu hosp,quantile,0.7,37.41077944550477
29,2026-10-03,1,2026-10-10,wk inc flu hosp,quantile,0.7,64.46156391729241
30,2026-10-03,1,2026-10-10,wk inc flu hosp,quantile,0.7,41.15005203655288
31,2026-10-03,1,2026-10-10,wk inc flu hosp,quantile,0.7,5.015986913367079
32,2026-10-03,1,2026-10-10,wk inc flu hosp,quantile,0.7,67.166660664105
33,2026-10-03,1,2026-10-10,wk inc flu hosp,quantile,0.7,11.487902427005277
34,2026-10-03,1,2026-10-10,wk inc flu hosp,quantile,0.7,167.7120181758127
35,2026-10-03,1,2026-10-10,wk inc flu hosp,quantile,0.7,19.47631797852881
36,2026-10-03,1,2026-10-10,wk inc flu hosp,quantile,0.7,194.09426628192932
37,2026-10-03,1,2026-10-10,wk inc flu hosp,quantile,0.7,107.25750033494572
38,2026-10-03,1,2026-10-10,wk inc flu hosp,quantile,0.7,8.773744895783139
39,2026-10-03,1,2026-10-10,wk inc flu hosp,quantile,0.7,85.84857963411586
40,2026-10-03,1,2026-10-10,wk inc flu hosp,quantile,0.7,29.67260907257712
41,2026-10-03,1,2026-10-10,wk inc flu hosp,quantile,0.7,55.88751514218048
42,2026-10-03,1,2026-10-10,wk inc flu hosp,quantile,0.7,284.5625036468539
44,2026-10-03,1,2026-10-10,wk inc flu hosp,quantile,0.7,7.085147869140293
45,2026-10-03,1,2026-10-10,wk inc flu hosp,quantile,0.7,60.46694774942827
46,2026-10-03,1,2026-10-10,wk inc flu hosp,quantile,0.7,4.041891894801237
47,2026-10-03,1,2026-10-10,wk inc flu hosp,quantile,0.7,105.35277075854896
48,2026-10-03,1,2026-10-10,wk inc flu hosp,quantile,0.7,420.65513445061407
49,2026-10-03,1,2026-10-10,wk inc flu hosp,quantile,0.7,25.470584845757585
50,2026-10-03,1,2026-10-10,wk inc flu hosp,quantile,0.7,5.876539093164464
51,2026-10-03,1,2026-10-10,wk inc flu hosp,quantile,0.7,79.75955662411928
53,2026-10-03,1,2026-10-10,wk inc flu hosp,quantile,0.7,145.93247235183316
54,2026-10-03,1,2026-10-10,wk inc flu hosp,quantile,0.7,12.381469578097716
55,2026-10-03,1,2026-10-10,wk inc flu hosp,quantile,0.7,43.72940859721721
56,2026-10-03,1,2026-10-10,wk inc flu hosp,quantile,0.7,5.337979332188988
72,2026-10-03,1,2026-10-10,wk inc flu hosp,quantile,0.7,127.68136912191942
US,2026-10-03,1,2026-10-10,wk inc flu hosp,quantile,0.7,4345.274959329721
01,2026-10-03,2,2026-10-17,wk inc flu hosp,quantile,0.7,65.08306437760484
02,2026-10-03,2,2026-10-17,wk inc flu hosp,quantile,0.7,19.785449493722368
04,2026-10-03,2,2026-10-17,wk inc flu hosp,quantile,0.7,71.22402474069746
05,2026-10-03,2,2026-10-17,wk inc flu hosp,quantile,0.7,26.687909607429543
06,2026-10-03,2,2026-10-17,wk inc flu hosp,quantile,0.7,614.8759418750988
08,2026-10-03,2,2026-10-17,wk inc flu hosp,quantile,0.7,67.90645123293625
09,2026-10-03,2,2026-10-17,wk inc flu hosp,quantile,0.7,29.058462921204857
10,2026-10-03,2,2026-10-17,wk inc flu hosp,quantile,0.7,4.155186347205277
11,2026-10-03,2,2026-10-17,wk inc flu hosp,quantile,0.7,8.713432592761121
12,2026-10-03,2,2026-10-17,wk inc flu hosp,quantile,0.7,627.2529420142097
13,2026-10-03,2,2026-10-17,wk inc flu hosp,quantile,0.7,66.71700777855452
15,2026-10-03,2,2026-10-17,wk inc flu hosp,quantile,0.7,31.51790145059946
16,2026-10-03,2,2026-10-17,wk inc flu hosp,quantile,0.7,24.9782157307203
17,2026-10-03,2,2026-10-17,wk inc flu hosp,quantile,0.7,137.13708097171906
18,2026-10-03,2,2026-10-17,wk inc flu hosp,quantile,0.7,92.0179047350187
19,2026-10-03,2,2026-10-17,wk inc flu hosp,quantile,0.7,18.158759541986935
20,2026-10-03,2,2026-10-17,wk inc flu hosp,quantile,0.7,18.84510194333533
21,2026-10-03,2,2026-10-17,wk inc flu hosp,quantile,0.7,25.490898771740078
22,2026-10-03,2,2026-10-17,wk inc flu hosp,quantile,0.7,80.41858963149294
23,2026-10-03,2,2026-10-17,wk inc flu hosp,quantile,0.7,11.849849161045503
24,2026-10-03,2,2026-10-17,wk inc flu hosp,quantile,0.7,41.35542668846293
25,2026-10-03,2,2026-10-17,wk inc flu hosp,quantile,0.7,52.71053357783128
26,2026-10-03,2,2026-10-17,wk inc flu hosp,quantile,0.7,112.8265827813529
27,2026-10-03,2,2026-10-17,wk inc flu hosp,quantile,0.7,54.01543355041301
28,2026-10-03,2,2026-10-17,wk inc flu hosp,quantile,0.7,43.893178801069325
29,2026-10-03,2,2026-10-17,wk inc flu hosp,quantile,0.7,84.72804077654953
30,2026-10-03,2,2026-10-17,wk inc flu hosp,quantile,0.7,42.06582527991073
31,2026-10-03,2,2026-10-17,wk inc flu hosp,quantile,0.7,7.076231003678608
32,2026-10-03,2,2026-10-17,wk inc flu hosp,quantile,0.7,74.13212771326603
33,2026-10-03,2,2026-10-17,wk inc flu hosp,quantile,0.7,14.008672730398883
34,2026-10-03,2,2026-10-17,wk inc flu hosp,quantile,0.7,205.69851325516527
35,2026-10-03,2,2026-10-17,wk inc flu hosp,quantile,0.7,22.949846453305554
36,2026-10-03,2,2026-10-17,wk inc flu hosp,quantile,0.7,251.52672176249035
37,2026-10-03,2,2026-10-17,wk inc flu hosp,quantile,0.7,133.00852185991963
38,2026-10-03,2,2026-10-17,wk inc flu hosp,quantile,0.7,9.712542261019662
39,2026-10-03,2,2026-10-17,wk inc flu hosp,quantile,0.7,103.78152655028497
40,2026-10-03,2,2026-10-17,wk inc flu hosp,quantile,0.7,38.33482643311046
41,2026-10-03,2,2026-10-17,wk inc flu hosp,quantile,0.7,65.89565340845287
42,2026-10-03,2,2026-10-17,wk inc flu hosp,quantile,0.7,320.62822851886904
44,2026-10-03,2,2026-10-17,wk inc flu hosp,quantile,0.7,8.666591133214569
45,2026-10-03,2,2026-10-17,wk inc flu hosp,quantile,0.7,74.03474948076317
46,2026-10-03,2,2026-10-17,wk inc flu hosp,quantile,0.7,5.360618028797944
47,2026-10-03,2,2026-10-17,wk inc flu hosp,quantile,0.7,123.1618781231574
48,2026-10-03,2,2026-10-17,wk inc flu hosp,quantile,0.7,492.2888397876652
49,2026-10-03,2,2026-10-17,wk inc flu hosp,quantile,0.7,27.148401198649964
50,2026-10-03,2,2026-10-17,wk inc flu hosp,quantile,0.7,6.682882586073301
51,2026-10-03,2,2026-10-17,wk inc flu hosp,quantile,0.7,96.68255981049231
53,2026-10-03,2,2026-10-17,wk inc flu hosp,quantile,0.7,155.45675170335406
54,2026-10-03,2,2026-10-17,wk inc flu hosp,quantile,0.7,15.844192928225795
55,2026-10-03,2,2026-10-17,wk inc flu hosp,quantile,0.7,52.920275251381106
56,2026-10-03,2,2026-10-17,wk inc flu hosp,quantile,0.7,6.142701072515184
72,2026-10-03,2,2026-10-17,wk inc flu hosp,quantile,0.7,133.1352467041402
US,2026-10-03,2,2026-10-17,wk inc flu hosp,quantile,0.7,5276.411986924289
01,2026-10-03,3,2026-10-24,wk inc flu hosp,quantile,0.7,71.73635021631561
02,2026-10-03,3,2026-10-24,wk inc flu hosp,quantile,0.7,19.459072414206826
04,2026-10-03,3,2026-10-24,wk inc flu hosp,quantile,0.7,82.19434114218824
05,2026-10-03,3,2026-10-24,wk inc flu hosp,quantile,0.7,31.77098992058266
06,2026-10-03,3,2026-10-24,wk inc flu hosp,quantile,0.7,672.1356968361397
08,2026-10-03,3,2026-10-24,wk inc flu hosp,quantile,0.7,78.46441601067855
09,2026-10-03,3,2026-10-24,wk inc flu hosp,quantile,0.7,37.84880043176987
10,2026-10-03,3,2026-10-24,wk inc flu hosp,quantile,0.7,5.362275109249377
11,2026-10-03,3,2026-10-24,wk inc flu hosp,quantile,0.7,9.761021523269918
12,2026-10-03,3,2026-10-24,wk inc flu hosp,quantile,0.7,666.545356856866
13,2026-10-03,3,2026-10-24,wk inc flu hosp,quantile,0.7,78.29864619535935
15,2026-10-03,3,2026-10-24,wk inc flu hosp,quantile,0.7,32.42098049077366
16,2026-10-03,3,2026-10-24,wk inc flu hosp,quantile,0.7,27.992528324702526
17,2026-10-03,3,2026-10-24,wk inc flu hosp,quantile,0.7,158.2584246155476
18,2026-10-03,3,2026-10-24,wk inc flu hosp,quantile,0.7,109.31144159162837
19,2026-10-03,3,2026-10-24,wk inc flu hosp,quantile,0.7,22.662039975964
20,2026-10-03,3,2026-10-24,wk inc flu hosp,quantile,0.7,23.08618365513049
21,2026-10-03,3,2026-10-24,wk inc flu hosp,quantile,0.7,35.88848869023236
22,2026-10-03,3,2026-10-24,wk inc flu hosp,quantile,0.7,89.150761887002
23,2026-10-03,3,2026-10-24,wk inc flu hosp,quantile,0.7,13.8164523349462
24,2026-10-03,3,2026-10-24,wk inc flu hosp,quantile,0.7,50.0029063094913
25,2026-10-03,3,2026-10-24,wk inc flu hosp,quantile,0.7,71.44167280746284
26,2026-10-03,3,2026-10-24,wk inc flu hosp,quantile,0.7,137.56546152021193
27,2026-10-03,3,2026-10-24,wk inc flu hosp,quantile,0.7,63.6158956545052
28,2026-10-03,3,2026-10-24,wk inc flu hosp,quantile,0.7,48.79198488725867
29,2026-10-03,3,2026-10-24,wk inc flu hosp,quantile,0.7,102.18473551636282
30,2026-10-03,3,2026-10-24,wk inc flu hosp,quantile,0.7,42.92146303243122
31,2026-10-03,3,2026-10-24,wk inc flu hosp,quantile,0.7,9.241966871700821
32,2026-10-03,3,2026-10-24,wk inc flu hosp,quantile,0.7,78.83991246932217
33,2026-10-03,3,2026-10-24,wk inc flu hosp,quantile,0.7,16.304516359651952
34,2026-10-03,3,2026-10-24,wk inc flu hosp,quantile,0.7,233.9079515540275
35,2026-10-03,3,2026-10-24,wk inc flu hosp,quantile,0.7,26.186794243196086
36,2026-10-03,3,2026-10-24,wk inc flu hosp,quantile,0.7,308.72861739730394
37,2026-10-03,3,2026-10-24,wk inc flu hosp,quantile,0.7,160.63751075884676
38,2026-10-03,3,2026-10-24,wk inc flu hosp,quantile,0.7,10.64947793602323
39,2026-10-03,3,2026-10-24,wk inc flu hosp,quantile,0.7,121.8969887951027
40,2026-10-03,3,2026-10-24,wk inc flu hosp,quantile,0.7,45.672560473937494
41,2026-10-03,3,2026-10-24,wk inc flu hosp,quantile,0.7,73.09952909009345
42,2026-10-03,3,2026-10-24,wk inc flu hosp,quantile,0.7,365.49173968024866
44,2026-10-03,3,2026-10-24,wk inc flu hosp,quantile,0.7,9.644758978016101
45,2026-10-03,3,2026-10-24,wk inc flu hosp,quantile,0.7,85.96273107322402
46,2026-10-03,3,2026-10-24,wk inc flu hosp,quantile,0.7,6.226360778579025
47,2026-10-03,3,2026-10-24,wk inc flu hosp,quantile,0.7,137.12461682625616
48,2026-10-03,3,2026-10-24,wk inc flu hosp,quantile,0.7,547.9315481379358
49,2026-10-03,3,2026-10-24,wk inc flu hosp,quantile,0.7,29.59104725140588
50,2026-10-03,3,2026-10-24,wk inc flu hosp,quantile,0.7,7.473645060499365
51,2026-10-03,3,2026-10-24,wk inc flu hosp,quantile,0.7,109.92424379225092
53,2026-10-03,3,2026-10-24,wk inc flu hosp,quantile,0.7,161.7953472765136
54,2026-10-03,3,2026-10-24,wk inc flu hosp,quantile,0.7,20.48895932393918
55,2026-10-03,3,2026-10-24,wk inc flu hosp,quantile,0.7,62.86598114696425
56,2026-10-03,3,2026-10-24,wk inc flu hosp,quantile,0.7,7.282439932722259
72,2026-10-03,3,2026-10-24,wk inc flu hosp,quantile,0.7,139.3293720441535
US,2026-10-03,3,2026-10-24,wk inc flu hosp,quantile,0.7,6266.900746217303
01,2026-10-03,0,2026-10-03,wk inc flu hosp,quantile,0.75,46.77777224303502
02,2026-10-03,0,2026-10-03,wk inc flu hosp,quantile,0.75,20.58988868918134
04,2026-10-03,0,2026-10-03,wk inc flu hosp,quantile,0.75,45.78355985921964
05,2026-10-03,0,2026-10-03,wk inc flu hosp,quantile,0.75,18.609538499074574
06,2026-10-03,0,2026-10-03,wk inc flu hosp,quantile,0.75,479.9388692280116
08,2026-10-03,0,2026-10-03,wk inc flu hosp,quantile,0.75,43.12236947632437
09,2026-10-03,0,2026-10-03,wk inc flu hosp,quantile,0.75,17.18984233412154
10,2026-10-03,0,2026-10-03,wk inc flu hosp,quantile,0.75,1.9773427092669644
11,2026-10-03,0,2026-10-03,wk inc flu hosp,quantile,0.75,6.064633001425718
12,2026-10-03,0,2026-10-03,wk inc flu hosp,quantile,0.75,525.8850408934989
13,2026-10-03,0,2026-10-03,wk inc flu hosp,quantile,0.75,41.70533437245504
15,2026-10-03,0,2026-10-03,wk inc flu hosp,quantile,0.75,30.916955997257343
16,2026-10-03,0,2026-10-03,wk inc flu hosp,quantile,0.75,18.913801753306085
17,2026-10-03,0,2026-10-03,wk inc flu hosp,quantile,0.75,94.27223703164928
18,2026-10-03,0,2026-10-03,wk inc flu hosp,quantile,0.75,55.938632580929955
19,2026-10-03,0,2026-10-03,wk inc flu hosp,quantile,0.75,10.958834918044385
20,2026-10-03,0,2026-10-03,wk inc flu hosp,quantile,0.75,11.069195633639305
21,2026-10-03,0,2026-10-03,wk inc flu hosp,quantile,0.75,15.63685266269482
22,2026-10-03,0,2026-10-03,wk inc flu hosp,quantile,0.75,66.41196203117823
23,2026-10-03,0,2026-10-03,wk inc flu hosp,quantile,0.75,7.718154709322322
24,2026-10-03,0,2026-10-03,wk inc flu hosp,quantile,0.75,28.36908253173067
25,2026-10-03,0,2026-10-03,wk inc flu hosp,quantile,0.75,23.81961949273298
26,2026-10-03,0,2026-10-03,wk inc flu hosp,quantile,0.75,69.74956913823658
27,2026-10-03,0,2026-10-03,wk inc flu hosp,quantile,0.75,35.989181952265284
28,2026-10-03,0,2026-10-03,wk inc flu hosp,quantile,0.75,33.434375098011536
29,2026-10-03,0,2026-10-03,wk inc flu hosp,quantile,0.75,52.546342835636025
30,2026-10-03,0,2026-10-03,wk inc flu hosp,quantile,0.75,40.62572757769591
31,2026-10-03,0,2026-10-03,wk inc flu hosp,quantile,0.75,4.131339892439798
32,2026-10-03,0,2026-10-03,wk inc flu hosp,quantile,0.75,60.20666901602489
33,2026-10-03,0,2026-10-03,wk inc flu hosp,quantile,0.75,9.190976756003549
34,2026-10-03,0,2026-10-03,wk inc flu hosp,quantile,0.75,131.07786952027874
35,2026-10-03,0,2026-10-03,wk inc flu hosp,quantile,0.75,16.046320868007033
36,2026-10-03,0,2026-10-03,wk inc flu hosp,quantile,0.75,145.30986660288664
37,2026-10-03,0,2026-10-03,wk inc flu hosp,quantile,0.75,84.05034376656393
38,2026-10-03,0,2026-10-03,wk inc flu hosp,quantile,0.75,7.939217276049993
39,2026-10-03,0,2026-10-03,wk inc flu hosp,quantile,0.75,71.1782197109224
40,2026-10-03,0,2026-10-03,wk inc flu hosp,quantile,0.75,22.2608938970245
41,2026-10-03,0,2026-10-03,wk inc flu hosp,quantile,0.75,47.361035729891846
42,2026-10-03,0,2026-10-03,wk inc flu hosp,quantile,0.75,238.7703679848686
44,2026-10-03,0,2026-10-03,wk inc flu hosp,quantile,0.75,6.287543231359634
45,2026-10-03,0,2026-10-03,wk inc flu hosp,quantile,0.75,48.60566817526634
46,2026-10-03,0,2026-10-03,wk inc flu hosp,quantile,0.75,3.0232723257900798
47,2026-10-03,0,2026-10-03,wk inc flu hosp,quantile,0.75,92.04321075667018
48,2026-10-03,0,2026-10-03,wk inc flu hosp,quantile,0.75,353.94688620250264
49,2026-10-03,0,2026-10-03,wk inc flu hosp,quantile,0.75,24.04400913313676
50,2026-10-03,0,2026-10-03,wk inc flu hosp,quantile,0.75,5.247888485791466
51,2026-10-03,0,2026-10-03,wk inc flu hosp,quantile,0.75,63.17407472914149
53,2026-10-03,0,2026-10-03,wk inc flu hosp,quantile,0.75,134.68788805133804
54,2026-10-03,0,2026-10-03,wk inc flu hosp,quantile,0.75,8.964077188137916
55,2026-10-03,0,2026-10-03,wk inc flu hosp,quantile,0.75,39.473977244966726
56,2026-10-03,0,2026-10-03,wk inc flu hosp,quantile,0.75,5.010850212311422
72,2026-10-03,0,2026-10-03,wk inc flu hosp,quantile,0.75,126.30511010990195
US,2026-10-03,0,2026-10-03,wk inc flu hosp,quantile,0.75,3483.5678390026665
01,2026-10-03,1,2026-10-10,wk inc flu hosp,quantile,0.75,59.52552279983921
02,2026-10-03,1,2026-10-10,wk inc flu hosp,quantile,0.75,21.114904320366847
04,2026-10-03,1,2026-10-10,wk inc flu hosp,quantile,0.75,61.987143473945
05,2026-10-03,1,2026-10-10,wk inc flu hosp,quantile,0.75,24.296556669135917
06,2026-10-03,1,2026-10-10,wk inc flu hosp,quantile,0.75,572.8240687838403
08,2026-10-03,1,2026-10-10,wk inc flu hosp,quantile,0.75,59.890976285214165
09,2026-10-03,1,2026-10-10,wk inc flu hosp,quantile,0.75,25.527781574826612
10,2026-10-03,1,2026-10-10,wk inc flu hosp,quantile,0.75,3.7004167122491465
11,2026-10-03,1,2026-10-10,wk inc flu hosp,quantile,0.75,7.980012104065455
12,2026-10-03,1,2026-10-10,wk inc flu hosp,quantile,0.75,607.5127929520737
13,2026-10-03,1,2026-10-10,wk inc flu hosp,quantile,0.75,58.96902960863094
15,2026-10-03,1,2026-10-10,wk inc flu hosp,quantile,0.75,32.8978299673629
16,2026-10-03,1,2026-10-10,wk inc flu hosp,quantile,0.75,24.204687268438114
17,2026-10-03,1,2026-10-10,wk inc flu hosp,quantile,0.75,123.45697919501526
18,2026-10-03,1,2026-10-10,wk inc flu hosp,quantile,0.75,78.60352112624385
19,2026-10-03,1,2026-10-10,wk inc flu hosp,quantile,0.75,15.322397529700929
20,2026-10-03,1,2026-10-10,wk inc flu hosp,quantile,0.75,16.333929723937015
21,2026-10-03,1,2026-10-10,wk inc flu hosp,quantile,0.75,22.562342997085207
22,2026-10-03,1,2026-10-10,wk inc flu hosp,quantile,0.75,79.3729607741408
23,2026-10-03,1,2026-10-10,wk inc flu hosp,quantile,0.75,10.567103109780303
24,2026-10-03,1,2026-10-10,wk inc flu hosp,quantile,0.75,38.20859330530905
25,2026-10-03,1,2026-10-10,wk inc flu hosp,quantile,0.75,41.077037938137536
26,2026-10-03,1,2026-10-10,wk inc flu hosp,quantile,0.75,98.75870246007312
27,2026-10-03,1,2026-10-10,wk inc flu hosp,quantile,0.75,49.34934652991756
28,2026-10-03,1,2026-10-10,wk inc flu hosp,quantile,0.75,40.588606092200244
29,2026-10-03,1,2026-10-10,wk inc flu hosp,quantile,0.75,71.6780239674665
30,2026-10-03,1,2026-10-10,wk inc flu hosp,quantile,0.75,44.43167778384243
31,2026-10-03,1,2026-10-10,wk inc flu hosp,quantile,0.75,5.9991922524817385
32,2026-10-03,1,2026-10-10,wk inc flu hosp,quantile,0.75,72.45084740844153
33,2026-10-03,1,2026-10-10,wk inc flu hosp,quantile,0.75,13.113540132695835
34,2026-10-03,1,2026-10-10,wk inc flu hosp,quantile,0.75,179.95050227183492
35,2026-10-03,1,2026-10-10,wk inc flu hosp,quantile,0.75,22.042909293853068
36,2026-10-03,1,2026-10-10,wk inc flu hosp,quantile,0.75,207.30391583438453
37,2026-10-03,1,2026-10-10,wk inc flu hosp,quantile,0.75,117.99450941096504
38,2026-10-03,1,2026-10-10,wk inc flu hosp,quantile,0.75,9.796609546511524
39,2026-10-03,1,2026-10-10,wk inc flu hosp,quantile,0.75,100.27464086557917
40,2026-10-03,1,2026-10-10,wk inc flu hosp,quantile,0.75,32.81516514728868
41,2026-10-03,1,2026-10-10,wk inc flu hosp,quantile,0.75,60.28834546377491
42,2026-10-03,1,2026-10-10,wk inc flu hosp,quantile,0.75,300.5302123940824
44,2026-10-03,1,2026-10-10,wk inc flu hosp,quantile,0.75,8.268244394132829
45,2026-10-03,1,2026-10-10,wk inc flu hosp,quantile,0.75,66.06012170863305
46,2026-10-03,1,2026-10-10,wk inc flu hosp,quantile,0.75,4.848532556440959
47,2026-10-03,1,2026-10-10,wk inc flu hosp,quantile,0.75,113.49947245365415
48,2026-10-03,1,2026-10-10,wk inc flu hosp,quantile,0.75,447.5600331293179
49,2026-10-03,1,2026-10-10,wk inc flu hosp,quantile,0.75,27.727658477686575
50,2026-10-03,1,2026-10-10,wk inc flu hosp,quantile,0.75,6.57322825681085
51,2026-10-03,1,2026-10-10,wk inc flu hosp,quantile,0.75,86.16782553489632
53,2026-10-03,1,2026-10-10,wk inc flu hosp,quantile,0.75,153.0888119378197
54,2026-10-03,1,2026-10-10,wk inc flu hosp,quantile,0.75,13.920967452760635
55,2026-10-03,1,2026-10-10,wk inc flu hosp,quantile,0.75,48.45839133330108
56,2026-10-03,1,2026-10-10,wk inc flu hosp,quantile,0.75,6.169110721790228
72,2026-10-03,1,2026-10-10,wk inc flu hosp,quantile,0.75,136.05794574548452
US,2026-10-03,1,2026-10-10,wk inc flu hosp,quantile,0.75,4562.890776809895
01,2026-10-03,2,2026-10-17,wk inc flu hosp,quantile,0.75,72.78467057932578
02,2026-10-03,2,2026-10-17,wk inc flu hosp,quantile,0.75,21.85063956369917
04,2026-10-03,2,2026-10-17,wk inc flu hosp,quantile,0.75,81.94221981883919
05,2026-10-03,2,2026-10-17,wk inc flu hosp,quantile,0.75,30.180992049121404
06,2026-10-03,2,2026-10-17,wk inc flu hosp,quantile,0.75,666.8430707350295
08,2026-10-03,2,2026-10-17,wk inc flu hosp,quantile,0.75,74.71198660878986
09,2026-10-03,2,2026-10-17,wk inc flu hosp,quantile,0.75,34.273370684233846
10,2026-10-03,2,2026-10-17,wk inc flu hosp,quantile,0.75,5.197099726739935
11,2026-10-03,2,2026-10-17,wk inc flu hosp,quantile,0.75,10.282412873757394
12,2026-10-03,2,2026-10-17,wk inc flu hosp,quantile,0.75,671.3577301627774
13,2026-10-03,2,2026-10-17,wk inc flu hosp,quantile,0.75,75.19482793169684
15,2026-10-03,2,2026-10-17,wk inc flu hosp,quantile,0.75,34.33788919826836
16,2026-10-03,2,2026-10-17,wk inc flu hosp,quantile,0.75,27.935503038372374
17,2026-10-03,2,2026-10-17,wk inc flu hosp,quantile,0.75,155.60678695427853
18,2026-10-03,2,2026-10-17,wk inc flu hosp,quantile,0.75,102.38175230587353
19,2026-10-03,2,2026-10-17,wk inc flu hosp,quantile,0.75,21.12635361423574
20,2026-10-03,2,2026-10-17,wk inc flu hosp,quantile,0.75,21.719567438898128
21,2026-10-03,2,2026-10-17,wk inc flu hosp,quantile,0.75,31.41856656228787
22,2026-10-03,2,2026-10-17,wk inc flu hosp,quantile,0.75,88.83849675192377
23,2026-10-03,2,2026-10-17,wk inc flu hosp,quantile,0.75,13.775753284021125
24,2026-10-03,2,2026-10-17,wk inc flu hosp,quantile,0.75,47.99001207699375
25,2026-10-03,2,2026-10-17,wk inc flu hosp,quantile,0.75,60.834910345454986
26,2026-10-03,2,2026-10-17,wk inc flu hosp,quantile,0.75,129.77330564791572
27,2026-10-03,2,2026-10-17,wk inc flu hosp,quantile,0.75,62.127551027482205
28,2026-10-03,2,2026-10-17,wk inc flu hosp,quantile,0.75,48.59311190548424
29,2026-10-03,2,2026-10-17,wk inc flu hosp,quantile,0.75,93.5566931349487
30,2026-10-03,2,2026-10-17,wk inc flu hosp,quantile,0.75,46.278137448913355
31,2026-10-03,2,2026-10-17,wk inc flu hosp,quantile,0.75,8.46190755566147
32,2026-10-03,2,2026-10-17,wk inc flu hosp,quantile,0.75,81.01171572386487
33,2026-10-03,2,2026-10-17,wk inc flu hosp,quantile,0.75,16.453816282366958
34,2026-10-03,2,2026-10-17,wk inc flu hosp,quantile,0.75,224.31368406462823
35,2026-10-03,2,2026-10-17,wk inc flu hosp,quantile,0.75,26.283788177834925
36,2026-10-03,2,2026-10-17,wk inc flu hosp,quantile,0.75,272.76068835961223
37,2026-10-03,2,2026-10-17,wk inc flu hosp,quantile,0.75,152.13863606494687
38,2026-10-03,2,2026-10-17,wk inc flu hosp,quantile,0.75,11.266870299424436
39,2026-10-03,2,2026-10-17,wk inc flu hosp,quantile,0.75,123.7656469929885
40,2026-10-03,2,2026-10-17,wk inc flu hosp,quantile,0.75,44.28303561975411
41,2026-10-03,2,2026-10-17,wk inc flu hosp,quantile,0.75,73.17877716814085
42,2026-10-03,2,2026-10-17,wk inc flu hosp,quantile,0.75,355.3106532176845
44,2026-10-03,2,2026-10-17,wk inc flu hosp,quantile,0.75,9.904071531432528
45,2026-10-03,2,2026-10-17,wk inc flu hosp,quantile,0.75,82.66425135710978
46,2026-10-03,2,2026-10-17,wk inc flu hosp,quantile,0.75,6.360262593725916
47,2026-10-03,2,2026-10-17,wk inc flu hosp,quantile,0.75,134.77113598245862
48,2026-10-03,2,2026-10-17,wk inc flu hosp,quantile,0.75,526.616006077798
49,2026-10-03,2,2026-10-17,wk inc flu hosp,quantile,0.75,30.62440736581123
50,2026-10-03,2,2026-10-17,wk inc flu hosp,quantile,0.75,7.7570252031972
51,2026-10-03,2,2026-10-17,wk inc flu hosp,quantile,0.75,106.59627782331071
53,2026-10-03,2,2026-10-17,wk inc flu hosp,quantile,0.75,167.1991056243114
54,2026-10-03,2,2026-10-17,wk inc flu hosp,quantile,0.75,18.976981238201216
55,2026-10-03,2,2026-10-17,wk inc flu hosp,quantile,0.75,60.32428202129365
56,2026-10-03,2,2026-10-17,wk inc flu hosp,quantile,0.75,7.100174687410516
72,2026-10-03,2,2026-10-17,wk inc flu hosp,quantile,0.75,144.00662783488943
US,2026-10-03,2,2026-10-17,wk inc flu hosp,quantile,0.75,5659.519341363002
01,2026-10-03,3,2026-10-24,wk inc flu hosp,quantile,0.75,81.72191492528572
02,2026-10-03,3,2026-10-24,wk inc flu hosp,quantile,0.75,22.024269566408123
04,2026-10-03,3,2026-10-24,wk inc flu hosp,quantile,0.75,97.2609651287345
05,2026-10-03,3,2026-10-24,wk inc flu hosp,quantile,0.75,36.256374478088745
06,2026-10-03,3,2026-10-24,wk inc flu hosp,quantile,0.75,736.1720398220766
08,2026-10-03,3,2026-10-24,wk inc flu hosp,quantile,0.75,88.41021011186041
09,2026-10-03,3,2026-10-24,wk inc flu hosp,quantile,0.75,43.58420710632452
10,2026-10-03,3,2026-10-24,wk inc flu hosp,quantile,0.75,6.769957110697264
11,2026-10-03,3,2026-10-24,wk inc flu hosp,quantile,0.75,11.510692784865562
12,2026-10-03,3,2026-10-24,wk inc flu hosp,quantile,0.75,726.2284260572153
13,2026-10-03,3,2026-10-24,wk inc flu hosp,quantile,0.75,91.59192446891183
15,2026-10-03,3,2026-10-24,wk inc flu hosp,quantile,0.75,34.96753141201976
16,2026-10-03,3,2026-10-24,wk inc flu hosp,quantile,0.75,32.311049953438726
17,2026-10-03,3,2026-10-24,wk inc flu hosp,quantile,0.75,179.03875913795218
18,2026-10-03,3,2026-10-24,wk inc flu hosp,quantile,0.75,125.43480752990271
19,2026-10-03,3,2026-10-24,wk inc flu hosp,quantile,0.75,27.58404413700419
20,2026-10-03,3,2026-10-24,wk inc flu hosp,quantile,0.75,26.934165427597193
21,2026-10-03,3,2026-10-24,wk inc flu hosp,quantile,0.75,43.36041183490791
22,2026-10-03,3,2026-10-24,wk inc flu hosp,quantile,0.75,97.38781851828247
23,2026-10-03,3,2026-10-24,wk inc flu hosp,quantile,0.75,16.22197278101063
24,2026-10-03,3,2026-10-24,wk inc flu hosp,quantile,0.75,57.55762267053614
25,2026-10-03,3,2026-10-24,wk inc flu hosp,quantile,0.75,83.18667742306471
26,2026-10-03,3,2026-10-24,wk inc flu hosp,quantile,0.75,159.29452005697195
27,2026-10-03,3,2026-10-24,wk inc flu hosp,quantile,0.75,73.92339265024394
28,2026-10-03,3,2026-10-24,wk inc flu hosp,quantile,0.75,54.06818272453406
29,2026-10-03,3,2026-10-24,wk inc flu hosp,quantile,0.75,115.78911264302481
30,2026-10-03,3,2026-10-24,wk inc flu hosp,quantile,0.75,47.65998835196014
31,2026-10-03,3,2026-10-24,wk inc flu hosp,quantile,0.75,11.471696013638038
32,2026-10-03,3,2026-10-24,wk inc flu hosp,quantile,0.75,87.4206357693015
33,2026-10-03,3,2026-10-24,wk inc flu hosp,quantile,0.75,19.185914895601424
34,2026-10-03,3,2026-10-24,wk inc flu hosp,quantile,0.75,262.14361251524906
35,2026-10-03,3,2026-10-24,wk inc flu hosp,quantile,0.75,31.112719060084554
36,2026-10-03,3,2026-10-24,wk inc flu hosp,quantile,0.75,345.18411708945655
37,2026-10-03,3,2026-10-24,wk inc flu hosp,quantile,0.75,185.15903075800307
38,2026-10-03,3,2026-10-24,wk inc flu hosp,quantile,0.75,12.21918891231143
39,2026-10-03,3,2026-10-24,wk inc flu hosp,quantile,0.75,144.46781815464598
40,2026-10-03,3,2026-10-24,wk inc flu hosp,quantile,0.75,54.068018387244344
41,2026-10-03,3,2026-10-24,wk inc flu hosp,quantile,0.75,80.91163892753558
42,2026-10-03,3,2026-10-24,wk inc flu hosp,quantile,0.75,405.52954314669506
44,2026-10-03,3,2026-10-24,wk inc flu hosp,quantile,0.75,11.497786902467178
45,2026-10-03,3,2026-10-24,wk inc flu hosp,quantile,0.75,97.54830692035581
46,2026-10-03,3,2026-10-24,wk inc flu hosp,quantile,0.75,7.445703370421387
47,2026-10-03,3,2026-10-24,wk inc flu hosp,quantile,0.75,149.06447564424278
48,2026-10-03,3,2026-10-24,wk inc flu hosp,quantile,0.75,608.5415128047003
49,2026-10-03,3,2026-10-24,wk inc flu hosp,quantile,0.75,32.569121418762485
50,2026-10-03,3,2026-10-24,wk inc flu hosp,quantile,0.75,8.571947232523923
51,2026-10-03,3,2026-10-24,wk inc flu hosp,quantile,0.75,123.5516069281501
53,2026-10-03,3,2026-10-24,wk inc flu hosp,quantile,0.75,176.6696319949754
54,2026-10-03,3,2026-10-24,wk inc flu hosp,quantile,0.75,23.831825600501176
55,2026-10-03,3,2026-10-24,wk inc flu hosp,quantile,0.75,71.1012915977655
56,2026-10-03,3,2026-10-24,wk inc flu hosp,quantile,0.75,8.505141265838834
72,2026-10-03,3,2026-10-24,wk inc flu hosp,quantile,0.75,150.18743922868842
US,2026-10-03,3,2026-10-24,wk inc flu hosp,quantile,0.75,6885.647227922778
01,2026-10-03,0,2026-10-03,wk inc flu hosp,quantile,0.8,50.044553841470105
02,2026-10-03,0,2026-10-03,wk inc flu hosp,quantile,0.8,22.050050298966315
04,2026-10-03,0,2026-10-03,wk inc flu hosp,quantile,0.8,49.59077368673892
05,2026-10-03,0,2026-10-03,wk inc flu hosp,quantile,0.8,20.29019491377043
06,2026-10-03,0,2026-10-03,wk inc flu hosp,quantile,0.8,497.94381089450246
08,2026-10-03,0,2026-10-03,wk inc flu hosp,quantile,0.8,45.08727500433707
09,2026-10-03,0,2026-10-03,wk inc flu hosp,quantile,0.8,18.6939234744071
10,2026-10-03,0,2026-10-03,wk inc flu hosp,quantile,0.8,2.565035674523979
11,2026-10-03,0,2026-10-03,wk inc flu hosp,quantile,0.8,6.832002549694336
12,2026-10-03,0,2026-10-03,wk inc flu hosp,quantile,0.8,542.9393207221646
13,2026-10-03,0,2026-10-03,wk inc flu hosp,quantile,0.8,46.38774166682083
15,2026-10-03,0,2026-10-03,wk inc flu hosp,quantile,0.8,32.56146567132707
16,2026-10-03,0,2026-10-03,wk inc flu hosp,quantile,0.8,20.367365474889738
17,2026-10-03,0,2026-10-03,wk inc flu hosp,quantile,0.8,99.68337016832989
18,2026-10-03,0,2026-10-03,wk inc flu hosp,quantile,0.8,59.68026565520427
19,2026-10-03,0,2026-10-03,wk inc flu hosp,quantile,0.8,12.21425424429769
20,2026-10-03,0,2026-10-03,wk inc flu hosp,quantile,0.8,12.004388359612784
21,2026-10-03,0,2026-10-03,wk inc flu hosp,quantile,0.8,17.44429347256768
22,2026-10-03,0,2026-10-03,wk inc flu hosp,quantile,0.8,70.9901888387413
23,2026-10-03,0,2026-10-03,wk inc flu hosp,quantile,0.8,8.557856725574156
24,2026-10-03,0,2026-10-03,wk inc flu hosp,quantile,0.8,30.351801530463593
25,2026-10-03,0,2026-10-03,wk inc flu hosp,quantile,0.8,26.310182343455715
26,2026-10-03,0,2026-10-03,wk inc flu hosp,quantile,0.8,74.41831022890305
27,2026-10-03,0,2026-10-03,wk inc flu hosp,quantile,0.8,39.07633274282342
28,2026-10-03,0,2026-10-03,wk inc flu hosp,quantile,0.8,35.47384046194877
29,2026-10-03,0,2026-10-03,wk inc flu hosp,quantile,0.8,56.186806145038965
30,2026-10-03,0,2026-10-03,wk inc flu hosp,quantile,0.8,43.09913439584538
31,2026-10-03,0,2026-10-03,wk inc flu hosp,quantile,0.8,4.708521922311112
32,2026-10-03,0,2026-10-03,wk inc flu hosp,quantile,0.8,63.29248206182337
33,2026-10-03,0,2026-10-03,wk inc flu hosp,quantile,0.8,10.040813744080477
34,2026-10-03,0,2026-10-03,wk inc flu hosp,quantile,0.8,137.18076008248502
35,2026-10-03,0,2026-10-03,wk inc flu hosp,quantile,0.8,17.732181428305733
36,2026-10-03,0,2026-10-03,wk inc flu hosp,quantile,0.8,152.5798158093141
37,2026-10-03,0,2026-10-03,wk inc flu hosp,quantile,0.8,89.81900865883229
38,2026-10-03,0,2026-10-03,wk inc flu hosp,quantile,0.8,8.715175087833451
39,2026-10-03,0,2026-10-03,wk inc flu hosp,quantile,0.8,78.67088813073525
40,2026-10-03,0,2026-10-03,wk inc flu hosp,quantile,0.8,24.745422610416618
41,2026-10-03,0,2026-10-03,wk inc flu hosp,quantile,0.8,50.09629197752031
42,2026-10-03,0,2026-10-03,wk inc flu hosp,quantile,0.8,248.63972492997974
44,2026-10-03,0,2026-10-03,wk inc flu hosp,quantile,0.8,6.998910635113766
45,2026-10-03,0,2026-10-03,wk inc flu hosp,quantile,0.8,51.43408726534696
46,2026-10-03,0,2026-10-03,wk inc flu hosp,quantile,0.8,3.491005010255078
47,2026-10-03,0,2026-10-03,wk inc flu hosp,quantile,0.8,96.98297991949144
48,2026-10-03,0,2026-10-03,wk inc flu hosp,quantile,0.8,367.0780974525211
49,2026-10-03,0,2026-10-03,wk inc flu hosp,quantile,0.8,25.74527155771153
50,2026-10-03,0,2026-10-03,wk inc flu hosp,quantile,0.8,5.897601738941292
51,2026-10-03,0,2026-10-03,wk inc flu hosp,quantile,0.8,67.30401047484557
53,2026-10-03,0,2026-10-03,wk inc flu hosp,quantile,0.8,139.13594741520419
54,2026-10-03,0,2026-10-03,wk inc flu hosp,quantile,0.8,10.329927614321441
55,2026-10-03,0,2026-10-03,wk inc flu hosp,quantile,0.8,41.99033058826346
56,2026-10-03,0,2026-10-03,wk inc flu hosp,quantile,0.8,5.671639054902201
72,2026-10-03,0,2026-10-03,wk inc flu hosp,quantile,0.8,132.68015467265172
US,2026-10-03,0,2026-10-03,wk inc flu hosp,quantile,0.8,3602.9589937225996
01,2026-10-03,1,2026-10-10,wk inc flu hosp,quantile,0.8,65.46728018706338
02,2026-10-03,1,2026-10-10,wk inc flu hosp,quantile,0.8,22.916297436173906
04,2026-10-03,1,2026-10-10,wk inc flu hosp,quantile,0.8,71.61519482327726
05,2026-10-03,1,2026-10-10,wk inc flu hosp,quantile,0.8,28.422139031632636
06,2026-10-03,1,2026-10-10,wk inc flu hosp,quantile,0.8,605.8597974931113
08,2026-10-03,1,2026-10-10,wk inc flu hosp,quantile,0.8,65.6224465199318
09,2026-10-03,1,2026-10-10,wk inc flu hosp,quantile,0.8,28.93033491250429
10,2026-10-03,1,2026-10-10,wk inc flu hosp,quantile,0.8,4.55267978484888
11,2026-10-03,1,2026-10-10,wk inc flu hosp,quantile,0.8,9.44664111935274
12,2026-10-03,1,2026-10-10,wk inc flu hosp,quantile,0.8,643.8988616218008
13,2026-10-03,1,2026-10-10,wk inc flu hosp,quantile,0.8,66.46072026857149
15,2026-10-03,1,2026-10-10,wk inc flu hosp,quantile,0.8,35.26775957750787
16,2026-10-03,1,2026-10-10,wk inc flu hosp,quantile,0.8,27.090306648789337
17,2026-10-03,1,2026-10-10,wk inc flu hosp,quantile,0.8,136.37122229242476
18,2026-10-03,1,2026-10-10,wk inc flu hosp,quantile,0.8,86.12015210112271
19,2026-10-03,1,2026-10-10,wk inc flu hosp,quantile,0.8,18.2659313889532
20,2026-10-03,1,2026-10-10,wk inc flu hosp,quantile,0.8,18.70268547908465
21,2026-10-03,1,2026-10-10,wk inc flu hosp,quantile,0.8,25.664787469907118
22,2026-10-03,1,2026-10-10,wk inc flu hosp,quantile,0.8,85.10298703575234
23,2026-10-03,1,2026-10-10,wk inc flu hosp,quantile,0.8,12.287446549168166
24,2026-10-03,1,2026-10-10,wk inc flu hosp,quantile,0.8,42.36853248146965
25,2026-10-03,1,2026-10-10,wk inc flu hosp,quantile,0.8,47.49644302885305
26,2026-10-03,1,2026-10-10,wk inc flu hosp,quantile,0.8,108.41116136687916
27,2026-10-03,1,2026-10-10,wk inc flu hosp,quantile,0.8,56.89796691830438
28,2026-10-03,1,2026-10-10,wk inc flu hosp,quantile,0.8,45.20460268099556
29,2026-10-03,1,2026-10-10,wk inc flu hosp,quantile,0.8,80.36002068840226
30,2026-10-03,1,2026-10-10,wk inc flu hosp,quantile,0.8,47.99765546159351
31,2026-10-03,1,2026-10-10,wk inc flu hosp,quantile,0.8,7.155666612153155
32,2026-10-03,1,2026-10-10,wk inc flu hosp,quantile,0.8,77.64819004462287
33,2026-10-03,1,2026-10-10,wk inc flu hosp,quantile,0.8,14.996514538755228
34,2026-10-03,1,2026-10-10,wk inc flu hosp,quantile,0.8,195.4998838532059
35,2026-10-03,1,2026-10-10,wk inc flu hosp,quantile,0.8,25.387194748122155
36,2026-10-03,1,2026-10-10,wk inc flu hosp,quantile,0.8,224.21160000632048
37,2026-10-03,1,2026-10-10,wk inc flu hosp,quantile,0.8,131.47427272126416
38,2026-10-03,1,2026-10-10,wk inc flu hosp,quantile,0.8,10.989101094937327
39,2026-10-03,1,2026-10-10,wk inc flu hosp,quantile,0.8,116.21456092993897
40,2026-10-03,1,2026-10-10,wk inc flu hosp,quantile,0.8,37.7007979867345
41,2026-10-03,1,2026-10-10,wk inc flu hosp,quantile,0.8,66.1387253738231
42,2026-10-03,1,2026-10-10,wk inc flu hosp,quantile,0.8,326.9524773526161
44,2026-10-03,1,2026-10-10,wk inc flu hosp,quantile,0.8,9.275776440656665
45,2026-10-03,1,2026-10-10,wk inc flu hosp,quantile,0.8,71.57383453970563
46,2026-10-03,1,2026-10-10,wk inc flu hosp,quantile,0.8,5.687051269082775
47,2026-10-03,1,2026-10-10,wk inc flu hosp,quantile,0.8,122.5502737474239
48,2026-10-03,1,2026-10-10,wk inc flu hosp,quantile,0.8,476.6162405481138
49,2026-10-03,1,2026-10-10,wk inc flu hosp,quantile,0.8,30.599249660021066
50,2026-10-03,1,2026-10-10,wk inc flu hosp,quantile,0.8,7.5234792743564975
51,2026-10-03,1,2026-10-10,wk inc flu hosp,quantile,0.8,95.54377003360186
53,2026-10-03,1,2026-10-10,wk inc flu hosp,quantile,0.8,162.96843645334263
54,2026-10-03,1,2026-10-10,wk inc flu hosp,quantile,0.8,16.651756072124183
55,2026-10-03,1,2026-10-10,wk inc flu hosp,quantile,0.8,53.83276012162414
56,2026-10-03,1,2026-10-10,wk inc flu hosp,quantile,0.8,7.111397564072139
72,2026-10-03,1,2026-10-10,wk inc flu hosp,quantile,0.8,143.91689901409407
US,2026-10-03,1,2026-10-10,wk inc flu hosp,quantile,0.8,4824.806288709263
01,2026-10-03,2,2026-10-17,wk inc flu hosp,quantile,0.8,80.49340202952538
02,2026-10-03,2,2026-10-17,wk inc flu hosp,quantile,0.8,24.09956649619059
04,2026-10-03,2,2026-10-17,wk inc flu hosp,quantile,0.8,92.49913383138332
05,2026-10-03,2,2026-10-17,wk inc flu hosp,quantile,0.8,34.64742376249909
06,2026-10-03,2,2026-10-17,wk inc flu hosp,quantile,0.8,721.3012983899927
08,2026-10-03,2,2026-10-17,wk inc flu hosp,quantile,0.8,83.56703373610041
09,2026-10-03,2,2026-10-17,wk inc flu hosp,quantile,0.8,40.59708566172059
10,2026-10-03,2,2026-10-17,wk inc flu hosp,quantile,0.8,6.544895512461159
11,2026-10-03,2,2026-10-17,wk inc flu hosp,quantile,0.8,12.161257242900657
12,2026-10-03,2,2026-10-17,wk inc flu hosp,quantile,0.8,727.7238679452422
13,2026-10-03,2,2026-10-17,wk inc flu hosp,quantile,0.8,87.07172807989096
15,2026-10-03,2,2026-10-17,wk inc flu hosp,quantile,0.8,37.50829174432762
16,2026-10-03,2,2026-10-17,wk inc flu hosp,quantile,0.8,32.15478152536298
17,2026-10-03,2,2026-10-17,wk inc flu hosp,quantile,0.8,174.46690789884758
18,2026-10-03,2,2026-10-17,wk inc flu hosp,quantile,0.8,115.50151148567942
19,2026-10-03,2,2026-10-17,wk inc flu hosp,quantile,0.8,25.783190801611976
20,2026-10-03,2,2026-10-17,wk inc flu hosp,quantile,0.8,25.486793714477507
21,2026-10-03,2,2026-10-17,wk inc flu hosp,quantile,0.8,37.53793883708391
22,2026-10-03,2,2026-10-17,wk inc flu hosp,quantile,0.8,97.37371032732717
23,2026-10-03,2,2026-10-17,wk inc flu hosp,quantile,0.8,16.074138906067624
24,2026-10-03,2,2026-10-17,wk inc flu hosp,quantile,0.8,56.28208101989119
25,2026-10-03,2,2026-10-17,wk inc flu hosp,quantile,0.8,70.2253211221449
26,2026-10-03,2,2026-10-17,wk inc flu hosp,quantile,0.8,144.72957289682066
27,2026-10-03,2,2026-10-17,wk inc flu hosp,quantile,0.8,71.86965780129258
28,2026-10-03,2,2026-10-17,wk inc flu hosp,quantile,0.8,54.02780934470308
29,2026-10-03,2,2026-10-17,wk inc flu hosp,quantile,0.8,105.95290423995489
30,2026-10-03,2,2026-10-17,wk inc flu hosp,quantile,0.8,51.00854208052349
31,2026-10-03,2,2026-10-17,wk inc flu hosp,quantile,0.8,10.869872239027305
32,2026-10-03,2,2026-10-17,wk inc flu hosp,quantile,0.8,87.93851416743453
33,2026-10-03,2,2026-10-17,wk inc flu hosp,quantile,0.8,18.759518483356402
34,2026-10-03,2,2026-10-17,wk inc flu hosp,quantile,0.8,250.53351401939995
35,2026-10-03,2,2026-10-17,wk inc flu hosp,quantile,0.8,30.431128295274704
36,2026-10-03,2,2026-10-17,wk inc flu hosp,quantile,0.8,305.6669981136606
37,2026-10-03,2,2026-10-17,wk inc flu hosp,quantile,0.8,172.2197386507994
38,2026-10-03,2,2026-10-17,wk inc flu hosp,quantile,0.8,12.859894298662807
39,2026-10-03,2,2026-10-17,wk inc flu hosp,quantile,0.8,144.55989492931312
40,2026-10-03,2,2026-10-17,wk inc flu hosp,quantile,0.8,51.39220002554895
41,2026-10-03,2,2026-10-17,wk inc flu hosp,quantile,0.8,81.06001626672168
42,2026-10-03,2,2026-10-17,wk inc flu hosp,quantile,0.8,391.59741792636834
44,2026-10-03,2,2026-10-17,wk inc flu hosp,quantile,0.8,11.452804568497047
45,2026-10-03,2,2026-10-17,wk inc flu hosp,quantile,0.8,92.75686517419528
46,2026-10-03,2,2026-10-17,wk inc flu hosp,quantile,0.8,7.6104032141461655
47,2026-10-03,2,2026-10-17,wk inc flu hosp,quantile,0.8,150.23175114631175
48,2026-10-03,2,2026-10-17,wk inc flu hosp,quantile,0.8,569.9696103397172
49,2026-10-03,2,2026-10-17,wk inc flu hosp,quantile,0.8,33.75881524896416
50,2026-10-03,2,2026-10-17,wk inc flu hosp,quantile,0.8,8.892636149611759
51,2026-10-03,2,2026-10-17,wk inc flu hosp,quantile,0.8,118.79779799205987
53,2026-10-03,2,2026-10-17,wk inc flu hosp,quantile,0.8,182.97319714383121
54,2026-10-03,2,2026-10-17,wk inc flu hosp,quantile,0.8,22.433248725464722
55,2026-10-03,2,2026-10-17,wk inc flu hosp,quantile,0.8,68.96870046732784
56,2026-10-03,2,2026-10-17,wk inc flu hosp,quantile,0.8,8.385011484910208
72,2026-10-03,2,2026-10-17,wk inc flu hosp,quantile,0.8,154.32610628594313
US,2026-10-03,2,2026-10-17,wk inc flu hosp,quantile,0.8,6139.73625228242
01,2026-10-03,3,2026-10-24,wk inc flu hosp,quantile,0.8,92.03130376531942
02,2026-10-03,3,2026-10-24,wk inc flu hosp,quantile,0.8,24.251069547412964
04,2026-10-03,3,2026-10-24,wk inc flu hosp,quantile,0.8,111.39533731097829
05,2026-10-03,3,2026-10-24,wk inc flu hosp,quantile,0.8,43.09024030100677
06,2026-10-03,3,2026-10-24,wk inc flu hosp,quantile,0.8,813.5420839505904
08,2026-10-03,3,2026-10-24,wk inc flu hosp,quantile,0.8,99.58236829261241
09,2026-10-03,3,2026-10-24,wk inc flu hosp,quantile,0.8,51.56676912726064
10,2026-10-03,3,2026-10-24,wk inc flu hosp,quantile,0.8,8.467556277192516
11,2026-10-03,3,2026-10-24,wk inc flu hosp,quantile,0.8,13.912850980343544
12,2026-10-03,3,2026-10-24,wk inc flu hosp,quantile,0.8,783.4243279819585
13,2026-10-03,3,2026-10-24,wk inc flu hosp,quantile,0.8,109.16404202856664
15,2026-10-03,3,2026-10-24,wk inc flu hosp,quantile,0.8,38.4506894175104
16,2026-10-03,3,2026-10-24,wk inc flu hosp,quantile,0.8,36.4761911312785
17,2026-10-03,3,2026-10-24,wk inc flu hosp,quantile,0.8,204.6733589323999
18,2026-10-03,3,2026-10-24,wk inc flu hosp,quantile,0.8,142.15592277407313
19,2026-10-03,3,2026-10-24,wk inc flu hosp,quantile,0.8,33.129626093139734
20,2026-10-03,3,2026-10-24,wk inc flu hosp,quantile,0.8,32.593529222546955
21,2026-10-03,3,2026-10-24,wk inc flu hosp,quantile,0.8,50.850030600070646
22,2026-10-03,3,2026-10-24,wk inc flu hosp,quantile,0.8,106.90825616223073
23,2026-10-03,3,2026-10-24,wk inc flu hosp,quantile,0.8,19.27284206441741
24,2026-10-03,3,2026-10-24,wk inc flu hosp,quantile,0.8,67.37238362197995
25,2026-10-03,3,2026-10-24,wk inc flu hosp,quantile,0.8,96.78665574740913
26,2026-10-03,3,2026-10-24,wk inc flu hosp,quantile,0.8,182.2349151539675
27,2026-10-03,3,2026-10-24,wk inc flu hosp,quantile,0.8,86.45451479817298
28,2026-10-03,3,2026-10-24,wk inc flu hosp,quantile,0.8,62.0949060340058
29,2026-10-03,3,2026-10-24,wk inc flu hosp,quantile,0.8,133.11874091826647
30,2026-10-03,3,2026-10-24,wk inc flu hosp,quantile,0.8,52.53462837481522
31,2026-10-03,3,2026-10-24,wk inc flu hosp,quantile,0.8,14.263711688448941
32,2026-10-03,3,2026-10-24,wk inc flu hosp,quantile,0.8,96.27904018052872
33,2026-10-03,3,2026-10-24,wk inc flu hosp,quantile,0.8,22.84231991745591
34,2026-10-03,3,2026-10-24,wk inc flu hosp,quantile,0.8,288.99669815454416
35,2026-10-03,3,2026-10-24,wk inc flu hosp,quantile,0.8,36.183277608231755
36,2026-10-03,3,2026-10-24,wk inc flu hosp,quantile,0.8,393.2496772628128
37,2026-10-03,3,2026-10-24,wk inc flu hosp,quantile,0.8,217.73582576263112
38,2026-10-03,3,2026-10-24,wk inc flu hosp,quantile,0.8,14.109993508693389
39,2026-10-03,3,2026-10-24,wk inc flu hosp,quantile,0.8,172.44199171007565
40,2026-10-03,3,2026-10-24,wk inc flu hosp,quantile,0.8,64.1393327408254
41,2026-10-03,3,2026-10-24,wk inc flu hosp,quantile,0.8,92.97296969071974
42,2026-10-03,3,2026-10-24,wk inc flu hosp,quantile,0.8,453.9465528221805
44,2026-10-03,3,2026-10-24,wk inc flu hosp,quantile,0.8,13.74261535332411
45,2026-10-03,3,2026-10-24,wk inc flu hosp,quantile,0.8,111.6283707555929
46,2026-10-03,3,2026-10-24,wk inc flu hosp,quantile,0.8,9.262180276330893
47,2026-10-03,3,2026-10-24,wk inc flu hosp,quantile,0.8,169.9737242132522
48,2026-10-03,3,2026-10-24,wk inc flu hosp,quantile,0.8,662.4561011877171
49,2026-10-03,3,2026-10-24,wk inc flu hosp,quantile,0.8,37.085100621102
50,2026-10-03,3,2026-10-24,wk inc flu hosp,quantile,0.8,10.118857918241359
51,2026-10-03,3,2026-10-24,wk inc flu hosp,quantile,0.8,137.64650893160456
53,2026-10-03,3,2026-10-24,wk inc flu hosp,quantile,0.8,194.33964363223947
54,2026-10-03,3,2026-10-24,wk inc flu hosp,quantile,0.8,29.572477395145437
55,2026-10-03,3,2026-10-24,wk inc flu hosp,quantile,0.8,83.33061908484734
56,2026-10-03,3,2026-10-24,wk inc flu hosp,quantile,0.8,9.676895704149173
72,2026-10-03,3,2026-10-24,wk inc flu hosp,quantile,0.8,164.4020475354303
US,2026-10-03,3,2026-10-24,wk inc flu hosp,quantile,0.8,7506.3766888967875
01,2026-10-03,0,2026-10-03,wk inc flu hosp,quantile,0.85,53.716412808310714
02,2026-10-03,0,2026-10-03,wk inc flu hosp,quantile,0.85,23.58192704655923
04,2026-10-03,0,2026-10-03,wk inc flu hosp,quantile,0.85,55.05291313136584
05,2026-10-03,0,2026-10-03,wk inc flu hosp,quantile,0.85,22.56589807088897
06,2026-10-03,0,2026-10-03,wk inc flu hosp,quantile,0.85,516.0146022056505
08,2026-10-03,0,2026-10-03,wk inc flu hosp,quantile,0.85,48.8474148399054
09,2026-10-03,0,2026-10-03,wk inc flu hosp,quantile,0.85,20.420900341047922
10,2026-10-03,0,2026-10-03,wk inc flu hosp,quantile,0.85,3.1298226889980083
11,2026-10-03,0,2026-10-03,wk inc flu hosp,quantile,0.85,7.745239829826864
12,2026-10-03,0,2026-10-03,wk inc flu hosp,quantile,0.85,563.1981406209231
13,2026-10-03,0,2026-10-03,wk inc flu hosp,quantile,0.85,51.389152459019286
15,2026-10-03,0,2026-10-03,wk inc flu hosp,quantile,0.85,34.847505485140005
16,2026-10-03,0,2026-10-03,wk inc flu hosp,quantile,0.85,22.27250285964298
17,2026-10-03,0,2026-10-03,wk inc flu hosp,quantile,0.85,108.45649846418297
18,2026-10-03,0,2026-10-03,wk inc flu hosp,quantile,0.85,63.61378792418217
19,2026-10-03,0,2026-10-03,wk inc flu hosp,quantile,0.85,13.693717226601322
20,2026-10-03,0,2026-10-03,wk inc flu hosp,quantile,0.85,13.432449256050011
21,2026-10-03,0,2026-10-03,wk inc flu hosp,quantile,0.85,19.941861467578565
22,2026-10-03,0,2026-10-03,wk inc flu hosp,quantile,0.85,75.68377040972223
23,2026-10-03,0,2026-10-03,wk inc flu hosp,quantile,0.85,9.883434202745239
24,2026-10-03,0,2026-10-03,wk inc flu hosp,quantile,0.85,33.04116578205734
25,2026-10-03,0,2026-10-03,wk inc flu hosp,quantile,0.85,28.7360645329875
26,2026-10-03,0,2026-10-03,wk inc flu hosp,quantile,0.85,79.89178269094734
27,2026-10-03,0,2026-10-03,wk inc flu hosp,quantile,0.85,42.45331659347782
28,2026-10-03,0,2026-10-03,wk inc flu hosp,quantile,0.85,38.772248350238534
29,2026-10-03,0,2026-10-03,wk inc flu hosp,quantile,0.85,60.87054803081158
30,2026-10-03,0,2026-10-03,wk inc flu hosp,quantile,0.85,45.895496669611624
31,2026-10-03,0,2026-10-03,wk inc flu hosp,quantile,0.85,5.463592999378991
32,2026-10-03,0,2026-10-03,wk inc flu hosp,quantile,0.85,66.58878298282055
33,2026-10-03,0,2026-10-03,wk inc flu hosp,quantile,0.85,11.31395877401801
34,2026-10-03,0,2026-10-03,wk inc flu hosp,quantile,0.85,144.44414635558763
35,2026-10-03,0,2026-10-03,wk inc flu hosp,quantile,0.85,19.873074856217674
36,2026-10-03,0,2026-10-03,wk inc flu hosp,quantile,0.85,161.44412725759344
37,2026-10-03,0,2026-10-03,wk inc flu hosp,quantile,0.85,96.47738227466445
38,2026-10-03,0,2026-10-03,wk inc flu hosp,quantile,0.85,9.932615501843786
39,2026-10-03,0,2026-10-03,wk inc flu hosp,quantile,0.85,88.9581719016332
40,2026-10-03,0,2026-10-03,wk inc flu hosp,quantile,0.85,27.293773769592363
41,2026-10-03,0,2026-10-03,wk inc flu hosp,quantile,0.85,53.56390841098319
42,2026-10-03,0,2026-10-03,wk inc flu hosp,quantile,0.85,261.87441523020436
44,2026-10-03,0,2026-10-03,wk inc flu hosp,quantile,0.85,7.867272105321679
45,2026-10-03,0,2026-10-03,wk inc flu hosp,quantile,0.85,55.063466429336344
46,2026-10-03,0,2026-10-03,wk inc flu hosp,quantile,0.85,4.1936492546253845
47,2026-10-03,0,2026-10-03,wk inc flu hosp,quantile,0.85,104.18785975461525
48,2026-10-03,0,2026-10-03,wk inc flu hosp,quantile,0.85,383.04577303255456
49,2026-10-03,0,2026-10-03,wk inc flu hosp,quantile,0.85,27.707622984916675
50,2026-10-03,0,2026-10-03,wk inc flu hosp,quantile,0.85,6.482972052450829
51,2026-10-03,0,2026-10-03,wk inc flu hosp,quantile,0.85,72.03467584412672
53,2026-10-03,0,2026-10-03,wk inc flu hosp,quantile,0.85,145.32045705451947
54,2026-10-03,0,2026-10-03,wk inc flu hosp,quantile,0.85,11.754258589613197
55,2026-10-03,0,2026-10-03,wk inc flu hosp,quantile,0.85,44.86409505253535
56,2026-10-03,0,2026-10-03,wk inc flu hosp,quantile,0.85,6.547082413031596
72,2026-10-03,0,2026-10-03,wk inc flu hosp,quantile,0.85,140.94022824663554
US,2026-10-03,0,2026-10-03,wk inc flu hosp,quantile,0.85,3729.0664457121293
01,2026-10-03,1,2026-10-10,wk inc flu hosp,quantile,0.85,72.34120431793902
02,2026-10-03,1,2026-10-10,wk inc flu hosp,quantile,0.85,25.38603645420397
04,2026-10-03,1,2026-10-10,wk inc flu hosp,quantile,0.85,81.8583505465358
05,2026-10-03,1,2026-10-10,wk inc flu hosp,quantile,0.85,31.750067993088106
06,2026-10-03,1,2026-10-10,wk inc flu hosp,quantile,0.85,650.2512227506899
08,2026-10-03,1,2026-10-10,wk inc flu hosp,quantile,0.85,72.58238975277816
09,2026-10-03,1,2026-10-10,wk inc flu hosp,quantile,0.85,33.82759243424363
10,2026-10-03,1,2026-10-10,wk inc flu hosp,quantile,0.85,5.562136932164929
11,2026-10-03,1,2026-10-10,wk inc flu hosp,quantile,0.85,11.02569574702415
12,2026-10-03,1,2026-10-10,wk inc flu hosp,quantile,0.85,689.7555088791355
13,2026-10-03,1,2026-10-10,wk inc flu hosp,quantile,0.85,75.57230233941614
15,2026-10-03,1,2026-10-10,wk inc flu hosp,quantile,0.85,38.39068989380898
16,2026-10-03,1,2026-10-10,wk inc flu hosp,quantile,0.85,30.19859925485502
17,2026-10-03,1,2026-10-10,wk inc flu hosp,quantile,0.85,151.6182330367594
18,2026-10-03,1,2026-10-10,wk inc flu hosp,quantile,0.85,96.40990193141145
19,2026-10-03,1,2026-10-10,wk inc flu hosp,quantile,0.85,21.671664569184408
20,2026-10-03,1,2026-10-10,wk inc flu hosp,quantile,0.85,22.179363959370317
21,2026-10-03,1,2026-10-10,wk inc flu hosp,quantile,0.85,30.748416083293726
22,2026-10-03,1,2026-10-10,wk inc flu hosp,quantile,0.85,92.97305699539866
23,2026-10-03,1,2026-10-10,wk inc flu hosp,quantile,0.85,14.259605267981247
24,2026-10-03,1,2026-10-10,wk inc flu hosp,quantile,0.85,48.109764614018026
25,2026-10-03,1,2026-10-10,wk inc flu hosp,quantile,0.85,53.42024479614852
26,2026-10-03,1,2026-10-10,wk inc flu hosp,quantile,0.85,123.30962606910605
27,2026-10-03,1,2026-10-10,wk inc flu hosp,quantile,0.85,64.04026256563519
28,2026-10-03,1,2026-10-10,wk inc flu hosp,quantile,0.85,49.93514014000467
29,2026-10-03,1,2026-10-10,wk inc flu hosp,quantile,0.85,91.74380476009881
30,2026-10-03,1,2026-10-10,wk inc flu hosp,quantile,0.85,53.0405218901587
31,2026-10-03,1,2026-10-10,wk inc flu hosp,quantile,0.85,9.026767525709344
32,2026-10-03,1,2026-10-10,wk inc flu hosp,quantile,0.85,85.45252074976604
33,2026-10-03,1,2026-10-10,wk inc flu hosp,quantile,0.85,17.271497355125778
34,2026-10-03,1,2026-10-10,wk inc flu hosp,quantile,0.85,217.39051649404567
35,2026-10-03,1,2026-10-10,wk inc flu hosp,quantile,0.85,28.78840755599963
36,2026-10-03,1,2026-10-10,wk inc flu hosp,quantile,0.85,247.84012786277245
37,2026-10-03,1,2026-10-10,wk inc flu hosp,quantile,0.85,147.65015724566197
38,2026-10-03,1,2026-10-10,wk inc flu hosp,quantile,0.85,12.654357791774965
39,2026-10-03,1,2026-10-10,wk inc flu hosp,quantile,0.85,132.70850297109837
40,2026-10-03,1,2026-10-10,wk inc flu hosp,quantile,0.85,43.24152468001515
41,2026-10-03,1,2026-10-10,wk inc flu hosp,quantile,0.85,72.62995163233822
42,2026-10-03,1,2026-10-10,wk inc flu hosp,quantile,0.85,351.36100482510017
44,2026-10-03,1,2026-10-10,wk inc flu hosp,quantile,0.85,10.824241146218462
45,2026-10-03,1,2026-10-10,wk inc flu hosp,quantile,0.85,79.9128250348693
46,2026-10-03,1,2026-10-10,wk inc flu hosp,quantile,0.85,6.883547799228173
47,2026-10-03,1,2026-10-10,wk inc flu hosp,quantile,0.85,136.73204223809742
48,2026-10-03,1,2026-10-10,wk inc flu hosp,quantile,0.85,511.5019559076264
49,2026-10-03,1,2026-10-10,wk inc flu hosp,quantile,0.85,33.928317728784386
50,2026-10-03,1,2026-10-10,wk inc flu hosp,quantile,0.85,8.595163940719496
51,2026-10-03,1,2026-10-10,wk inc flu hosp,quantile,0.85,105.73495897137947
53,2026-10-03,1,2026-10-10,wk inc flu hosp,quantile,0.85,175.09390171641755
54,2026-10-03,1,2026-10-10,wk inc flu hosp,quantile,0.85,19.68601750214406
55,2026-10-03,1,2026-10-10,wk inc flu hosp,quantile,0.85,60.63889396288692
56,2026-10-03,1,2026-10-10,wk inc flu hosp,quantile,0.85,8.303318936765315
72,2026-10-03,1,2026-10-10,wk inc flu hosp,quantile,0.85,155.30214816746263
US,2026-10-03,1,2026-10-10,wk inc flu hosp,quantile,0.85,5137.453927237403
01,2026-10-03,2,2026-10-17,wk inc flu hosp,quantile,0.85,89.98938214040429
02,2026-10-03,2,2026-10-17,wk inc flu hosp,quantile,0.85,26.975179049998694
04,2026-10-03,2,2026-10-17,wk inc flu hosp,quantile,0.85,107.92485332822156
05,2026-10-03,2,2026-10-17,wk inc flu hosp,quantile,0.85,41.06559405964666
06,2026-10-03,2,2026-10-17,wk inc flu hosp,quantile,0.85,777.5540092537806
08,2026-10-03,2,2026-10-17,wk inc flu hosp,quantile,0.85,94.67778272949641
09,2026-10-03,2,2026-10-17,wk inc flu hosp,quantile,0.85,48.46941094258646
10,2026-10-03,2,2026-10-17,wk inc flu hosp,quantile,0.85,8.342009610728319
11,2026-10-03,2,2026-10-17,wk inc flu hosp,quantile,0.85,14.454008519561894
12,2026-10-03,2,2026-10-17,wk inc flu hosp,quantile,0.85,786.0749511549102
13,2026-10-03,2,2026-10-17,wk inc flu hosp,quantile,0.85,103.12837513860819
15,2026-10-03,2,2026-10-17,wk inc flu hosp,quantile,0.85,40.673271198293186
16,2026-10-03,2,2026-10-17,wk inc flu hosp,quantile,0.85,37.449683461311324
17,2026-10-03,2,2026-10-17,wk inc flu hosp,quantile,0.85,197.0640361016271
18,2026-10-03,2,2026-10-17,wk inc flu hosp,quantile,0.85,129.4734848114117
19,2026-10-03,2,2026-10-17,wk inc flu hosp,quantile,0.85,30.25622794003698
20,2026-10-03,2,2026-10-17,wk inc flu hosp,quantile,0.85,30.689271779436623
21,2026-10-03,2,2026-10-17,wk inc flu hosp,quantile,0.85,47.264956604851555
22,2026-10-03,2,2026-10-17,wk inc flu hosp,quantile,0.85,107.7804884937931
23,2026-10-03,2,2026-10-17,wk inc flu hosp,quantile,0.85,18.586686930322905
24,2026-10-03,2,2026-10-17,wk inc flu hosp,quantile,0.85,65.00503950776776
25,2026-10-03,2,2026-10-17,wk inc flu hosp,quantile,0.85,83.4326610909974
26,2026-10-03,2,2026-10-17,wk inc flu hosp,quantile,0.85,168.71992804905227
27,2026-10-03,2,2026-10-17,wk inc flu hosp,quantile,0.85,83.79007143361294
28,2026-10-03,2,2026-10-17,wk inc flu hosp,quantile,0.85,61.19542948817492
29,2026-10-03,2,2026-10-17,wk inc flu hosp,quantile,0.85,122.24945328251768
30,2026-10-03,2,2026-10-17,wk inc flu hosp,quantile,0.85,57.10484096656723
31,2026-10-03,2,2026-10-17,wk inc flu hosp,quantile,0.85,13.609225713529414
32,2026-10-03,2,2026-10-17,wk inc flu hosp,quantile,0.85,96.09981187340837
33,2026-10-03,2,2026-10-17,wk inc flu hosp,quantile,0.85,22.00308866131908
34,2026-10-03,2,2026-10-17,wk inc flu hosp,quantile,0.85,283.3340349990442
35,2026-10-03,2,2026-10-17,wk inc flu hosp,quantile,0.85,36.03953925788691
36,2026-10-03,2,2026-10-17,wk inc flu hosp,quantile,0.85,347.55223294776545
37,2026-10-03,2,2026-10-17,wk inc flu hosp,quantile,0.85,202.70117399635996
38,2026-10-03,2,2026-10-17,wk inc flu hosp,quantile,0.85,14.792580280054102
39,2026-10-03,2,2026-10-17,wk inc flu hosp,quantile,0.85,177.7991227062512
40,2026-10-03,2,2026-10-17,wk inc flu hosp,quantile,0.85,60.70468543501947
41,2026-10-03,2,2026-10-17,wk inc flu hosp,quantile,0.85,90.99455605481496
42,2026-10-03,2,2026-10-17,wk inc flu hosp,quantile,0.85,439.22635814956396
44,2026-10-03,2,2026-10-17,wk inc flu hosp,quantile,0.85,13.401592111733716
45,2026-10-03,2,2026-10-17,wk inc flu hosp,quantile,0.85,106.89793284868287
46,2026-10-03,2,2026-10-17,wk inc flu hosp,quantile,0.85,9.068840608632573
47,2026-10-03,2,2026-10-17,wk inc flu hosp,quantile,0.85,168.35125047431163
48,2026-10-03,2,2026-10-17,wk inc flu hosp,quantile,0.85,628.2824644940945
49,2026-10-03,2,2026-10-17,wk inc flu hosp,quantile,0.85,38.23647182531798
50,2026-10-03,2,2026-10-17,wk inc flu hosp,quantile,0.85,10.528776091086995
51,2026-10-03,2,2026-10-17,wk inc flu hosp,quantile,0.85,137.68807854658547
53,2026-10-03,2,2026-10-17,wk inc flu hosp,quantile,0.85,199.5819169830558
54,2026-10-03,2,2026-10-17,wk inc flu hosp,quantile,0.85,27.495820477492547
55,2026-10-03,2,2026-10-17,wk inc flu hosp,quantile,0.85,79.84671928506418
56,2026-10-03,2,2026-10-17,wk inc flu hosp,quantile,0.85,9.648011124294046
72,2026-10-03,2,2026-10-17,wk inc flu hosp,quantile,0.85,168.02601001957106
US,2026-10-03,2,2026-10-17,wk inc flu hosp,quantile,0.85,6758.027295467691
01,2026-10-03,3,2026-10-24,wk inc flu hosp,quantile,0.85,106.72210314225683
02,2026-10-03,3,2026-10-24,wk inc flu hosp,quantile,0.85,28.05802651746361
04,2026-10-03,3,2026-10-24,wk inc flu hosp,quantile,0.85,130.55820663658977
05,2026-10-03,3,2026-10-24,wk inc flu hosp,quantile,0.85,49.993553815020846
06,2026-10-03,3,2026-10-24,wk inc flu hosp,quantile,0.85,892.1815853152343
08,2026-10-03,3,2026-10-24,wk inc flu hosp,quantile,0.85,112.83103675251542
09,2026-10-03,3,2026-10-24,wk inc flu hosp,quantile,0.85,61.98034481641444
10,2026-10-03,3,2026-10-24,wk inc flu hosp,quantile,0.85,10.804532203679138
11,2026-10-03,3,2026-10-24,wk inc flu hosp,quantile,0.85,17.328071998884194
12,2026-10-03,3,2026-10-24,wk inc flu hosp,quantile,0.85,873.9401505367383
13,2026-10-03,3,2026-10-24,wk inc flu hosp,quantile,0.85,128.1341374850788
15,2026-10-03,3,2026-10-24,wk inc flu hosp,quantile,0.85,41.911857588041116
16,2026-10-03,3,2026-10-24,wk inc flu hosp,quantile,0.85,43.474535825183956
17,2026-10-03,3,2026-10-24,wk inc flu hosp,quantile,0.85,236.51928404784226
18,2026-10-03,3,2026-10-24,wk inc flu hosp,quantile,0.85,164.91605514859094
19,2026-10-03,3,2026-10-24,wk inc flu hosp,quantile,0.85,39.95104192109994
20,2026-10-03,3,2026-10-24,wk inc flu hosp,quantile,0.85,39.16632936231402
21,2026-10-03,3,2026-10-24,wk inc flu hosp,quantile,0.85,62.77010309402213
22,2026-10-03,3,2026-10-24,wk inc flu hosp,quantile,0.85,123.10254827485414
23,2026-10-03,3,2026-10-24,wk inc flu hosp,quantile,0.85,23.395535142210065
24,2026-10-03,3,2026-10-24,wk inc flu hosp,quantile,0.85,80.45667800060707
25,2026-10-03,3,2026-10-24,wk inc flu hosp,quantile,0.85,116.20923442937931
26,2026-10-03,3,2026-10-24,wk inc flu hosp,quantile,0.85,211.12340435210817
27,2026-10-03,3,2026-10-24,wk inc flu hosp,quantile,0.85,102.63188662440196
28,2026-10-03,3,2026-10-24,wk inc flu hosp,quantile,0.85,70.36246708374874
29,2026-10-03,3,2026-10-24,wk inc flu hosp,quantile,0.85,155.20980871522076
30,2026-10-03,3,2026-10-24,wk inc flu hosp,quantile,0.85,60.00969893027958
31,2026-10-03,3,2026-10-24,wk inc flu hosp,quantile,0.85,19.477031744589326
32,2026-10-03,3,2026-10-24,wk inc flu hosp,quantile,0.85,109.0241305800937
33,2026-10-03,3,2026-10-24,wk inc flu hosp,quantile,0.85,26.78302628583989
34,2026-10-03,3,2026-10-24,wk inc flu hosp,quantile,0.85,334.37382040729796
35,2026-10-03,3,2026-10-24,wk inc flu hosp,quantile,0.85,42.351410470871805
36,2026-10-03,3,2026-10-24,wk inc flu hosp,quantile,0.85,459.2340065491507
37,2026-10-03,3,2026-10-24,wk inc flu hosp,quantile,0.85,249.6963062693959
38,2026-10-03,3,2026-10-24,wk inc flu hosp,quantile,0.85,16.233090912978543
39,2026-10-03,3,2026-10-24,wk inc flu hosp,quantile,0.85,207.73324395305573
40,2026-10-03,3,2026-10-24,wk inc flu hosp,quantile,0.85,76.999487425221
41,2026-10-03,3,2026-10-24,wk inc flu hosp,quantile,0.85,107.77553047654463
42,2026-10-03,3,2026-10-24,wk inc flu hosp,quantile,0.85,517.8589794446457
44,2026-10-03,3,2026-10-24,wk inc flu hosp,quantile,0.85,16.374305876814894
45,2026-10-03,3,2026-10-24,wk inc flu hosp,quantile,0.85,129.83650468779757
46,2026-10-03,3,2026-10-24,wk inc flu hosp,quantile,0.85,11.24959902341186
47,2026-10-03,3,2026-10-24,wk inc flu hosp,quantile,0.85,192.35160985108905
48,2026-10-03,3,2026-10-24,wk inc flu hosp,quantile,0.85,726.0745063772537
49,2026-10-03,3,2026-10-24,wk inc flu hosp,quantile,0.85,42.25196242881792
50,2026-10-03,3,2026-10-24,wk inc flu hosp,quantile,0.85,11.855454531612153
51,2026-10-03,3,2026-10-24,wk inc flu hosp,quantile,0.85,157.47209243607395
53,2026-10-03,3,2026-10-24,wk inc flu hosp,quantile,0.85,213.9532852545683
54,2026-10-03,3,2026-10-24,wk inc flu hosp,quantile,0.85,35.46999694819499
55,2026-10-03,3,2026-10-24,wk inc flu hosp,quantile,0.85,99.801432396322
56,2026-10-03,3,2026-10-24,wk inc flu hosp,quantile,0.85,11.357280529176979
72,2026-10-03,3,2026-10-24,wk inc flu hosp,quantile,0.85,179.37739632989022
US,2026-10-03,3,2026-10-24,wk inc flu hosp,quantile,0.85,8258.723296881179
01,2026-10-03,0,2026-10-03,wk inc flu hosp,quantile,0.9,58.88137299672083
02,2026-10-03,0,2026-10-03,wk inc flu hosp,quantile,0.9,25.84723629507155
04,2026-10-03,0,2026-10-03,wk inc flu hosp,quantile,0.9,61.2626906197527
05,2026-10-03,0,2026-10-03,wk inc flu hosp,quantile,0.9,25.02943669784583
06,2026-10-03,0,2026-10-03,wk inc flu hosp,quantile,0.9,541.6595164571016
08,2026-10-03,0,2026-10-03,wk inc flu hosp,quantile,0.9,53.16268090205555
09,2026-10-03,0,2026-10-03,wk inc flu hosp,quantile,0.9,23.120642465732388
10,2026-10-03,0,2026-10-03,wk inc flu hosp,quantile,0.9,3.8972312626172463
11,2026-10-03,0,2026-10-03,wk inc flu hosp,quantile,0.9,8.907819530682694
12,2026-10-03,0,2026-10-03,wk inc flu hosp,quantile,0.9,593.1873051329793
13,2026-10-03,0,2026-10-03,wk inc flu hosp,quantile,0.9,58.50609539317367
15,2026-10-03,0,2026-10-03,wk inc flu hosp,quantile,0.9,37.80633655322114
16,2026-10-03,0,2026-10-03,wk inc flu hosp,quantile,0.9,24.890114152305834
17,2026-10-03,0,2026-10-03,wk inc flu hosp,quantile,0.9,117.54616998305283
18,2026-10-03,0,2026-10-03,wk inc flu hosp,quantile,0.9,68.24804425288859
19,2026-10-03,0,2026-10-03,wk inc flu hosp,quantile,0.9,15.699291794961775
20,2026-10-03,0,2026-10-03,wk inc flu hosp,quantile,0.9,15.454132726672666
21,2026-10-03,0,2026-10-03,wk inc flu hosp,quantile,0.9,22.974966646358297
22,2026-10-03,0,2026-10-03,wk inc flu hosp,quantile,0.9,82.28173166843025
23,2026-10-03,0,2026-10-03,wk inc flu hosp,quantile,0.9,11.335183530704027
24,2026-10-03,0,2026-10-03,wk inc flu hosp,quantile,0.9,36.24284256605591
25,2026-10-03,0,2026-10-03,wk inc flu hosp,quantile,0.9,32.153490752121186
26,2026-10-03,0,2026-10-03,wk inc flu hosp,quantile,0.9,86.55819955468154
27,2026-10-03,0,2026-10-03,wk inc flu hosp,quantile,0.9,47.0804525919492
28,2026-10-03,0,2026-10-03,wk inc flu hosp,quantile,0.9,42.23512955841504
29,2026-10-03,0,2026-10-03,wk inc flu hosp,quantile,0.9,67.19319475839812
30,2026-10-03,0,2026-10-03,wk inc flu hosp,quantile,0.9,50.41671988758325
31,2026-10-03,0,2026-10-03,wk inc flu hosp,quantile,0.9,6.474545242855051
32,2026-10-03,0,2026-10-03,wk inc flu hosp,quantile,0.9,71.49164010066464
33,2026-10-03,0,2026-10-03,wk inc flu hosp,quantile,0.9,13.2064841124567
34,2026-10-03,0,2026-10-03,wk inc flu hosp,quantile,0.9,154.51501279292637
35,2026-10-03,0,2026-10-03,wk inc flu hosp,quantile,0.9,22.413236014912584
36,2026-10-03,0,2026-10-03,wk inc flu hosp,quantile,0.9,172.37925291351183
37,2026-10-03,0,2026-10-03,wk inc flu hosp,quantile,0.9,106.79142583820365
38,2026-10-03,0,2026-10-03,wk inc flu hosp,quantile,0.9,11.387416378434885
39,2026-10-03,0,2026-10-03,wk inc flu hosp,quantile,0.9,102.538735301112
40,2026-10-03,0,2026-10-03,wk inc flu hosp,quantile,0.9,31.33828557514008
41,2026-10-03,0,2026-10-03,wk inc flu hosp,quantile,0.9,58.326437631078605
42,2026-10-03,0,2026-10-03,wk inc flu hosp,quantile,0.9,280.0843909184386
44,2026-10-03,0,2026-10-03,wk inc flu hosp,quantile,0.9,8.856746813652622
45,2026-10-03,0,2026-10-03,wk inc flu hosp,quantile,0.9,60.63247948323134
46,2026-10-03,0,2026-10-03,wk inc flu hosp,quantile,0.9,5.1668867520903
47,2026-10-03,0,2026-10-03,wk inc flu hosp,quantile,0.9,111.44180567703674
48,2026-10-03,0,2026-10-03,wk inc flu hosp,quantile,0.9,402.2251336964562
49,2026-10-03,0,2026-10-03,wk inc flu hosp,quantile,0.9,30.64816354569073
50,2026-10-03,0,2026-10-03,wk inc flu hosp,quantile,0.9,7.366449068613621
51,2026-10-03,0,2026-10-03,wk inc flu hosp,quantile,0.9,79.38653664114604
53,2026-10-03,0,2026-10-03,wk inc flu hosp,quantile,0.9,154.588716060859
54,2026-10-03,0,2026-10-03,wk inc flu hosp,quantile,0.9,13.931205976190185
55,2026-10-03,0,2026-10-03,wk inc flu hosp,quantile,0.9,49.22834559754772
56,2026-10-03,0,2026-10-03,wk inc flu hosp,quantile,0.9,7.808851462355476
72,2026-10-03,0,2026-10-03,wk inc flu hosp,quantile,0.9,150.5270476319093
US,2026-10-03,0,2026-10-03,wk inc flu hosp,quantile,0.9,3915.671204189115
01,2026-10-03,1,2026-10-10,wk inc flu hosp,quantile,0.9,83.23601824664736
02,2026-10-03,1,2026-10-10,wk inc flu hosp,quantile,0.9,29.083429055792436
04,2026-10-03,1,2026-10-10,wk inc flu hosp,quantile,0.9,96.03941024785796
05,2026-10-03,1,2026-10-10,wk inc flu hosp,quantile,0.9,36.98870300498738
06,2026-10-03,1,2026-10-10,wk inc flu hosp,quantile,0.9,701.0606786247273
08,2026-10-03,1,2026-10-10,wk inc flu hosp,quantile,0.9,82.13778542376133
09,2026-10-03,1,2026-10-10,wk inc flu hosp,quantile,0.9,40.80139148930532
10,2026-10-03,1,2026-10-10,wk inc flu hosp,quantile,0.9,7.006784130248066
11,2026-10-03,1,2026-10-10,wk inc flu hosp,quantile,0.9,13.342059865077932
12,2026-10-03,1,2026-10-10,wk inc flu hosp,quantile,0.9,742.0413464408313
13,2026-10-03,1,2026-10-10,wk inc flu hosp,quantile,0.9,91.03803565090321
15,2026-10-03,1,2026-10-10,wk inc flu hosp,quantile,0.9,42.21099733592054
16,2026-10-03,1,2026-10-10,wk inc flu hosp,quantile,0.9,35.29130682300747
17,2026-10-03,1,2026-10-10,wk inc flu hosp,quantile,0.9,173.17596165693436
18,2026-10-03,1,2026-10-10,wk inc flu hosp,quantile,0.9,108.53499202209979
19,2026-10-03,1,2026-10-10,wk inc flu hosp,quantile,0.9,25.989269619545723
20,2026-10-03,1,2026-10-10,wk inc flu hosp,quantile,0.9,26.30770618071275
21,2026-10-03,1,2026-10-10,wk inc flu hosp,quantile,0.9,37.60002097951412
22,2026-10-03,1,2026-10-10,wk inc flu hosp,quantile,0.9,104.25465551893132
23,2026-10-03,1,2026-10-10,wk inc flu hosp,quantile,0.9,16.91672913884739
24,2026-10-03,1,2026-10-10,wk inc flu hosp,quantile,0.9,55.92087302266143
25,2026-10-03,1,2026-10-10,wk inc flu hosp,quantile,0.9,62.417724651321436
26,2026-10-03,1,2026-10-10,wk inc flu hosp,quantile,0.9,140.7846594922418
27,2026-10-03,1,2026-10-10,wk inc flu hosp,quantile,0.9,74.62618591673774
28,2026-10-03,1,2026-10-10,wk inc flu hosp,quantile,0.9,56.120728542149685
29,2026-10-03,1,2026-10-10,wk inc flu hosp,quantile,0.9,106.18007732795117
30,2026-10-03,1,2026-10-10,wk inc flu hosp,quantile,0.9,58.653644763876656
31,2026-10-03,1,2026-10-10,wk inc flu hosp,quantile,0.9,11.7237350718329
32,2026-10-03,1,2026-10-10,wk inc flu hosp,quantile,0.9,94.48224298523385
33,2026-10-03,1,2026-10-10,wk inc flu hosp,quantile,0.9,20.148886943570638
34,2026-10-03,1,2026-10-10,wk inc flu hosp,quantile,0.9,243.85522874388639
35,2026-10-03,1,2026-10-10,wk inc flu hosp,quantile,0.9,33.78832210878786
36,2026-10-03,1,2026-10-10,wk inc flu hosp,quantile,0.9,279.0415129155587
37,2026-10-03,1,2026-10-10,wk inc flu hosp,quantile,0.9,170.16641989285492
38,2026-10-03,1,2026-10-10,wk inc flu hosp,quantile,0.9,14.700679728772824
39,2026-10-03,1,2026-10-10,wk inc flu hosp,quantile,0.9,161.54506136872155
40,2026-10-03,1,2026-10-10,wk inc flu hosp,quantile,0.9,53.256782042891665
41,2026-10-03,1,2026-10-10,wk inc flu hosp,quantile,0.9,82.6011403092566
42,2026-10-03,1,2026-10-10,wk inc flu hosp,quantile,0.9,387.8177664434201
44,2026-10-03,1,2026-10-10,wk inc flu hosp,quantile,0.9,12.700139844691167
45,2026-10-03,1,2026-10-10,wk inc flu hosp,quantile,0.9,90.87261837109459
46,2026-10-03,1,2026-10-10,wk inc flu hosp,quantile,0.9,8.618384144433753
47,2026-10-03,1,2026-10-10,wk inc flu hosp,quantile,0.9,152.25735680909827
48,2026-10-03,1,2026-10-10,wk inc flu hosp,quantile,0.9,553.0492523882966
49,2026-10-03,1,2026-10-10,wk inc flu hosp,quantile,0.9,37.9182828580391
50,2026-10-03,1,2026-10-10,wk inc flu hosp,quantile,0.9,9.968472110113085
51,2026-10-03,1,2026-10-10,wk inc flu hosp,quantile,0.9,121.26530227466483
53,2026-10-03,1,2026-10-10,wk inc flu hosp,quantile,0.9,192.58940160341265
54,2026-10-03,1,2026-10-10,wk inc flu hosp,quantile,0.9,24.780743252891096
55,2026-10-03,1,2026-10-10,wk inc flu hosp,quantile,0.9,69.98187017032261
56,2026-10-03,1,2026-10-10,wk inc flu hosp,quantile,0.9,9.892032153510288
72,2026-10-03,1,2026-10-10,wk inc flu hosp,quantile,0.9,169.050844565516
US,2026-10-03,1,2026-10-10,wk inc flu hosp,quantile,0.9,5591.265131585159
01,2026-10-03,2,2026-10-17,wk inc flu hosp,quantile,0.9,105.49437228219124
02,2026-10-03,2,2026-10-17,wk inc flu hosp,quantile,0.9,31.083315781956674
04,2026-10-03,2,2026-10-17,wk inc flu hosp,quantile,0.9,127.49508214436153
05,2026-10-03,2,2026-10-17,wk inc flu hosp,quantile,0.9,51.32270276079511
06,2026-10-03,2,2026-10-17,wk inc flu hosp,quantile,0.9,874.4854414751965
08,2026-10-03,2,2026-10-17,wk inc flu hosp,quantile,0.9,107.964268494596
09,2026-10-03,2,2026-10-17,wk inc flu hosp,quantile,0.9,57.712051040560006
10,2026-10-03,2,2026-10-17,wk inc flu hosp,quantile,0.9,10.9399820000259
11,2026-10-03,2,2026-10-17,wk inc flu hosp,quantile,0.9,17.682231241617018
12,2026-10-03,2,2026-10-17,wk inc flu hosp,quantile,0.9,884.6028672101296
13,2026-10-03,2,2026-10-17,wk inc flu hosp,quantile,0.9,125.66496196467756
15,2026-10-03,2,2026-10-17,wk inc flu hosp,quantile,0.9,44.879504803117264
16,2026-10-03,2,2026-10-17,wk inc flu hosp,quantile,0.9,44.434691599937466
17,2026-10-03,2,2026-10-17,wk inc flu hosp,quantile,0.9,227.6599728696283
18,2026-10-03,2,2026-10-17,wk inc flu hosp,quantile,0.9,153.5114985505132
19,2026-10-03,2,2026-10-17,wk inc flu hosp,quantile,0.9,36.742152598093774
20,2026-10-03,2,2026-10-17,wk inc flu hosp,quantile,0.9,37.30586477459016
21,2026-10-03,2,2026-10-17,wk inc flu hosp,quantile,0.9,58.792732498277395
22,2026-10-03,2,2026-10-17,wk inc flu hosp,quantile,0.9,122.17316790766154
23,2026-10-03,2,2026-10-17,wk inc flu hosp,quantile,0.9,23.558565581516238
24,2026-10-03,2,2026-10-17,wk inc flu hosp,quantile,0.9,78.18109643733621
25,2026-10-03,2,2026-10-17,wk inc flu hosp,quantile,0.9,100.25226803971889
26,2026-10-03,2,2026-10-17,wk inc flu hosp,quantile,0.9,198.11089000677936
27,2026-10-03,2,2026-10-17,wk inc flu hosp,quantile,0.9,100.37632440684473
28,2026-10-03,2,2026-10-17,wk inc flu hosp,quantile,0.9,71.43038729121996
29,2026-10-03,2,2026-10-17,wk inc flu hosp,quantile,0.9,148.71271608992316
30,2026-10-03,2,2026-10-17,wk inc flu hosp,quantile,0.9,65.6795015935693
31,2026-10-03,2,2026-10-17,wk inc flu hosp,quantile,0.9,18.384707781035424
32,2026-10-03,2,2026-10-17,wk inc flu hosp,quantile,0.9,110.94525826384445
33,2026-10-03,2,2026-10-17,wk inc flu hosp,quantile,0.9,26.844396394981864
34,2026-10-03,2,2026-10-17,wk inc flu hosp,quantile,0.9,323.8430303702687
35,2026-10-03,2,2026-10-17,wk inc flu hosp,quantile,0.9,44.62835214481838
36,2026-10-03,2,2026-10-17,wk inc flu hosp,quantile,0.9,411.21174564308546
37,2026-10-03,2,2026-10-17,wk inc flu hosp,quantile,0.9,239.07310164492728
38,2026-10-03,2,2026-10-17,wk inc flu hosp,quantile,0.9,17.275699221154156
39,2026-10-03,2,2026-10-17,wk inc flu hosp,quantile,0.9,214.88114630369728
40,2026-10-03,2,2026-10-17,wk inc flu hosp,quantile,0.9,74.29586465095856
41,2026-10-03,2,2026-10-17,wk inc flu hosp,quantile,0.9,105.85840687810563
42,2026-10-03,2,2026-10-17,wk inc flu hosp,quantile,0.9,497.4699818167363
44,2026-10-03,2,2026-10-17,wk inc flu hosp,quantile,0.9,16.559106845062328
45,2026-10-03,2,2026-10-17,wk inc flu hosp,quantile,0.9,125.58838594694775
46,2026-10-03,2,2026-10-17,wk inc flu hosp,quantile,0.9,11.978499247529882
47,2026-10-03,2,2026-10-17,wk inc flu hosp,quantile,0.9,194.89706583017346
48,2026-10-03,2,2026-10-17,wk inc flu hosp,quantile,0.9,697.6279951646428
49,2026-10-03,2,2026-10-17,wk inc flu hosp,quantile,0.9,45.46564140144817
50,2026-10-03,2,2026-10-17,wk inc flu hosp,quantile,0.9,12.573441143829385
51,2026-10-03,2,2026-10-17,wk inc flu hosp,quantile,0.9,158.5873893294032
53,2026-10-03,2,2026-10-17,wk inc flu hosp,quantile,0.9,222.73821272667982
54,2026-10-03,2,2026-10-17,wk inc flu hosp,quantile,0.9,35.4689289126363
55,2026-10-03,2,2026-10-17,wk inc flu hosp,quantile,0.9,95.45304943949441
56,2026-10-03,2,2026-10-17,wk inc flu hosp,quantile,0.9,11.524702171853411
72,2026-10-03,2,2026-10-17,wk inc flu hosp,quantile,0.9,185.57078164624912
US,2026-10-03,2,2026-10-17,wk inc flu hosp,quantile,0.9,7413.665984666247
01,2026-10-03,3,2026-10-24,wk inc flu hosp,quantile,0.9,130.20735899903335
02,2026-10-03,3,2026-10-24,wk inc flu hosp,quantile,0.9,32.66578730065002
04,2026-10-03,3,2026-10-24,wk inc flu hosp,quantile,0.9,158.13866595363365
05,2026-10-03,3,2026-10-24,wk inc flu hosp,quantile,0.9,62.61015702435123
06,2026-10-03,3,2026-10-24,wk inc flu hosp,quantile,0.9,1011.0289397129064
08,2026-10-03,3,2026-10-24,wk inc flu hosp,quantile,0.9,133.09310977279634
09,2026-10-03,3,2026-10-24,wk inc flu hosp,quantile,0.9,77.09337719979632
10,2026-10-03,3,2026-10-24,wk inc flu hosp,quantile,0.9,13.246255539145107
11,2026-10-03,3,2026-10-24,wk inc flu hosp,quantile,0.9,21.21844439785872
12,2026-10-03,3,2026-10-24,wk inc flu hosp,quantile,0.9,983.2988985561948
13,2026-10-03,3,2026-10-24,wk inc flu hosp,quantile,0.9,155.6055635795836
15,2026-10-03,3,2026-10-24,wk inc flu hosp,quantile,0.9,47.377189702251584
16,2026-10-03,3,2026-10-24,wk inc flu hosp,quantile,0.9,53.552350599028266
17,2026-10-03,3,2026-10-24,wk inc flu hosp,quantile,0.9,281.4496172820254
18,2026-10-03,3,2026-10-24,wk inc flu hosp,quantile,0.9,197.9037331880518
19,2026-10-03,3,2026-10-24,wk inc flu hosp,quantile,0.9,48.383029827236726
20,2026-10-03,3,2026-10-24,wk inc flu hosp,quantile,0.9,50.053332089324044
21,2026-10-03,3,2026-10-24,wk inc flu hosp,quantile,0.9,81.92974671377638
22,2026-10-03,3,2026-10-24,wk inc flu hosp,quantile,0.9,145.89270814973978
23,2026-10-03,3,2026-10-24,wk inc flu hosp,quantile,0.9,28.853223195652724
24,2026-10-03,3,2026-10-24,wk inc flu hosp,quantile,0.9,96.67787905318669
25,2026-10-03,3,2026-10-24,wk inc flu hosp,quantile,0.9,139.23210547415508
26,2026-10-03,3,2026-10-24,wk inc flu hosp,quantile,0.9,258.2749109978716
27,2026-10-03,3,2026-10-24,wk inc flu hosp,quantile,0.9,123.69408033684653
28,2026-10-03,3,2026-10-24,wk inc flu hosp,quantile,0.9,81.98483761136195
29,2026-10-03,3,2026-10-24,wk inc flu hosp,quantile,0.9,188.25267524393863
30,2026-10-03,3,2026-10-24,wk inc flu hosp,quantile,0.9,70.16131489943162
31,2026-10-03,3,2026-10-24,wk inc flu hosp,quantile,0.9,25.45220544185222
32,2026-10-03,3,2026-10-24,wk inc flu hosp,quantile,0.9,123.33739808960232
33,2026-10-03,3,2026-10-24,wk inc flu hosp,quantile,0.9,32.42394422705513
34,2026-10-03,3,2026-10-24,wk inc flu hosp,quantile,0.9,387.0236686843005
35,2026-10-03,3,2026-10-24,wk inc flu hosp,quantile,0.9,52.61511657146006
36,2026-10-03,3,2026-10-24,wk inc flu hosp,quantile,0.9,558.7221983574029
37,2026-10-03,3,2026-10-24,wk inc flu hosp,quantile,0.9,304.26092476816757
38,2026-10-03,3,2026-10-24,wk inc flu hosp,quantile,0.9,19.432494648776107
39,2026-10-03,3,2026-10-24,wk inc flu hosp,quantile,0.9,266.3642760620434
40,2026-10-03,3,2026-10-24,wk inc flu hosp,quantile,0.9,99.66436914356863
41,2026-10-03,3,2026-10-24,wk inc flu hosp,quantile,0.9,130.90180655001524
42,2026-10-03,3,2026-10-24,wk inc flu hosp,quantile,0.9,602.9041600516839
44,2026-10-03,3,2026-10-24,wk inc flu hosp,quantile,0.9,20.276369590839845
45,2026-10-03,3,2026-10-24,wk inc flu hosp,quantile,0.9,163.68461177969323
46,2026-10-03,3,2026-10-24,wk inc flu hosp,quantile,0.9,14.980849485328298
47,2026-10-03,3,2026-10-24,wk inc flu hosp,quantile,0.9,224.88983334523016
48,2026-10-03,3,2026-10-24,wk inc flu hosp,quantile,0.9,827.2092075309062
49,2026-10-03,3,2026-10-24,wk inc flu hosp,quantile,0.9,49.96794846814237
50,2026-10-03,3,2026-10-24,wk inc flu hosp,quantile,0.9,14.683649403206893
51,2026-10-03,3,2026-10-24,wk inc flu hosp,quantile,0.9,186.7804361542032
53,2026-10-03,3,2026-10-24,wk inc flu hosp,quantile,0.9,247.23325381671648
54,2026-10-03,3,2026-10-24,wk inc flu hosp,quantile,0.9,46.81814813828372
55,2026-10-03,3,2026-10-24,wk inc flu hosp,quantile,0.9,123.8479259679571
56,2026-10-03,3,2026-10-24,wk inc flu hosp,quantile,0.9,13.391010222812294
72,2026-10-03,3,2026-10-24,wk inc flu hosp,quantile,0.9,201.45837331774092
US,2026-10-03,3,2026-10-24,wk inc flu hosp,quantile,0.9,9401.594630653351
01,2026-10-03,0,2026-10-03,wk inc flu hosp,quantile,0.95,66.14578748128982
02,2026-10-03,0,2026-10-03,wk inc flu hosp,quantile,0.95,29.928063497295366
04,2026-10-03,0,2026-10-03,wk inc flu hosp,quantile,0.95,72.72663848450621
05,2026-10-03,0,2026-10-03,wk inc flu hosp,quantile,0.95,29.985148427879132
06,2026-10-03,0,2026-10-03,wk inc flu hosp,quantile,0.95,582.2819928695243
08,2026-10-03,0,2026-10-03,wk inc flu hosp,quantile,0.95,60.123104443797175
09,2026-10-03,0,2026-10-03,wk inc flu hosp,quantile,0.95,27.78399342225143
10,2026-10-03,0,2026-10-03,wk inc flu hosp,quantile,0.95,5.559103310151499
11,2026-10-03,0,2026-10-03,wk inc flu hosp,quantile,0.95,11.332743965427419
12,2026-10-03,0,2026-10-03,wk inc flu hosp,quantile,0.95,632.5642333401538
13,2026-10-03,0,2026-10-03,wk inc flu hosp,quantile,0.95,69.05234157978876
15,2026-10-03,0,2026-10-03,wk inc flu hosp,quantile,0.95,42.62246469343552
16,2026-10-03,0,2026-10-03,wk inc flu hosp,quantile,0.95,29.576345986225665
17,2026-10-03,0,2026-10-03,wk inc flu hosp,quantile,0.95,132.82739174061408
18,2026-10-03,0,2026-10-03,wk inc flu hosp,quantile,0.95,77.22248011484199
19,2026-10-03,0,2026-10-03,wk inc flu hosp,quantile,0.95,18.993356227975013
20,2026-10-03,0,2026-10-03,wk inc flu hosp,quantile,0.95,18.83545468051607
21,2026-10-03,0,2026-10-03,wk inc flu hosp,quantile,0.95,27.749114185221195
22,2026-10-03,0,2026-10-03,wk inc flu hosp,quantile,0.95,90.7264976508349
23,2026-10-03,0,2026-10-03,wk inc flu hosp,quantile,0.95,14.082562162275694
24,2026-10-03,0,2026-10-03,wk inc flu hosp,quantile,0.95,43.29019330552412
25,2026-10-03,0,2026-10-03,wk inc flu hosp,quantile,0.95,37.89783732228356
26,2026-10-03,0,2026-10-03,wk inc flu hosp,quantile,0.95,98.31062662222853
27,2026-10-03,0,2026-10-03,wk inc flu hosp,quantile,0.95,55.00619483686907
28,2026-10-03,0,2026-10-03,wk inc flu hosp,quantile,0.95,47.84402164391851
29,2026-10-03,0,2026-10-03,wk inc flu hosp,quantile,0.95,75.35707406431993
30,2026-10-03,0,2026-10-03,wk inc flu hosp,quantile,0.95,56.58594829324043
31,2026-10-03,0,2026-10-03,wk inc flu hosp,quantile,0.95,8.479005203901433
32,2026-10-03,0,2026-10-03,wk inc flu hosp,quantile,0.95,79.14001059495413
33,2026-10-03,0,2026-10-03,wk inc flu hosp,quantile,0.95,15.195919312340733
34,2026-10-03,0,2026-10-03,wk inc flu hosp,quantile,0.95,173.8789698354897
35,2026-10-03,0,2026-10-03,wk inc flu hosp,quantile,0.95,26.65159974983202
36,2026-10-03,0,2026-10-03,wk inc flu hosp,quantile,0.95,188.43678787028097
37,2026-10-03,0,2026-10-03,wk inc flu hosp,quantile,0.95,120.5540174960282
38,2026-10-03,0,2026-10-03,wk inc flu hosp,quantile,0.95,13.517972175226044
39,2026-10-03,0,2026-10-03,wk inc flu hosp,quantile,0.95,120.00788596748302
40,2026-10-03,0,2026-10-03,wk inc flu hosp,quantile,0.95,37.46416569165666
41,2026-10-03,0,2026-10-03,wk inc flu hosp,quantile,0.95,64.9632738138225
42,2026-10-03,0,2026-10-03,wk inc flu hosp,quantile,0.95,309.1248004211774
44,2026-10-03,0,2026-10-03,wk inc flu hosp,quantile,0.95,10.915318043856598
45,2026-10-03,0,2026-10-03,wk inc flu hosp,quantile,0.95,69.36022587486428
46,2026-10-03,0,2026-10-03,wk inc flu hosp,quantile,0.95,6.558963511014076
47,2026-10-03,0,2026-10-03,wk inc flu hosp,quantile,0.95,123.70090112926609
48,2026-10-03,0,2026-10-03,wk inc flu hosp,quantile,0.95,436.889475176076
49,2026-10-03,0,2026-10-03,wk inc flu hosp,quantile,0.95,34.45796251334664
50,2026-10-03,0,2026-10-03,wk inc flu hosp,quantile,0.95,9.060521927903798
51,2026-10-03,0,2026-10-03,wk inc flu hosp,quantile,0.95,90.43385779134813
53,2026-10-03,0,2026-10-03,wk inc flu hosp,quantile,0.95,168.34475987067674
54,2026-10-03,0,2026-10-03,wk inc flu hosp,quantile,0.95,17.11500459885478
55,2026-10-03,0,2026-10-03,wk inc flu hosp,quantile,0.95,55.19119927949638
56,2026-10-03,0,2026-10-03,wk inc flu hosp,quantile,0.95,9.955720034860308
72,2026-10-03,0,2026-10-03,wk inc flu hosp,quantile,0.95,168.3763173772589
US,2026-10-03,0,2026-10-03,wk inc flu hosp,quantile,0.95,4189.183473226755
01,2026-10-03,1,2026-10-10,wk inc flu hosp,quantile,0.95,100.48195048993995
02,2026-10-03,1,2026-10-10,wk inc flu hosp,quantile,0.95,34.6148279557363
04,2026-10-03,1,2026-10-10,wk inc flu hosp,quantile,0.95,116.53799948059944
05,2026-10-03,1,2026-10-10,wk inc flu hosp,quantile,0.95,47.3797126923332
06,2026-10-03,1,2026-10-10,wk inc flu hosp,quantile,0.95,790.0510004666581
08,2026-10-03,1,2026-10-10,wk inc flu hosp,quantile,0.95,94.78524023968313
09,2026-10-03,1,2026-10-10,wk inc flu hosp,quantile,0.95,49.79398530663321
10,2026-10-03,1,2026-10-10,wk inc flu hosp,quantile,0.95,9.980341968683712
11,2026-10-03,1,2026-10-10,wk inc flu hosp,quantile,0.95,17.71077309560921
12,2026-10-03,1,2026-10-10,wk inc flu hosp,quantile,0.95,825.5492078940305
13,2026-10-03,1,2026-10-10,wk inc flu hosp,quantile,0.95,116.87375059236511
15,2026-10-03,1,2026-10-10,wk inc flu hosp,quantile,0.95,48.723718780809705
16,2026-10-03,1,2026-10-10,wk inc flu hosp,quantile,0.95,44.42697537802428
17,2026-10-03,1,2026-10-10,wk inc flu hosp,quantile,0.95,206.17815019910879
18,2026-10-03,1,2026-10-10,wk inc flu hosp,quantile,0.95,129.55561826823364
19,2026-10-03,1,2026-10-10,wk inc flu hosp,quantile,0.95,33.85732254763089
20,2026-10-03,1,2026-10-10,wk inc flu hosp,quantile,0.95,33.10823684435468
21,2026-10-03,1,2026-10-10,wk inc flu hosp,quantile,0.95,50.14399464128155
22,2026-10-03,1,2026-10-10,wk inc flu hosp,quantile,0.95,124.77000778350082
23,2026-10-03,1,2026-10-10,wk inc flu hosp,quantile,0.95,22.306389763743706
24,2026-10-03,1,2026-10-10,wk inc flu hosp,quantile,0.95,68.68530278740542
25,2026-10-03,1,2026-10-10,wk inc flu hosp,quantile,0.95,77.91697287426624
26,2026-10-03,1,2026-10-10,wk inc flu hosp,quantile,0.95,171.03710033776142
27,2026-10-03,1,2026-10-10,wk inc flu hosp,quantile,0.95,90.65268649466186
28,2026-10-03,1,2026-10-10,wk inc flu hosp,quantile,0.95,67.66633350285872
29,2026-10-03,1,2026-10-10,wk inc flu hosp,quantile,0.95,127.55470524808766
30,2026-10-03,1,2026-10-10,wk inc flu hosp,quantile,0.95,70.42222653050436
31,2026-10-03,1,2026-10-10,wk inc flu hosp,quantile,0.95,16.4542555731901
32,2026-10-03,1,2026-10-10,wk inc flu hosp,quantile,0.95,110.42039521031765
33,2026-10-03,1,2026-10-10,wk inc flu hosp,quantile,0.95,25.82691627824944
34,2026-10-03,1,2026-10-10,wk inc flu hosp,quantile,0.95,280.29923043161824
35,2026-10-03,1,2026-10-10,wk inc flu hosp,quantile,0.95,41.88432625487564
36,2026-10-03,1,2026-10-10,wk inc flu hosp,quantile,0.95,323.15814093929856
37,2026-10-03,1,2026-10-10,wk inc flu hosp,quantile,0.95,206.503047256292
38,2026-10-03,1,2026-10-10,wk inc flu hosp,quantile,0.95,17.76640450875148
39,2026-10-03,1,2026-10-10,wk inc flu hosp,quantile,0.95,201.83600636834416
40,2026-10-03,1,2026-10-10,wk inc flu hosp,quantile,0.95,66.85783808454174
41,2026-10-03,1,2026-10-10,wk inc flu hosp,quantile,0.95,96.63068386848421
42,2026-10-03,1,2026-10-10,wk inc flu hosp,quantile,0.95,456.54041718062996
44,2026-10-03,1,2026-10-10,wk inc flu hosp,quantile,0.95,16.373123832377427
45,2026-10-03,1,2026-10-10,wk inc flu hosp,quantile,0.95,113.52495382492614
46,2026-10-03,1,2026-10-10,wk inc flu hosp,quantile,0.95,11.465678279315165
47,2026-10-03,1,2026-10-10,wk inc flu hosp,quantile,0.95,176.71707029830858
48,2026-10-03,1,2026-10-10,wk inc flu hosp,quantile,0.95,633.2405553519116
49,2026-10-03,1,2026-10-10,wk inc flu hosp,quantile,0.95,45.37684788836008
50,2026-10-03,1,2026-10-10,wk inc flu hosp,quantile,0.95,13.0686208035959
51,2026-10-03,1,2026-10-10,wk inc flu hosp,quantile,0.95,143.46270211248444
53,2026-10-03,1,2026-10-10,wk inc flu hosp,quantile,0.95,214.53492025414255
54,2026-10-03,1,2026-10-10,wk inc flu hosp,quantile,0.95,31.785461987055413
55,2026-10-03,1,2026-10-10,wk inc flu hosp,quantile,0.95,83.85752331179881
56,2026-10-03,1,2026-10-10,wk inc flu hosp,quantile,0.95,13.00274046118269
72,2026-10-03,1,2026-10-10,wk inc flu hosp,quantile,0.95,191.11287743336595
US,2026-10-03,1,2026-10-10,wk inc flu hosp,quantile,0.95,6091.650009440118
01,2026-10-03,2,2026-10-17,wk inc flu hosp,quantile,0.95,132.67694154045682
02,2026-10-03,2,2026-10-17,wk inc flu hosp,quantile,0.95,37.822820905688225
04,2026-10-03,2,2026-10-17,wk inc flu hosp,quantile,0.95,165.13854034538164
05,2026-10-03,2,2026-10-17,wk inc flu hosp,quantile,0.95,67.25866047012283
06,2026-10-03,2,2026-10-17,wk inc flu hosp,quantile,0.95,997.1288963112314
08,2026-10-03,2,2026-10-17,wk inc flu hosp,quantile,0.95,132.97903364833175
09,2026-10-03,2,2026-10-17,wk inc flu hosp,quantile,0.95,78.19007903271857
10,2026-10-03,2,2026-10-17,wk inc flu hosp,quantile,0.95,14.227130922920923
11,2026-10-03,2,2026-10-17,wk inc flu hosp,quantile,0.95,22.762758846606253
12,2026-10-03,2,2026-10-17,wk inc flu hosp,quantile,0.95,999.6549668519327
13,2026-10-03,2,2026-10-17,wk inc flu hosp,quantile,0.95,164.9390690587061
15,2026-10-03,2,2026-10-17,wk inc flu hosp,quantile,0.95,52.91457147641635
16,2026-10-03,2,2026-10-17,wk inc flu hosp,quantile,0.95,58.41046332138422
17,2026-10-03,2,2026-10-17,wk inc flu hosp,quantile,0.95,293.47120727010497
18,2026-10-03,2,2026-10-17,wk inc flu hosp,quantile,0.95,186.71817424222763
19,2026-10-03,2,2026-10-17,wk inc flu hosp,quantile,0.95,48.81498530628152
20,2026-10-03,2,2026-10-17,wk inc flu hosp,quantile,0.95,48.044578196834344
21,2026-10-03,2,2026-10-17,wk inc flu hosp,quantile,0.95,75.57447880219566
22,2026-10-03,2,2026-10-17,wk inc flu hosp,quantile,0.95,156.02943094481802
23,2026-10-03,2,2026-10-17,wk inc flu hosp,quantile,0.95,31.787397735959463
24,2026-10-03,2,2026-10-17,wk inc flu hosp,quantile,0.95,98.08041131830772
25,2026-10-03,2,2026-10-17,wk inc flu hosp,quantile,0.95,126.7329251061381
26,2026-10-03,2,2026-10-17,wk inc flu hosp,quantile,0.95,249.10381622322757
27,2026-10-03,2,2026-10-17,wk inc flu hosp,quantile,0.95,125.39564992272602
28,2026-10-03,2,2026-10-17,wk inc flu hosp,quantile,0.95,86.7687982902585
29,2026-10-03,2,2026-10-17,wk inc flu hosp,quantile,0.95,181.8131216233756
30,2026-10-03,2,2026-10-17,wk inc flu hosp,quantile,0.95,81.17751787237017
31,2026-10-03,2,2026-10-17,wk inc flu hosp,quantile,0.95,25.597225017490356
32,2026-10-03,2,2026-10-17,wk inc flu hosp,quantile,0.95,138.33399838888755
33,2026-10-03,2,2026-10-17,wk inc flu hosp,quantile,0.95,34.51964128214004
34,2026-10-03,2,2026-10-17,wk inc flu hosp,quantile,0.95,392.6114824364166
35,2026-10-03,2,2026-10-17,wk inc flu hosp,quantile,0.95,56.33198671583337
36,2026-10-03,2,2026-10-17,wk inc flu hosp,quantile,0.95,494.5420865969672
37,2026-10-03,2,2026-10-17,wk inc flu hosp,quantile,0.95,298.65615681131885
38,2026-10-03,2,2026-10-17,wk inc flu hosp,quantile,0.95,21.615592098649923
39,2026-10-03,2,2026-10-17,wk inc flu hosp,quantile,0.95,290.46445319557694
40,2026-10-03,2,2026-10-17,wk inc flu hosp,quantile,0.95,99.55732383187248
41,2026-10-03,2,2026-10-17,wk inc flu hosp,quantile,0.95,128.10108283373333
42,2026-10-03,2,2026-10-17,wk inc flu hosp,quantile,0.95,615.5105403456884
44,2026-10-03,2,2026-10-17,wk inc flu hosp,quantile,0.95,22.508418501698664
45,2026-10-03,2,2026-10-17,wk inc flu hosp,quantile,0.95,159.85636422782275
46,2026-10-03,2,2026-10-17,wk inc flu hosp,quantile,0.95,16.412043634417167
47,2026-10-03,2,2026-10-17,wk inc flu hosp,quantile,0.95,235.65091712082108
48,2026-10-03,2,2026-10-17,wk inc flu hosp,quantile,0.95,806.4707428136315
49,2026-10-03,2,2026-10-17,wk inc flu hosp,quantile,0.95,55.2461091635245
50,2026-10-03,2,2026-10-17,wk inc flu hosp,quantile,0.95,16.608606194573067
51,2026-10-03,2,2026-10-17,wk inc flu hosp,quantile,0.95,199.13389022641655
53,2026-10-03,2,2026-10-17,wk inc flu hosp,quantile,0.95,263.6792972996461
54,2026-10-03,2,2026-10-17,wk inc flu hosp,quantile,0.95,48.19738838242571
55,2026-10-03,2,2026-10-17,wk inc flu hosp,quantile,0.95,123.62356987772961
56,2026-10-03,2,2026-10-17,wk inc flu hosp,quantile,0.95,15.504409160083409
72,2026-10-03,2,2026-10-17,wk inc flu hosp,quantile,0.95,213.45928844228723
US,2026-10-03,2,2026-10-17,wk inc flu hosp,quantile,0.95,8409.417768392042
01,2026-10-03,3,2026-10-24,wk inc flu hosp,quantile,0.95,166.52623967564242
02,2026-10-03,3,2026-10-24,wk inc flu hosp,quantile,0.95,40.02835969304369
04,2026-10-03,3,2026-10-24,wk inc flu hosp,quantile,0.95,213.00523226289764
05,2026-10-03,3,2026-10-24,wk inc flu hosp,quantile,0.95,81.9538986431864
06,2026-10-03,3,2026-10-24,wk inc flu hosp,quantile,0.95,1192.1982586791135
08,2026-10-03,3,2026-10-24,wk inc flu hosp,quantile,0.95,172.2167583603066
09,2026-10-03,3,2026-10-24,wk inc flu hosp,quantile,0.95,97.42318938606978
10,2026-10-03,3,2026-10-24,wk inc flu hosp,quantile,0.95,18.09742972539473
11,2026-10-03,3,2026-10-24,wk inc flu hosp,quantile,0.95,27.571028664224375
12,2026-10-03,3,2026-10-24,wk inc flu hosp,quantile,0.95,1178.3393502674462
13,2026-10-03,3,2026-10-24,wk inc flu hosp,quantile,0.95,198.6403456730652
15,2026-10-03,3,2026-10-24,wk inc flu hosp,quantile,0.95,56.09020478055828
16,2026-10-03,3,2026-10-24,wk inc flu hosp,quantile,0.95,68.82426486467172
17,2026-10-03,3,2026-10-24,wk inc flu hosp,quantile,0.95,375.6474035779749
18,2026-10-03,3,2026-10-24,wk inc flu hosp,quantile,0.95,265.2024087881978
19,2026-10-03,3,2026-10-24,wk inc flu hosp,quantile,0.95,66.39334011348132
20,2026-10-03,3,2026-10-24,wk inc flu hosp,quantile,0.95,68.94101766198763
21,2026-10-03,3,2026-10-24,wk inc flu hosp,quantile,0.95,108.11324245290699
22,2026-10-03,3,2026-10-24,wk inc flu hosp,quantile,0.95,179.05887285631277
23,2026-10-03,3,2026-10-24,wk inc flu hosp,quantile,0.95,37.92795593574704
24,2026-10-03,3,2026-10-24,wk inc flu hosp,quantile,0.95,128.29320215755402
25,2026-10-03,3,2026-10-24,wk inc flu hosp,quantile,0.95,185.27801752814605
26,2026-10-03,3,2026-10-24,wk inc flu hosp,quantile,0.95,327.0539292304346
27,2026-10-03,3,2026-10-24,wk inc flu hosp,quantile,0.95,164.37726940743764
28,2026-10-03,3,2026-10-24,wk inc flu hosp,quantile,0.95,105.62426190569133
29,2026-10-03,3,2026-10-24,wk inc flu hosp,quantile,0.95,243.82998047343276
30,2026-10-03,3,2026-10-24,wk inc flu hosp,quantile,0.95,85.19664147971609
31,2026-10-03,3,2026-10-24,wk inc flu hosp,quantile,0.95,33.93809000963785
32,2026-10-03,3,2026-10-24,wk inc flu hosp,quantile,0.95,156.3423281312035
33,2026-10-03,3,2026-10-24,wk inc flu hosp,quantile,0.95,42.928043340977275
34,2026-10-03,3,2026-10-24,wk inc flu hosp,quantile,0.95,488.21993498343227
35,2026-10-03,3,2026-10-24,wk inc flu hosp,quantile,0.95,73.45851873094288
36,2026-10-03,3,2026-10-24,wk inc flu hosp,quantile,0.95,719.839100666128
37,2026-10-03,3,2026-10-24,wk inc flu hosp,quantile,0.95,394.76648504785476
38,2026-10-03,3,2026-10-24,wk inc flu hosp,quantile,0.95,24.942928164872168
39,2026-10-03,3,2026-10-24,wk inc flu hosp,quantile,0.95,349.69409063948774
40,2026-10-03,3,2026-10-24,wk inc flu hosp,quantile,0.95,131.46910501719336
41,2026-10-03,3,2026-10-24,wk inc flu hosp,quantile,0.95,168.30191785787065
42,2026-10-03,3,2026-10-24,wk inc flu hosp,quantile,0.95,748.0927334572975
44,2026-10-03,3,2026-10-24,wk inc flu hosp,quantile,0.95,28.822660211783806
45,2026-10-03,3,2026-10-24,wk inc flu hosp,quantile,0.95,203.92381514077633
46,2026-10-03,3,2026-10-24,wk inc flu hosp,quantile,0.95,21.376112083177475
47,2026-10-03,3,2026-10-24,wk inc flu hosp,quantile,0.95,277.40507722773555
48,2026-10-03,3,2026-10-24,wk inc flu hosp,quantile,0.95,997.6492945254765
49,2026-10-03,3,2026-10-24,wk inc flu hosp,quantile,0.95,63.08661974356772
50,2026-10-03,3,2026-10-24,wk inc flu hosp,quantile,0.95,19.728641081989867
51,2026-10-03,3,2026-10-24,wk inc flu hosp,quantile,0.95,239.7623277095843
53,2026-10-03,3,2026-10-24,wk inc flu hosp,quantile,0.95,300.35999393844304
54,2026-10-03,3,2026-10-24,wk inc flu hosp,quantile,0.95,65.43312674225444
55,2026-10-03,3,2026-10-24,wk inc flu hosp,quantile,0.95,163.73809585422367
56,2026-10-03,3,2026-10-24,wk inc flu hosp,quantile,0.95,18.32766780367721
72,2026-10-03,3,2026-10-24,wk inc flu hosp,quantile,0.95,231.90913125691765
US,2026-10-03,3,2026-10-24,wk inc flu hosp,quantile,0.95,11253.641778014617
01,2026-10-03,0,2026-10-03,wk inc flu hosp,quantile,0.975,73.37304510531128
02,2026-10-03,0,2026-10-03,wk inc flu hosp,quantile,0.975,33.13260396232562
04,2026-10-03,0,2026-10-03,wk inc flu hosp,quantile,0.975,83.91194099868777
05,2026-10-03,0,2026-10-03,wk inc flu hosp,quantile,0.975,34.89843717544085
06,2026-10-03,0,2026-10-03,wk inc flu hosp,quantile,0.975,613.7586458744523
08,2026-10-03,0,2026-10-03,wk inc flu hosp,quantile,0.975,67.59991156169059
09,2026-10-03,0,2026-10-03,wk inc flu hosp,quantile,0.975,31.71777818205728
10,2026-10-03,0,2026-10-03,wk inc flu hosp,quantile,0.975,6.910166486238595
11,2026-10-03,0,2026-10-03,wk inc flu hosp,quantile,0.975,13.397900193244457
12,2026-10-03,0,2026-10-03,wk inc flu hosp,quantile,0.975,674.6891737405363
13,2026-10-03,0,2026-10-03,wk inc flu hosp,quantile,0.975,79.11099649027109
15,2026-10-03,0,2026-10-03,wk inc flu hosp,quantile,0.975,47.15026188115455
16,2026-10-03,0,2026-10-03,wk inc flu hosp,quantile,0.975,34.23571269703142
17,2026-10-03,0,2026-10-03,wk inc flu hosp,quantile,0.975,144.779141149001
18,2026-10-03,0,2026-10-03,wk inc flu hosp,quantile,0.975,83.4632616849651
19,2026-10-03,0,2026-10-03,wk inc flu hosp,quantile,0.975,22.650918442461126
20,2026-10-03,0,2026-10-03,wk inc flu hosp,quantile,0.975,21.8124855106298
21,2026-10-03,0,2026-10-03,wk inc flu hosp,quantile,0.975,32.13164336823483
22,2026-10-03,0,2026-10-03,wk inc flu hosp,quantile,0.975,99.82336934122328
23,2026-10-03,0,2026-10-03,wk inc flu hosp,quantile,0.975,16.132067509591273
24,2026-10-03,0,2026-10-03,wk inc flu hosp,quantile,0.975,47.188959869681995
25,2026-10-03,0,2026-10-03,wk inc flu hosp,quantile,0.975,41.84696622884488
26,2026-10-03,0,2026-10-03,wk inc flu hosp,quantile,0.975,108.56856146699889
27,2026-10-03,0,2026-10-03,wk inc flu hosp,quantile,0.975,63.91964728251438
28,2026-10-03,0,2026-10-03,wk inc flu hosp,quantile,0.975,53.39557951584065
29,2026-10-03,0,2026-10-03,wk inc flu hosp,quantile,0.975,83.87190123370098
30,2026-10-03,0,2026-10-03,wk inc flu hosp,quantile,0.975,62.101203058417646
31,2026-10-03,0,2026-10-03,wk inc flu hosp,quantile,0.975,10.508082612369815
32,2026-10-03,0,2026-10-03,wk inc flu hosp,quantile,0.975,85.84465846052484
33,2026-10-03,0,2026-10-03,wk inc flu hosp,quantile,0.975,17.03695716251233
34,2026-10-03,0,2026-10-03,wk inc flu hosp,quantile,0.975,185.63233786048121
35,2026-10-03,0,2026-10-03,wk inc flu hosp,quantile,0.975,30.049230756559474
36,2026-10-03,0,2026-10-03,wk inc flu hosp,quantile,0.975,203.48941085818655
37,2026-10-03,0,2026-10-03,wk inc flu hosp,quantile,0.975,133.7826106180933
38,2026-10-03,0,2026-10-03,wk inc flu hosp,quantile,0.975,15.4891556520185
39,2026-10-03,0,2026-10-03,wk inc flu hosp,quantile,0.975,139.8440532474836
40,2026-10-03,0,2026-10-03,wk inc flu hosp,quantile,0.975,43.78007774537889
41,2026-10-03,0,2026-10-03,wk inc flu hosp,quantile,0.975,70.64527944858405
42,2026-10-03,0,2026-10-03,wk inc flu hosp,quantile,0.975,341.64419282771536
44,2026-10-03,0,2026-10-03,wk inc flu hosp,quantile,0.975,12.635262517258445
45,2026-10-03,0,2026-10-03,wk inc flu hosp,quantile,0.975,77.38628258503351
46,2026-10-03,0,2026-10-03,wk inc flu hosp,quantile,0.975,8.015485213885816
47,2026-10-03,0,2026-10-03,wk inc flu hosp,quantile,0.975,138.13201707915627
48,2026-10-03,0,2026-10-03,wk inc flu hosp,quantile,0.975,464.099258405689
49,2026-10-03,0,2026-10-03,wk inc flu hosp,quantile,0.975,37.89701210686195
50,2026-10-03,0,2026-10-03,wk inc flu hosp,quantile,0.975,10.780463855901996
51,2026-10-03,0,2026-10-03,wk inc flu hosp,quantile,0.975,98.50829159791559
53,2026-10-03,0,2026-10-03,wk inc flu hosp,quantile,0.975,178.11452395320353
54,2026-10-03,0,2026-10-03,wk inc flu hosp,quantile,0.975,20.231206977125673
55,2026-10-03,0,2026-10-03,wk inc flu hosp,quantile,0.975,61.51680751702879
56,2026-10-03,0,2026-10-03,wk inc flu hosp,quantile,0.975,12.22961312122166
72,2026-10-03,0,2026-10-03,wk inc flu hosp,quantile,0.975,182.19863263292177
US,2026-10-03,0,2026-10-03,wk inc flu hosp,quantile,0.975,4447.083701038168
01,2026-10-03,1,2026-10-10,wk inc flu hosp,quantile,0.975,112.94859811009687
02,2026-10-03,1,2026-10-10,wk inc flu hosp,quantile,0.975,39.80670626583921
04,2026-10-03,1,2026-10-10,wk inc flu hosp,quantile,0.975,137.89485115289716
05,2026-10-03,1,2026-10-10,wk inc flu hosp,quantile,0.975,56.283646585479715
06,2026-10-03,1,2026-10-10,wk inc flu hosp,quantile,0.975,868.060951517868
08,2026-10-03,1,2026-10-10,wk inc flu hosp,quantile,0.975,105.78117596966497
09,2026-10-03,1,2026-10-10,wk inc flu hosp,quantile,0.975,59.5169690643572
10,2026-10-03,1,2026-10-10,wk inc flu hosp,quantile,0.975,13.975108587777681
11,2026-10-03,1,2026-10-10,wk inc flu hosp,quantile,0.975,21.436704691290473
12,2026-10-03,1,2026-10-10,wk inc flu hosp,quantile,0.975,923.3656903976803
13,2026-10-03,1,2026-10-10,wk inc flu hosp,quantile,0.975,138.07989200603632
15,2026-10-03,1,2026-10-10,wk inc flu hosp,quantile,0.975,53.85930278360016
16,2026-10-03,1,2026-10-10,wk inc flu hosp,quantile,0.975,53.757528718824766
17,2026-10-03,1,2026-10-10,wk inc flu hosp,quantile,0.975,247.2573607478741
18,2026-10-03,1,2026-10-10,wk inc flu hosp,quantile,0.975,149.13451341464807
19,2026-10-03,1,2026-10-10,wk inc flu hosp,quantile,0.975,40.569595501757796
20,2026-10-03,1,2026-10-10,wk inc flu hosp,quantile,0.975,38.21969434254816
21,2026-10-03,1,2026-10-10,wk inc flu hosp,quantile,0.975,61.35732529139518
22,2026-10-03,1,2026-10-10,wk inc flu hosp,quantile,0.975,142.24217231695565
23,2026-10-03,1,2026-10-10,wk inc flu hosp,quantile,0.975,27.062177441540886
24,2026-10-03,1,2026-10-10,wk inc flu hosp,quantile,0.975,81.23969717353059
25,2026-10-03,1,2026-10-10,wk inc flu hosp,quantile,0.975,90.91634476531279
26,2026-10-03,1,2026-10-10,wk inc flu hosp,quantile,0.975,194.60036680885054
27,2026-10-03,1,2026-10-10,wk inc flu hosp,quantile,0.975,108.24624075673916
28,2026-10-03,1,2026-10-10,wk inc flu hosp,quantile,0.975,80.5704710052921
29,2026-10-03,1,2026-10-10,wk inc flu hosp,quantile,0.975,149.72930004324172
30,2026-10-03,1,2026-10-10,wk inc flu hosp,quantile,0.975,80.93109037621434
31,2026-10-03,1,2026-10-10,wk inc flu hosp,quantile,0.975,21.03499150008829
32,2026-10-03,1,2026-10-10,wk inc flu hosp,quantile,0.975,129.97979697403437
33,2026-10-03,1,2026-10-10,wk inc flu hosp,quantile,0.975,31.889451830239004
34,2026-10-03,1,2026-10-10,wk inc flu hosp,quantile,0.975,313.9115650446863
35,2026-10-03,1,2026-10-10,wk inc flu hosp,quantile,0.975,48.08009443700694
36,2026-10-03,1,2026-10-10,wk inc flu hosp,quantile,0.975,363.3633431639632
37,2026-10-03,1,2026-10-10,wk inc flu hosp,quantile,0.975,242.5824419978737
38,2026-10-03,1,2026-10-10,wk inc flu hosp,quantile,0.975,21.063251992753273
39,2026-10-03,1,2026-10-10,wk inc flu hosp,quantile,0.975,245.4054339816866
40,2026-10-03,1,2026-10-10,wk inc flu hosp,quantile,0.975,81.29176763251844
41,2026-10-03,1,2026-10-10,wk inc flu hosp,quantile,0.975,110.24888986918904
42,2026-10-03,1,2026-10-10,wk inc flu hosp,quantile,0.975,529.2245908083199
44,2026-10-03,1,2026-10-10,wk inc flu hosp,quantile,0.975,19.290783641599464
45,2026-10-03,1,2026-10-10,wk inc flu hosp,quantile,0.975,131.4613705019589
46,2026-10-03,1,2026-10-10,wk inc flu hosp,quantile,0.975,14.407077307538684
47,2026-10-03,1,2026-10-10,wk inc flu hosp,quantile,0.975,207.6445169397243
48,2026-10-03,1,2026-10-10,wk inc flu hosp,quantile,0.975,705.8383918439848
49,2026-10-03,1,2026-10-10,wk inc flu hosp,quantile,0.975,52.514711255075596
50,2026-10-03,1,2026-10-10,wk inc flu hosp,quantile,0.975,15.358559457156122
51,2026-10-03,1,2026-10-10,wk inc flu hosp,quantile,0.975,168.68155371344756
53,2026-10-03,1,2026-10-10,wk inc flu hosp,quantile,0.975,243.8299986034003
54,2026-10-03,1,2026-10-10,wk inc flu hosp,quantile,0.975,38.81120435452439
55,2026-10-03,1,2026-10-10,wk inc flu hosp,quantile,0.975,94.94783472101975
56,2026-10-03,1,2026-10-10,wk inc flu hosp,quantile,0.975,15.85861559897571
72,2026-10-03,1,2026-10-10,wk inc flu hosp,quantile,0.975,214.0896362866897
US,2026-10-03,1,2026-10-10,wk inc flu hosp,quantile,0.975,6678.283312887175
01,2026-10-03,2,2026-10-17,wk inc flu hosp,quantile,0.975,159.1307660198925
02,2026-10-03,2,2026-10-17,wk inc flu hosp,quantile,0.975,43.236359815247525
04,2026-10-03,2,2026-10-17,wk inc flu hosp,quantile,0.975,199.87754106825597
05,2026-10-03,2,2026-10-17,wk inc flu hosp,quantile,0.975,79.03245172546427
06,2026-10-03,2,2026-10-17,wk inc flu hosp,quantile,0.975,1137.2506045662344
08,2026-10-03,2,2026-10-17,wk inc flu hosp,quantile,0.975,152.9066523194564
09,2026-10-03,2,2026-10-17,wk inc flu hosp,quantile,0.975,94.74575585563771
10,2026-10-03,2,2026-10-17,wk inc flu hosp,quantile,0.975,18.45710322675023
11,2026-10-03,2,2026-10-17,wk inc flu hosp,quantile,0.975,27.78567619907181
12,2026-10-03,2,2026-10-17,wk inc flu hosp,quantile,0.975,1154.8994065553075
13,2026-10-03,2,2026-10-17,wk inc flu hosp,quantile,0.975,197.8874292143933
15,2026-10-03,2,2026-10-17,wk inc flu hosp,quantile,0.975,60.15586305508742
16,2026-10-03,2,2026-10-17,wk inc flu hosp,quantile,0.975,71.2422800352716
17,2026-10-03,2,2026-10-17,wk inc flu hosp,quantile,0.975,355.13502038718946
18,2026-10-03,2,2026-10-17,wk inc flu hosp,quantile,0.975,234.74218253935703
19,2026-10-03,2,2026-10-17,wk inc flu hosp,quantile,0.975,60.44709114713247
20,2026-10-03,2,2026-10-17,wk inc flu hosp,quantile,0.975,57.95186449611915
21,2026-10-03,2,2026-10-17,wk inc flu hosp,quantile,0.975,101.1360211202052
22,2026-10-03,2,2026-10-17,wk inc flu hosp,quantile,0.975,184.2659441662062
23,2026-10-03,2,2026-10-17,wk inc flu hosp,quantile,0.975,39.29864922528053
24,2026-10-03,2,2026-10-17,wk inc flu hosp,quantile,0.975,124.00859713049773
25,2026-10-03,2,2026-10-17,wk inc flu hosp,quantile,0.975,152.34171069016674
26,2026-10-03,2,2026-10-17,wk inc flu hosp,quantile,0.975,290.15026991850607
27,2026-10-03,2,2026-10-17,wk inc flu hosp,quantile,0.975,150.084319089793
28,2026-10-03,2,2026-10-17,wk inc flu hosp,quantile,0.975,100.7674779950886
29,2026-10-03,2,2026-10-17,wk inc flu hosp,quantile,0.975,224.6263220861715
30,2026-10-03,2,2026-10-17,wk inc flu hosp,quantile,0.975,98.2893268541624
31,2026-10-03,2,2026-10-17,wk inc flu hosp,quantile,0.975,32.71803956112184
32,2026-10-03,2,2026-10-17,wk inc flu hosp,quantile,0.975,156.84152388956338
33,2026-10-03,2,2026-10-17,wk inc flu hosp,quantile,0.975,45.31931513362338
34,2026-10-03,2,2026-10-17,wk inc flu hosp,quantile,0.975,455.571782268936
35,2026-10-03,2,2026-10-17,wk inc flu hosp,quantile,0.975,68.04911735777455
36,2026-10-03,2,2026-10-17,wk inc flu hosp,quantile,0.975,578.4446429507506
37,2026-10-03,2,2026-10-17,wk inc flu hosp,quantile,0.975,348.3996020097801
38,2026-10-03,2,2026-10-17,wk inc flu hosp,quantile,0.975,27.16995974889691
39,2026-10-03,2,2026-10-17,wk inc flu hosp,quantile,0.975,349.24619445949435
40,2026-10-03,2,2026-10-17,wk inc flu hosp,quantile,0.975,126.27365992935795
41,2026-10-03,2,2026-10-17,wk inc flu hosp,quantile,0.975,152.0904109168863
42,2026-10-03,2,2026-10-17,wk inc flu hosp,quantile,0.975,706.232413396242
44,2026-10-03,2,2026-10-17,wk inc flu hosp,quantile,0.975,27.93557425562985
45,2026-10-03,2,2026-10-17,wk inc flu hosp,quantile,0.975,196.86491801262002
46,2026-10-03,2,2026-10-17,wk inc flu hosp,quantile,0.975,20.76922744577662
47,2026-10-03,2,2026-10-17,wk inc flu hosp,quantile,0.975,271.2371520496957
48,2026-10-03,2,2026-10-17,wk inc flu hosp,quantile,0.975,916.1058581216922
49,2026-10-03,2,2026-10-17,wk inc flu hosp,quantile,0.975,67.1597997047543
50,2026-10-03,2,2026-10-17,wk inc flu hosp,quantile,0.975,20.37267058656876
51,2026-10-03,2,2026-10-17,wk inc flu hosp,quantile,0.975,230.13547720645659
53,2026-10-03,2,2026-10-17,wk inc flu hosp,quantile,0.975,308.79850584263863
54,2026-10-03,2,2026-10-17,wk inc flu hosp,quantile,0.975,62.631234272411085
55,2026-10-03,2,2026-10-17,wk inc flu hosp,quantile,0.975,146.69430471813882
56,2026-10-03,2,2026-10-17,wk inc flu hosp,quantile,0.975,19.39457002912695
72,2026-10-03,2,2026-10-17,wk inc flu hosp,quantile,0.975,242.25347915255918
US,2026-10-03,2,2026-10-17,wk inc flu hosp,quantile,0.975,9593.23261474454
01,2026-10-03,3,2026-10-24,wk inc flu hosp,quantile,0.975,201.51454931388648
02,2026-10-03,3,2026-10-24,wk inc flu hosp,quantile,0.975,48.57551879875792
04,2026-10-03,3,2026-10-24,wk inc flu hosp,quantile,0.975,258.5698682918854
05,2026-10-03,3,2026-10-24,wk inc flu hosp,quantile,0.975,109.53898606277276
06,2026-10-03,3,2026-10-24,wk inc flu hosp,quantile,0.975,1471.1518989877177
08,2026-10-03,3,2026-10-24,wk inc flu hosp,quantile,0.975,208.07066387435435
09,2026-10-03,3,2026-10-24,wk inc flu hosp,quantile,0.975,125.23029181537498
10,2026-10-03,3,2026-10-24,wk inc flu hosp,quantile,0.975,25.558626211219284
11,2026-10-03,3,2026-10-24,wk inc flu hosp,quantile,0.975,35.39895467956653
12,2026-10-03,3,2026-10-24,wk inc flu hosp,quantile,0.975,1344.7613723207023
13,2026-10-03,3,2026-10-24,wk inc flu hosp,quantile,0.975,253.9821656667884
15,2026-10-03,3,2026-10-24,wk inc flu hosp,quantile,0.975,67.4493923587952
16,2026-10-03,3,2026-10-24,wk inc flu hosp,quantile,0.975,84.77714236543007
17,2026-10-03,3,2026-10-24,wk inc flu hosp,quantile,0.975,469.9132263323398
18,2026-10-03,3,2026-10-24,wk inc flu hosp,quantile,0.975,315.24364187141026
19,2026-10-03,3,2026-10-24,wk inc flu hosp,quantile,0.975,83.03084609062091
20,2026-10-03,3,2026-10-24,wk inc flu hosp,quantile,0.975,86.80131026746021
21,2026-10-03,3,2026-10-24,wk inc flu hosp,quantile,0.975,141.78199868904778
22,2026-10-03,3,2026-10-24,wk inc flu hosp,quantile,0.975,215.52520557536837
23,2026-10-03,3,2026-10-24,wk inc flu hosp,quantile,0.975,47.71568430128385
24,2026-10-03,3,2026-10-24,wk inc flu hosp,quantile,0.975,159.6145919737819
25,2026-10-03,3,2026-10-24,wk inc flu hosp,quantile,0.975,230.3957274091917
26,2026-10-03,3,2026-10-24,wk inc flu hosp,quantile,0.975,398.9687631538228
27,2026-10-03,3,2026-10-24,wk inc flu hosp,quantile,0.975,204.71139897436078
28,2026-10-03,3,2026-10-24,wk inc flu hosp,quantile,0.975,123.56013647159735
29,2026-10-03,3,2026-10-24,wk inc flu hosp,quantile,0.975,297.4760409374961
30,2026-10-03,3,2026-10-24,wk inc flu hosp,quantile,0.975,100.25369375429798
31,2026-10-03,3,2026-10-24,wk inc flu hosp,quantile,0.975,42.91985234061585
32,2026-10-03,3,2026-10-24,wk inc flu hosp,quantile,0.975,180.71757121124406
33,2026-10-03,3,2026-10-24,wk inc flu hosp,quantile,0.975,53.72380142235159
34,2026-10-03,3,2026-10-24,wk inc flu hosp,quantile,0.975,605.5840681041449
35,2026-10-03,3,2026-10-24,wk inc flu hosp,quantile,0.975,91.97827680284746
36,2026-10-03,3,2026-10-24,wk inc flu hosp,quantile,0.975,824.3239835206599
37,2026-10-03,3,2026-10-24,wk inc flu hosp,quantile,0.975,485.5291922231851
38,2026-10-03,3,2026-10-24,wk inc flu hosp,quantile,0.975,30.88245496635594
39,2026-10-03,3,2026-10-24,wk inc flu hosp,quantile,0.975,469.1552442428286
40,2026-10-03,3,2026-10-24,wk inc flu hosp,quantile,0.975,169.00977333154287
41,2026-10-03,3,2026-10-24,wk inc flu hosp,quantile,0.975,197.72459157022965
42,2026-10-03,3,2026-10-24,wk inc flu hosp,quantile,0.975,865.1489843066907
44,2026-10-03,3,2026-10-24,wk inc flu hosp,quantile,0.975,36.5527673602094
45,2026-10-03,3,2026-10-24,wk inc flu hosp,quantile,0.975,261.3303871233142
46,2026-10-03,3,2026-10-24,wk inc flu hosp,quantile,0.975,29.834702771211848
47,2026-10-03,3,2026-10-24,wk inc flu hosp,quantile,0.975,342.5681592498095
48,2026-10-03,3,2026-10-24,wk inc flu hosp,quantile,0.975,1147.1769263304707
49,2026-10-03,3,2026-10-24,wk inc flu hosp,quantile,0.975,79.22113422254114
50,2026-10-03,3,2026-10-24,wk inc flu hosp,quantile,0.975,24.933567748239838
51,2026-10-03,3,2026-10-24,wk inc flu hosp,quantile,0.975,292.45024070228874
53,2026-10-03,3,2026-10-24,wk inc flu hosp,quantile,0.975,353.4781185152735
54,2026-10-03,3,2026-10-24,wk inc flu hosp,quantile,0.975,80.60617922060032
55,2026-10-03,3,2026-10-24,wk inc flu hosp,quantile,0.975,204.76072581145462
56,2026-10-03,3,2026-10-24,wk inc flu hosp,quantile,0.975,22.991145617018375
72,2026-10-03,3,2026-10-24,wk inc flu hosp,quantile,0.975,266.69668336681445
US,2026-10-03,3,2026-10-24,wk inc flu hosp,quantile,0.975,13314.72079059767
01,2026-10-03,0,2026-10-03,wk inc flu hosp,quantile,0.99,82.9986421723055
02,2026-10-03,0,2026-10-03,wk inc flu hosp,quantile,0.99,36.13997143864719
04,2026-10-03,0,2026-10-03,wk inc flu hosp,quantile,0.99,94.86709739392198
05,2026-10-03,0,2026-10-03,wk inc flu hosp,quantile,0.99,42.71303794102299
06,2026-10-03,0,2026-10-03,wk inc flu hosp,quantile,0.99,650.0764533881043
08,2026-10-03,0,2026-10-03,wk inc flu hosp,quantile,0.99,77.64115322727952
09,2026-10-03,0,2026-10-03,wk inc flu hosp,quantile,0.99,36.56067809626967
10,2026-10-03,0,2026-10-03,wk inc flu hosp,quantile,0.99,9.178097015658288
11,2026-10-03,0,2026-10-03,wk inc flu hosp,quantile,0.99,16.67367462817302
12,2026-10-03,0,2026-10-03,wk inc flu hosp,quantile,0.99,711.7387926231117
13,2026-10-03,0,2026-10-03,wk inc flu hosp,quantile,0.99,93.2003690588139
15,2026-10-03,0,2026-10-03,wk inc flu hosp,quantile,0.99,51.40856170465701
16,2026-10-03,0,2026-10-03,wk inc flu hosp,quantile,0.99,41.85559289909131
17,2026-10-03,0,2026-10-03,wk inc flu hosp,quantile,0.99,160.13437723014295
18,2026-10-03,0,2026-10-03,wk inc flu hosp,quantile,0.99,94.64032226212315
19,2026-10-03,0,2026-10-03,wk inc flu hosp,quantile,0.99,25.776067791257688
20,2026-10-03,0,2026-10-03,wk inc flu hosp,quantile,0.99,24.57417361642912
21,2026-10-03,0,2026-10-03,wk inc flu hosp,quantile,0.99,38.24545409211782
22,2026-10-03,0,2026-10-03,wk inc flu hosp,quantile,0.99,111.57004270514099
23,2026-10-03,0,2026-10-03,wk inc flu hosp,quantile,0.99,18.91535091401533
24,2026-10-03,0,2026-10-03,wk inc flu hosp,quantile,0.99,52.29432204692701
25,2026-10-03,0,2026-10-03,wk inc flu hosp,quantile,0.99,49.35275084404643
26,2026-10-03,0,2026-10-03,wk inc flu hosp,quantile,0.99,125.97367864062399
27,2026-10-03,0,2026-10-03,wk inc flu hosp,quantile,0.99,75.09445452293525
28,2026-10-03,0,2026-10-03,wk inc flu hosp,quantile,0.99,60.045335084777186
29,2026-10-03,0,2026-10-03,wk inc flu hosp,quantile,0.99,94.48889275410362
30,2026-10-03,0,2026-10-03,wk inc flu hosp,quantile,0.99,70.12251289897516
31,2026-10-03,0,2026-10-03,wk inc flu hosp,quantile,0.99,13.101318809764253
32,2026-10-03,0,2026-10-03,wk inc flu hosp,quantile,0.99,96.56182601345824
33,2026-10-03,0,2026-10-03,wk inc flu hosp,quantile,0.99,19.845368074958476
34,2026-10-03,0,2026-10-03,wk inc flu hosp,quantile,0.99,206.76179313546467
35,2026-10-03,0,2026-10-03,wk inc flu hosp,quantile,0.99,33.54121169897833
36,2026-10-03,0,2026-10-03,wk inc flu hosp,quantile,0.99,219.39178464592766
37,2026-10-03,0,2026-10-03,wk inc flu hosp,quantile,0.99,149.23677556810574
38,2026-10-03,0,2026-10-03,wk inc flu hosp,quantile,0.99,17.988775802393803
39,2026-10-03,0,2026-10-03,wk inc flu hosp,quantile,0.99,169.27312873220853
40,2026-10-03,0,2026-10-03,wk inc flu hosp,quantile,0.99,47.77088226757948
41,2026-10-03,0,2026-10-03,wk inc flu hosp,quantile,0.99,82.18131316772049
42,2026-10-03,0,2026-10-03,wk inc flu hosp,quantile,0.99,383.020507037875
44,2026-10-03,0,2026-10-03,wk inc flu hosp,quantile,0.99,14.140331443161609
45,2026-10-03,0,2026-10-03,wk inc flu hosp,quantile,0.99,85.4809287833744
46,2026-10-03,0,2026-10-03,wk inc flu hosp,quantile,0.99,10.590119135771685
47,2026-10-03,0,2026-10-03,wk inc flu hosp,quantile,0.99,149.68067934857558
48,2026-10-03,0,2026-10-03,wk inc flu hosp,quantile,0.99,500.9818644535883
49,2026-10-03,0,2026-10-03,wk inc flu hosp,quantile,0.99,43.877590214541435
50,2026-10-03,0,2026-10-03,wk inc flu hosp,quantile,0.99,12.687855057135407
51,2026-10-03,0,2026-10-03,wk inc flu hosp,quantile,0.99,109.35527509842098
53,2026-10-03,0,2026-10-03,wk inc flu hosp,quantile,0.99,189.4272441236649
54,2026-10-03,0,2026-10-03,wk inc flu hosp,quantile,0.99,24.222849300992227
55,2026-10-03,0,2026-10-03,wk inc flu hosp,quantile,0.99,66.79817304602882
56,2026-10-03,0,2026-10-03,wk inc flu hosp,quantile,0.99,15.096983357676773
72,2026-10-03,0,2026-10-03,wk inc flu hosp,quantile,0.99,201.84933085016198
US,2026-10-03,0,2026-10-03,wk inc flu hosp,quantile,0.99,4689.983637811136
01,2026-10-03,1,2026-10-10,wk inc flu hosp,quantile,0.99,137.8020420100243
02,2026-10-03,1,2026-10-10,wk inc flu hosp,quantile,0.99,46.37187234213381
04,2026-10-03,1,2026-10-10,wk inc flu hosp,quantile,0.99,169.30356197433522
05,2026-10-03,1,2026-10-10,wk inc flu hosp,quantile,0.99,69.25213603042013
06,2026-10-03,1,2026-10-10,wk inc flu hosp,quantile,0.99,942.7591324131814
08,2026-10-03,1,2026-10-10,wk inc flu hosp,quantile,0.99,125.90625663480017
09,2026-10-03,1,2026-10-10,wk inc flu hosp,quantile,0.99,74.07653785626913
10,2026-10-03,1,2026-10-10,wk inc flu hosp,quantile,0.99,19.380556340696582
11,2026-10-03,1,2026-10-10,wk inc flu hosp,quantile,0.99,28.75354315308874
12,2026-10-03,1,2026-10-10,wk inc flu hosp,quantile,0.99,1042.579138923402
13,2026-10-03,1,2026-10-10,wk inc flu hosp,quantile,0.99,167.81851655049186
15,2026-10-03,1,2026-10-10,wk inc flu hosp,quantile,0.99,60.94334961091873
16,2026-10-03,1,2026-10-10,wk inc flu hosp,quantile,0.99,62.948908551673426
17,2026-10-03,1,2026-10-10,wk inc flu hosp,quantile,0.99,286.74243831724624
18,2026-10-03,1,2026-10-10,wk inc flu hosp,quantile,0.99,181.36693113584022
19,2026-10-03,1,2026-10-10,wk inc flu hosp,quantile,0.99,48.5903414970114
20,2026-10-03,1,2026-10-10,wk inc flu hosp,quantile,0.99,47.648572717538016
21,2026-10-03,1,2026-10-10,wk inc flu hosp,quantile,0.99,75.55696536065902
22,2026-10-03,1,2026-10-10,wk inc flu hosp,quantile,0.99,171.6502323502088
23,2026-10-03,1,2026-10-10,wk inc flu hosp,quantile,0.99,33.625714494643965
24,2026-10-03,1,2026-10-10,wk inc flu hosp,quantile,0.99,93.71097630149109
25,2026-10-03,1,2026-10-10,wk inc flu hosp,quantile,0.99,110.78236928373069
26,2026-10-03,1,2026-10-10,wk inc flu hosp,quantile,0.99,222.3375416512179
27,2026-10-03,1,2026-10-10,wk inc flu hosp,quantile,0.99,131.0357747232604
28,2026-10-03,1,2026-10-10,wk inc flu hosp,quantile,0.99,90.32301745012626
29,2026-10-03,1,2026-10-10,wk inc flu hosp,quantile,0.99,166.7356306892656
30,2026-10-03,1,2026-10-10,wk inc flu hosp,quantile,0.99,92.90124103191083
31,2026-10-03,1,2026-10-10,wk inc flu hosp,quantile,0.99,26.702451742207376
32,2026-10-03,1,2026-10-10,wk inc flu hosp,quantile,0.99,156.28134968305474
33,2026-10-03,1,2026-10-10,wk inc flu hosp,quantile,0.99,39.46698445527538
34,2026-10-03,1,2026-10-10,wk inc flu hosp,quantile,0.99,358.67282070867583
35,2026-10-03,1,2026-10-10,wk inc flu hosp,quantile,0.99,59.633933331899286
36,2026-10-03,1,2026-10-10,wk inc flu hosp,quantile,0.99,416.54399996368886
37,2026-10-03,1,2026-10-10,wk inc flu hosp,quantile,0.99,284.30277641726707
38,2026-10-03,1,2026-10-10,wk inc flu hosp,quantile,0.99,25.798086099988275
39,2026-10-03,1,2026-10-10,wk inc flu hosp,quantile,0.99,299.6138528244822
40,2026-10-03,1,2026-10-10,wk inc flu hosp,quantile,0.99,99.17151362042225
41,2026-10-03,1,2026-10-10,wk inc flu hosp,quantile,0.99,133.81606196297813
42,2026-10-03,1,2026-10-10,wk inc flu hosp,quantile,0.99,616.3002234309646
44,2026-10-03,1,2026-10-10,wk inc flu hosp,quantile,0.99,23.462412377691244
45,2026-10-03,1,2026-10-10,wk inc flu hosp,quantile,0.99,163.90839327592283
46,2026-10-03,1,2026-10-10,wk inc flu hosp,quantile,0.99,17.579945948623774
47,2026-10-03,1,2026-10-10,wk inc flu hosp,quantile,0.99,242.5795418481394
48,2026-10-03,1,2026-10-10,wk inc flu hosp,quantile,0.99,771.2133335124545
49,2026-10-03,1,2026-10-10,wk inc flu hosp,quantile,0.99,59.81795845508895
50,2026-10-03,1,2026-10-10,wk inc flu hosp,quantile,0.99,20.036898022522358
51,2026-10-03,1,2026-10-10,wk inc flu hosp,quantile,0.99,208.7394300144589
53,2026-10-03,1,2026-10-10,wk inc flu hosp,quantile,0.99,282.89584556824735
54,2026-10-03,1,2026-10-10,wk inc flu hosp,quantile,0.99,49.47121757421226
55,2026-10-03,1,2026-10-10,wk inc flu hosp,quantile,0.99,110.85842407655073
56,2026-10-03,1,2026-10-10,wk inc flu hosp,quantile,0.99,21.01502935459052
72,2026-10-03,1,2026-10-10,wk inc flu hosp,quantile,0.99,243.46348710394383
US,2026-10-03,1,2026-10-10,wk inc flu hosp,quantile,0.99,7533.218289805344
01,2026-10-03,2,2026-10-17,wk inc flu hosp,quantile,0.99,191.68177709466696
02,2026-10-03,2,2026-10-17,wk inc flu hosp,quantile,0.99,55.772571392039744
04,2026-10-03,2,2026-10-17,wk inc flu hosp,quantile,0.99,246.22903931757324
05,2026-10-03,2,2026-10-17,wk inc flu hosp,quantile,0.99,101.25102197594595
06,2026-10-03,2,2026-10-17,wk inc flu hosp,quantile,0.99,1345.3185472041648
08,2026-10-03,2,2026-10-17,wk inc flu hosp,quantile,0.99,183.80476119588494
09,2026-10-03,2,2026-10-17,wk inc flu hosp,quantile,0.99,111.6380728015017
10,2026-10-03,2,2026-10-17,wk inc flu hosp,quantile,0.99,23.382313652814677
11,2026-10-03,2,2026-10-17,wk inc flu hosp,quantile,0.99,36.26348455313034
12,2026-10-03,2,2026-10-17,wk inc flu hosp,quantile,0.99,1279.4865899430592
13,2026-10-03,2,2026-10-17,wk inc flu hosp,quantile,0.99,239.95867744090583
15,2026-10-03,2,2026-10-17,wk inc flu hosp,quantile,0.99,69.93617773032742
16,2026-10-03,2,2026-10-17,wk inc flu hosp,quantile,0.99,85.70822157669038
17,2026-10-03,2,2026-10-17,wk inc flu hosp,quantile,0.99,444.7105044324769
18,2026-10-03,2,2026-10-17,wk inc flu hosp,quantile,0.99,290.97965579781857
19,2026-10-03,2,2026-10-17,wk inc flu hosp,quantile,0.99,74.6816587126395
20,2026-10-03,2,2026-10-17,wk inc flu hosp,quantile,0.99,70.0891601108395
21,2026-10-03,2,2026-10-17,wk inc flu hosp,quantile,0.99,123.77238764086754
22,2026-10-03,2,2026-10-17,wk inc flu hosp,quantile,0.99,223.73270731898367
23,2026-10-03,2,2026-10-17,wk inc flu hosp,quantile,0.99,47.276929026691235
24,2026-10-03,2,2026-10-17,wk inc flu hosp,quantile,0.99,145.07602500663995
25,2026-10-03,2,2026-10-17,wk inc flu hosp,quantile,0.99,193.2108330076169
26,2026-10-03,2,2026-10-17,wk inc flu hosp,quantile,0.99,346.7721213486904
27,2026-10-03,2,2026-10-17,wk inc flu hosp,quantile,0.99,189.55473855967634
28,2026-10-03,2,2026-10-17,wk inc flu hosp,quantile,0.99,126.1396178417831
29,2026-10-03,2,2026-10-17,wk inc flu hosp,quantile,0.99,269.4167811534516
30,2026-10-03,2,2026-10-17,wk inc flu hosp,quantile,0.99,115.20423695940883
31,2026-10-03,2,2026-10-17,wk inc flu hosp,quantile,0.99,39.75487805328046
32,2026-10-03,2,2026-10-17,wk inc flu hosp,quantile,0.99,190.5331211200686
33,2026-10-03,2,2026-10-17,wk inc flu hosp,quantile,0.99,55.6806700296921
34,2026-10-03,2,2026-10-17,wk inc flu hosp,quantile,0.99,536.0469373036827
35,2026-10-03,2,2026-10-17,wk inc flu hosp,quantile,0.99,87.08240973667753
36,2026-10-03,2,2026-10-17,wk inc flu hosp,quantile,0.99,677.2984468610459
37,2026-10-03,2,2026-10-17,wk inc flu hosp,quantile,0.99,429.40005458391846
38,2026-10-03,2,2026-10-17,wk inc flu hosp,quantile,0.99,33.836786485059086
39,2026-10-03,2,2026-10-17,wk inc flu hosp,quantile,0.99,425.8104729771434
40,2026-10-03,2,2026-10-17,wk inc flu hosp,quantile,0.99,164.00751828880905
41,2026-10-03,2,2026-10-17,wk inc flu hosp,quantile,0.99,195.26088800517908
42,2026-10-03,2,2026-10-17,wk inc flu hosp,quantile,0.99,861.2850654431086
44,2026-10-03,2,2026-10-17,wk inc flu hosp,quantile,0.99,34.04377460770438
45,2026-10-03,2,2026-10-17,wk inc flu hosp,quantile,0.99,264.1843383295267
46,2026-10-03,2,2026-10-17,wk inc flu hosp,quantile,0.99,28.597372408217314
47,2026-10-03,2,2026-10-17,wk inc flu hosp,quantile,0.99,327.5707662875491
48,2026-10-03,2,2026-10-17,wk inc flu hosp,quantile,0.99,1024.4694353546577
49,2026-10-03,2,2026-10-17,wk inc flu hosp,quantile,0.99,75.97427556072157
50,2026-10-03,2,2026-10-17,wk inc flu hosp,quantile,0.99,27.035632509157722
51,2026-10-03,2,2026-10-17,wk inc flu hosp,quantile,0.99,290.0415661356996
53,2026-10-03,2,2026-10-17,wk inc flu hosp,quantile,0.99,354.8518637961827
54,2026-10-03,2,2026-10-17,wk inc flu hosp,quantile,0.99,76.6871848924618
55,2026-10-03,2,2026-10-17,wk inc flu hosp,quantile,0.99,169.10125805725355
56,2026-10-03,2,2026-10-17,wk inc flu hosp,quantile,0.99,25.32233840441574
72,2026-10-03,2,2026-10-17,wk inc flu hosp,quantile,0.99,277.5777681212494
US,2026-10-03,2,2026-10-17,wk inc flu hosp,quantile,0.99,11556.130612831774
01,2026-10-03,3,2026-10-24,wk inc flu hosp,quantile,0.99,261.69705621078396
02,2026-10-03,3,2026-10-24,wk inc flu hosp,quantile,0.99,59.84832101249428
04,2026-10-03,3,2026-10-24,wk inc flu hosp,quantile,0.99,339.74304501814515
05,2026-10-03,3,2026-10-24,wk inc flu hosp,quantile,0.99,136.6277461577127
06,2026-10-03,3,2026-10-24,wk inc flu hosp,quantile,0.99,1773.7199394730417
08,2026-10-03,3,2026-10-24,wk inc flu hosp,quantile,0.99,256.5615610024761
09,2026-10-03,3,2026-10-24,wk inc flu hosp,quantile,0.99,163.72070742702587
10,2026-10-03,3,2026-10-24,wk inc flu hosp,quantile,0.99,34.91754947727287
11,2026-10-03,3,2026-10-24,wk inc flu hosp,quantile,0.99,44.927319447002645
12,2026-10-03,3,2026-10-24,wk inc flu hosp,quantile,0.99,1549.8512717737153
13,2026-10-03,3,2026-10-24,wk inc flu hosp,quantile,0.99,335.5720319587528
15,2026-10-03,3,2026-10-24,wk inc flu hosp,quantile,0.99,80.79624214781958
16,2026-10-03,3,2026-10-24,wk inc flu hosp,quantile,0.99,102.28786461753458
17,2026-10-03,3,2026-10-24,wk inc flu hosp,quantile,0.99,575.5527921129766
18,2026-10-03,3,2026-10-24,wk inc flu hosp,quantile,0.99,400.5287707148463
19,2026-10-03,3,2026-10-24,wk inc flu hosp,quantile,0.99,103.29499226323044
20,2026-10-03,3,2026-10-24,wk inc flu hosp,quantile,0.99,112.49434127261242
21,2026-10-03,3,2026-10-24,wk inc flu hosp,quantile,0.99,179.0484226208992
22,2026-10-03,3,2026-10-24,wk inc flu hosp,quantile,0.99,252.21321178791285
23,2026-10-03,3,2026-10-24,wk inc flu hosp,quantile,0.99,66.26052610480535
24,2026-10-03,3,2026-10-24,wk inc flu hosp,quantile,0.99,205.8120484489104
25,2026-10-03,3,2026-10-24,wk inc flu hosp,quantile,0.99,301.5289212087471
26,2026-10-03,3,2026-10-24,wk inc flu hosp,quantile,0.99,462.5248836849805
27,2026-10-03,3,2026-10-24,wk inc flu hosp,quantile,0.99,265.7588506796346
28,2026-10-03,3,2026-10-24,wk inc flu hosp,quantile,0.99,145.15320427871742
29,2026-10-03,3,2026-10-24,wk inc flu hosp,quantile,0.99,371.440115796497
30,2026-10-03,3,2026-10-24,wk inc flu hosp,quantile,0.99,125.88261243403315
31,2026-10-03,3,2026-10-24,wk inc flu hosp,quantile,0.99,55.73096251602535
32,2026-10-03,3,2026-10-24,wk inc flu hosp,quantile,0.99,225.1928806495693
33,2026-10-03,3,2026-10-24,wk inc flu hosp,quantile,0.99,66.09939619804358
34,2026-10-03,3,2026-10-24,wk inc flu hosp,quantile,0.99,723.0721184327767
35,2026-10-03,3,2026-10-24,wk inc flu hosp,quantile,0.99,123.47445528590167
36,2026-10-03,3,2026-10-24,wk inc flu hosp,quantile,0.99,996.823795803036
37,2026-10-03,3,2026-10-24,wk inc flu hosp,quantile,0.99,594.6228819506879
38,2026-10-03,3,2026-10-24,wk inc flu hosp,quantile,0.99,40.30357062840176
39,2026-10-03,3,2026-10-24,wk inc flu hosp,quantile,0.99,574.4629842375853
40,2026-10-03,3,2026-10-24,wk inc flu hosp,quantile,0.99,231.15592548734446
41,2026-10-03,3,2026-10-24,wk inc flu hosp,quantile,0.99,248.16544099892772
42,2026-10-03,3,2026-10-24,wk inc flu hosp,quantile,0.99,1141.5758832229494
44,2026-10-03,3,2026-10-24,wk inc flu hosp,quantile,0.99,46.43622340106334
45,2026-10-03,3,2026-10-24,wk inc flu hosp,quantile,0.99,325.84373171073986
46,2026-10-03,3,2026-10-24,wk inc flu hosp,quantile,0.99,39.556799575326046
47,2026-10-03,3,2026-10-24,wk inc flu hosp,quantile,0.99,403.9842204065172
48,2026-10-03,3,2026-10-24,wk inc flu hosp,quantile,0.99,1366.7122627386716
49,2026-10-03,3,2026-10-24,wk inc flu hosp,quantile,0.99,99.48699941573506
50,2026-10-03,3,2026-10-24,wk inc flu hosp,quantile,0.99,34.48475580749449
51,2026-10-03,3,2026-10-24,wk inc flu hosp,quantile,0.99,377.0996357096748
53,2026-10-03,3,2026-10-24,wk inc flu hosp,quantile,0.99,418.4780204921355
54,2026-10-03,3,2026-10-24,wk inc flu hosp,quantile,0.99,106.76314770045383
55,2026-10-03,3,2026-10-24,wk inc flu hosp,quantile,0.99,257.3333886930048
56,2026-10-03,3,2026-10-24,wk inc flu hosp,quantile,0.99,27.853800661602087
72,2026-10-03,3,2026-10-24,wk inc flu hosp,quantile,0.99,303.57889817502087
US,2026-10-03,3,2026-10-24,wk inc flu hosp,quantile,0.99,15733.694839444566
