"location","reference_date","horizon","target_end_date","target","output_type","output_type_id","value"
"01",2026-10-10,0,2026-10-10,"wk inc flu hosp","quantile","0.01",22.9223964513787
"01",2026-10-10,0,2026-10-10,"wk inc flu hosp","quantile","0.025",27.7786911471925
"01",2026-10-10,0,2026-10-10,"wk inc flu hosp","quantile","0.05",31.8896214463576
"01",2026-10-10,0,2026-10-10,"wk inc flu hosp","quantile","0.1",37.2300729905635
"01",2026-10-10,0,2026-10-10,"wk inc flu hosp","quantile","0.15",41.0019949706579
"01",2026-10-10,0,2026-10-10,"wk inc flu hosp","quantile","0.2",44.1784166083917
"01",2026-10-10,0,2026-10-10,"wk inc flu hosp","quantile","0.25",46.0378234573995
"01",2026-10-10,0,2026-10-10,"wk inc flu hosp","quantile","0.3",47.9831378009267
"01",2026-10-10,0,2026-10-10,"wk inc flu hosp","quantile","0.35",50.1945713942633
"01",2026-10-10,0,2026-10-10,"wk inc flu hosp","quantile","0.4",53.0093162025195
"01",2026-10-10,0,2026-10-10,"wk inc flu hosp","quantile","0.45",54.5011908888006
"01",2026-10-10,0,2026-10-10,"wk inc flu hosp","quantile","0.5",56.3531504492085
"01",2026-10-10,0,2026-10-10,"wk inc flu hosp","quantile","0.55",58.0084155506445
"01",2026-10-10,0,2026-10-10,"wk inc flu hosp","quantile","0.6",60.4997167327178
"01",2026-10-10,0,2026-10-10,"wk inc flu hosp","quantile","0.65",62.4142333643758
"01",2026-10-10,0,2026-10-10,"wk inc flu hosp","quantile","0.7",65.1254138572046
"01",2026-10-10,0,2026-10-10,"wk inc flu hosp","quantile","0.75",67.2906859341445
"01",2026-10-10,0,2026-10-10,"wk inc flu hosp","quantile","0.8",71.0708795098884
"01",2026-10-10,0,2026-10-10,"wk inc flu hosp","quantile","0.85",75.3255629018588
"01",2026-10-10,0,2026-10-10,"wk inc flu hosp","quantile","0.9",81.8840613271316
"01",2026-10-10,0,2026-10-10,"wk inc flu hosp","quantile","0.95",94.0862714789223
"01",2026-10-10,0,2026-10-10,"wk inc flu hosp","quantile","0.975",105.091969804246
"01",2026-10-10,0,2026-10-10,"wk inc flu hosp","quantile","0.99",122.590077581666
"01",2026-10-10,1,2026-10-17,"wk inc flu hosp","quantile","0.01",19.0308628159567
"01",2026-10-10,1,2026-10-17,"wk inc flu hosp","quantile","0.025",23.7131074301983
"01",2026-10-10,1,2026-10-17,"wk inc flu hosp","quantile","0.05",29.4647068197558
"01",2026-10-10,1,2026-10-17,"wk inc flu hosp","quantile","0.1",35.3446897791288
"01",2026-10-10,1,2026-10-17,"wk inc flu hosp","quantile","0.15",40.9287192888632
"01",2026-10-10,1,2026-10-17,"wk inc flu hosp","quantile","0.2",45.7608127828246
"01",2026-10-10,1,2026-10-17,"wk inc flu hosp","quantile","0.25",49.2459805073047
"01",2026-10-10,1,2026-10-17,"wk inc flu hosp","quantile","0.3",51.948302765033
"01",2026-10-10,1,2026-10-17,"wk inc flu hosp","quantile","0.35",55.1161011110753
"01",2026-10-10,1,2026-10-17,"wk inc flu hosp","quantile","0.4",59.037531932306
"01",2026-10-10,1,2026-10-17,"wk inc flu hosp","quantile","0.45",61.1526229587179
"01",2026-10-10,1,2026-10-17,"wk inc flu hosp","quantile","0.5",63.687098992741
"01",2026-10-10,1,2026-10-17,"wk inc flu hosp","quantile","0.55",67.1235219769279
"01",2026-10-10,1,2026-10-17,"wk inc flu hosp","quantile","0.6",70.5329463442093
"01",2026-10-10,1,2026-10-17,"wk inc flu hosp","quantile","0.65",73.9768352734582
"01",2026-10-10,1,2026-10-17,"wk inc flu hosp","quantile","0.7",78.3700394401967
"01",2026-10-10,1,2026-10-17,"wk inc flu hosp","quantile","0.75",84.0782650186015
"01",2026-10-10,1,2026-10-17,"wk inc flu hosp","quantile","0.8",89.2684265937937
"01",2026-10-10,1,2026-10-17,"wk inc flu hosp","quantile","0.85",96.8479909765356
"01",2026-10-10,1,2026-10-17,"wk inc flu hosp","quantile","0.9",106.525794807996
"01",2026-10-10,1,2026-10-17,"wk inc flu hosp","quantile","0.95",125.470920675066
"01",2026-10-10,1,2026-10-17,"wk inc flu hosp","quantile","0.975",148.005516165063
"01",2026-10-10,1,2026-10-17,"wk inc flu hosp","quantile","0.99",167.911469956983
"01",2026-10-10,2,2026-10-24,"wk inc flu hosp","quantile","0.01",14.2501777576984
"01",2026-10-10,2,2026-10-24,"wk inc flu hosp","quantile","0.025",19.9516257214843
"01",2026-10-10,2,2026-10-24,"wk inc flu hosp","quantile","0.05",26.0343453586775
"01",2026-10-10,2,2026-10-24,"wk inc flu hosp","quantile","0.1",34.3520753839096
"01",2026-10-10,2,2026-10-24,"wk inc flu hosp","quantile","0.15",40.1098284805116
"01",2026-10-10,2,2026-10-24,"wk inc flu hosp","quantile","0.2",45.7436515006185
"01",2026-10-10,2,2026-10-24,"wk inc flu hosp","quantile","0.25",50.810728808787
"01",2026-10-10,2,2026-10-24,"wk inc flu hosp","quantile","0.3",54.651039722543
"01",2026-10-10,2,2026-10-24,"wk inc flu hosp","quantile","0.35",57.6599380787917
"01",2026-10-10,2,2026-10-24,"wk inc flu hosp","quantile","0.4",63.2198747925694
"01",2026-10-10,2,2026-10-24,"wk inc flu hosp","quantile","0.45",66.9783068145569
"01",2026-10-10,2,2026-10-24,"wk inc flu hosp","quantile","0.5",71.1364229050318
"01",2026-10-10,2,2026-10-24,"wk inc flu hosp","quantile","0.55",75.0111341165317
"01",2026-10-10,2,2026-10-24,"wk inc flu hosp","quantile","0.6",80.0288363822359
"01",2026-10-10,2,2026-10-24,"wk inc flu hosp","quantile","0.65",85.2763754930088
"01",2026-10-10,2,2026-10-24,"wk inc flu hosp","quantile","0.7",91.1335280483975
"01",2026-10-10,2,2026-10-24,"wk inc flu hosp","quantile","0.75",98.4200759748487
"01",2026-10-10,2,2026-10-24,"wk inc flu hosp","quantile","0.8",105.880302844467
"01",2026-10-10,2,2026-10-24,"wk inc flu hosp","quantile","0.85",116.819062014065
"01",2026-10-10,2,2026-10-24,"wk inc flu hosp","quantile","0.9",132.756155624097
"01",2026-10-10,2,2026-10-24,"wk inc flu hosp","quantile","0.95",163.725518728663
"01",2026-10-10,2,2026-10-24,"wk inc flu hosp","quantile","0.975",199.025284713454
"01",2026-10-10,2,2026-10-24,"wk inc flu hosp","quantile","0.99",221.136009562971
"01",2026-10-10,3,2026-10-31,"wk inc flu hosp","quantile","0.01",12.1458353925905
"01",2026-10-10,3,2026-10-31,"wk inc flu hosp","quantile","0.025",17.2849750383808
"01",2026-10-10,3,2026-10-31,"wk inc flu hosp","quantile","0.05",23.8308245922227
"01",2026-10-10,3,2026-10-31,"wk inc flu hosp","quantile","0.1",32.692948605315
"01",2026-10-10,3,2026-10-31,"wk inc flu hosp","quantile","0.15",39.3635579922346
"01",2026-10-10,3,2026-10-31,"wk inc flu hosp","quantile","0.2",46.2281802389776
"01",2026-10-10,3,2026-10-31,"wk inc flu hosp","quantile","0.25",52.1210524449151
"01",2026-10-10,3,2026-10-31,"wk inc flu hosp","quantile","0.3",56.8872440427433
"01",2026-10-10,3,2026-10-31,"wk inc flu hosp","quantile","0.35",61.6112374430304
"01",2026-10-10,3,2026-10-31,"wk inc flu hosp","quantile","0.4",68.2536559821421
"01",2026-10-10,3,2026-10-31,"wk inc flu hosp","quantile","0.45",74.2394310924048
"01",2026-10-10,3,2026-10-31,"wk inc flu hosp","quantile","0.5",80.0290585241288
"01",2026-10-10,3,2026-10-31,"wk inc flu hosp","quantile","0.55",85.9447726947786
"01",2026-10-10,3,2026-10-31,"wk inc flu hosp","quantile","0.6",91.7252931699316
"01",2026-10-10,3,2026-10-31,"wk inc flu hosp","quantile","0.65",96.8842479111409
"01",2026-10-10,3,2026-10-31,"wk inc flu hosp","quantile","0.7",104.143960535849
"01",2026-10-10,3,2026-10-31,"wk inc flu hosp","quantile","0.75",113.084863635212
"01",2026-10-10,3,2026-10-31,"wk inc flu hosp","quantile","0.8",123.38719235683
"01",2026-10-10,3,2026-10-31,"wk inc flu hosp","quantile","0.85",137.498038937191
"01",2026-10-10,3,2026-10-31,"wk inc flu hosp","quantile","0.9",158.316456993589
"01",2026-10-10,3,2026-10-31,"wk inc flu hosp","quantile","0.95",199.603968050633
"01",2026-10-10,3,2026-10-31,"wk inc flu hosp","quantile","0.975",249.92559584446
"01",2026-10-10,3,2026-10-31,"wk inc flu hosp","quantile","0.99",286.324309304647
"02",2026-10-10,0,2026-10-10,"wk inc flu hosp","quantile","0.01",7.32004546183378
"02",2026-10-10,0,2026-10-10,"wk inc flu hosp","quantile","0.025",8.75908709380001
"02",2026-10-10,0,2026-10-10,"wk inc flu hosp","quantile","0.05",10.3825961608901
"02",2026-10-10,0,2026-10-10,"wk inc flu hosp","quantile","0.1",12.7215006070414
"02",2026-10-10,0,2026-10-10,"wk inc flu hosp","quantile","0.15",14.6949231506992
"02",2026-10-10,0,2026-10-10,"wk inc flu hosp","quantile","0.2",15.9370304538529
"02",2026-10-10,0,2026-10-10,"wk inc flu hosp","quantile","0.25",17.2712535379094
"02",2026-10-10,0,2026-10-10,"wk inc flu hosp","quantile","0.3",18.5599540543205
"02",2026-10-10,0,2026-10-10,"wk inc flu hosp","quantile","0.35",19.7495324668472
"02",2026-10-10,0,2026-10-10,"wk inc flu hosp","quantile","0.4",21.1208377688322
"02",2026-10-10,0,2026-10-10,"wk inc flu hosp","quantile","0.45",22.206671492668
"02",2026-10-10,0,2026-10-10,"wk inc flu hosp","quantile","0.5",23.3016612060861
"02",2026-10-10,0,2026-10-10,"wk inc flu hosp","quantile","0.55",24.5541981005058
"02",2026-10-10,0,2026-10-10,"wk inc flu hosp","quantile","0.6",26.0681183400508
"02",2026-10-10,0,2026-10-10,"wk inc flu hosp","quantile","0.65",26.9088309224985
"02",2026-10-10,0,2026-10-10,"wk inc flu hosp","quantile","0.7",27.7786315247342
"02",2026-10-10,0,2026-10-10,"wk inc flu hosp","quantile","0.75",29.407550951983
"02",2026-10-10,0,2026-10-10,"wk inc flu hosp","quantile","0.8",30.8273736173925
"02",2026-10-10,0,2026-10-10,"wk inc flu hosp","quantile","0.85",32.8197527542415
"02",2026-10-10,0,2026-10-10,"wk inc flu hosp","quantile","0.9",35.6739508939224
"02",2026-10-10,0,2026-10-10,"wk inc flu hosp","quantile","0.95",41.3672181624754
"02",2026-10-10,0,2026-10-10,"wk inc flu hosp","quantile","0.975",45.8733687388816
"02",2026-10-10,0,2026-10-10,"wk inc flu hosp","quantile","0.99",51.5648481541771
"02",2026-10-10,1,2026-10-17,"wk inc flu hosp","quantile","0.01",4.30996659615614
"02",2026-10-10,1,2026-10-17,"wk inc flu hosp","quantile","0.025",5.49238633734398
"02",2026-10-10,1,2026-10-17,"wk inc flu hosp","quantile","0.05",7.3316320668232
"02",2026-10-10,1,2026-10-17,"wk inc flu hosp","quantile","0.1",9.78712281812405
"02",2026-10-10,1,2026-10-17,"wk inc flu hosp","quantile","0.15",12.0263906131955
"02",2026-10-10,1,2026-10-17,"wk inc flu hosp","quantile","0.2",13.7253300857002
"02",2026-10-10,1,2026-10-17,"wk inc flu hosp","quantile","0.25",15.2407929974506
"02",2026-10-10,1,2026-10-17,"wk inc flu hosp","quantile","0.3",17.0954844869014
"02",2026-10-10,1,2026-10-17,"wk inc flu hosp","quantile","0.35",18.7315217374535
"02",2026-10-10,1,2026-10-17,"wk inc flu hosp","quantile","0.4",20.4438452756254
"02",2026-10-10,1,2026-10-17,"wk inc flu hosp","quantile","0.45",22.0965666436842
"02",2026-10-10,1,2026-10-17,"wk inc flu hosp","quantile","0.5",23.7814362024786
"02",2026-10-10,1,2026-10-17,"wk inc flu hosp","quantile","0.55",25.4318735365521
"02",2026-10-10,1,2026-10-17,"wk inc flu hosp","quantile","0.6",27.3178051635386
"02",2026-10-10,1,2026-10-17,"wk inc flu hosp","quantile","0.65",29.2602076603285
"02",2026-10-10,1,2026-10-17,"wk inc flu hosp","quantile","0.7",30.6458262081786
"02",2026-10-10,1,2026-10-17,"wk inc flu hosp","quantile","0.75",33.1727637095056
"02",2026-10-10,1,2026-10-17,"wk inc flu hosp","quantile","0.8",35.4328117047265
"02",2026-10-10,1,2026-10-17,"wk inc flu hosp","quantile","0.85",38.8451351577386
"02",2026-10-10,1,2026-10-17,"wk inc flu hosp","quantile","0.9",44.1622391001986
"02",2026-10-10,1,2026-10-17,"wk inc flu hosp","quantile","0.95",51.8032610819469
"02",2026-10-10,1,2026-10-17,"wk inc flu hosp","quantile","0.975",60.2520250712888
"02",2026-10-10,1,2026-10-17,"wk inc flu hosp","quantile","0.99",70.6478873608902
"02",2026-10-10,2,2026-10-24,"wk inc flu hosp","quantile","0.01",3.10919073961993
"02",2026-10-10,2,2026-10-24,"wk inc flu hosp","quantile","0.025",3.67127523910651
"02",2026-10-10,2,2026-10-24,"wk inc flu hosp","quantile","0.05",4.89284402356432
"02",2026-10-10,2,2026-10-24,"wk inc flu hosp","quantile","0.1",7.26781113960411
"02",2026-10-10,2,2026-10-24,"wk inc flu hosp","quantile","0.15",9.62854903083306
"02",2026-10-10,2,2026-10-24,"wk inc flu hosp","quantile","0.2",11.3493646116403
"02",2026-10-10,2,2026-10-24,"wk inc flu hosp","quantile","0.25",13.0197452739858
"02",2026-10-10,2,2026-10-24,"wk inc flu hosp","quantile","0.3",14.9936440418176
"02",2026-10-10,2,2026-10-24,"wk inc flu hosp","quantile","0.35",17.050772771146
"02",2026-10-10,2,2026-10-24,"wk inc flu hosp","quantile","0.4",19.0279135679431
"02",2026-10-10,2,2026-10-24,"wk inc flu hosp","quantile","0.45",20.9369360111759
"02",2026-10-10,2,2026-10-24,"wk inc flu hosp","quantile","0.5",22.7006702644059
"02",2026-10-10,2,2026-10-24,"wk inc flu hosp","quantile","0.55",24.7564907136384
"02",2026-10-10,2,2026-10-24,"wk inc flu hosp","quantile","0.6",27.313639334922
"02",2026-10-10,2,2026-10-24,"wk inc flu hosp","quantile","0.65",29.9919008423135
"02",2026-10-10,2,2026-10-24,"wk inc flu hosp","quantile","0.7",32.09809272806
"02",2026-10-10,2,2026-10-24,"wk inc flu hosp","quantile","0.75",35.3207459287237
"02",2026-10-10,2,2026-10-24,"wk inc flu hosp","quantile","0.8",38.9045739849341
"02",2026-10-10,2,2026-10-24,"wk inc flu hosp","quantile","0.85",43.7104367100759
"02",2026-10-10,2,2026-10-24,"wk inc flu hosp","quantile","0.9",50.7507146964623
"02",2026-10-10,2,2026-10-24,"wk inc flu hosp","quantile","0.95",62.1692797265477
"02",2026-10-10,2,2026-10-24,"wk inc flu hosp","quantile","0.975",72.0445783192823
"02",2026-10-10,2,2026-10-24,"wk inc flu hosp","quantile","0.99",91.8516660070376
"02",2026-10-10,3,2026-10-31,"wk inc flu hosp","quantile","0.01",2.76146292984884
"02",2026-10-10,3,2026-10-31,"wk inc flu hosp","quantile","0.025",3.13899002630574
"02",2026-10-10,3,2026-10-31,"wk inc flu hosp","quantile","0.05",3.70533058101632
"02",2026-10-10,3,2026-10-31,"wk inc flu hosp","quantile","0.1",5.78476032602429
"02",2026-10-10,3,2026-10-31,"wk inc flu hosp","quantile","0.15",7.63177990474354
"02",2026-10-10,3,2026-10-31,"wk inc flu hosp","quantile","0.2",9.29923920810629
"02",2026-10-10,3,2026-10-31,"wk inc flu hosp","quantile","0.25",11.1467585662642
"02",2026-10-10,3,2026-10-31,"wk inc flu hosp","quantile","0.3",13.5452503063908
"02",2026-10-10,3,2026-10-31,"wk inc flu hosp","quantile","0.35",15.6458469672993
"02",2026-10-10,3,2026-10-31,"wk inc flu hosp","quantile","0.4",17.6210047938681
"02",2026-10-10,3,2026-10-31,"wk inc flu hosp","quantile","0.45",20.3173705802995
"02",2026-10-10,3,2026-10-31,"wk inc flu hosp","quantile","0.5",22.275187128794
"02",2026-10-10,3,2026-10-31,"wk inc flu hosp","quantile","0.55",24.448437683362
"02",2026-10-10,3,2026-10-31,"wk inc flu hosp","quantile","0.6",26.9454395872932
"02",2026-10-10,3,2026-10-31,"wk inc flu hosp","quantile","0.65",29.6342452362642
"02",2026-10-10,3,2026-10-31,"wk inc flu hosp","quantile","0.7",32.5084154288765
"02",2026-10-10,3,2026-10-31,"wk inc flu hosp","quantile","0.75",36.7817209913622
"02",2026-10-10,3,2026-10-31,"wk inc flu hosp","quantile","0.8",40.7733926183657
"02",2026-10-10,3,2026-10-31,"wk inc flu hosp","quantile","0.85",45.70671030114
"02",2026-10-10,3,2026-10-31,"wk inc flu hosp","quantile","0.9",55.7845375702329
"02",2026-10-10,3,2026-10-31,"wk inc flu hosp","quantile","0.95",71.9703386509031
"02",2026-10-10,3,2026-10-31,"wk inc flu hosp","quantile","0.975",90.0905820098604
"02",2026-10-10,3,2026-10-31,"wk inc flu hosp","quantile","0.99",113.981218961228
"04",2026-10-10,0,2026-10-10,"wk inc flu hosp","quantile","0.01",26.0961152593459
"04",2026-10-10,0,2026-10-10,"wk inc flu hosp","quantile","0.025",29.2923149054501
"04",2026-10-10,0,2026-10-10,"wk inc flu hosp","quantile","0.05",33.0473807448875
"04",2026-10-10,0,2026-10-10,"wk inc flu hosp","quantile","0.1",40.2851424522336
"04",2026-10-10,0,2026-10-10,"wk inc flu hosp","quantile","0.15",45.0226902421716
"04",2026-10-10,0,2026-10-10,"wk inc flu hosp","quantile","0.2",49.2511704071633
"04",2026-10-10,0,2026-10-10,"wk inc flu hosp","quantile","0.25",53.1826445410271
"04",2026-10-10,0,2026-10-10,"wk inc flu hosp","quantile","0.3",56.7943004629436
"04",2026-10-10,0,2026-10-10,"wk inc flu hosp","quantile","0.35",60.8643177132085
"04",2026-10-10,0,2026-10-10,"wk inc flu hosp","quantile","0.4",63.4446906682973
"04",2026-10-10,0,2026-10-10,"wk inc flu hosp","quantile","0.45",65.5008637751669
"04",2026-10-10,0,2026-10-10,"wk inc flu hosp","quantile","0.5",67.839416754393
"04",2026-10-10,0,2026-10-10,"wk inc flu hosp","quantile","0.55",70.7367409207316
"04",2026-10-10,0,2026-10-10,"wk inc flu hosp","quantile","0.6",74.4850981467237
"04",2026-10-10,0,2026-10-10,"wk inc flu hosp","quantile","0.65",77.8595484268575
"04",2026-10-10,0,2026-10-10,"wk inc flu hosp","quantile","0.7",82.2623193993275
"04",2026-10-10,0,2026-10-10,"wk inc flu hosp","quantile","0.75",86.5545206984649
"04",2026-10-10,0,2026-10-10,"wk inc flu hosp","quantile","0.8",92.6199916253083
"04",2026-10-10,0,2026-10-10,"wk inc flu hosp","quantile","0.85",99.3428846382544
"04",2026-10-10,0,2026-10-10,"wk inc flu hosp","quantile","0.9",108.670991486116
"04",2026-10-10,0,2026-10-10,"wk inc flu hosp","quantile","0.95",127.130191571452
"04",2026-10-10,0,2026-10-10,"wk inc flu hosp","quantile","0.975",145.833757440401
"04",2026-10-10,0,2026-10-10,"wk inc flu hosp","quantile","0.99",172.5414425797
"04",2026-10-10,1,2026-10-17,"wk inc flu hosp","quantile","0.01",20.9079434214831
"04",2026-10-10,1,2026-10-17,"wk inc flu hosp","quantile","0.025",25.5464793820472
"04",2026-10-10,1,2026-10-17,"wk inc flu hosp","quantile","0.05",31.1539394041209
"04",2026-10-10,1,2026-10-17,"wk inc flu hosp","quantile","0.1",39.1599764660212
"04",2026-10-10,1,2026-10-17,"wk inc flu hosp","quantile","0.15",46.1722506437036
"04",2026-10-10,1,2026-10-17,"wk inc flu hosp","quantile","0.2",52.3964368293159
"04",2026-10-10,1,2026-10-17,"wk inc flu hosp","quantile","0.25",59.1312676240478
"04",2026-10-10,1,2026-10-17,"wk inc flu hosp","quantile","0.3",63.671392037453
"04",2026-10-10,1,2026-10-17,"wk inc flu hosp","quantile","0.35",70.1451668129447
"04",2026-10-10,1,2026-10-17,"wk inc flu hosp","quantile","0.4",73.5512794465928
"04",2026-10-10,1,2026-10-17,"wk inc flu hosp","quantile","0.45",77.343160151301
"04",2026-10-10,1,2026-10-17,"wk inc flu hosp","quantile","0.5",80.7483652004288
"04",2026-10-10,1,2026-10-17,"wk inc flu hosp","quantile","0.55",85.1800312834167
"04",2026-10-10,1,2026-10-17,"wk inc flu hosp","quantile","0.6",92.2743337234599
"04",2026-10-10,1,2026-10-17,"wk inc flu hosp","quantile","0.65",98.5266976516719
"04",2026-10-10,1,2026-10-17,"wk inc flu hosp","quantile","0.7",104.361250227452
"04",2026-10-10,1,2026-10-17,"wk inc flu hosp","quantile","0.75",112.925351596763
"04",2026-10-10,1,2026-10-17,"wk inc flu hosp","quantile","0.8",122.291601084301
"04",2026-10-10,1,2026-10-17,"wk inc flu hosp","quantile","0.85",135.050818074333
"04",2026-10-10,1,2026-10-17,"wk inc flu hosp","quantile","0.9",153.428035765533
"04",2026-10-10,1,2026-10-17,"wk inc flu hosp","quantile","0.95",180.041386222766
"04",2026-10-10,1,2026-10-17,"wk inc flu hosp","quantile","0.975",215.250754842752
"04",2026-10-10,1,2026-10-17,"wk inc flu hosp","quantile","0.99",255.083157479979
"04",2026-10-10,2,2026-10-24,"wk inc flu hosp","quantile","0.01",15.2182274259993
"04",2026-10-10,2,2026-10-24,"wk inc flu hosp","quantile","0.025",21.1047656189025
"04",2026-10-10,2,2026-10-24,"wk inc flu hosp","quantile","0.05",28.3611674708444
"04",2026-10-10,2,2026-10-24,"wk inc flu hosp","quantile","0.1",37.8820715277189
"04",2026-10-10,2,2026-10-24,"wk inc flu hosp","quantile","0.15",45.8604745104653
"04",2026-10-10,2,2026-10-24,"wk inc flu hosp","quantile","0.2",53.1871439133491
"04",2026-10-10,2,2026-10-24,"wk inc flu hosp","quantile","0.25",61.4998035095997
"04",2026-10-10,2,2026-10-24,"wk inc flu hosp","quantile","0.3",68.1586173155896
"04",2026-10-10,2,2026-10-24,"wk inc flu hosp","quantile","0.35",75.9394319195838
"04",2026-10-10,2,2026-10-24,"wk inc flu hosp","quantile","0.4",82.3504809081987
"04",2026-10-10,2,2026-10-24,"wk inc flu hosp","quantile","0.45",87.7111767980738
"04",2026-10-10,2,2026-10-24,"wk inc flu hosp","quantile","0.5",93.9433514637784
"04",2026-10-10,2,2026-10-24,"wk inc flu hosp","quantile","0.55",99.990541023686
"04",2026-10-10,2,2026-10-24,"wk inc flu hosp","quantile","0.6",109.100710781127
"04",2026-10-10,2,2026-10-24,"wk inc flu hosp","quantile","0.65",117.750885986553
"04",2026-10-10,2,2026-10-24,"wk inc flu hosp","quantile","0.7",128.072908316978
"04",2026-10-10,2,2026-10-24,"wk inc flu hosp","quantile","0.75",139.650843166817
"04",2026-10-10,2,2026-10-24,"wk inc flu hosp","quantile","0.8",155.25455457275
"04",2026-10-10,2,2026-10-24,"wk inc flu hosp","quantile","0.85",173.615659483766
"04",2026-10-10,2,2026-10-24,"wk inc flu hosp","quantile","0.9",199.759798613984
"04",2026-10-10,2,2026-10-24,"wk inc flu hosp","quantile","0.95",250.053662983623
"04",2026-10-10,2,2026-10-24,"wk inc flu hosp","quantile","0.975",298.427858076178
"04",2026-10-10,2,2026-10-24,"wk inc flu hosp","quantile","0.99",357.972221817295
"04",2026-10-10,3,2026-10-31,"wk inc flu hosp","quantile","0.01",15.1287635417698
"04",2026-10-10,3,2026-10-31,"wk inc flu hosp","quantile","0.025",19.1628756782471
"04",2026-10-10,3,2026-10-31,"wk inc flu hosp","quantile","0.05",26.3668767772427
"04",2026-10-10,3,2026-10-31,"wk inc flu hosp","quantile","0.1",36.5748703095686
"04",2026-10-10,3,2026-10-31,"wk inc flu hosp","quantile","0.15",46.0946839428714
"04",2026-10-10,3,2026-10-31,"wk inc flu hosp","quantile","0.2",55.3765188011994
"04",2026-10-10,3,2026-10-31,"wk inc flu hosp","quantile","0.25",65.1594034302812
"04",2026-10-10,3,2026-10-31,"wk inc flu hosp","quantile","0.3",73.7777621354537
"04",2026-10-10,3,2026-10-31,"wk inc flu hosp","quantile","0.35",82.5865983542973
"04",2026-10-10,3,2026-10-31,"wk inc flu hosp","quantile","0.4",90.9628920834349
"04",2026-10-10,3,2026-10-31,"wk inc flu hosp","quantile","0.45",100.379952498618
"04",2026-10-10,3,2026-10-31,"wk inc flu hosp","quantile","0.5",107.172496156746
"04",2026-10-10,3,2026-10-31,"wk inc flu hosp","quantile","0.55",116.80097286349
"04",2026-10-10,3,2026-10-31,"wk inc flu hosp","quantile","0.6",128.224956918692
"04",2026-10-10,3,2026-10-31,"wk inc flu hosp","quantile","0.65",138.991591500651
"04",2026-10-10,3,2026-10-31,"wk inc flu hosp","quantile","0.7",153.119378457767
"04",2026-10-10,3,2026-10-31,"wk inc flu hosp","quantile","0.75",171.195467962841
"04",2026-10-10,3,2026-10-31,"wk inc flu hosp","quantile","0.8",189.367311512409
"04",2026-10-10,3,2026-10-31,"wk inc flu hosp","quantile","0.85",213.878061223721
"04",2026-10-10,3,2026-10-31,"wk inc flu hosp","quantile","0.9",249.098178043794
"04",2026-10-10,3,2026-10-31,"wk inc flu hosp","quantile","0.95",319.35085096823
"04",2026-10-10,3,2026-10-31,"wk inc flu hosp","quantile","0.975",400.561462016774
"04",2026-10-10,3,2026-10-31,"wk inc flu hosp","quantile","0.99",478.27199195756
"05",2026-10-10,0,2026-10-10,"wk inc flu hosp","quantile","0.01",5.39323921406784
"05",2026-10-10,0,2026-10-10,"wk inc flu hosp","quantile","0.025",6.84355382359805
"05",2026-10-10,0,2026-10-10,"wk inc flu hosp","quantile","0.05",8.23860433915205
"05",2026-10-10,0,2026-10-10,"wk inc flu hosp","quantile","0.1",10.3748069337679
"05",2026-10-10,0,2026-10-10,"wk inc flu hosp","quantile","0.15",11.699944047763
"05",2026-10-10,0,2026-10-10,"wk inc flu hosp","quantile","0.2",13.4311069351214
"05",2026-10-10,0,2026-10-10,"wk inc flu hosp","quantile","0.25",14.7641396925147
"05",2026-10-10,0,2026-10-10,"wk inc flu hosp","quantile","0.3",16.0830891295602
"05",2026-10-10,0,2026-10-10,"wk inc flu hosp","quantile","0.35",16.9561209994004
"05",2026-10-10,0,2026-10-10,"wk inc flu hosp","quantile","0.4",18.1219580828101
"05",2026-10-10,0,2026-10-10,"wk inc flu hosp","quantile","0.45",19.4022351601911
"05",2026-10-10,0,2026-10-10,"wk inc flu hosp","quantile","0.5",20.6159969816043
"05",2026-10-10,0,2026-10-10,"wk inc flu hosp","quantile","0.55",21.7408232415312
"05",2026-10-10,0,2026-10-10,"wk inc flu hosp","quantile","0.6",23.0229319303962
"05",2026-10-10,0,2026-10-10,"wk inc flu hosp","quantile","0.65",24.2882227951337
"05",2026-10-10,0,2026-10-10,"wk inc flu hosp","quantile","0.7",25.8097230575108
"05",2026-10-10,0,2026-10-10,"wk inc flu hosp","quantile","0.75",27.3842233164086
"05",2026-10-10,0,2026-10-10,"wk inc flu hosp","quantile","0.8",29.6218435356021
"05",2026-10-10,0,2026-10-10,"wk inc flu hosp","quantile","0.85",32.2339884670053
"05",2026-10-10,0,2026-10-10,"wk inc flu hosp","quantile","0.9",35.2041967888599
"05",2026-10-10,0,2026-10-10,"wk inc flu hosp","quantile","0.95",41.5754088138134
"05",2026-10-10,0,2026-10-10,"wk inc flu hosp","quantile","0.975",48.1118762096132
"05",2026-10-10,0,2026-10-10,"wk inc flu hosp","quantile","0.99",57.8538872878163
"05",2026-10-10,1,2026-10-17,"wk inc flu hosp","quantile","0.01",3.51587433796346
"05",2026-10-10,1,2026-10-17,"wk inc flu hosp","quantile","0.025",4.77583866808014
"05",2026-10-10,1,2026-10-17,"wk inc flu hosp","quantile","0.05",6.63135417281501
"05",2026-10-10,1,2026-10-17,"wk inc flu hosp","quantile","0.1",9.46105516951313
"05",2026-10-10,1,2026-10-17,"wk inc flu hosp","quantile","0.15",11.4565016789086
"05",2026-10-10,1,2026-10-17,"wk inc flu hosp","quantile","0.2",13.528011113213
"05",2026-10-10,1,2026-10-17,"wk inc flu hosp","quantile","0.25",15.6744135812112
"05",2026-10-10,1,2026-10-17,"wk inc flu hosp","quantile","0.3",17.6151706646239
"05",2026-10-10,1,2026-10-17,"wk inc flu hosp","quantile","0.35",19.1705996742598
"05",2026-10-10,1,2026-10-17,"wk inc flu hosp","quantile","0.4",20.798492971625
"05",2026-10-10,1,2026-10-17,"wk inc flu hosp","quantile","0.45",22.5552098556827
"05",2026-10-10,1,2026-10-17,"wk inc flu hosp","quantile","0.5",24.3840361809289
"05",2026-10-10,1,2026-10-17,"wk inc flu hosp","quantile","0.55",26.107827057028
"05",2026-10-10,1,2026-10-17,"wk inc flu hosp","quantile","0.6",28.3698894481143
"05",2026-10-10,1,2026-10-17,"wk inc flu hosp","quantile","0.65",30.3003341639661
"05",2026-10-10,1,2026-10-17,"wk inc flu hosp","quantile","0.7",32.8409966226694
"05",2026-10-10,1,2026-10-17,"wk inc flu hosp","quantile","0.75",35.8910721404363
"05",2026-10-10,1,2026-10-17,"wk inc flu hosp","quantile","0.8",39.4198961688569
"05",2026-10-10,1,2026-10-17,"wk inc flu hosp","quantile","0.85",43.5622659593765
"05",2026-10-10,1,2026-10-17,"wk inc flu hosp","quantile","0.9",48.9384613706913
"05",2026-10-10,1,2026-10-17,"wk inc flu hosp","quantile","0.95",59.2973598282396
"05",2026-10-10,1,2026-10-17,"wk inc flu hosp","quantile","0.975",71.0259663836771
"05",2026-10-10,1,2026-10-17,"wk inc flu hosp","quantile","0.99",86.2376092275096
"05",2026-10-10,2,2026-10-24,"wk inc flu hosp","quantile","0.01",3.50455993258686
"05",2026-10-10,2,2026-10-24,"wk inc flu hosp","quantile","0.025",3.96334504823628
"05",2026-10-10,2,2026-10-24,"wk inc flu hosp","quantile","0.05",5.58957123887757
"05",2026-10-10,2,2026-10-24,"wk inc flu hosp","quantile","0.1",9.0141584411064
"05",2026-10-10,2,2026-10-24,"wk inc flu hosp","quantile","0.15",11.752797763392
"05",2026-10-10,2,2026-10-24,"wk inc flu hosp","quantile","0.2",14.4107327224933
"05",2026-10-10,2,2026-10-24,"wk inc flu hosp","quantile","0.25",16.8767937225965
"05",2026-10-10,2,2026-10-24,"wk inc flu hosp","quantile","0.3",19.2738576104445
"05",2026-10-10,2,2026-10-24,"wk inc flu hosp","quantile","0.35",21.6635687852765
"05",2026-10-10,2,2026-10-24,"wk inc flu hosp","quantile","0.4",23.9146508255343
"05",2026-10-10,2,2026-10-24,"wk inc flu hosp","quantile","0.45",26.6813314172105
"05",2026-10-10,2,2026-10-24,"wk inc flu hosp","quantile","0.5",29.0278858460834
"05",2026-10-10,2,2026-10-24,"wk inc flu hosp","quantile","0.55",31.5168781320327
"05",2026-10-10,2,2026-10-24,"wk inc flu hosp","quantile","0.6",34.4250325641088
"05",2026-10-10,2,2026-10-24,"wk inc flu hosp","quantile","0.65",37.390611520402
"05",2026-10-10,2,2026-10-24,"wk inc flu hosp","quantile","0.7",40.5849317645322
"05",2026-10-10,2,2026-10-24,"wk inc flu hosp","quantile","0.75",45.3197932273625
"05",2026-10-10,2,2026-10-24,"wk inc flu hosp","quantile","0.8",50.3306974093546
"05",2026-10-10,2,2026-10-24,"wk inc flu hosp","quantile","0.85",57.6156860192389
"05",2026-10-10,2,2026-10-24,"wk inc flu hosp","quantile","0.9",67.7863304969169
"05",2026-10-10,2,2026-10-24,"wk inc flu hosp","quantile","0.95",85.7269862019277
"05",2026-10-10,2,2026-10-24,"wk inc flu hosp","quantile","0.975",105.029380493296
"05",2026-10-10,2,2026-10-24,"wk inc flu hosp","quantile","0.99",122.747674280006
"05",2026-10-10,3,2026-10-31,"wk inc flu hosp","quantile","0.01",3.5095587523257
"05",2026-10-10,3,2026-10-31,"wk inc flu hosp","quantile","0.025",3.96605913129794
"05",2026-10-10,3,2026-10-31,"wk inc flu hosp","quantile","0.05",5.18779624180651
"05",2026-10-10,3,2026-10-31,"wk inc flu hosp","quantile","0.1",8.94380500442229
"05",2026-10-10,3,2026-10-31,"wk inc flu hosp","quantile","0.15",12.0777740870138
"05",2026-10-10,3,2026-10-31,"wk inc flu hosp","quantile","0.2",15.2803052039293
"05",2026-10-10,3,2026-10-31,"wk inc flu hosp","quantile","0.25",18.1400913933117
"05",2026-10-10,3,2026-10-31,"wk inc flu hosp","quantile","0.3",21.0744265900506
"05",2026-10-10,3,2026-10-31,"wk inc flu hosp","quantile","0.35",23.7645790048998
"05",2026-10-10,3,2026-10-31,"wk inc flu hosp","quantile","0.4",26.7435150454643
"05",2026-10-10,3,2026-10-31,"wk inc flu hosp","quantile","0.45",30.5178483168871
"05",2026-10-10,3,2026-10-31,"wk inc flu hosp","quantile","0.5",33.8234304597294
"05",2026-10-10,3,2026-10-31,"wk inc flu hosp","quantile","0.55",38.0654153161943
"05",2026-10-10,3,2026-10-31,"wk inc flu hosp","quantile","0.6",41.515155007003
"05",2026-10-10,3,2026-10-31,"wk inc flu hosp","quantile","0.65",46.1273665207514
"05",2026-10-10,3,2026-10-31,"wk inc flu hosp","quantile","0.7",51.2090711599904
"05",2026-10-10,3,2026-10-31,"wk inc flu hosp","quantile","0.75",57.6969137690322
"05",2026-10-10,3,2026-10-31,"wk inc flu hosp","quantile","0.8",64.1515867797211
"05",2026-10-10,3,2026-10-31,"wk inc flu hosp","quantile","0.85",72.9545567350826
"05",2026-10-10,3,2026-10-31,"wk inc flu hosp","quantile","0.9",86.6665133249786
"05",2026-10-10,3,2026-10-31,"wk inc flu hosp","quantile","0.95",113.319982676629
"05",2026-10-10,3,2026-10-31,"wk inc flu hosp","quantile","0.975",145.113490516133
"05",2026-10-10,3,2026-10-31,"wk inc flu hosp","quantile","0.99",171.499084396688
"06",2026-10-10,0,2026-10-10,"wk inc flu hosp","quantile","0.01",288.919508629266
"06",2026-10-10,0,2026-10-10,"wk inc flu hosp","quantile","0.025",323.817113992866
"06",2026-10-10,0,2026-10-10,"wk inc flu hosp","quantile","0.05",354.239926793625
"06",2026-10-10,0,2026-10-10,"wk inc flu hosp","quantile","0.1",392.239772100948
"06",2026-10-10,0,2026-10-10,"wk inc flu hosp","quantile","0.15",415.392821006531
"06",2026-10-10,0,2026-10-10,"wk inc flu hosp","quantile","0.2",434.200601091588
"06",2026-10-10,0,2026-10-10,"wk inc flu hosp","quantile","0.25",445.115052667171
"06",2026-10-10,0,2026-10-10,"wk inc flu hosp","quantile","0.3",454.361900075716
"06",2026-10-10,0,2026-10-10,"wk inc flu hosp","quantile","0.35",464.366269248491
"06",2026-10-10,0,2026-10-10,"wk inc flu hosp","quantile","0.4",479.920304395086
"06",2026-10-10,0,2026-10-10,"wk inc flu hosp","quantile","0.45",492.018342914267
"06",2026-10-10,0,2026-10-10,"wk inc flu hosp","quantile","0.5",506.764402677635
"06",2026-10-10,0,2026-10-10,"wk inc flu hosp","quantile","0.55",513.955073120851
"06",2026-10-10,0,2026-10-10,"wk inc flu hosp","quantile","0.6",525.824893016471
"06",2026-10-10,0,2026-10-10,"wk inc flu hosp","quantile","0.65",542.671758115685
"06",2026-10-10,0,2026-10-10,"wk inc flu hosp","quantile","0.7",557.562377710614
"06",2026-10-10,0,2026-10-10,"wk inc flu hosp","quantile","0.75",576.157368846793
"06",2026-10-10,0,2026-10-10,"wk inc flu hosp","quantile","0.8",605.563715201399
"06",2026-10-10,0,2026-10-10,"wk inc flu hosp","quantile","0.85",633.505177179873
"06",2026-10-10,0,2026-10-10,"wk inc flu hosp","quantile","0.9",663.442670224666
"06",2026-10-10,0,2026-10-10,"wk inc flu hosp","quantile","0.95",723.298275825897
"06",2026-10-10,0,2026-10-10,"wk inc flu hosp","quantile","0.975",789.959559702181
"06",2026-10-10,0,2026-10-10,"wk inc flu hosp","quantile","0.99",869.359612076066
"06",2026-10-10,1,2026-10-17,"wk inc flu hosp","quantile","0.01",250.563430308856
"06",2026-10-10,1,2026-10-17,"wk inc flu hosp","quantile","0.025",297.295106054748
"06",2026-10-10,1,2026-10-17,"wk inc flu hosp","quantile","0.05",332.278705770226
"06",2026-10-10,1,2026-10-17,"wk inc flu hosp","quantile","0.1",382.565697596249
"06",2026-10-10,1,2026-10-17,"wk inc flu hosp","quantile","0.15",417.987717739314
"06",2026-10-10,1,2026-10-17,"wk inc flu hosp","quantile","0.2",443.623340666672
"06",2026-10-10,1,2026-10-17,"wk inc flu hosp","quantile","0.25",465.065014037278
"06",2026-10-10,1,2026-10-17,"wk inc flu hosp","quantile","0.3",483.765143825172
"06",2026-10-10,1,2026-10-17,"wk inc flu hosp","quantile","0.35",494.733369439626
"06",2026-10-10,1,2026-10-17,"wk inc flu hosp","quantile","0.4",516.844579115084
"06",2026-10-10,1,2026-10-17,"wk inc flu hosp","quantile","0.45",537.725245392826
"06",2026-10-10,1,2026-10-17,"wk inc flu hosp","quantile","0.5",549.557764653252
"06",2026-10-10,1,2026-10-17,"wk inc flu hosp","quantile","0.55",565.203840078107
"06",2026-10-10,1,2026-10-17,"wk inc flu hosp","quantile","0.6",595.449711607542
"06",2026-10-10,1,2026-10-17,"wk inc flu hosp","quantile","0.65",617.357235519464
"06",2026-10-10,1,2026-10-17,"wk inc flu hosp","quantile","0.7",631.051765418515
"06",2026-10-10,1,2026-10-17,"wk inc flu hosp","quantile","0.75",659.984152556887
"06",2026-10-10,1,2026-10-17,"wk inc flu hosp","quantile","0.8",706.534321119637
"06",2026-10-10,1,2026-10-17,"wk inc flu hosp","quantile","0.85",765.706332817931
"06",2026-10-10,1,2026-10-17,"wk inc flu hosp","quantile","0.9",819.247746210257
"06",2026-10-10,1,2026-10-17,"wk inc flu hosp","quantile","0.95",917.964902244183
"06",2026-10-10,1,2026-10-17,"wk inc flu hosp","quantile","0.975",1040.56922105224
"06",2026-10-10,1,2026-10-17,"wk inc flu hosp","quantile","0.99",1109.82876846588
"06",2026-10-10,2,2026-10-24,"wk inc flu hosp","quantile","0.01",220.304315010794
"06",2026-10-10,2,2026-10-24,"wk inc flu hosp","quantile","0.025",268.499365188342
"06",2026-10-10,2,2026-10-24,"wk inc flu hosp","quantile","0.05",315.935803136458
"06",2026-10-10,2,2026-10-24,"wk inc flu hosp","quantile","0.1",373.039248315782
"06",2026-10-10,2,2026-10-24,"wk inc flu hosp","quantile","0.15",412.353602583283
"06",2026-10-10,2,2026-10-24,"wk inc flu hosp","quantile","0.2",449.115870997704
"06",2026-10-10,2,2026-10-24,"wk inc flu hosp","quantile","0.25",473.690035739656
"06",2026-10-10,2,2026-10-24,"wk inc flu hosp","quantile","0.3",496.09727427019
"06",2026-10-10,2,2026-10-24,"wk inc flu hosp","quantile","0.35",512.581213949377
"06",2026-10-10,2,2026-10-24,"wk inc flu hosp","quantile","0.4",544.716790643224
"06",2026-10-10,2,2026-10-24,"wk inc flu hosp","quantile","0.45",575.405987980147
"06",2026-10-10,2,2026-10-24,"wk inc flu hosp","quantile","0.5",589.216569671669
"06",2026-10-10,2,2026-10-24,"wk inc flu hosp","quantile","0.55",605.832849068367
"06",2026-10-10,2,2026-10-24,"wk inc flu hosp","quantile","0.6",642.938099155443
"06",2026-10-10,2,2026-10-24,"wk inc flu hosp","quantile","0.65",663.943214658343
"06",2026-10-10,2,2026-10-24,"wk inc flu hosp","quantile","0.7",695.349885601868
"06",2026-10-10,2,2026-10-24,"wk inc flu hosp","quantile","0.75",739.583899637616
"06",2026-10-10,2,2026-10-24,"wk inc flu hosp","quantile","0.8",782.659845910732
"06",2026-10-10,2,2026-10-24,"wk inc flu hosp","quantile","0.85",827.79808924133
"06",2026-10-10,2,2026-10-24,"wk inc flu hosp","quantile","0.9",920.44198879559
"06",2026-10-10,2,2026-10-24,"wk inc flu hosp","quantile","0.95",1102.28360041578
"06",2026-10-10,2,2026-10-24,"wk inc flu hosp","quantile","0.975",1270.99469036136
"06",2026-10-10,2,2026-10-24,"wk inc flu hosp","quantile","0.99",1391.19567728574
"06",2026-10-10,3,2026-10-31,"wk inc flu hosp","quantile","0.01",195.211138579922
"06",2026-10-10,3,2026-10-31,"wk inc flu hosp","quantile","0.025",247.565916139516
"06",2026-10-10,3,2026-10-31,"wk inc flu hosp","quantile","0.05",293.610318823288
"06",2026-10-10,3,2026-10-31,"wk inc flu hosp","quantile","0.1",362.526157709173
"06",2026-10-10,3,2026-10-31,"wk inc flu hosp","quantile","0.15",409.641066448035
"06",2026-10-10,3,2026-10-31,"wk inc flu hosp","quantile","0.2",444.969506857818
"06",2026-10-10,3,2026-10-31,"wk inc flu hosp","quantile","0.25",476.303973626039
"06",2026-10-10,3,2026-10-31,"wk inc flu hosp","quantile","0.3",506.140638842741
"06",2026-10-10,3,2026-10-31,"wk inc flu hosp","quantile","0.35",532.226272926654
"06",2026-10-10,3,2026-10-31,"wk inc flu hosp","quantile","0.4",567.320742952742
"06",2026-10-10,3,2026-10-31,"wk inc flu hosp","quantile","0.45",602.376767822925
"06",2026-10-10,3,2026-10-31,"wk inc flu hosp","quantile","0.5",626.29905349577
"06",2026-10-10,3,2026-10-31,"wk inc flu hosp","quantile","0.55",654.666977133985
"06",2026-10-10,3,2026-10-31,"wk inc flu hosp","quantile","0.6",686.752502419728
"06",2026-10-10,3,2026-10-31,"wk inc flu hosp","quantile","0.65",716.645735952174
"06",2026-10-10,3,2026-10-31,"wk inc flu hosp","quantile","0.7",759.52582724071
"06",2026-10-10,3,2026-10-31,"wk inc flu hosp","quantile","0.75",813.507086449816
"06",2026-10-10,3,2026-10-31,"wk inc flu hosp","quantile","0.8",865.621442572784
"06",2026-10-10,3,2026-10-31,"wk inc flu hosp","quantile","0.85",923.397533125321
"06",2026-10-10,3,2026-10-31,"wk inc flu hosp","quantile","0.9",1027.21076780315
"06",2026-10-10,3,2026-10-31,"wk inc flu hosp","quantile","0.95",1257.17101924954
"06",2026-10-10,3,2026-10-31,"wk inc flu hosp","quantile","0.975",1502.06738934661
"06",2026-10-10,3,2026-10-31,"wk inc flu hosp","quantile","0.99",1636.04585585214
"08",2026-10-10,0,2026-10-10,"wk inc flu hosp","quantile","0.01",14.4062167751317
"08",2026-10-10,0,2026-10-10,"wk inc flu hosp","quantile","0.025",18.2955941146777
"08",2026-10-10,0,2026-10-10,"wk inc flu hosp","quantile","0.05",22.017124241334
"08",2026-10-10,0,2026-10-10,"wk inc flu hosp","quantile","0.1",26.7602679140198
"08",2026-10-10,0,2026-10-10,"wk inc flu hosp","quantile","0.15",30.3852680109056
"08",2026-10-10,0,2026-10-10,"wk inc flu hosp","quantile","0.2",33.6974324470737
"08",2026-10-10,0,2026-10-10,"wk inc flu hosp","quantile","0.25",36.1864520011213
"08",2026-10-10,0,2026-10-10,"wk inc flu hosp","quantile","0.3",37.8557404226914
"08",2026-10-10,0,2026-10-10,"wk inc flu hosp","quantile","0.35",40.0850912605326
"08",2026-10-10,0,2026-10-10,"wk inc flu hosp","quantile","0.4",41.9117594839978
"08",2026-10-10,0,2026-10-10,"wk inc flu hosp","quantile","0.45",43.3756344133037
"08",2026-10-10,0,2026-10-10,"wk inc flu hosp","quantile","0.5",44.997159219541
"08",2026-10-10,0,2026-10-10,"wk inc flu hosp","quantile","0.55",46.731721578042
"08",2026-10-10,0,2026-10-10,"wk inc flu hosp","quantile","0.6",48.9345510379134
"08",2026-10-10,0,2026-10-10,"wk inc flu hosp","quantile","0.65",50.7316553595792
"08",2026-10-10,0,2026-10-10,"wk inc flu hosp","quantile","0.7",53.6857662629811
"08",2026-10-10,0,2026-10-10,"wk inc flu hosp","quantile","0.75",55.9417367609963
"08",2026-10-10,0,2026-10-10,"wk inc flu hosp","quantile","0.8",59.223976473614
"08",2026-10-10,0,2026-10-10,"wk inc flu hosp","quantile","0.85",63.4348189675523
"08",2026-10-10,0,2026-10-10,"wk inc flu hosp","quantile","0.9",68.6412054458059
"08",2026-10-10,0,2026-10-10,"wk inc flu hosp","quantile","0.95",79.711710647303
"08",2026-10-10,0,2026-10-10,"wk inc flu hosp","quantile","0.975",90.8208990870586
"08",2026-10-10,0,2026-10-10,"wk inc flu hosp","quantile","0.99",108.147281018677
"08",2026-10-10,1,2026-10-17,"wk inc flu hosp","quantile","0.01",9.73107476256821
"08",2026-10-10,1,2026-10-17,"wk inc flu hosp","quantile","0.025",13.8401557702045
"08",2026-10-10,1,2026-10-17,"wk inc flu hosp","quantile","0.05",18.6568533530224
"08",2026-10-10,1,2026-10-17,"wk inc flu hosp","quantile","0.1",24.5540070653908
"08",2026-10-10,1,2026-10-17,"wk inc flu hosp","quantile","0.15",29.7911894418596
"08",2026-10-10,1,2026-10-17,"wk inc flu hosp","quantile","0.2",34.7006869012203
"08",2026-10-10,1,2026-10-17,"wk inc flu hosp","quantile","0.25",38.5199009791145
"08",2026-10-10,1,2026-10-17,"wk inc flu hosp","quantile","0.3",41.3660504920996
"08",2026-10-10,1,2026-10-17,"wk inc flu hosp","quantile","0.35",43.7800389622216
"08",2026-10-10,1,2026-10-17,"wk inc flu hosp","quantile","0.4",47.0503244515973
"08",2026-10-10,1,2026-10-17,"wk inc flu hosp","quantile","0.45",49.4303753686425
"08",2026-10-10,1,2026-10-17,"wk inc flu hosp","quantile","0.5",51.679000241456
"08",2026-10-10,1,2026-10-17,"wk inc flu hosp","quantile","0.55",54.7379261819279
"08",2026-10-10,1,2026-10-17,"wk inc flu hosp","quantile","0.6",58.058665130605
"08",2026-10-10,1,2026-10-17,"wk inc flu hosp","quantile","0.65",61.3200227532876
"08",2026-10-10,1,2026-10-17,"wk inc flu hosp","quantile","0.7",65.5366536438096
"08",2026-10-10,1,2026-10-17,"wk inc flu hosp","quantile","0.75",70.6313082313708
"08",2026-10-10,1,2026-10-17,"wk inc flu hosp","quantile","0.8",76.6050069031828
"08",2026-10-10,1,2026-10-17,"wk inc flu hosp","quantile","0.85",83.5572399914184
"08",2026-10-10,1,2026-10-17,"wk inc flu hosp","quantile","0.9",91.9164757556953
"08",2026-10-10,1,2026-10-17,"wk inc flu hosp","quantile","0.95",107.081818372046
"08",2026-10-10,1,2026-10-17,"wk inc flu hosp","quantile","0.975",129.491988650135
"08",2026-10-10,1,2026-10-17,"wk inc flu hosp","quantile","0.99",149.724829106335
"08",2026-10-10,2,2026-10-24,"wk inc flu hosp","quantile","0.01",7.32962966566096
"08",2026-10-10,2,2026-10-24,"wk inc flu hosp","quantile","0.025",11.5299426319523
"08",2026-10-10,2,2026-10-24,"wk inc flu hosp","quantile","0.05",16.7324422760238
"08",2026-10-10,2,2026-10-24,"wk inc flu hosp","quantile","0.1",23.4493963229241
"08",2026-10-10,2,2026-10-24,"wk inc flu hosp","quantile","0.15",29.9092886449985
"08",2026-10-10,2,2026-10-24,"wk inc flu hosp","quantile","0.2",35.9990733507935
"08",2026-10-10,2,2026-10-24,"wk inc flu hosp","quantile","0.25",40.6645184240888
"08",2026-10-10,2,2026-10-24,"wk inc flu hosp","quantile","0.3",44.5647921701102
"08",2026-10-10,2,2026-10-24,"wk inc flu hosp","quantile","0.35",47.5576184963433
"08",2026-10-10,2,2026-10-24,"wk inc flu hosp","quantile","0.4",52.2917094432454
"08",2026-10-10,2,2026-10-24,"wk inc flu hosp","quantile","0.45",55.6861806039624
"08",2026-10-10,2,2026-10-24,"wk inc flu hosp","quantile","0.5",60.2310860344627
"08",2026-10-10,2,2026-10-24,"wk inc flu hosp","quantile","0.55",63.8926990791742
"08",2026-10-10,2,2026-10-24,"wk inc flu hosp","quantile","0.6",67.6928425208451
"08",2026-10-10,2,2026-10-24,"wk inc flu hosp","quantile","0.65",72.4634110081335
"08",2026-10-10,2,2026-10-24,"wk inc flu hosp","quantile","0.7",77.090815551148
"08",2026-10-10,2,2026-10-24,"wk inc flu hosp","quantile","0.75",83.8321861970172
"08",2026-10-10,2,2026-10-24,"wk inc flu hosp","quantile","0.8",91.9292424574537
"08",2026-10-10,2,2026-10-24,"wk inc flu hosp","quantile","0.85",100.77634230034
"08",2026-10-10,2,2026-10-24,"wk inc flu hosp","quantile","0.9",114.824918216653
"08",2026-10-10,2,2026-10-24,"wk inc flu hosp","quantile","0.95",141.432908151922
"08",2026-10-10,2,2026-10-24,"wk inc flu hosp","quantile","0.975",174.991832398318
"08",2026-10-10,2,2026-10-24,"wk inc flu hosp","quantile","0.99",198.291575484219
"08",2026-10-10,3,2026-10-31,"wk inc flu hosp","quantile","0.01",6.71804995979701
"08",2026-10-10,3,2026-10-31,"wk inc flu hosp","quantile","0.025",9.15481264709568
"08",2026-10-10,3,2026-10-31,"wk inc flu hosp","quantile","0.05",15.7731120000381
"08",2026-10-10,3,2026-10-31,"wk inc flu hosp","quantile","0.1",23.2616594125319
"08",2026-10-10,3,2026-10-31,"wk inc flu hosp","quantile","0.15",30.042167620362
"08",2026-10-10,3,2026-10-31,"wk inc flu hosp","quantile","0.2",36.9988758167141
"08",2026-10-10,3,2026-10-31,"wk inc flu hosp","quantile","0.25",42.5630993576303
"08",2026-10-10,3,2026-10-31,"wk inc flu hosp","quantile","0.3",46.9730849561187
"08",2026-10-10,3,2026-10-31,"wk inc flu hosp","quantile","0.35",51.86341801352
"08",2026-10-10,3,2026-10-31,"wk inc flu hosp","quantile","0.4",57.2703092901925
"08",2026-10-10,3,2026-10-31,"wk inc flu hosp","quantile","0.45",62.7705932455724
"08",2026-10-10,3,2026-10-31,"wk inc flu hosp","quantile","0.5",68.3603187085483
"08",2026-10-10,3,2026-10-31,"wk inc flu hosp","quantile","0.55",74.8235273688571
"08",2026-10-10,3,2026-10-31,"wk inc flu hosp","quantile","0.6",80.4956435536016
"08",2026-10-10,3,2026-10-31,"wk inc flu hosp","quantile","0.65",86.5145290714388
"08",2026-10-10,3,2026-10-31,"wk inc flu hosp","quantile","0.7",93.6771005196476
"08",2026-10-10,3,2026-10-31,"wk inc flu hosp","quantile","0.75",101.843590434585
"08",2026-10-10,3,2026-10-31,"wk inc flu hosp","quantile","0.8",109.717713237227
"08",2026-10-10,3,2026-10-31,"wk inc flu hosp","quantile","0.85",122.815394232767
"08",2026-10-10,3,2026-10-31,"wk inc flu hosp","quantile","0.9",143.351438641529
"08",2026-10-10,3,2026-10-31,"wk inc flu hosp","quantile","0.95",178.986325190426
"08",2026-10-10,3,2026-10-31,"wk inc flu hosp","quantile","0.975",221.182806328146
"08",2026-10-10,3,2026-10-31,"wk inc flu hosp","quantile","0.99",262.936423660993
"09",2026-10-10,0,2026-10-10,"wk inc flu hosp","quantile","0.01",5.91330915946139
"09",2026-10-10,0,2026-10-10,"wk inc flu hosp","quantile","0.025",7.77054318829907
"09",2026-10-10,0,2026-10-10,"wk inc flu hosp","quantile","0.05",9.3495624584478
"09",2026-10-10,0,2026-10-10,"wk inc flu hosp","quantile","0.1",11.8466032077417
"09",2026-10-10,0,2026-10-10,"wk inc flu hosp","quantile","0.15",13.7536002146487
"09",2026-10-10,0,2026-10-10,"wk inc flu hosp","quantile","0.2",15.6346350705998
"09",2026-10-10,0,2026-10-10,"wk inc flu hosp","quantile","0.25",17.6871122592019
"09",2026-10-10,0,2026-10-10,"wk inc flu hosp","quantile","0.3",19.0224705663844
"09",2026-10-10,0,2026-10-10,"wk inc flu hosp","quantile","0.35",20.5137519898017
"09",2026-10-10,0,2026-10-10,"wk inc flu hosp","quantile","0.4",21.5251755780057
"09",2026-10-10,0,2026-10-10,"wk inc flu hosp","quantile","0.45",22.374205741922
"09",2026-10-10,0,2026-10-10,"wk inc flu hosp","quantile","0.5",23.6386926603772
"09",2026-10-10,0,2026-10-10,"wk inc flu hosp","quantile","0.55",24.6268788487517
"09",2026-10-10,0,2026-10-10,"wk inc flu hosp","quantile","0.6",25.9425066157671
"09",2026-10-10,0,2026-10-10,"wk inc flu hosp","quantile","0.65",27.2141694471078
"09",2026-10-10,0,2026-10-10,"wk inc flu hosp","quantile","0.7",28.9943320183795
"09",2026-10-10,0,2026-10-10,"wk inc flu hosp","quantile","0.75",30.8015319001289
"09",2026-10-10,0,2026-10-10,"wk inc flu hosp","quantile","0.8",32.8677306639183
"09",2026-10-10,0,2026-10-10,"wk inc flu hosp","quantile","0.85",35.3597697610878
"09",2026-10-10,0,2026-10-10,"wk inc flu hosp","quantile","0.9",38.557821347438
"09",2026-10-10,0,2026-10-10,"wk inc flu hosp","quantile","0.95",45.6104995992289
"09",2026-10-10,0,2026-10-10,"wk inc flu hosp","quantile","0.975",52.7351214290544
"09",2026-10-10,0,2026-10-10,"wk inc flu hosp","quantile","0.99",62.5018226913074
"09",2026-10-10,1,2026-10-17,"wk inc flu hosp","quantile","0.01",3.53664704189772
"09",2026-10-10,1,2026-10-17,"wk inc flu hosp","quantile","0.025",5.69678066821823
"09",2026-10-10,1,2026-10-17,"wk inc flu hosp","quantile","0.05",7.67502299885733
"09",2026-10-10,1,2026-10-17,"wk inc flu hosp","quantile","0.1",11.0525297874573
"09",2026-10-10,1,2026-10-17,"wk inc flu hosp","quantile","0.15",13.4493214698994
"09",2026-10-10,1,2026-10-17,"wk inc flu hosp","quantile","0.2",15.9638365969004
"09",2026-10-10,1,2026-10-17,"wk inc flu hosp","quantile","0.25",18.6845470680626
"09",2026-10-10,1,2026-10-17,"wk inc flu hosp","quantile","0.3",20.8137696534335
"09",2026-10-10,1,2026-10-17,"wk inc flu hosp","quantile","0.35",22.8061397848005
"09",2026-10-10,1,2026-10-17,"wk inc flu hosp","quantile","0.4",24.2517608999643
"09",2026-10-10,1,2026-10-17,"wk inc flu hosp","quantile","0.45",25.9114443722302
"09",2026-10-10,1,2026-10-17,"wk inc flu hosp","quantile","0.5",27.7801603044536
"09",2026-10-10,1,2026-10-17,"wk inc flu hosp","quantile","0.55",29.7737499024767
"09",2026-10-10,1,2026-10-17,"wk inc flu hosp","quantile","0.6",31.759566824576
"09",2026-10-10,1,2026-10-17,"wk inc flu hosp","quantile","0.65",34.0920363673607
"09",2026-10-10,1,2026-10-17,"wk inc flu hosp","quantile","0.7",36.8596951234305
"09",2026-10-10,1,2026-10-17,"wk inc flu hosp","quantile","0.75",39.903792487053
"09",2026-10-10,1,2026-10-17,"wk inc flu hosp","quantile","0.8",43.3206516553048
"09",2026-10-10,1,2026-10-17,"wk inc flu hosp","quantile","0.85",47.7810704644102
"09",2026-10-10,1,2026-10-17,"wk inc flu hosp","quantile","0.9",54.5427827620711
"09",2026-10-10,1,2026-10-17,"wk inc flu hosp","quantile","0.95",64.2499549974278
"09",2026-10-10,1,2026-10-17,"wk inc flu hosp","quantile","0.975",78.1338491299056
"09",2026-10-10,1,2026-10-17,"wk inc flu hosp","quantile","0.99",94.7519618299012
"09",2026-10-10,2,2026-10-24,"wk inc flu hosp","quantile","0.01",3.47918824743895
"09",2026-10-10,2,2026-10-24,"wk inc flu hosp","quantile","0.025",4.3427359773164
"09",2026-10-10,2,2026-10-24,"wk inc flu hosp","quantile","0.05",6.90909080362132
"09",2026-10-10,2,2026-10-24,"wk inc flu hosp","quantile","0.1",10.7223244867573
"09",2026-10-10,2,2026-10-24,"wk inc flu hosp","quantile","0.15",13.4171856618036
"09",2026-10-10,2,2026-10-24,"wk inc flu hosp","quantile","0.2",16.4371603608837
"09",2026-10-10,2,2026-10-24,"wk inc flu hosp","quantile","0.25",19.6143577521663
"09",2026-10-10,2,2026-10-24,"wk inc flu hosp","quantile","0.3",22.422200245107
"09",2026-10-10,2,2026-10-24,"wk inc flu hosp","quantile","0.35",25.1558385010444
"09",2026-10-10,2,2026-10-24,"wk inc flu hosp","quantile","0.4",27.4708265094385
"09",2026-10-10,2,2026-10-24,"wk inc flu hosp","quantile","0.45",29.65125719055
"09",2026-10-10,2,2026-10-24,"wk inc flu hosp","quantile","0.5",32.1279641264089
"09",2026-10-10,2,2026-10-24,"wk inc flu hosp","quantile","0.55",34.9709377037275
"09",2026-10-10,2,2026-10-24,"wk inc flu hosp","quantile","0.6",37.68393246957
"09",2026-10-10,2,2026-10-24,"wk inc flu hosp","quantile","0.65",40.6206311034249
"09",2026-10-10,2,2026-10-24,"wk inc flu hosp","quantile","0.7",44.5247362106502
"09",2026-10-10,2,2026-10-24,"wk inc flu hosp","quantile","0.75",48.9477049319244
"09",2026-10-10,2,2026-10-24,"wk inc flu hosp","quantile","0.8",54.8100302485045
"09",2026-10-10,2,2026-10-24,"wk inc flu hosp","quantile","0.85",62.5267377093739
"09",2026-10-10,2,2026-10-24,"wk inc flu hosp","quantile","0.9",72.4556282031355
"09",2026-10-10,2,2026-10-24,"wk inc flu hosp","quantile","0.95",91.6278019000041
"09",2026-10-10,2,2026-10-24,"wk inc flu hosp","quantile","0.975",107.700945710505
"09",2026-10-10,2,2026-10-24,"wk inc flu hosp","quantile","0.99",131.006766267822
"09",2026-10-10,3,2026-10-31,"wk inc flu hosp","quantile","0.01",3.49186317638057
"09",2026-10-10,3,2026-10-31,"wk inc flu hosp","quantile","0.025",3.86685513850547
"09",2026-10-10,3,2026-10-31,"wk inc flu hosp","quantile","0.05",5.49528155779476
"09",2026-10-10,3,2026-10-31,"wk inc flu hosp","quantile","0.1",9.55652622285471
"09",2026-10-10,3,2026-10-31,"wk inc flu hosp","quantile","0.15",13.0996729952658
"09",2026-10-10,3,2026-10-31,"wk inc flu hosp","quantile","0.2",17.2346525876633
"09",2026-10-10,3,2026-10-31,"wk inc flu hosp","quantile","0.25",21.3019197955278
"09",2026-10-10,3,2026-10-31,"wk inc flu hosp","quantile","0.3",24.4323048297066
"09",2026-10-10,3,2026-10-31,"wk inc flu hosp","quantile","0.35",27.3784176899336
"09",2026-10-10,3,2026-10-31,"wk inc flu hosp","quantile","0.4",30.1670522332437
"09",2026-10-10,3,2026-10-31,"wk inc flu hosp","quantile","0.45",33.7970339281761
"09",2026-10-10,3,2026-10-31,"wk inc flu hosp","quantile","0.5",36.6741566285098
"09",2026-10-10,3,2026-10-31,"wk inc flu hosp","quantile","0.55",40.975495375601
"09",2026-10-10,3,2026-10-31,"wk inc flu hosp","quantile","0.6",44.5726925424108
"09",2026-10-10,3,2026-10-31,"wk inc flu hosp","quantile","0.65",49.4636388263564
"09",2026-10-10,3,2026-10-31,"wk inc flu hosp","quantile","0.7",54.9147520159348
"09",2026-10-10,3,2026-10-31,"wk inc flu hosp","quantile","0.75",61.573507067771
"09",2026-10-10,3,2026-10-31,"wk inc flu hosp","quantile","0.8",68.3623891231314
"09",2026-10-10,3,2026-10-31,"wk inc flu hosp","quantile","0.85",77.4030387338383
"09",2026-10-10,3,2026-10-31,"wk inc flu hosp","quantile","0.9",91.3870720172008
"09",2026-10-10,3,2026-10-31,"wk inc flu hosp","quantile","0.95",117.724555305444
"09",2026-10-10,3,2026-10-31,"wk inc flu hosp","quantile","0.975",145.154532696018
"09",2026-10-10,3,2026-10-31,"wk inc flu hosp","quantile","0.99",174.50968568509
"10",2026-10-10,0,2026-10-10,"wk inc flu hosp","quantile","0.01",0.886102676733656
"10",2026-10-10,0,2026-10-10,"wk inc flu hosp","quantile","0.025",1.52061342675362
"10",2026-10-10,0,2026-10-10,"wk inc flu hosp","quantile","0.05",2.17105689572227
"10",2026-10-10,0,2026-10-10,"wk inc flu hosp","quantile","0.1",3.46941691232028
"10",2026-10-10,0,2026-10-10,"wk inc flu hosp","quantile","0.15",4.41773594900737
"10",2026-10-10,0,2026-10-10,"wk inc flu hosp","quantile","0.2",5.25990020361378
"10",2026-10-10,0,2026-10-10,"wk inc flu hosp","quantile","0.25",6.04001604540944
"10",2026-10-10,0,2026-10-10,"wk inc flu hosp","quantile","0.3",6.84397741325358
"10",2026-10-10,0,2026-10-10,"wk inc flu hosp","quantile","0.35",7.72110954386814
"10",2026-10-10,0,2026-10-10,"wk inc flu hosp","quantile","0.4",8.52898403735161
"10",2026-10-10,0,2026-10-10,"wk inc flu hosp","quantile","0.45",9.30420500927881
"10",2026-10-10,0,2026-10-10,"wk inc flu hosp","quantile","0.5",10.1299076374375
"10",2026-10-10,0,2026-10-10,"wk inc flu hosp","quantile","0.55",10.9680893395388
"10",2026-10-10,0,2026-10-10,"wk inc flu hosp","quantile","0.6",11.7565094607464
"10",2026-10-10,0,2026-10-10,"wk inc flu hosp","quantile","0.65",12.5731345403531
"10",2026-10-10,0,2026-10-10,"wk inc flu hosp","quantile","0.7",13.4204878988386
"10",2026-10-10,0,2026-10-10,"wk inc flu hosp","quantile","0.75",14.5347028936636
"10",2026-10-10,0,2026-10-10,"wk inc flu hosp","quantile","0.8",15.9472426011669
"10",2026-10-10,0,2026-10-10,"wk inc flu hosp","quantile","0.85",17.3689554348185
"10",2026-10-10,0,2026-10-10,"wk inc flu hosp","quantile","0.9",19.2234453862708
"10",2026-10-10,0,2026-10-10,"wk inc flu hosp","quantile","0.95",23.1905595001573
"10",2026-10-10,0,2026-10-10,"wk inc flu hosp","quantile","0.975",27.1290759848528
"10",2026-10-10,0,2026-10-10,"wk inc flu hosp","quantile","0.99",34.2257373286539
"10",2026-10-10,1,2026-10-17,"wk inc flu hosp","quantile","0.01",0
"10",2026-10-10,1,2026-10-17,"wk inc flu hosp","quantile","0.025",0.600093081761175
"10",2026-10-10,1,2026-10-17,"wk inc flu hosp","quantile","0.05",1.29756126514397
"10",2026-10-10,1,2026-10-17,"wk inc flu hosp","quantile","0.1",2.90906999335805
"10",2026-10-10,1,2026-10-17,"wk inc flu hosp","quantile","0.15",4.22856622615847
"10",2026-10-10,1,2026-10-17,"wk inc flu hosp","quantile","0.2",5.37985059857555
"10",2026-10-10,1,2026-10-17,"wk inc flu hosp","quantile","0.25",6.50445736602794
"10",2026-10-10,1,2026-10-17,"wk inc flu hosp","quantile","0.3",7.64750584209848
"10",2026-10-10,1,2026-10-17,"wk inc flu hosp","quantile","0.35",8.81200751487146
"10",2026-10-10,1,2026-10-17,"wk inc flu hosp","quantile","0.4",9.8392324230236
"10",2026-10-10,1,2026-10-17,"wk inc flu hosp","quantile","0.45",11.0922869819554
"10",2026-10-10,1,2026-10-17,"wk inc flu hosp","quantile","0.5",12.3656988346166
"10",2026-10-10,1,2026-10-17,"wk inc flu hosp","quantile","0.55",13.7636471963005
"10",2026-10-10,1,2026-10-17,"wk inc flu hosp","quantile","0.6",14.8932135876393
"10",2026-10-10,1,2026-10-17,"wk inc flu hosp","quantile","0.65",16.3762318433778
"10",2026-10-10,1,2026-10-17,"wk inc flu hosp","quantile","0.7",17.6800011050885
"10",2026-10-10,1,2026-10-17,"wk inc flu hosp","quantile","0.75",19.7083404211693
"10",2026-10-10,1,2026-10-17,"wk inc flu hosp","quantile","0.8",21.9357492191631
"10",2026-10-10,1,2026-10-17,"wk inc flu hosp","quantile","0.85",24.4158394166618
"10",2026-10-10,1,2026-10-17,"wk inc flu hosp","quantile","0.9",27.8799402678373
"10",2026-10-10,1,2026-10-17,"wk inc flu hosp","quantile","0.95",34.7796768231848
"10",2026-10-10,1,2026-10-17,"wk inc flu hosp","quantile","0.975",43.8448828971351
"10",2026-10-10,1,2026-10-17,"wk inc flu hosp","quantile","0.99",56.6720847521291
"10",2026-10-10,2,2026-10-24,"wk inc flu hosp","quantile","0.01",0
"10",2026-10-10,2,2026-10-24,"wk inc flu hosp","quantile","0.025",0
"10",2026-10-10,2,2026-10-24,"wk inc flu hosp","quantile","0.05",0.500117145320224
"10",2026-10-10,2,2026-10-24,"wk inc flu hosp","quantile","0.1",2.40633975316
"10",2026-10-10,2,2026-10-24,"wk inc flu hosp","quantile","0.15",3.7957942216477
"10",2026-10-10,2,2026-10-24,"wk inc flu hosp","quantile","0.2",5.04247669799266
"10",2026-10-10,2,2026-10-24,"wk inc flu hosp","quantile","0.25",6.37660786029185
"10",2026-10-10,2,2026-10-24,"wk inc flu hosp","quantile","0.3",7.82568496263762
"10",2026-10-10,2,2026-10-24,"wk inc flu hosp","quantile","0.35",9.36516385485572
"10",2026-10-10,2,2026-10-24,"wk inc flu hosp","quantile","0.4",10.9114567382637
"10",2026-10-10,2,2026-10-24,"wk inc flu hosp","quantile","0.45",12.7184929675346
"10",2026-10-10,2,2026-10-24,"wk inc flu hosp","quantile","0.5",14.4231829283305
"10",2026-10-10,2,2026-10-24,"wk inc flu hosp","quantile","0.55",15.8790130849665
"10",2026-10-10,2,2026-10-24,"wk inc flu hosp","quantile","0.6",17.7588158424271
"10",2026-10-10,2,2026-10-24,"wk inc flu hosp","quantile","0.65",19.3742550022306
"10",2026-10-10,2,2026-10-24,"wk inc flu hosp","quantile","0.7",21.9007395990176
"10",2026-10-10,2,2026-10-24,"wk inc flu hosp","quantile","0.75",24.6276128687893
"10",2026-10-10,2,2026-10-24,"wk inc flu hosp","quantile","0.8",27.7361170563423
"10",2026-10-10,2,2026-10-24,"wk inc flu hosp","quantile","0.85",32.1575842079555
"10",2026-10-10,2,2026-10-24,"wk inc flu hosp","quantile","0.9",37.6124124803874
"10",2026-10-10,2,2026-10-24,"wk inc flu hosp","quantile","0.95",48.3899963252283
"10",2026-10-10,2,2026-10-24,"wk inc flu hosp","quantile","0.975",61.7113025719796
"10",2026-10-10,2,2026-10-24,"wk inc flu hosp","quantile","0.99",75.4429955222049
"10",2026-10-10,3,2026-10-31,"wk inc flu hosp","quantile","0.01",0
"10",2026-10-10,3,2026-10-31,"wk inc flu hosp","quantile","0.025",0
"10",2026-10-10,3,2026-10-31,"wk inc flu hosp","quantile","0.05",0.0333350386868036
"10",2026-10-10,3,2026-10-31,"wk inc flu hosp","quantile","0.1",2.06012842958706
"10",2026-10-10,3,2026-10-31,"wk inc flu hosp","quantile","0.15",3.6060072180645
"10",2026-10-10,3,2026-10-31,"wk inc flu hosp","quantile","0.2",5.09261499302188
"10",2026-10-10,3,2026-10-31,"wk inc flu hosp","quantile","0.25",6.62005453158889
"10",2026-10-10,3,2026-10-31,"wk inc flu hosp","quantile","0.3",8.19248645496478
"10",2026-10-10,3,2026-10-31,"wk inc flu hosp","quantile","0.35",9.93111569645115
"10",2026-10-10,3,2026-10-31,"wk inc flu hosp","quantile","0.4",12.0019186053935
"10",2026-10-10,3,2026-10-31,"wk inc flu hosp","quantile","0.45",14.0732524327806
"10",2026-10-10,3,2026-10-31,"wk inc flu hosp","quantile","0.5",16.5550537543561
"10",2026-10-10,3,2026-10-31,"wk inc flu hosp","quantile","0.55",18.9200943852935
"10",2026-10-10,3,2026-10-31,"wk inc flu hosp","quantile","0.6",21.1650358411975
"10",2026-10-10,3,2026-10-31,"wk inc flu hosp","quantile","0.65",23.8575092920859
"10",2026-10-10,3,2026-10-31,"wk inc flu hosp","quantile","0.7",26.9312921750956
"10",2026-10-10,3,2026-10-31,"wk inc flu hosp","quantile","0.75",30.7780485823307
"10",2026-10-10,3,2026-10-31,"wk inc flu hosp","quantile","0.8",34.6278726093234
"10",2026-10-10,3,2026-10-31,"wk inc flu hosp","quantile","0.85",40.8744665365881
"10",2026-10-10,3,2026-10-31,"wk inc flu hosp","quantile","0.9",47.9309916820002
"10",2026-10-10,3,2026-10-31,"wk inc flu hosp","quantile","0.95",64.6876936354514
"10",2026-10-10,3,2026-10-31,"wk inc flu hosp","quantile","0.975",81.9745023875099
"10",2026-10-10,3,2026-10-31,"wk inc flu hosp","quantile","0.99",100.513789600624
"11",2026-10-10,0,2026-10-10,"wk inc flu hosp","quantile","0.01",0
"11",2026-10-10,0,2026-10-10,"wk inc flu hosp","quantile","0.025",0.0652601364911259
"11",2026-10-10,0,2026-10-10,"wk inc flu hosp","quantile","0.05",0.228103640272991
"11",2026-10-10,0,2026-10-10,"wk inc flu hosp","quantile","0.1",0.325201917305657
"11",2026-10-10,0,2026-10-10,"wk inc flu hosp","quantile","0.15",0.429116020320408
"11",2026-10-10,0,2026-10-10,"wk inc flu hosp","quantile","0.2",0.72560643874675
"11",2026-10-10,0,2026-10-10,"wk inc flu hosp","quantile","0.25",1.00146613214328
"11",2026-10-10,0,2026-10-10,"wk inc flu hosp","quantile","0.3",1.26352732937284
"11",2026-10-10,0,2026-10-10,"wk inc flu hosp","quantile","0.35",1.52703303027509
"11",2026-10-10,0,2026-10-10,"wk inc flu hosp","quantile","0.4",1.81326515150012
"11",2026-10-10,0,2026-10-10,"wk inc flu hosp","quantile","0.45",2.07593999732248
"11",2026-10-10,0,2026-10-10,"wk inc flu hosp","quantile","0.5",2.33920811607
"11",2026-10-10,0,2026-10-10,"wk inc flu hosp","quantile","0.55",2.59087132515259
"11",2026-10-10,0,2026-10-10,"wk inc flu hosp","quantile","0.6",2.92371996263331
"11",2026-10-10,0,2026-10-10,"wk inc flu hosp","quantile","0.65",3.19436653675915
"11",2026-10-10,0,2026-10-10,"wk inc flu hosp","quantile","0.7",3.53577320002357
"11",2026-10-10,0,2026-10-10,"wk inc flu hosp","quantile","0.75",3.98549503842172
"11",2026-10-10,0,2026-10-10,"wk inc flu hosp","quantile","0.8",4.46248355004794
"11",2026-10-10,0,2026-10-10,"wk inc flu hosp","quantile","0.85",5.03694795860514
"11",2026-10-10,0,2026-10-10,"wk inc flu hosp","quantile","0.9",5.83601085040038
"11",2026-10-10,0,2026-10-10,"wk inc flu hosp","quantile","0.95",7.65072894420047
"11",2026-10-10,0,2026-10-10,"wk inc flu hosp","quantile","0.975",9.63747427026573
"11",2026-10-10,0,2026-10-10,"wk inc flu hosp","quantile","0.99",12.4881001870927
"11",2026-10-10,1,2026-10-17,"wk inc flu hosp","quantile","0.01",0
"11",2026-10-10,1,2026-10-17,"wk inc flu hosp","quantile","0.025",0.0569242994227791
"11",2026-10-10,1,2026-10-17,"wk inc flu hosp","quantile","0.05",0.238140164608328
"11",2026-10-10,1,2026-10-17,"wk inc flu hosp","quantile","0.1",0.330237727045631
"11",2026-10-10,1,2026-10-17,"wk inc flu hosp","quantile","0.15",0.401231055588947
"11",2026-10-10,1,2026-10-17,"wk inc flu hosp","quantile","0.2",0.523765872576158
"11",2026-10-10,1,2026-10-17,"wk inc flu hosp","quantile","0.25",0.786649854820958
"11",2026-10-10,1,2026-10-17,"wk inc flu hosp","quantile","0.3",1.10962065457468
"11",2026-10-10,1,2026-10-17,"wk inc flu hosp","quantile","0.35",1.43596515797582
"11",2026-10-10,1,2026-10-17,"wk inc flu hosp","quantile","0.4",1.81287023962998
"11",2026-10-10,1,2026-10-17,"wk inc flu hosp","quantile","0.45",2.18973500907919
"11",2026-10-10,1,2026-10-17,"wk inc flu hosp","quantile","0.5",2.55349779984123
"11",2026-10-10,1,2026-10-17,"wk inc flu hosp","quantile","0.55",2.90969867483462
"11",2026-10-10,1,2026-10-17,"wk inc flu hosp","quantile","0.6",3.40812026802561
"11",2026-10-10,1,2026-10-17,"wk inc flu hosp","quantile","0.65",3.96271257683811
"11",2026-10-10,1,2026-10-17,"wk inc flu hosp","quantile","0.7",4.53563972179867
"11",2026-10-10,1,2026-10-17,"wk inc flu hosp","quantile","0.75",5.22206826054113
"11",2026-10-10,1,2026-10-17,"wk inc flu hosp","quantile","0.8",6.06402450051784
"11",2026-10-10,1,2026-10-17,"wk inc flu hosp","quantile","0.85",6.97890326607048
"11",2026-10-10,1,2026-10-17,"wk inc flu hosp","quantile","0.9",8.48952908062165
"11",2026-10-10,1,2026-10-17,"wk inc flu hosp","quantile","0.95",11.8880545325119
"11",2026-10-10,1,2026-10-17,"wk inc flu hosp","quantile","0.975",15.1902229357047
"11",2026-10-10,1,2026-10-17,"wk inc flu hosp","quantile","0.99",20.8185274103241
"11",2026-10-10,2,2026-10-24,"wk inc flu hosp","quantile","0.01",0
"11",2026-10-10,2,2026-10-24,"wk inc flu hosp","quantile","0.025",0.0569242994227791
"11",2026-10-10,2,2026-10-24,"wk inc flu hosp","quantile","0.05",0.24263152095288
"11",2026-10-10,2,2026-10-24,"wk inc flu hosp","quantile","0.1",0.350906050722487
"11",2026-10-10,2,2026-10-24,"wk inc flu hosp","quantile","0.15",0.426450519803874
"11",2026-10-10,2,2026-10-24,"wk inc flu hosp","quantile","0.2",0.546332098290754
"11",2026-10-10,2,2026-10-24,"wk inc flu hosp","quantile","0.25",0.679223539861955
"11",2026-10-10,2,2026-10-24,"wk inc flu hosp","quantile","0.3",1.03731334340208
"11",2026-10-10,2,2026-10-24,"wk inc flu hosp","quantile","0.35",1.4973151171358
"11",2026-10-10,2,2026-10-24,"wk inc flu hosp","quantile","0.4",1.98270408548124
"11",2026-10-10,2,2026-10-24,"wk inc flu hosp","quantile","0.45",2.46537285220165
"11",2026-10-10,2,2026-10-24,"wk inc flu hosp","quantile","0.5",3.02175012186356
"11",2026-10-10,2,2026-10-24,"wk inc flu hosp","quantile","0.55",3.52805655475432
"11",2026-10-10,2,2026-10-24,"wk inc flu hosp","quantile","0.6",4.23385790207558
"11",2026-10-10,2,2026-10-24,"wk inc flu hosp","quantile","0.65",4.92144350975609
"11",2026-10-10,2,2026-10-24,"wk inc flu hosp","quantile","0.7",6.0425560234672
"11",2026-10-10,2,2026-10-24,"wk inc flu hosp","quantile","0.75",7.13726129872477
"11",2026-10-10,2,2026-10-24,"wk inc flu hosp","quantile","0.8",8.39334152699245
"11",2026-10-10,2,2026-10-24,"wk inc flu hosp","quantile","0.85",10.2030315090545
"11",2026-10-10,2,2026-10-24,"wk inc flu hosp","quantile","0.9",12.460079000538
"11",2026-10-10,2,2026-10-24,"wk inc flu hosp","quantile","0.95",17.4457290686601
"11",2026-10-10,2,2026-10-24,"wk inc flu hosp","quantile","0.975",22.3448486661579
"11",2026-10-10,2,2026-10-24,"wk inc flu hosp","quantile","0.99",29.9237415373863
"11",2026-10-10,3,2026-10-31,"wk inc flu hosp","quantile","0.01",0
"11",2026-10-10,3,2026-10-31,"wk inc flu hosp","quantile","0.025",0.0569242994227791
"11",2026-10-10,3,2026-10-31,"wk inc flu hosp","quantile","0.05",0.246589967669367
"11",2026-10-10,3,2026-10-31,"wk inc flu hosp","quantile","0.1",0.368202417016487
"11",2026-10-10,3,2026-10-31,"wk inc flu hosp","quantile","0.15",0.458253678079215
"11",2026-10-10,3,2026-10-31,"wk inc flu hosp","quantile","0.2",0.591634635781328
"11",2026-10-10,3,2026-10-31,"wk inc flu hosp","quantile","0.25",0.721878519685513
"11",2026-10-10,3,2026-10-31,"wk inc flu hosp","quantile","0.3",1.13465240858198
"11",2026-10-10,3,2026-10-31,"wk inc flu hosp","quantile","0.35",1.66579594583622
"11",2026-10-10,3,2026-10-31,"wk inc flu hosp","quantile","0.4",2.20889076764451
"11",2026-10-10,3,2026-10-31,"wk inc flu hosp","quantile","0.45",2.82385619225871
"11",2026-10-10,3,2026-10-31,"wk inc flu hosp","quantile","0.5",3.41723390117905
"11",2026-10-10,3,2026-10-31,"wk inc flu hosp","quantile","0.55",4.29335918838325
"11",2026-10-10,3,2026-10-31,"wk inc flu hosp","quantile","0.6",5.17117669928377
"11",2026-10-10,3,2026-10-31,"wk inc flu hosp","quantile","0.65",6.22442455621183
"11",2026-10-10,3,2026-10-31,"wk inc flu hosp","quantile","0.7",7.22410807004244
"11",2026-10-10,3,2026-10-31,"wk inc flu hosp","quantile","0.75",9.12351589105626
"11",2026-10-10,3,2026-10-31,"wk inc flu hosp","quantile","0.8",11.3320387775401
"11",2026-10-10,3,2026-10-31,"wk inc flu hosp","quantile","0.85",13.770331786829
"11",2026-10-10,3,2026-10-31,"wk inc flu hosp","quantile","0.9",17.3301417954347
"11",2026-10-10,3,2026-10-31,"wk inc flu hosp","quantile","0.95",24.0098980977486
"11",2026-10-10,3,2026-10-31,"wk inc flu hosp","quantile","0.975",31.9176556110933
"11",2026-10-10,3,2026-10-31,"wk inc flu hosp","quantile","0.99",46.1174250880345
"12",2026-10-10,0,2026-10-10,"wk inc flu hosp","quantile","0.01",391.130250652675
"12",2026-10-10,0,2026-10-10,"wk inc flu hosp","quantile","0.025",422.584286415837
"12",2026-10-10,0,2026-10-10,"wk inc flu hosp","quantile","0.05",456.634047117999
"12",2026-10-10,0,2026-10-10,"wk inc flu hosp","quantile","0.1",508.052128289465
"12",2026-10-10,0,2026-10-10,"wk inc flu hosp","quantile","0.15",536.048024209658
"12",2026-10-10,0,2026-10-10,"wk inc flu hosp","quantile","0.2",552.776079078313
"12",2026-10-10,0,2026-10-10,"wk inc flu hosp","quantile","0.25",566.363055529355
"12",2026-10-10,0,2026-10-10,"wk inc flu hosp","quantile","0.3",575.460896395947
"12",2026-10-10,0,2026-10-10,"wk inc flu hosp","quantile","0.35",586.588725273834
"12",2026-10-10,0,2026-10-10,"wk inc flu hosp","quantile","0.4",601.246247813672
"12",2026-10-10,0,2026-10-10,"wk inc flu hosp","quantile","0.45",616.930398593634
"12",2026-10-10,0,2026-10-10,"wk inc flu hosp","quantile","0.5",630.130813087476
"12",2026-10-10,0,2026-10-10,"wk inc flu hosp","quantile","0.55",642.260686686234
"12",2026-10-10,0,2026-10-10,"wk inc flu hosp","quantile","0.6",658.786699043039
"12",2026-10-10,0,2026-10-10,"wk inc flu hosp","quantile","0.65",676.041238821196
"12",2026-10-10,0,2026-10-10,"wk inc flu hosp","quantile","0.7",697.234877018117
"12",2026-10-10,0,2026-10-10,"wk inc flu hosp","quantile","0.75",729.710838472811
"12",2026-10-10,0,2026-10-10,"wk inc flu hosp","quantile","0.8",761.300978173596
"12",2026-10-10,0,2026-10-10,"wk inc flu hosp","quantile","0.85",802.62136847734
"12",2026-10-10,0,2026-10-10,"wk inc flu hosp","quantile","0.9",860.523020013269
"12",2026-10-10,0,2026-10-10,"wk inc flu hosp","quantile","0.95",914.465694109854
"12",2026-10-10,0,2026-10-10,"wk inc flu hosp","quantile","0.975",981.005306068177
"12",2026-10-10,0,2026-10-10,"wk inc flu hosp","quantile","0.99",1079.26810398152
"12",2026-10-10,1,2026-10-17,"wk inc flu hosp","quantile","0.01",357.46134115647
"12",2026-10-10,1,2026-10-17,"wk inc flu hosp","quantile","0.025",401.336002757392
"12",2026-10-10,1,2026-10-17,"wk inc flu hosp","quantile","0.05",443.456843299062
"12",2026-10-10,1,2026-10-17,"wk inc flu hosp","quantile","0.1",506.210267764634
"12",2026-10-10,1,2026-10-17,"wk inc flu hosp","quantile","0.15",553.875756172353
"12",2026-10-10,1,2026-10-17,"wk inc flu hosp","quantile","0.2",581.376609587501
"12",2026-10-10,1,2026-10-17,"wk inc flu hosp","quantile","0.25",600.283600896466
"12",2026-10-10,1,2026-10-17,"wk inc flu hosp","quantile","0.3",621.246664231886
"12",2026-10-10,1,2026-10-17,"wk inc flu hosp","quantile","0.35",635.047482133295
"12",2026-10-10,1,2026-10-17,"wk inc flu hosp","quantile","0.4",657.280573864377
"12",2026-10-10,1,2026-10-17,"wk inc flu hosp","quantile","0.45",673.345951925429
"12",2026-10-10,1,2026-10-17,"wk inc flu hosp","quantile","0.5",689.029809296108
"12",2026-10-10,1,2026-10-17,"wk inc flu hosp","quantile","0.55",712.949653369277
"12",2026-10-10,1,2026-10-17,"wk inc flu hosp","quantile","0.6",741.31123756798
"12",2026-10-10,1,2026-10-17,"wk inc flu hosp","quantile","0.65",765.351627371382
"12",2026-10-10,1,2026-10-17,"wk inc flu hosp","quantile","0.7",794.162215156594
"12",2026-10-10,1,2026-10-17,"wk inc flu hosp","quantile","0.75",844.210650171075
"12",2026-10-10,1,2026-10-17,"wk inc flu hosp","quantile","0.8",892.668742245361
"12",2026-10-10,1,2026-10-17,"wk inc flu hosp","quantile","0.85",974.582609584719
"12",2026-10-10,1,2026-10-17,"wk inc flu hosp","quantile","0.9",1094.35170215283
"12",2026-10-10,1,2026-10-17,"wk inc flu hosp","quantile","0.95",1209.07685889729
"12",2026-10-10,1,2026-10-17,"wk inc flu hosp","quantile","0.975",1309.95754539734
"12",2026-10-10,1,2026-10-17,"wk inc flu hosp","quantile","0.99",1451.28536551543
"12",2026-10-10,2,2026-10-24,"wk inc flu hosp","quantile","0.01",318.90003998315
"12",2026-10-10,2,2026-10-24,"wk inc flu hosp","quantile","0.025",374.90163141211
"12",2026-10-10,2,2026-10-24,"wk inc flu hosp","quantile","0.05",430.066813665737
"12",2026-10-10,2,2026-10-24,"wk inc flu hosp","quantile","0.1",502.01312072347
"12",2026-10-10,2,2026-10-24,"wk inc flu hosp","quantile","0.15",560.355730023574
"12",2026-10-10,2,2026-10-24,"wk inc flu hosp","quantile","0.2",594.404098792258
"12",2026-10-10,2,2026-10-24,"wk inc flu hosp","quantile","0.25",626.635224835347
"12",2026-10-10,2,2026-10-24,"wk inc flu hosp","quantile","0.3",648.086156697081
"12",2026-10-10,2,2026-10-24,"wk inc flu hosp","quantile","0.35",666.710104255322
"12",2026-10-10,2,2026-10-24,"wk inc flu hosp","quantile","0.4",693.829925801708
"12",2026-10-10,2,2026-10-24,"wk inc flu hosp","quantile","0.45",724.03652204022
"12",2026-10-10,2,2026-10-24,"wk inc flu hosp","quantile","0.5",742.205094037341
"12",2026-10-10,2,2026-10-24,"wk inc flu hosp","quantile","0.55",771.095941501234
"12",2026-10-10,2,2026-10-24,"wk inc flu hosp","quantile","0.6",807.64518377396
"12",2026-10-10,2,2026-10-24,"wk inc flu hosp","quantile","0.65",840.128536574146
"12",2026-10-10,2,2026-10-24,"wk inc flu hosp","quantile","0.7",876.586322940648
"12",2026-10-10,2,2026-10-24,"wk inc flu hosp","quantile","0.75",936.869210202422
"12",2026-10-10,2,2026-10-24,"wk inc flu hosp","quantile","0.8",984.315430966132
"12",2026-10-10,2,2026-10-24,"wk inc flu hosp","quantile","0.85",1056.22791718582
"12",2026-10-10,2,2026-10-24,"wk inc flu hosp","quantile","0.9",1159.66610324555
"12",2026-10-10,2,2026-10-24,"wk inc flu hosp","quantile","0.95",1383.79868741428
"12",2026-10-10,2,2026-10-24,"wk inc flu hosp","quantile","0.975",1594.47041015898
"12",2026-10-10,2,2026-10-24,"wk inc flu hosp","quantile","0.99",1787.19076407758
"12",2026-10-10,3,2026-10-31,"wk inc flu hosp","quantile","0.01",301.494914518395
"12",2026-10-10,3,2026-10-31,"wk inc flu hosp","quantile","0.025",356.18965339108
"12",2026-10-10,3,2026-10-31,"wk inc flu hosp","quantile","0.05",413.676009407191
"12",2026-10-10,3,2026-10-31,"wk inc flu hosp","quantile","0.1",494.417206009155
"12",2026-10-10,3,2026-10-31,"wk inc flu hosp","quantile","0.15",558.998621470339
"12",2026-10-10,3,2026-10-31,"wk inc flu hosp","quantile","0.2",602.077344278277
"12",2026-10-10,3,2026-10-31,"wk inc flu hosp","quantile","0.25",638.683187383122
"12",2026-10-10,3,2026-10-31,"wk inc flu hosp","quantile","0.3",661.627216073062
"12",2026-10-10,3,2026-10-31,"wk inc flu hosp","quantile","0.35",690.919645042865
"12",2026-10-10,3,2026-10-31,"wk inc flu hosp","quantile","0.4",724.895084030062
"12",2026-10-10,3,2026-10-31,"wk inc flu hosp","quantile","0.45",765.803498657895
"12",2026-10-10,3,2026-10-31,"wk inc flu hosp","quantile","0.5",791.581996021701
"12",2026-10-10,3,2026-10-31,"wk inc flu hosp","quantile","0.55",834.549185639578
"12",2026-10-10,3,2026-10-31,"wk inc flu hosp","quantile","0.6",878.247655379687
"12",2026-10-10,3,2026-10-31,"wk inc flu hosp","quantile","0.65",926.889933627993
"12",2026-10-10,3,2026-10-31,"wk inc flu hosp","quantile","0.7",967.178334514656
"12",2026-10-10,3,2026-10-31,"wk inc flu hosp","quantile","0.75",1034.84437896478
"12",2026-10-10,3,2026-10-31,"wk inc flu hosp","quantile","0.8",1089.39510204277
"12",2026-10-10,3,2026-10-31,"wk inc flu hosp","quantile","0.85",1178.75829895385
"12",2026-10-10,3,2026-10-31,"wk inc flu hosp","quantile","0.9",1299.3631970294
"12",2026-10-10,3,2026-10-31,"wk inc flu hosp","quantile","0.95",1568.09886573415
"12",2026-10-10,3,2026-10-31,"wk inc flu hosp","quantile","0.975",1818.7041037054
"12",2026-10-10,3,2026-10-31,"wk inc flu hosp","quantile","0.99",2036.52890313642
"13",2026-10-10,0,2026-10-10,"wk inc flu hosp","quantile","0.01",18.284906553106
"13",2026-10-10,0,2026-10-10,"wk inc flu hosp","quantile","0.025",22.3143085777077
"13",2026-10-10,0,2026-10-10,"wk inc flu hosp","quantile","0.05",25.9329262321499
"13",2026-10-10,0,2026-10-10,"wk inc flu hosp","quantile","0.1",31.6199702151419
"13",2026-10-10,0,2026-10-10,"wk inc flu hosp","quantile","0.15",34.9407157668973
"13",2026-10-10,0,2026-10-10,"wk inc flu hosp","quantile","0.2",38.3818940448816
"13",2026-10-10,0,2026-10-10,"wk inc flu hosp","quantile","0.25",41.3822196192501
"13",2026-10-10,0,2026-10-10,"wk inc flu hosp","quantile","0.3",44.5859510346503
"13",2026-10-10,0,2026-10-10,"wk inc flu hosp","quantile","0.35",47.2482082411884
"13",2026-10-10,0,2026-10-10,"wk inc flu hosp","quantile","0.4",49.9452340448556
"13",2026-10-10,0,2026-10-10,"wk inc flu hosp","quantile","0.45",52.3010771706542
"13",2026-10-10,0,2026-10-10,"wk inc flu hosp","quantile","0.5",54.5878350128456
"13",2026-10-10,0,2026-10-10,"wk inc flu hosp","quantile","0.55",56.6452357701679
"13",2026-10-10,0,2026-10-10,"wk inc flu hosp","quantile","0.6",59.8797732596698
"13",2026-10-10,0,2026-10-10,"wk inc flu hosp","quantile","0.65",62.0600227411045
"13",2026-10-10,0,2026-10-10,"wk inc flu hosp","quantile","0.7",65.5965354509194
"13",2026-10-10,0,2026-10-10,"wk inc flu hosp","quantile","0.75",68.8232867973339
"13",2026-10-10,0,2026-10-10,"wk inc flu hosp","quantile","0.8",73.3987567081499
"13",2026-10-10,0,2026-10-10,"wk inc flu hosp","quantile","0.85",79.1585284416056
"13",2026-10-10,0,2026-10-10,"wk inc flu hosp","quantile","0.9",87.591109105938
"13",2026-10-10,0,2026-10-10,"wk inc flu hosp","quantile","0.95",101.711814714957
"13",2026-10-10,0,2026-10-10,"wk inc flu hosp","quantile","0.975",116.866187562144
"13",2026-10-10,0,2026-10-10,"wk inc flu hosp","quantile","0.99",144.318781207743
"13",2026-10-10,1,2026-10-17,"wk inc flu hosp","quantile","0.01",11.8685260945502
"13",2026-10-10,1,2026-10-17,"wk inc flu hosp","quantile","0.025",16.9514534527109
"13",2026-10-10,1,2026-10-17,"wk inc flu hosp","quantile","0.05",20.8387193581226
"13",2026-10-10,1,2026-10-17,"wk inc flu hosp","quantile","0.1",28.5631301760564
"13",2026-10-10,1,2026-10-17,"wk inc flu hosp","quantile","0.15",33.9023286052901
"13",2026-10-10,1,2026-10-17,"wk inc flu hosp","quantile","0.2",38.6357147933627
"13",2026-10-10,1,2026-10-17,"wk inc flu hosp","quantile","0.25",43.1316405879585
"13",2026-10-10,1,2026-10-17,"wk inc flu hosp","quantile","0.3",46.9791134731023
"13",2026-10-10,1,2026-10-17,"wk inc flu hosp","quantile","0.35",51.6492015547502
"13",2026-10-10,1,2026-10-17,"wk inc flu hosp","quantile","0.4",54.6721848802894
"13",2026-10-10,1,2026-10-17,"wk inc flu hosp","quantile","0.45",58.8113628317667
"13",2026-10-10,1,2026-10-17,"wk inc flu hosp","quantile","0.5",62.1185402460093
"13",2026-10-10,1,2026-10-17,"wk inc flu hosp","quantile","0.55",66.4330118914075
"13",2026-10-10,1,2026-10-17,"wk inc flu hosp","quantile","0.6",71.2296901528979
"13",2026-10-10,1,2026-10-17,"wk inc flu hosp","quantile","0.65",76.5607619055974
"13",2026-10-10,1,2026-10-17,"wk inc flu hosp","quantile","0.7",81.9365721247584
"13",2026-10-10,1,2026-10-17,"wk inc flu hosp","quantile","0.75",88.0148615237375
"13",2026-10-10,1,2026-10-17,"wk inc flu hosp","quantile","0.8",94.1461838536172
"13",2026-10-10,1,2026-10-17,"wk inc flu hosp","quantile","0.85",102.571230204939
"13",2026-10-10,1,2026-10-17,"wk inc flu hosp","quantile","0.9",117.097488976694
"13",2026-10-10,1,2026-10-17,"wk inc flu hosp","quantile","0.95",143.938137296088
"13",2026-10-10,1,2026-10-17,"wk inc flu hosp","quantile","0.975",164.146521636562
"13",2026-10-10,1,2026-10-17,"wk inc flu hosp","quantile","0.99",200.962989465574
"13",2026-10-10,2,2026-10-24,"wk inc flu hosp","quantile","0.01",11.7671171869503
"13",2026-10-10,2,2026-10-24,"wk inc flu hosp","quantile","0.025",13.527512469906
"13",2026-10-10,2,2026-10-24,"wk inc flu hosp","quantile","0.05",18.0359309681293
"13",2026-10-10,2,2026-10-24,"wk inc flu hosp","quantile","0.1",27.2483571634846
"13",2026-10-10,2,2026-10-24,"wk inc flu hosp","quantile","0.15",32.8841616310069
"13",2026-10-10,2,2026-10-24,"wk inc flu hosp","quantile","0.2",38.377790859651
"13",2026-10-10,2,2026-10-24,"wk inc flu hosp","quantile","0.25",44.5012073409911
"13",2026-10-10,2,2026-10-24,"wk inc flu hosp","quantile","0.3",50.2058078198761
"13",2026-10-10,2,2026-10-24,"wk inc flu hosp","quantile","0.35",55.4492343940386
"13",2026-10-10,2,2026-10-24,"wk inc flu hosp","quantile","0.4",60.1186737578508
"13",2026-10-10,2,2026-10-24,"wk inc flu hosp","quantile","0.45",65.4574382916057
"13",2026-10-10,2,2026-10-24,"wk inc flu hosp","quantile","0.5",70.2366208885703
"13",2026-10-10,2,2026-10-24,"wk inc flu hosp","quantile","0.55",75.5040484320071
"13",2026-10-10,2,2026-10-24,"wk inc flu hosp","quantile","0.6",81.2773728067279
"13",2026-10-10,2,2026-10-24,"wk inc flu hosp","quantile","0.65",88.3421708556716
"13",2026-10-10,2,2026-10-24,"wk inc flu hosp","quantile","0.7",95.9434316800408
"13",2026-10-10,2,2026-10-24,"wk inc flu hosp","quantile","0.75",104.402065920861
"13",2026-10-10,2,2026-10-24,"wk inc flu hosp","quantile","0.8",115.301649047765
"13",2026-10-10,2,2026-10-24,"wk inc flu hosp","quantile","0.85",127.965295192571
"13",2026-10-10,2,2026-10-24,"wk inc flu hosp","quantile","0.9",149.790905786638
"13",2026-10-10,2,2026-10-24,"wk inc flu hosp","quantile","0.95",187.086342337555
"13",2026-10-10,2,2026-10-24,"wk inc flu hosp","quantile","0.975",217.117866723137
"13",2026-10-10,2,2026-10-24,"wk inc flu hosp","quantile","0.99",268.752988360447
"13",2026-10-10,3,2026-10-31,"wk inc flu hosp","quantile","0.01",11.7246413503225
"13",2026-10-10,3,2026-10-31,"wk inc flu hosp","quantile","0.025",13.1948788761093
"13",2026-10-10,3,2026-10-31,"wk inc flu hosp","quantile","0.05",15.1580966043479
"13",2026-10-10,3,2026-10-31,"wk inc flu hosp","quantile","0.1",25.1561120507404
"13",2026-10-10,3,2026-10-31,"wk inc flu hosp","quantile","0.15",32.3646596154949
"13",2026-10-10,3,2026-10-31,"wk inc flu hosp","quantile","0.2",40.0159050193953
"13",2026-10-10,3,2026-10-31,"wk inc flu hosp","quantile","0.25",46.7286198899957
"13",2026-10-10,3,2026-10-31,"wk inc flu hosp","quantile","0.3",52.6040757230912
"13",2026-10-10,3,2026-10-31,"wk inc flu hosp","quantile","0.35",59.0056759247515
"13",2026-10-10,3,2026-10-31,"wk inc flu hosp","quantile","0.4",66.4471700953637
"13",2026-10-10,3,2026-10-31,"wk inc flu hosp","quantile","0.45",73.7327129995775
"13",2026-10-10,3,2026-10-31,"wk inc flu hosp","quantile","0.5",80.2769332112705
"13",2026-10-10,3,2026-10-31,"wk inc flu hosp","quantile","0.55",87.1343181000699
"13",2026-10-10,3,2026-10-31,"wk inc flu hosp","quantile","0.6",94.4299801341787
"13",2026-10-10,3,2026-10-31,"wk inc flu hosp","quantile","0.65",104.678755332851
"13",2026-10-10,3,2026-10-31,"wk inc flu hosp","quantile","0.7",113.654692764026
"13",2026-10-10,3,2026-10-31,"wk inc flu hosp","quantile","0.75",126.623627332742
"13",2026-10-10,3,2026-10-31,"wk inc flu hosp","quantile","0.8",141.705016008498
"13",2026-10-10,3,2026-10-31,"wk inc flu hosp","quantile","0.85",158.023748876578
"13",2026-10-10,3,2026-10-31,"wk inc flu hosp","quantile","0.9",182.399007369569
"13",2026-10-10,3,2026-10-31,"wk inc flu hosp","quantile","0.95",233.616978910077
"13",2026-10-10,3,2026-10-31,"wk inc flu hosp","quantile","0.975",285.578117744146
"13",2026-10-10,3,2026-10-31,"wk inc flu hosp","quantile","0.99",352.634829462692
"15",2026-10-10,0,2026-10-10,"wk inc flu hosp","quantile","0.01",30.1291972632159
"15",2026-10-10,0,2026-10-10,"wk inc flu hosp","quantile","0.025",33.5094606660874
"15",2026-10-10,0,2026-10-10,"wk inc flu hosp","quantile","0.05",37.0464623699242
"15",2026-10-10,0,2026-10-10,"wk inc flu hosp","quantile","0.1",40.9062059987374
"15",2026-10-10,0,2026-10-10,"wk inc flu hosp","quantile","0.15",44.7490276246194
"15",2026-10-10,0,2026-10-10,"wk inc flu hosp","quantile","0.2",51.0464629506625
"15",2026-10-10,0,2026-10-10,"wk inc flu hosp","quantile","0.25",55.9312758580727
"15",2026-10-10,0,2026-10-10,"wk inc flu hosp","quantile","0.3",59.8317293294691
"15",2026-10-10,0,2026-10-10,"wk inc flu hosp","quantile","0.35",64.5185246229362
"15",2026-10-10,0,2026-10-10,"wk inc flu hosp","quantile","0.4",67.2324259108324
"15",2026-10-10,0,2026-10-10,"wk inc flu hosp","quantile","0.45",70.1980367922102
"15",2026-10-10,0,2026-10-10,"wk inc flu hosp","quantile","0.5",72.4938388225514
"15",2026-10-10,0,2026-10-10,"wk inc flu hosp","quantile","0.55",74.6300251800565
"15",2026-10-10,0,2026-10-10,"wk inc flu hosp","quantile","0.6",77.0581440042963
"15",2026-10-10,0,2026-10-10,"wk inc flu hosp","quantile","0.65",79.5525733968764
"15",2026-10-10,0,2026-10-10,"wk inc flu hosp","quantile","0.7",82.032022483973
"15",2026-10-10,0,2026-10-10,"wk inc flu hosp","quantile","0.75",86.081351357027
"15",2026-10-10,0,2026-10-10,"wk inc flu hosp","quantile","0.8",90.9014681125309
"15",2026-10-10,0,2026-10-10,"wk inc flu hosp","quantile","0.85",96.5069588536414
"15",2026-10-10,0,2026-10-10,"wk inc flu hosp","quantile","0.9",102.875350834293
"15",2026-10-10,0,2026-10-10,"wk inc flu hosp","quantile","0.95",113.846738456391
"15",2026-10-10,0,2026-10-10,"wk inc flu hosp","quantile","0.975",124.059266049211
"15",2026-10-10,0,2026-10-10,"wk inc flu hosp","quantile","0.99",136.146562152304
"15",2026-10-10,1,2026-10-17,"wk inc flu hosp","quantile","0.01",25.0508379238833
"15",2026-10-10,1,2026-10-17,"wk inc flu hosp","quantile","0.025",29.168831935432
"15",2026-10-10,1,2026-10-17,"wk inc flu hosp","quantile","0.05",32.7160155529612
"15",2026-10-10,1,2026-10-17,"wk inc flu hosp","quantile","0.1",38.0669988659159
"15",2026-10-10,1,2026-10-17,"wk inc flu hosp","quantile","0.15",44.5874738635979
"15",2026-10-10,1,2026-10-17,"wk inc flu hosp","quantile","0.2",51.56566105722
"15",2026-10-10,1,2026-10-17,"wk inc flu hosp","quantile","0.25",57.9133313318705
"15",2026-10-10,1,2026-10-17,"wk inc flu hosp","quantile","0.3",62.5951252484054
"15",2026-10-10,1,2026-10-17,"wk inc flu hosp","quantile","0.35",68.1241789021767
"15",2026-10-10,1,2026-10-17,"wk inc flu hosp","quantile","0.4",72.4864630837701
"15",2026-10-10,1,2026-10-17,"wk inc flu hosp","quantile","0.45",76.1355824041135
"15",2026-10-10,1,2026-10-17,"wk inc flu hosp","quantile","0.5",79.5490823431671
"15",2026-10-10,1,2026-10-17,"wk inc flu hosp","quantile","0.55",83.2911914375595
"15",2026-10-10,1,2026-10-17,"wk inc flu hosp","quantile","0.6",86.9378697310134
"15",2026-10-10,1,2026-10-17,"wk inc flu hosp","quantile","0.65",91.6031408182347
"15",2026-10-10,1,2026-10-17,"wk inc flu hosp","quantile","0.7",95.0596954966351
"15",2026-10-10,1,2026-10-17,"wk inc flu hosp","quantile","0.75",101.556670288947
"15",2026-10-10,1,2026-10-17,"wk inc flu hosp","quantile","0.8",108.422865814059
"15",2026-10-10,1,2026-10-17,"wk inc flu hosp","quantile","0.85",119.400426599127
"15",2026-10-10,1,2026-10-17,"wk inc flu hosp","quantile","0.9",132.594156050026
"15",2026-10-10,1,2026-10-17,"wk inc flu hosp","quantile","0.95",151.913562807476
"15",2026-10-10,1,2026-10-17,"wk inc flu hosp","quantile","0.975",166.090872664677
"15",2026-10-10,1,2026-10-17,"wk inc flu hosp","quantile","0.99",188.753312808291
"15",2026-10-10,2,2026-10-24,"wk inc flu hosp","quantile","0.01",19.2238807188643
"15",2026-10-10,2,2026-10-24,"wk inc flu hosp","quantile","0.025",23.4951593724126
"15",2026-10-10,2,2026-10-24,"wk inc flu hosp","quantile","0.05",27.4614570615893
"15",2026-10-10,2,2026-10-24,"wk inc flu hosp","quantile","0.1",34.7882238811579
"15",2026-10-10,2,2026-10-24,"wk inc flu hosp","quantile","0.15",40.9705628217027
"15",2026-10-10,2,2026-10-24,"wk inc flu hosp","quantile","0.2",49.0592499759828
"15",2026-10-10,2,2026-10-24,"wk inc flu hosp","quantile","0.25",56.4593956171454
"15",2026-10-10,2,2026-10-24,"wk inc flu hosp","quantile","0.3",62.3947172063992
"15",2026-10-10,2,2026-10-24,"wk inc flu hosp","quantile","0.35",68.6015042864402
"15",2026-10-10,2,2026-10-24,"wk inc flu hosp","quantile","0.4",73.8022802044564
"15",2026-10-10,2,2026-10-24,"wk inc flu hosp","quantile","0.45",78.1363290424338
"15",2026-10-10,2,2026-10-24,"wk inc flu hosp","quantile","0.5",82.875539299485
"15",2026-10-10,2,2026-10-24,"wk inc flu hosp","quantile","0.55",87.3161712371034
"15",2026-10-10,2,2026-10-24,"wk inc flu hosp","quantile","0.6",92.8387587473878
"15",2026-10-10,2,2026-10-24,"wk inc flu hosp","quantile","0.65",98.1433888561504
"15",2026-10-10,2,2026-10-24,"wk inc flu hosp","quantile","0.7",104.736100627362
"15",2026-10-10,2,2026-10-24,"wk inc flu hosp","quantile","0.75",112.748757043131
"15",2026-10-10,2,2026-10-24,"wk inc flu hosp","quantile","0.8",121.176711353554
"15",2026-10-10,2,2026-10-24,"wk inc flu hosp","quantile","0.85",131.607399335113
"15",2026-10-10,2,2026-10-24,"wk inc flu hosp","quantile","0.9",148.476315005911
"15",2026-10-10,2,2026-10-24,"wk inc flu hosp","quantile","0.95",177.501112803525
"15",2026-10-10,2,2026-10-24,"wk inc flu hosp","quantile","0.975",204.9284317291
"15",2026-10-10,2,2026-10-24,"wk inc flu hosp","quantile","0.99",234.934356570748
"15",2026-10-10,3,2026-10-31,"wk inc flu hosp","quantile","0.01",15.8190800583808
"15",2026-10-10,3,2026-10-31,"wk inc flu hosp","quantile","0.025",20.2882862649737
"15",2026-10-10,3,2026-10-31,"wk inc flu hosp","quantile","0.05",24.1345407215569
"15",2026-10-10,3,2026-10-31,"wk inc flu hosp","quantile","0.1",31.0448488261431
"15",2026-10-10,3,2026-10-31,"wk inc flu hosp","quantile","0.15",37.8623563557867
"15",2026-10-10,3,2026-10-31,"wk inc flu hosp","quantile","0.2",46.3803648862849
"15",2026-10-10,3,2026-10-31,"wk inc flu hosp","quantile","0.25",54.5923740803587
"15",2026-10-10,3,2026-10-31,"wk inc flu hosp","quantile","0.3",60.9500755704955
"15",2026-10-10,3,2026-10-31,"wk inc flu hosp","quantile","0.35",67.5173947507849
"15",2026-10-10,3,2026-10-31,"wk inc flu hosp","quantile","0.4",73.836661742942
"15",2026-10-10,3,2026-10-31,"wk inc flu hosp","quantile","0.45",79.8193207022517
"15",2026-10-10,3,2026-10-31,"wk inc flu hosp","quantile","0.5",85.7713584175601
"15",2026-10-10,3,2026-10-31,"wk inc flu hosp","quantile","0.55",90.7545762520584
"15",2026-10-10,3,2026-10-31,"wk inc flu hosp","quantile","0.6",98.1689395065943
"15",2026-10-10,3,2026-10-31,"wk inc flu hosp","quantile","0.65",105.051810055244
"15",2026-10-10,3,2026-10-31,"wk inc flu hosp","quantile","0.7",111.315248457722
"15",2026-10-10,3,2026-10-31,"wk inc flu hosp","quantile","0.75",120.729831916494
"15",2026-10-10,3,2026-10-31,"wk inc flu hosp","quantile","0.8",130.888345760795
"15",2026-10-10,3,2026-10-31,"wk inc flu hosp","quantile","0.85",144.619676939326
"15",2026-10-10,3,2026-10-31,"wk inc flu hosp","quantile","0.9",166.641524328933
"15",2026-10-10,3,2026-10-31,"wk inc flu hosp","quantile","0.95",206.050162664274
"15",2026-10-10,3,2026-10-31,"wk inc flu hosp","quantile","0.975",243.386223246592
"15",2026-10-10,3,2026-10-31,"wk inc flu hosp","quantile","0.99",300.523326398106
"16",2026-10-10,0,2026-10-10,"wk inc flu hosp","quantile","0.01",5.21340654776771
"16",2026-10-10,0,2026-10-10,"wk inc flu hosp","quantile","0.025",6.53293130466222
"16",2026-10-10,0,2026-10-10,"wk inc flu hosp","quantile","0.05",7.47143298654259
"16",2026-10-10,0,2026-10-10,"wk inc flu hosp","quantile","0.1",8.93212300122001
"16",2026-10-10,0,2026-10-10,"wk inc flu hosp","quantile","0.15",10.3889877843515
"16",2026-10-10,0,2026-10-10,"wk inc flu hosp","quantile","0.2",11.6824603488464
"16",2026-10-10,0,2026-10-10,"wk inc flu hosp","quantile","0.25",12.6413176125136
"16",2026-10-10,0,2026-10-10,"wk inc flu hosp","quantile","0.3",13.5082088840869
"16",2026-10-10,0,2026-10-10,"wk inc flu hosp","quantile","0.35",14.3895582881199
"16",2026-10-10,0,2026-10-10,"wk inc flu hosp","quantile","0.4",15.6576228300381
"16",2026-10-10,0,2026-10-10,"wk inc flu hosp","quantile","0.45",16.5509752004534
"16",2026-10-10,0,2026-10-10,"wk inc flu hosp","quantile","0.5",17.3361090624379
"16",2026-10-10,0,2026-10-10,"wk inc flu hosp","quantile","0.55",18.0485541349211
"16",2026-10-10,0,2026-10-10,"wk inc flu hosp","quantile","0.6",18.9159002035642
"16",2026-10-10,0,2026-10-10,"wk inc flu hosp","quantile","0.65",19.8842517563519
"16",2026-10-10,0,2026-10-10,"wk inc flu hosp","quantile","0.7",20.9098230922788
"16",2026-10-10,0,2026-10-10,"wk inc flu hosp","quantile","0.75",22.2379369926978
"16",2026-10-10,0,2026-10-10,"wk inc flu hosp","quantile","0.8",23.5061434968326
"16",2026-10-10,0,2026-10-10,"wk inc flu hosp","quantile","0.85",25.4081652098066
"16",2026-10-10,0,2026-10-10,"wk inc flu hosp","quantile","0.9",28.3172676262439
"16",2026-10-10,0,2026-10-10,"wk inc flu hosp","quantile","0.95",32.9750466880687
"16",2026-10-10,0,2026-10-10,"wk inc flu hosp","quantile","0.975",38.1826418330973
"16",2026-10-10,0,2026-10-10,"wk inc flu hosp","quantile","0.99",45.3999009704008
"16",2026-10-10,1,2026-10-17,"wk inc flu hosp","quantile","0.01",3.37754700556358
"16",2026-10-10,1,2026-10-17,"wk inc flu hosp","quantile","0.025",4.81351437648751
"16",2026-10-10,1,2026-10-17,"wk inc flu hosp","quantile","0.05",6.10120421219191
"16",2026-10-10,1,2026-10-17,"wk inc flu hosp","quantile","0.1",7.92538889637084
"16",2026-10-10,1,2026-10-17,"wk inc flu hosp","quantile","0.15",9.7091733143953
"16",2026-10-10,1,2026-10-17,"wk inc flu hosp","quantile","0.2",11.6642625780955
"16",2026-10-10,1,2026-10-17,"wk inc flu hosp","quantile","0.25",13.102486097487
"16",2026-10-10,1,2026-10-17,"wk inc flu hosp","quantile","0.3",14.4113785468407
"16",2026-10-10,1,2026-10-17,"wk inc flu hosp","quantile","0.35",15.7330425544697
"16",2026-10-10,1,2026-10-17,"wk inc flu hosp","quantile","0.4",17.1514088742642
"16",2026-10-10,1,2026-10-17,"wk inc flu hosp","quantile","0.45",18.5637322266739
"16",2026-10-10,1,2026-10-17,"wk inc flu hosp","quantile","0.5",19.4759279311747
"16",2026-10-10,1,2026-10-17,"wk inc flu hosp","quantile","0.55",20.7918478343901
"16",2026-10-10,1,2026-10-17,"wk inc flu hosp","quantile","0.6",22.2906708349726
"16",2026-10-10,1,2026-10-17,"wk inc flu hosp","quantile","0.65",24.0406867110828
"16",2026-10-10,1,2026-10-17,"wk inc flu hosp","quantile","0.7",25.7252963540018
"16",2026-10-10,1,2026-10-17,"wk inc flu hosp","quantile","0.75",27.8977946219974
"16",2026-10-10,1,2026-10-17,"wk inc flu hosp","quantile","0.8",30.4295760035028
"16",2026-10-10,1,2026-10-17,"wk inc flu hosp","quantile","0.85",33.3248792115041
"16",2026-10-10,1,2026-10-17,"wk inc flu hosp","quantile","0.9",37.8122561524374
"16",2026-10-10,1,2026-10-17,"wk inc flu hosp","quantile","0.95",45.9987732714298
"16",2026-10-10,1,2026-10-17,"wk inc flu hosp","quantile","0.975",55.7213704346286
"16",2026-10-10,1,2026-10-17,"wk inc flu hosp","quantile","0.99",65.24473344309
"16",2026-10-10,2,2026-10-24,"wk inc flu hosp","quantile","0.01",3.3617668516608
"16",2026-10-10,2,2026-10-24,"wk inc flu hosp","quantile","0.025",3.92482508358981
"16",2026-10-10,2,2026-10-24,"wk inc flu hosp","quantile","0.05",5.00941883226678
"16",2026-10-10,2,2026-10-24,"wk inc flu hosp","quantile","0.1",7.15787702303127
"16",2026-10-10,2,2026-10-24,"wk inc flu hosp","quantile","0.15",9.13618869749079
"16",2026-10-10,2,2026-10-24,"wk inc flu hosp","quantile","0.2",11.342950187928
"16",2026-10-10,2,2026-10-24,"wk inc flu hosp","quantile","0.25",13.1123793865293
"16",2026-10-10,2,2026-10-24,"wk inc flu hosp","quantile","0.3",14.9534769994328
"16",2026-10-10,2,2026-10-24,"wk inc flu hosp","quantile","0.35",16.5503401840152
"16",2026-10-10,2,2026-10-24,"wk inc flu hosp","quantile","0.4",18.8514888034819
"16",2026-10-10,2,2026-10-24,"wk inc flu hosp","quantile","0.45",20.4671847082954
"16",2026-10-10,2,2026-10-24,"wk inc flu hosp","quantile","0.5",21.7236233659152
"16",2026-10-10,2,2026-10-24,"wk inc flu hosp","quantile","0.55",23.4697019522826
"16",2026-10-10,2,2026-10-24,"wk inc flu hosp","quantile","0.6",25.7860362861846
"16",2026-10-10,2,2026-10-24,"wk inc flu hosp","quantile","0.65",27.5170166104079
"16",2026-10-10,2,2026-10-24,"wk inc flu hosp","quantile","0.7",30.3940393730783
"16",2026-10-10,2,2026-10-24,"wk inc flu hosp","quantile","0.75",33.4445524808141
"16",2026-10-10,2,2026-10-24,"wk inc flu hosp","quantile","0.8",36.8919425612358
"16",2026-10-10,2,2026-10-24,"wk inc flu hosp","quantile","0.85",41.5711877307649
"16",2026-10-10,2,2026-10-24,"wk inc flu hosp","quantile","0.9",49.1620261509714
"16",2026-10-10,2,2026-10-24,"wk inc flu hosp","quantile","0.95",63.1627470264369
"16",2026-10-10,2,2026-10-24,"wk inc flu hosp","quantile","0.975",76.3037675735313
"16",2026-10-10,2,2026-10-24,"wk inc flu hosp","quantile","0.99",91.9991116123023
"16",2026-10-10,3,2026-10-31,"wk inc flu hosp","quantile","0.01",3.3460282456788
"16",2026-10-10,3,2026-10-31,"wk inc flu hosp","quantile","0.025",3.91734525535672
"16",2026-10-10,3,2026-10-31,"wk inc flu hosp","quantile","0.05",4.23489883295819
"16",2026-10-10,3,2026-10-31,"wk inc flu hosp","quantile","0.1",6.70118022640503
"16",2026-10-10,3,2026-10-31,"wk inc flu hosp","quantile","0.15",8.95086203209063
"16",2026-10-10,3,2026-10-31,"wk inc flu hosp","quantile","0.2",11.4225424069006
"16",2026-10-10,3,2026-10-31,"wk inc flu hosp","quantile","0.25",13.6399410946632
"16",2026-10-10,3,2026-10-31,"wk inc flu hosp","quantile","0.3",15.7060077256816
"16",2026-10-10,3,2026-10-31,"wk inc flu hosp","quantile","0.35",17.3879216597836
"16",2026-10-10,3,2026-10-31,"wk inc flu hosp","quantile","0.4",19.7815940333963
"16",2026-10-10,3,2026-10-31,"wk inc flu hosp","quantile","0.45",22.0266340336905
"16",2026-10-10,3,2026-10-31,"wk inc flu hosp","quantile","0.5",24.3253664554037
"16",2026-10-10,3,2026-10-31,"wk inc flu hosp","quantile","0.55",26.9644787489543
"16",2026-10-10,3,2026-10-31,"wk inc flu hosp","quantile","0.6",29.8925421685393
"16",2026-10-10,3,2026-10-31,"wk inc flu hosp","quantile","0.65",32.8183413440065
"16",2026-10-10,3,2026-10-31,"wk inc flu hosp","quantile","0.7",36.1206138148921
"16",2026-10-10,3,2026-10-31,"wk inc flu hosp","quantile","0.75",40.1592752858992
"16",2026-10-10,3,2026-10-31,"wk inc flu hosp","quantile","0.8",43.9185328274342
"16",2026-10-10,3,2026-10-31,"wk inc flu hosp","quantile","0.85",51.3440697661066
"16",2026-10-10,3,2026-10-31,"wk inc flu hosp","quantile","0.9",60.1927627670985
"16",2026-10-10,3,2026-10-31,"wk inc flu hosp","quantile","0.95",79.7646835336295
"16",2026-10-10,3,2026-10-31,"wk inc flu hosp","quantile","0.975",97.6839738857152
"16",2026-10-10,3,2026-10-31,"wk inc flu hosp","quantile","0.99",121.508814617199
"17",2026-10-10,0,2026-10-10,"wk inc flu hosp","quantile","0.01",26.3823827751698
"17",2026-10-10,0,2026-10-10,"wk inc flu hosp","quantile","0.025",33.1512561738775
"17",2026-10-10,0,2026-10-10,"wk inc flu hosp","quantile","0.05",39.5502058448983
"17",2026-10-10,0,2026-10-10,"wk inc flu hosp","quantile","0.1",48.2315275655503
"17",2026-10-10,0,2026-10-10,"wk inc flu hosp","quantile","0.15",54.4674932078718
"17",2026-10-10,0,2026-10-10,"wk inc flu hosp","quantile","0.2",59.9200499799558
"17",2026-10-10,0,2026-10-10,"wk inc flu hosp","quantile","0.25",63.3729007746077
"17",2026-10-10,0,2026-10-10,"wk inc flu hosp","quantile","0.3",67.1178765475982
"17",2026-10-10,0,2026-10-10,"wk inc flu hosp","quantile","0.35",70.0049600849899
"17",2026-10-10,0,2026-10-10,"wk inc flu hosp","quantile","0.4",74.0035022763865
"17",2026-10-10,0,2026-10-10,"wk inc flu hosp","quantile","0.45",76.3855308277618
"17",2026-10-10,0,2026-10-10,"wk inc flu hosp","quantile","0.5",78.8678026489875
"17",2026-10-10,0,2026-10-10,"wk inc flu hosp","quantile","0.55",81.8458092763635
"17",2026-10-10,0,2026-10-10,"wk inc flu hosp","quantile","0.6",85.2708687618368
"17",2026-10-10,0,2026-10-10,"wk inc flu hosp","quantile","0.65",87.6526389658048
"17",2026-10-10,0,2026-10-10,"wk inc flu hosp","quantile","0.7",92.3729047330585
"17",2026-10-10,0,2026-10-10,"wk inc flu hosp","quantile","0.75",96.8802059124035
"17",2026-10-10,0,2026-10-10,"wk inc flu hosp","quantile","0.8",103.447264213104
"17",2026-10-10,0,2026-10-10,"wk inc flu hosp","quantile","0.85",109.564370840266
"17",2026-10-10,0,2026-10-10,"wk inc flu hosp","quantile","0.9",119.309475979449
"17",2026-10-10,0,2026-10-10,"wk inc flu hosp","quantile","0.95",136.385919552871
"17",2026-10-10,0,2026-10-10,"wk inc flu hosp","quantile","0.975",154.33183090036
"17",2026-10-10,0,2026-10-10,"wk inc flu hosp","quantile","0.99",183.036250573507
"17",2026-10-10,1,2026-10-17,"wk inc flu hosp","quantile","0.01",16.2232933101932
"17",2026-10-10,1,2026-10-17,"wk inc flu hosp","quantile","0.025",22.6244821152965
"17",2026-10-10,1,2026-10-17,"wk inc flu hosp","quantile","0.05",31.2398706991965
"17",2026-10-10,1,2026-10-17,"wk inc flu hosp","quantile","0.1",41.9488779917516
"17",2026-10-10,1,2026-10-17,"wk inc flu hosp","quantile","0.15",50.1547781282781
"17",2026-10-10,1,2026-10-17,"wk inc flu hosp","quantile","0.2",57.0978157413731
"17",2026-10-10,1,2026-10-17,"wk inc flu hosp","quantile","0.25",61.9438154287223
"17",2026-10-10,1,2026-10-17,"wk inc flu hosp","quantile","0.3",67.174956371942
"17",2026-10-10,1,2026-10-17,"wk inc flu hosp","quantile","0.35",71.0669939611969
"17",2026-10-10,1,2026-10-17,"wk inc flu hosp","quantile","0.4",76.0101192584489
"17",2026-10-10,1,2026-10-17,"wk inc flu hosp","quantile","0.45",79.8957939227618
"17",2026-10-10,1,2026-10-17,"wk inc flu hosp","quantile","0.5",83.8803266542329
"17",2026-10-10,1,2026-10-17,"wk inc flu hosp","quantile","0.55",88.4227520749962
"17",2026-10-10,1,2026-10-17,"wk inc flu hosp","quantile","0.6",94.1635259491032
"17",2026-10-10,1,2026-10-17,"wk inc flu hosp","quantile","0.65",99.3403013671436
"17",2026-10-10,1,2026-10-17,"wk inc flu hosp","quantile","0.7",105.867846314887
"17",2026-10-10,1,2026-10-17,"wk inc flu hosp","quantile","0.75",114.31177640964
"17",2026-10-10,1,2026-10-17,"wk inc flu hosp","quantile","0.8",122.13072452355
"17",2026-10-10,1,2026-10-17,"wk inc flu hosp","quantile","0.85",131.997278435103
"17",2026-10-10,1,2026-10-17,"wk inc flu hosp","quantile","0.9",146.893787493057
"17",2026-10-10,1,2026-10-17,"wk inc flu hosp","quantile","0.95",172.680865696311
"17",2026-10-10,1,2026-10-17,"wk inc flu hosp","quantile","0.975",199.458420260067
"17",2026-10-10,1,2026-10-17,"wk inc flu hosp","quantile","0.99",250.191797076078
"17",2026-10-10,2,2026-10-24,"wk inc flu hosp","quantile","0.01",16.1358260239912
"17",2026-10-10,2,2026-10-24,"wk inc flu hosp","quantile","0.025",19.4911233018637
"17",2026-10-10,2,2026-10-24,"wk inc flu hosp","quantile","0.05",25.7883981493268
"17",2026-10-10,2,2026-10-24,"wk inc flu hosp","quantile","0.1",37.6236887775746
"17",2026-10-10,2,2026-10-24,"wk inc flu hosp","quantile","0.15",48.5332676765904
"17",2026-10-10,2,2026-10-24,"wk inc flu hosp","quantile","0.2",56.8791682426253
"17",2026-10-10,2,2026-10-24,"wk inc flu hosp","quantile","0.25",63.7682763288458
"17",2026-10-10,2,2026-10-24,"wk inc flu hosp","quantile","0.3",70.3447113280547
"17",2026-10-10,2,2026-10-24,"wk inc flu hosp","quantile","0.35",75.3705279160508
"17",2026-10-10,2,2026-10-24,"wk inc flu hosp","quantile","0.4",83.0121678410843
"17",2026-10-10,2,2026-10-24,"wk inc flu hosp","quantile","0.45",89.0223493335074
"17",2026-10-10,2,2026-10-24,"wk inc flu hosp","quantile","0.5",94.5863267601246
"17",2026-10-10,2,2026-10-24,"wk inc flu hosp","quantile","0.55",99.6738912880148
"17",2026-10-10,2,2026-10-24,"wk inc flu hosp","quantile","0.6",106.928720056562
"17",2026-10-10,2,2026-10-24,"wk inc flu hosp","quantile","0.65",114.875660826086
"17",2026-10-10,2,2026-10-24,"wk inc flu hosp","quantile","0.7",122.453032263505
"17",2026-10-10,2,2026-10-24,"wk inc flu hosp","quantile","0.75",134.770840081281
"17",2026-10-10,2,2026-10-24,"wk inc flu hosp","quantile","0.8",148.514716203903
"17",2026-10-10,2,2026-10-24,"wk inc flu hosp","quantile","0.85",165.38130832399
"17",2026-10-10,2,2026-10-24,"wk inc flu hosp","quantile","0.9",180.869751271548
"17",2026-10-10,2,2026-10-24,"wk inc flu hosp","quantile","0.95",223.238303139772
"17",2026-10-10,2,2026-10-24,"wk inc flu hosp","quantile","0.975",267.995539835055
"17",2026-10-10,2,2026-10-24,"wk inc flu hosp","quantile","0.99",344.736413336275
"17",2026-10-10,3,2026-10-31,"wk inc flu hosp","quantile","0.01",16.1337792117731
"17",2026-10-10,3,2026-10-31,"wk inc flu hosp","quantile","0.025",19.5134465127047
"17",2026-10-10,3,2026-10-31,"wk inc flu hosp","quantile","0.05",22.7232600067514
"17",2026-10-10,3,2026-10-31,"wk inc flu hosp","quantile","0.1",35.530436787675
"17",2026-10-10,3,2026-10-31,"wk inc flu hosp","quantile","0.15",47.0258015140888
"17",2026-10-10,3,2026-10-31,"wk inc flu hosp","quantile","0.2",55.9242877805459
"17",2026-10-10,3,2026-10-31,"wk inc flu hosp","quantile","0.25",66.0092344593856
"17",2026-10-10,3,2026-10-31,"wk inc flu hosp","quantile","0.3",73.811856934212
"17",2026-10-10,3,2026-10-31,"wk inc flu hosp","quantile","0.35",79.8141438931325
"17",2026-10-10,3,2026-10-31,"wk inc flu hosp","quantile","0.4",89.7350840130581
"17",2026-10-10,3,2026-10-31,"wk inc flu hosp","quantile","0.45",96.7448121665192
"17",2026-10-10,3,2026-10-31,"wk inc flu hosp","quantile","0.5",104.091152723446
"17",2026-10-10,3,2026-10-31,"wk inc flu hosp","quantile","0.55",112.526130443617
"17",2026-10-10,3,2026-10-31,"wk inc flu hosp","quantile","0.6",121.851917494545
"17",2026-10-10,3,2026-10-31,"wk inc flu hosp","quantile","0.65",132.927281447829
"17",2026-10-10,3,2026-10-31,"wk inc flu hosp","quantile","0.7",142.91348243566
"17",2026-10-10,3,2026-10-31,"wk inc flu hosp","quantile","0.75",161.287758463497
"17",2026-10-10,3,2026-10-31,"wk inc flu hosp","quantile","0.8",176.478537021
"17",2026-10-10,3,2026-10-31,"wk inc flu hosp","quantile","0.85",194.996486997267
"17",2026-10-10,3,2026-10-31,"wk inc flu hosp","quantile","0.9",220.585543177489
"17",2026-10-10,3,2026-10-31,"wk inc flu hosp","quantile","0.95",278.824445251076
"17",2026-10-10,3,2026-10-31,"wk inc flu hosp","quantile","0.975",345.107898928904
"17",2026-10-10,3,2026-10-31,"wk inc flu hosp","quantile","0.99",441.902964982676
"18",2026-10-10,0,2026-10-10,"wk inc flu hosp","quantile","0.01",30.2997864379742
"18",2026-10-10,0,2026-10-10,"wk inc flu hosp","quantile","0.025",33.2831375404198
"18",2026-10-10,0,2026-10-10,"wk inc flu hosp","quantile","0.05",38.172510095905
"18",2026-10-10,0,2026-10-10,"wk inc flu hosp","quantile","0.1",44.9262911407778
"18",2026-10-10,0,2026-10-10,"wk inc flu hosp","quantile","0.15",50.028654180874
"18",2026-10-10,0,2026-10-10,"wk inc flu hosp","quantile","0.2",54.33754555428
"18",2026-10-10,0,2026-10-10,"wk inc flu hosp","quantile","0.25",57.3518309278142
"18",2026-10-10,0,2026-10-10,"wk inc flu hosp","quantile","0.3",60.1386443418306
"18",2026-10-10,0,2026-10-10,"wk inc flu hosp","quantile","0.35",62.9094319078152
"18",2026-10-10,0,2026-10-10,"wk inc flu hosp","quantile","0.4",65.7285614463706
"18",2026-10-10,0,2026-10-10,"wk inc flu hosp","quantile","0.45",67.0930017132546
"18",2026-10-10,0,2026-10-10,"wk inc flu hosp","quantile","0.5",69.1153590767261
"18",2026-10-10,0,2026-10-10,"wk inc flu hosp","quantile","0.55",71.1907586068414
"18",2026-10-10,0,2026-10-10,"wk inc flu hosp","quantile","0.6",74.9694826632641
"18",2026-10-10,0,2026-10-10,"wk inc flu hosp","quantile","0.65",77.4433859766929
"18",2026-10-10,0,2026-10-10,"wk inc flu hosp","quantile","0.7",81.6370360027184
"18",2026-10-10,0,2026-10-10,"wk inc flu hosp","quantile","0.75",87.3043171563569
"18",2026-10-10,0,2026-10-10,"wk inc flu hosp","quantile","0.8",92.9338858789079
"18",2026-10-10,0,2026-10-10,"wk inc flu hosp","quantile","0.85",99.5986709910081
"18",2026-10-10,0,2026-10-10,"wk inc flu hosp","quantile","0.9",106.132635928312
"18",2026-10-10,0,2026-10-10,"wk inc flu hosp","quantile","0.95",123.107811521026
"18",2026-10-10,0,2026-10-10,"wk inc flu hosp","quantile","0.975",137.15180470202
"18",2026-10-10,0,2026-10-10,"wk inc flu hosp","quantile","0.99",162.651907041602
"18",2026-10-10,1,2026-10-17,"wk inc flu hosp","quantile","0.01",24.331605907064
"18",2026-10-10,1,2026-10-17,"wk inc flu hosp","quantile","0.025",28.8577531435923
"18",2026-10-10,1,2026-10-17,"wk inc flu hosp","quantile","0.05",35.6516198025962
"18",2026-10-10,1,2026-10-17,"wk inc flu hosp","quantile","0.1",44.7742544540119
"18",2026-10-10,1,2026-10-17,"wk inc flu hosp","quantile","0.15",52.2430218649682
"18",2026-10-10,1,2026-10-17,"wk inc flu hosp","quantile","0.2",57.987177075315
"18",2026-10-10,1,2026-10-17,"wk inc flu hosp","quantile","0.25",64.5486879574849
"18",2026-10-10,1,2026-10-17,"wk inc flu hosp","quantile","0.3",68.0074824545666
"18",2026-10-10,1,2026-10-17,"wk inc flu hosp","quantile","0.35",71.5113748812933
"18",2026-10-10,1,2026-10-17,"wk inc flu hosp","quantile","0.4",75.8601302952566
"18",2026-10-10,1,2026-10-17,"wk inc flu hosp","quantile","0.45",78.6769712086998
"18",2026-10-10,1,2026-10-17,"wk inc flu hosp","quantile","0.5",81.6399331752802
"18",2026-10-10,1,2026-10-17,"wk inc flu hosp","quantile","0.55",85.5664030653252
"18",2026-10-10,1,2026-10-17,"wk inc flu hosp","quantile","0.6",91.3655416955485
"18",2026-10-10,1,2026-10-17,"wk inc flu hosp","quantile","0.65",96.1168469103954
"18",2026-10-10,1,2026-10-17,"wk inc flu hosp","quantile","0.7",101.643704651359
"18",2026-10-10,1,2026-10-17,"wk inc flu hosp","quantile","0.75",110.684531258595
"18",2026-10-10,1,2026-10-17,"wk inc flu hosp","quantile","0.8",121.551399024193
"18",2026-10-10,1,2026-10-17,"wk inc flu hosp","quantile","0.85",135.475012525274
"18",2026-10-10,1,2026-10-17,"wk inc flu hosp","quantile","0.9",147.670269754648
"18",2026-10-10,1,2026-10-17,"wk inc flu hosp","quantile","0.95",177.276455686136
"18",2026-10-10,1,2026-10-17,"wk inc flu hosp","quantile","0.975",205.607167204445
"18",2026-10-10,1,2026-10-17,"wk inc flu hosp","quantile","0.99",239.170403362631
"18",2026-10-10,2,2026-10-24,"wk inc flu hosp","quantile","0.01",19.4453796310229
"18",2026-10-10,2,2026-10-24,"wk inc flu hosp","quantile","0.025",24.5971677175127
"18",2026-10-10,2,2026-10-24,"wk inc flu hosp","quantile","0.05",33.4474581187121
"18",2026-10-10,2,2026-10-24,"wk inc flu hosp","quantile","0.1",42.9993891419037
"18",2026-10-10,2,2026-10-24,"wk inc flu hosp","quantile","0.15",51.9599300285747
"18",2026-10-10,2,2026-10-24,"wk inc flu hosp","quantile","0.2",60.1521505900786
"18",2026-10-10,2,2026-10-24,"wk inc flu hosp","quantile","0.25",68.7920047593222
"18",2026-10-10,2,2026-10-24,"wk inc flu hosp","quantile","0.3",73.631361551601
"18",2026-10-10,2,2026-10-24,"wk inc flu hosp","quantile","0.35",78.1667504846554
"18",2026-10-10,2,2026-10-24,"wk inc flu hosp","quantile","0.4",84.9684373545079
"18",2026-10-10,2,2026-10-24,"wk inc flu hosp","quantile","0.45",90.5107314050017
"18",2026-10-10,2,2026-10-24,"wk inc flu hosp","quantile","0.5",94.7372878636346
"18",2026-10-10,2,2026-10-24,"wk inc flu hosp","quantile","0.55",100.101620756429
"18",2026-10-10,2,2026-10-24,"wk inc flu hosp","quantile","0.6",106.780597870325
"18",2026-10-10,2,2026-10-24,"wk inc flu hosp","quantile","0.65",112.831838983558
"18",2026-10-10,2,2026-10-24,"wk inc flu hosp","quantile","0.7",121.400074680241
"18",2026-10-10,2,2026-10-24,"wk inc flu hosp","quantile","0.75",131.900020289638
"18",2026-10-10,2,2026-10-24,"wk inc flu hosp","quantile","0.8",142.311332119255
"18",2026-10-10,2,2026-10-24,"wk inc flu hosp","quantile","0.85",157.740582519502
"18",2026-10-10,2,2026-10-24,"wk inc flu hosp","quantile","0.9",178.890248865322
"18",2026-10-10,2,2026-10-24,"wk inc flu hosp","quantile","0.95",232.508659704321
"18",2026-10-10,2,2026-10-24,"wk inc flu hosp","quantile","0.975",277.589963418943
"18",2026-10-10,2,2026-10-24,"wk inc flu hosp","quantile","0.99",319.656053377176
"18",2026-10-10,3,2026-10-31,"wk inc flu hosp","quantile","0.01",17.9870307639708
"18",2026-10-10,3,2026-10-31,"wk inc flu hosp","quantile","0.025",22.4467749452577
"18",2026-10-10,3,2026-10-31,"wk inc flu hosp","quantile","0.05",31.0937812015186
"18",2026-10-10,3,2026-10-31,"wk inc flu hosp","quantile","0.1",42.8480904800548
"18",2026-10-10,3,2026-10-31,"wk inc flu hosp","quantile","0.15",53.31558029115
"18",2026-10-10,3,2026-10-31,"wk inc flu hosp","quantile","0.2",62.5482519933967
"18",2026-10-10,3,2026-10-31,"wk inc flu hosp","quantile","0.25",73.0979038962909
"18",2026-10-10,3,2026-10-31,"wk inc flu hosp","quantile","0.3",78.7379658551636
"18",2026-10-10,3,2026-10-31,"wk inc flu hosp","quantile","0.35",84.5623450787618
"18",2026-10-10,3,2026-10-31,"wk inc flu hosp","quantile","0.4",93.0871909524685
"18",2026-10-10,3,2026-10-31,"wk inc flu hosp","quantile","0.45",102.21884021172
"18",2026-10-10,3,2026-10-31,"wk inc flu hosp","quantile","0.5",108.503957724834
"18",2026-10-10,3,2026-10-31,"wk inc flu hosp","quantile","0.55",117.551003286227
"18",2026-10-10,3,2026-10-31,"wk inc flu hosp","quantile","0.6",127.47874203917
"18",2026-10-10,3,2026-10-31,"wk inc flu hosp","quantile","0.65",134.038171423904
"18",2026-10-10,3,2026-10-31,"wk inc flu hosp","quantile","0.7",145.038552537692
"18",2026-10-10,3,2026-10-31,"wk inc flu hosp","quantile","0.75",159.612802168786
"18",2026-10-10,3,2026-10-31,"wk inc flu hosp","quantile","0.8",171.929426050019
"18",2026-10-10,3,2026-10-31,"wk inc flu hosp","quantile","0.85",189.934129583453
"18",2026-10-10,3,2026-10-31,"wk inc flu hosp","quantile","0.9",221.119872166012
"18",2026-10-10,3,2026-10-31,"wk inc flu hosp","quantile","0.95",286.888092425519
"18",2026-10-10,3,2026-10-31,"wk inc flu hosp","quantile","0.975",352.216117153163
"18",2026-10-10,3,2026-10-31,"wk inc flu hosp","quantile","0.99",414.07815830156
"19",2026-10-10,0,2026-10-10,"wk inc flu hosp","quantile","0.01",3.10999905624379
"19",2026-10-10,0,2026-10-10,"wk inc flu hosp","quantile","0.025",4.62878602762082
"19",2026-10-10,0,2026-10-10,"wk inc flu hosp","quantile","0.05",5.67155376795932
"19",2026-10-10,0,2026-10-10,"wk inc flu hosp","quantile","0.1",7.42006688261657
"19",2026-10-10,0,2026-10-10,"wk inc flu hosp","quantile","0.15",9.27810415791012
"19",2026-10-10,0,2026-10-10,"wk inc flu hosp","quantile","0.2",10.8572964193978
"19",2026-10-10,0,2026-10-10,"wk inc flu hosp","quantile","0.25",12.1191583275663
"19",2026-10-10,0,2026-10-10,"wk inc flu hosp","quantile","0.3",13.1166160899056
"19",2026-10-10,0,2026-10-10,"wk inc flu hosp","quantile","0.35",14.1258898377112
"19",2026-10-10,0,2026-10-10,"wk inc flu hosp","quantile","0.4",14.9221978356649
"19",2026-10-10,0,2026-10-10,"wk inc flu hosp","quantile","0.45",15.8402482010246
"19",2026-10-10,0,2026-10-10,"wk inc flu hosp","quantile","0.5",16.7097494804273
"19",2026-10-10,0,2026-10-10,"wk inc flu hosp","quantile","0.55",17.7884021729306
"19",2026-10-10,0,2026-10-10,"wk inc flu hosp","quantile","0.6",18.7554170089558
"19",2026-10-10,0,2026-10-10,"wk inc flu hosp","quantile","0.65",19.7542978985756
"19",2026-10-10,0,2026-10-10,"wk inc flu hosp","quantile","0.7",21.1042509391773
"19",2026-10-10,0,2026-10-10,"wk inc flu hosp","quantile","0.75",22.5970528852579
"19",2026-10-10,0,2026-10-10,"wk inc flu hosp","quantile","0.8",24.6884015839362
"19",2026-10-10,0,2026-10-10,"wk inc flu hosp","quantile","0.85",27.2504873281567
"19",2026-10-10,0,2026-10-10,"wk inc flu hosp","quantile","0.9",29.6703019619816
"19",2026-10-10,0,2026-10-10,"wk inc flu hosp","quantile","0.95",35.8933898820581
"19",2026-10-10,0,2026-10-10,"wk inc flu hosp","quantile","0.975",41.4974956272391
"19",2026-10-10,0,2026-10-10,"wk inc flu hosp","quantile","0.99",49.0854222088326
"19",2026-10-10,1,2026-10-17,"wk inc flu hosp","quantile","0.01",2.07755980870676
"19",2026-10-10,1,2026-10-17,"wk inc flu hosp","quantile","0.025",3.37519971466797
"19",2026-10-10,1,2026-10-17,"wk inc flu hosp","quantile","0.05",4.64261111655688
"19",2026-10-10,1,2026-10-17,"wk inc flu hosp","quantile","0.1",6.87597041696315
"19",2026-10-10,1,2026-10-17,"wk inc flu hosp","quantile","0.15",9.17390758652452
"19",2026-10-10,1,2026-10-17,"wk inc flu hosp","quantile","0.2",11.5807527429606
"19",2026-10-10,1,2026-10-17,"wk inc flu hosp","quantile","0.25",13.3446204740038
"19",2026-10-10,1,2026-10-17,"wk inc flu hosp","quantile","0.3",14.6921912348986
"19",2026-10-10,1,2026-10-17,"wk inc flu hosp","quantile","0.35",15.9261945485209
"19",2026-10-10,1,2026-10-17,"wk inc flu hosp","quantile","0.4",17.2123692827455
"19",2026-10-10,1,2026-10-17,"wk inc flu hosp","quantile","0.45",18.6893419811141
"19",2026-10-10,1,2026-10-17,"wk inc flu hosp","quantile","0.5",19.7384688887153
"19",2026-10-10,1,2026-10-17,"wk inc flu hosp","quantile","0.55",21.3679597841977
"19",2026-10-10,1,2026-10-17,"wk inc flu hosp","quantile","0.6",23.4285778194992
"19",2026-10-10,1,2026-10-17,"wk inc flu hosp","quantile","0.65",25.2050449175554
"19",2026-10-10,1,2026-10-17,"wk inc flu hosp","quantile","0.7",27.202352622126
"19",2026-10-10,1,2026-10-17,"wk inc flu hosp","quantile","0.75",30.0325891176074
"19",2026-10-10,1,2026-10-17,"wk inc flu hosp","quantile","0.8",32.7108443001447
"19",2026-10-10,1,2026-10-17,"wk inc flu hosp","quantile","0.85",38.3817946909223
"19",2026-10-10,1,2026-10-17,"wk inc flu hosp","quantile","0.9",43.5655020537835
"19",2026-10-10,1,2026-10-17,"wk inc flu hosp","quantile","0.95",54.0131072978547
"19",2026-10-10,1,2026-10-17,"wk inc flu hosp","quantile","0.975",63.0502059179209
"19",2026-10-10,1,2026-10-17,"wk inc flu hosp","quantile","0.99",73.136589603324
"19",2026-10-10,2,2026-10-24,"wk inc flu hosp","quantile","0.01",2.04326593561397
"19",2026-10-10,2,2026-10-24,"wk inc flu hosp","quantile","0.025",2.54940926837543
"19",2026-10-10,2,2026-10-24,"wk inc flu hosp","quantile","0.05",3.68545131105343
"19",2026-10-10,2,2026-10-24,"wk inc flu hosp","quantile","0.1",6.49574886303233
"19",2026-10-10,2,2026-10-24,"wk inc flu hosp","quantile","0.15",9.22553126069373
"19",2026-10-10,2,2026-10-24,"wk inc flu hosp","quantile","0.2",11.8649250589934
"19",2026-10-10,2,2026-10-24,"wk inc flu hosp","quantile","0.25",14.4433880234748
"19",2026-10-10,2,2026-10-24,"wk inc flu hosp","quantile","0.3",16.2913492944551
"19",2026-10-10,2,2026-10-24,"wk inc flu hosp","quantile","0.35",17.9554030818192
"19",2026-10-10,2,2026-10-24,"wk inc flu hosp","quantile","0.4",19.6152526294303
"19",2026-10-10,2,2026-10-24,"wk inc flu hosp","quantile","0.45",21.7965845550696
"19",2026-10-10,2,2026-10-24,"wk inc flu hosp","quantile","0.5",23.9648973199976
"19",2026-10-10,2,2026-10-24,"wk inc flu hosp","quantile","0.55",26.0369086934699
"19",2026-10-10,2,2026-10-24,"wk inc flu hosp","quantile","0.6",28.5339322831559
"19",2026-10-10,2,2026-10-24,"wk inc flu hosp","quantile","0.65",31.0238792155496
"19",2026-10-10,2,2026-10-24,"wk inc flu hosp","quantile","0.7",33.7766147308732
"19",2026-10-10,2,2026-10-24,"wk inc flu hosp","quantile","0.75",37.590140883222
"19",2026-10-10,2,2026-10-24,"wk inc flu hosp","quantile","0.8",41.375081837867
"19",2026-10-10,2,2026-10-24,"wk inc flu hosp","quantile","0.85",46.4042606392004
"19",2026-10-10,2,2026-10-24,"wk inc flu hosp","quantile","0.9",54.6950377798613
"19",2026-10-10,2,2026-10-24,"wk inc flu hosp","quantile","0.95",71.8311453507207
"19",2026-10-10,2,2026-10-24,"wk inc flu hosp","quantile","0.975",87.6236164202502
"19",2026-10-10,2,2026-10-24,"wk inc flu hosp","quantile","0.99",101.768636244425
"19",2026-10-10,3,2026-10-31,"wk inc flu hosp","quantile","0.01",2.05628439641631
"19",2026-10-10,3,2026-10-31,"wk inc flu hosp","quantile","0.025",2.52934927282074
"19",2026-10-10,3,2026-10-31,"wk inc flu hosp","quantile","0.05",2.82811516333332
"19",2026-10-10,3,2026-10-31,"wk inc flu hosp","quantile","0.1",6.34587783486965
"19",2026-10-10,3,2026-10-31,"wk inc flu hosp","quantile","0.15",9.34228713203925
"19",2026-10-10,3,2026-10-31,"wk inc flu hosp","quantile","0.2",12.8340024399335
"19",2026-10-10,3,2026-10-31,"wk inc flu hosp","quantile","0.25",15.6056356373336
"19",2026-10-10,3,2026-10-31,"wk inc flu hosp","quantile","0.3",17.8202864808414
"19",2026-10-10,3,2026-10-31,"wk inc flu hosp","quantile","0.35",19.7746719544423
"19",2026-10-10,3,2026-10-31,"wk inc flu hosp","quantile","0.4",21.926603431358
"19",2026-10-10,3,2026-10-31,"wk inc flu hosp","quantile","0.45",24.3357912112737
"19",2026-10-10,3,2026-10-31,"wk inc flu hosp","quantile","0.5",27.3777797397416
"19",2026-10-10,3,2026-10-31,"wk inc flu hosp","quantile","0.55",31.0069194790909
"19",2026-10-10,3,2026-10-31,"wk inc flu hosp","quantile","0.6",34.2948786302206
"19",2026-10-10,3,2026-10-31,"wk inc flu hosp","quantile","0.65",37.5287061077668
"19",2026-10-10,3,2026-10-31,"wk inc flu hosp","quantile","0.7",41.6227869153356
"19",2026-10-10,3,2026-10-31,"wk inc flu hosp","quantile","0.75",45.8074413593817
"19",2026-10-10,3,2026-10-31,"wk inc flu hosp","quantile","0.8",51.1182572247558
"19",2026-10-10,3,2026-10-31,"wk inc flu hosp","quantile","0.85",57.6317272434028
"19",2026-10-10,3,2026-10-31,"wk inc flu hosp","quantile","0.9",69.549926874566
"19",2026-10-10,3,2026-10-31,"wk inc flu hosp","quantile","0.95",92.7878722727424
"19",2026-10-10,3,2026-10-31,"wk inc flu hosp","quantile","0.975",113.148440677926
"19",2026-10-10,3,2026-10-31,"wk inc flu hosp","quantile","0.99",137.263313044562
"20",2026-10-10,0,2026-10-10,"wk inc flu hosp","quantile","0.01",2.85401307981654
"20",2026-10-10,0,2026-10-10,"wk inc flu hosp","quantile","0.025",3.90650340442623
"20",2026-10-10,0,2026-10-10,"wk inc flu hosp","quantile","0.05",4.76983501868985
"20",2026-10-10,0,2026-10-10,"wk inc flu hosp","quantile","0.1",6.19827039141976
"20",2026-10-10,0,2026-10-10,"wk inc flu hosp","quantile","0.15",7.38113329923173
"20",2026-10-10,0,2026-10-10,"wk inc flu hosp","quantile","0.2",8.21650838699699
"20",2026-10-10,0,2026-10-10,"wk inc flu hosp","quantile","0.25",9.07401008133732
"20",2026-10-10,0,2026-10-10,"wk inc flu hosp","quantile","0.3",9.92496407178833
"20",2026-10-10,0,2026-10-10,"wk inc flu hosp","quantile","0.35",10.5654617178015
"20",2026-10-10,0,2026-10-10,"wk inc flu hosp","quantile","0.4",11.518196684799
"20",2026-10-10,0,2026-10-10,"wk inc flu hosp","quantile","0.45",12.3376143554736
"20",2026-10-10,0,2026-10-10,"wk inc flu hosp","quantile","0.5",13.4313866729294
"20",2026-10-10,0,2026-10-10,"wk inc flu hosp","quantile","0.55",14.2465283832321
"20",2026-10-10,0,2026-10-10,"wk inc flu hosp","quantile","0.6",14.9992619985686
"20",2026-10-10,0,2026-10-10,"wk inc flu hosp","quantile","0.65",15.9617283526871
"20",2026-10-10,0,2026-10-10,"wk inc flu hosp","quantile","0.7",17.0271260448056
"20",2026-10-10,0,2026-10-10,"wk inc flu hosp","quantile","0.75",18.2546658641867
"20",2026-10-10,0,2026-10-10,"wk inc flu hosp","quantile","0.8",19.4745066751816
"20",2026-10-10,0,2026-10-10,"wk inc flu hosp","quantile","0.85",20.9655264006093
"20",2026-10-10,0,2026-10-10,"wk inc flu hosp","quantile","0.9",23.2465004985541
"20",2026-10-10,0,2026-10-10,"wk inc flu hosp","quantile","0.95",27.3127306049659
"20",2026-10-10,0,2026-10-10,"wk inc flu hosp","quantile","0.975",31.8785667858594
"20",2026-10-10,0,2026-10-10,"wk inc flu hosp","quantile","0.99",38.529658382484
"20",2026-10-10,1,2026-10-17,"wk inc flu hosp","quantile","0.01",2.06455314474303
"20",2026-10-10,1,2026-10-17,"wk inc flu hosp","quantile","0.025",2.746489948204
"20",2026-10-10,1,2026-10-17,"wk inc flu hosp","quantile","0.05",3.71331109915878
"20",2026-10-10,1,2026-10-17,"wk inc flu hosp","quantile","0.1",5.49638585098568
"20",2026-10-10,1,2026-10-17,"wk inc flu hosp","quantile","0.15",7.02422731195334
"20",2026-10-10,1,2026-10-17,"wk inc flu hosp","quantile","0.2",8.32403468356801
"20",2026-10-10,1,2026-10-17,"wk inc flu hosp","quantile","0.25",9.70602627587255
"20",2026-10-10,1,2026-10-17,"wk inc flu hosp","quantile","0.3",10.9617622769363
"20",2026-10-10,1,2026-10-17,"wk inc flu hosp","quantile","0.35",11.9211527708854
"20",2026-10-10,1,2026-10-17,"wk inc flu hosp","quantile","0.4",13.0234357029085
"20",2026-10-10,1,2026-10-17,"wk inc flu hosp","quantile","0.45",14.2025866929183
"20",2026-10-10,1,2026-10-17,"wk inc flu hosp","quantile","0.5",15.5280077347314
"20",2026-10-10,1,2026-10-17,"wk inc flu hosp","quantile","0.55",16.7629974715397
"20",2026-10-10,1,2026-10-17,"wk inc flu hosp","quantile","0.6",17.9557916878962
"20",2026-10-10,1,2026-10-17,"wk inc flu hosp","quantile","0.65",19.8007021545429
"20",2026-10-10,1,2026-10-17,"wk inc flu hosp","quantile","0.7",21.422827101953
"20",2026-10-10,1,2026-10-17,"wk inc flu hosp","quantile","0.75",23.3447594531991
"20",2026-10-10,1,2026-10-17,"wk inc flu hosp","quantile","0.8",25.2977297689126
"20",2026-10-10,1,2026-10-17,"wk inc flu hosp","quantile","0.85",28.2576641227817
"20",2026-10-10,1,2026-10-17,"wk inc flu hosp","quantile","0.9",32.3804257124177
"20",2026-10-10,1,2026-10-17,"wk inc flu hosp","quantile","0.95",38.5151633765984
"20",2026-10-10,1,2026-10-17,"wk inc flu hosp","quantile","0.975",45.8206484707799
"20",2026-10-10,1,2026-10-17,"wk inc flu hosp","quantile","0.99",56.1210732202864
"20",2026-10-10,2,2026-10-24,"wk inc flu hosp","quantile","0.01",2.03885032516114
"20",2026-10-10,2,2026-10-24,"wk inc flu hosp","quantile","0.025",2.53135333241584
"20",2026-10-10,2,2026-10-24,"wk inc flu hosp","quantile","0.05",2.85005121040499
"20",2026-10-10,2,2026-10-24,"wk inc flu hosp","quantile","0.1",4.77167030790064
"20",2026-10-10,2,2026-10-24,"wk inc flu hosp","quantile","0.15",6.59754614551379
"20",2026-10-10,2,2026-10-24,"wk inc flu hosp","quantile","0.2",8.39493691566912
"20",2026-10-10,2,2026-10-24,"wk inc flu hosp","quantile","0.25",9.94444746467478
"20",2026-10-10,2,2026-10-24,"wk inc flu hosp","quantile","0.3",11.8195812258654
"20",2026-10-10,2,2026-10-24,"wk inc flu hosp","quantile","0.35",13.266160788785
"20",2026-10-10,2,2026-10-24,"wk inc flu hosp","quantile","0.4",14.6759987726666
"20",2026-10-10,2,2026-10-24,"wk inc flu hosp","quantile","0.45",16.2842065039169
"20",2026-10-10,2,2026-10-24,"wk inc flu hosp","quantile","0.5",17.8873516325184
"20",2026-10-10,2,2026-10-24,"wk inc flu hosp","quantile","0.55",19.5973678086836
"20",2026-10-10,2,2026-10-24,"wk inc flu hosp","quantile","0.6",21.4842241536667
"20",2026-10-10,2,2026-10-24,"wk inc flu hosp","quantile","0.65",23.4555203691372
"20",2026-10-10,2,2026-10-24,"wk inc flu hosp","quantile","0.7",25.6782256650745
"20",2026-10-10,2,2026-10-24,"wk inc flu hosp","quantile","0.75",28.442439395399
"20",2026-10-10,2,2026-10-24,"wk inc flu hosp","quantile","0.8",31.6531137480003
"20",2026-10-10,2,2026-10-24,"wk inc flu hosp","quantile","0.85",36.0746611558162
"20",2026-10-10,2,2026-10-24,"wk inc flu hosp","quantile","0.9",41.9652734988219
"20",2026-10-10,2,2026-10-24,"wk inc flu hosp","quantile","0.95",53.0792551987254
"20",2026-10-10,2,2026-10-24,"wk inc flu hosp","quantile","0.975",64.1345715413432
"20",2026-10-10,2,2026-10-24,"wk inc flu hosp","quantile","0.99",77.5869310477676
"20",2026-10-10,3,2026-10-31,"wk inc flu hosp","quantile","0.01",2.01815425830331
"20",2026-10-10,3,2026-10-31,"wk inc flu hosp","quantile","0.025",2.49743948822862
"20",2026-10-10,3,2026-10-31,"wk inc flu hosp","quantile","0.05",2.57464758577354
"20",2026-10-10,3,2026-10-31,"wk inc flu hosp","quantile","0.1",4.63831880149268
"20",2026-10-10,3,2026-10-31,"wk inc flu hosp","quantile","0.15",6.60680842772025
"20",2026-10-10,3,2026-10-31,"wk inc flu hosp","quantile","0.2",8.84336169317416
"20",2026-10-10,3,2026-10-31,"wk inc flu hosp","quantile","0.25",10.5718978175618
"20",2026-10-10,3,2026-10-31,"wk inc flu hosp","quantile","0.3",12.2170708068025
"20",2026-10-10,3,2026-10-31,"wk inc flu hosp","quantile","0.35",14.2111221886021
"20",2026-10-10,3,2026-10-31,"wk inc flu hosp","quantile","0.4",16.1395809427209
"20",2026-10-10,3,2026-10-31,"wk inc flu hosp","quantile","0.45",18.5609277594474
"20",2026-10-10,3,2026-10-31,"wk inc flu hosp","quantile","0.5",21.120010381744
"20",2026-10-10,3,2026-10-31,"wk inc flu hosp","quantile","0.55",23.3123500366426
"20",2026-10-10,3,2026-10-31,"wk inc flu hosp","quantile","0.6",25.8846194577787
"20",2026-10-10,3,2026-10-31,"wk inc flu hosp","quantile","0.65",28.617611237935
"20",2026-10-10,3,2026-10-31,"wk inc flu hosp","quantile","0.7",31.3538575615514
"20",2026-10-10,3,2026-10-31,"wk inc flu hosp","quantile","0.75",34.5652208939866
"20",2026-10-10,3,2026-10-31,"wk inc flu hosp","quantile","0.8",38.8752784711946
"20",2026-10-10,3,2026-10-31,"wk inc flu hosp","quantile","0.85",45.6173439774437
"20",2026-10-10,3,2026-10-31,"wk inc flu hosp","quantile","0.9",54.1254369638269
"20",2026-10-10,3,2026-10-31,"wk inc flu hosp","quantile","0.95",71.5322178245433
"20",2026-10-10,3,2026-10-31,"wk inc flu hosp","quantile","0.975",87.842261242072
"20",2026-10-10,3,2026-10-31,"wk inc flu hosp","quantile","0.99",112.432681522286
"21",2026-10-10,0,2026-10-10,"wk inc flu hosp","quantile","0.01",18.3311110531968
"21",2026-10-10,0,2026-10-10,"wk inc flu hosp","quantile","0.025",22.103485012817
"21",2026-10-10,0,2026-10-10,"wk inc flu hosp","quantile","0.05",26.5030615278703
"21",2026-10-10,0,2026-10-10,"wk inc flu hosp","quantile","0.1",31.8607396594887
"21",2026-10-10,0,2026-10-10,"wk inc flu hosp","quantile","0.15",35.0969521610984
"21",2026-10-10,0,2026-10-10,"wk inc flu hosp","quantile","0.2",38.387007309434
"21",2026-10-10,0,2026-10-10,"wk inc flu hosp","quantile","0.25",41.7528236922577
"21",2026-10-10,0,2026-10-10,"wk inc flu hosp","quantile","0.3",44.9408395774548
"21",2026-10-10,0,2026-10-10,"wk inc flu hosp","quantile","0.35",47.1478255729852
"21",2026-10-10,0,2026-10-10,"wk inc flu hosp","quantile","0.4",49.877379190768
"21",2026-10-10,0,2026-10-10,"wk inc flu hosp","quantile","0.45",50.9547586284493
"21",2026-10-10,0,2026-10-10,"wk inc flu hosp","quantile","0.5",52.2949004245427
"21",2026-10-10,0,2026-10-10,"wk inc flu hosp","quantile","0.55",54.4164449687872
"21",2026-10-10,0,2026-10-10,"wk inc flu hosp","quantile","0.6",56.6590504172783
"21",2026-10-10,0,2026-10-10,"wk inc flu hosp","quantile","0.65",59.1967924999865
"21",2026-10-10,0,2026-10-10,"wk inc flu hosp","quantile","0.7",62.3726608758419
"21",2026-10-10,0,2026-10-10,"wk inc flu hosp","quantile","0.75",65.293202779109
"21",2026-10-10,0,2026-10-10,"wk inc flu hosp","quantile","0.8",69.2574420212519
"21",2026-10-10,0,2026-10-10,"wk inc flu hosp","quantile","0.85",74.089644737522
"21",2026-10-10,0,2026-10-10,"wk inc flu hosp","quantile","0.9",80.2955899764666
"21",2026-10-10,0,2026-10-10,"wk inc flu hosp","quantile","0.95",94.1525829992623
"21",2026-10-10,0,2026-10-10,"wk inc flu hosp","quantile","0.975",107.640445091626
"21",2026-10-10,0,2026-10-10,"wk inc flu hosp","quantile","0.99",126.103673551916
"21",2026-10-10,1,2026-10-17,"wk inc flu hosp","quantile","0.01",14.828804384767
"21",2026-10-10,1,2026-10-17,"wk inc flu hosp","quantile","0.025",18.5224830176094
"21",2026-10-10,1,2026-10-17,"wk inc flu hosp","quantile","0.05",24.8863430666721
"21",2026-10-10,1,2026-10-17,"wk inc flu hosp","quantile","0.1",31.7311295623288
"21",2026-10-10,1,2026-10-17,"wk inc flu hosp","quantile","0.15",36.6194966801251
"21",2026-10-10,1,2026-10-17,"wk inc flu hosp","quantile","0.2",41.3111111199529
"21",2026-10-10,1,2026-10-17,"wk inc flu hosp","quantile","0.25",45.9969037466126
"21",2026-10-10,1,2026-10-17,"wk inc flu hosp","quantile","0.3",49.9634706554677
"21",2026-10-10,1,2026-10-17,"wk inc flu hosp","quantile","0.35",53.8747677492035
"21",2026-10-10,1,2026-10-17,"wk inc flu hosp","quantile","0.4",56.8444308635403
"21",2026-10-10,1,2026-10-17,"wk inc flu hosp","quantile","0.45",59.6068539789681
"21",2026-10-10,1,2026-10-17,"wk inc flu hosp","quantile","0.5",62.0851155108276
"21",2026-10-10,1,2026-10-17,"wk inc flu hosp","quantile","0.55",64.9273792569932
"21",2026-10-10,1,2026-10-17,"wk inc flu hosp","quantile","0.6",69.4992312121803
"21",2026-10-10,1,2026-10-17,"wk inc flu hosp","quantile","0.65",73.9762954970474
"21",2026-10-10,1,2026-10-17,"wk inc flu hosp","quantile","0.7",79.0372097500994
"21",2026-10-10,1,2026-10-17,"wk inc flu hosp","quantile","0.75",84.8462516614424
"21",2026-10-10,1,2026-10-17,"wk inc flu hosp","quantile","0.8",90.0417606334352
"21",2026-10-10,1,2026-10-17,"wk inc flu hosp","quantile","0.85",99.6962240033784
"21",2026-10-10,1,2026-10-17,"wk inc flu hosp","quantile","0.9",110.858615763641
"21",2026-10-10,1,2026-10-17,"wk inc flu hosp","quantile","0.95",132.064997689289
"21",2026-10-10,1,2026-10-17,"wk inc flu hosp","quantile","0.975",156.570418837015
"21",2026-10-10,1,2026-10-17,"wk inc flu hosp","quantile","0.99",182.907563553768
"21",2026-10-10,2,2026-10-24,"wk inc flu hosp","quantile","0.01",11.4500387650258
"21",2026-10-10,2,2026-10-24,"wk inc flu hosp","quantile","0.025",15.4667837246678
"21",2026-10-10,2,2026-10-24,"wk inc flu hosp","quantile","0.05",22.0007581434998
"21",2026-10-10,2,2026-10-24,"wk inc flu hosp","quantile","0.1",30.6438900553303
"21",2026-10-10,2,2026-10-24,"wk inc flu hosp","quantile","0.15",36.4751248759894
"21",2026-10-10,2,2026-10-24,"wk inc flu hosp","quantile","0.2",42.4230888441757
"21",2026-10-10,2,2026-10-24,"wk inc flu hosp","quantile","0.25",49.3385746682745
"21",2026-10-10,2,2026-10-24,"wk inc flu hosp","quantile","0.3",53.9432167125101
"21",2026-10-10,2,2026-10-24,"wk inc flu hosp","quantile","0.35",58.3191410073851
"21",2026-10-10,2,2026-10-24,"wk inc flu hosp","quantile","0.4",62.7975976103656
"21",2026-10-10,2,2026-10-24,"wk inc flu hosp","quantile","0.45",66.5072585959758
"21",2026-10-10,2,2026-10-24,"wk inc flu hosp","quantile","0.5",70.2764963410753
"21",2026-10-10,2,2026-10-24,"wk inc flu hosp","quantile","0.55",74.8810165818858
"21",2026-10-10,2,2026-10-24,"wk inc flu hosp","quantile","0.6",80.6798756522727
"21",2026-10-10,2,2026-10-24,"wk inc flu hosp","quantile","0.65",84.5298682955369
"21",2026-10-10,2,2026-10-24,"wk inc flu hosp","quantile","0.7",92.736641871279
"21",2026-10-10,2,2026-10-24,"wk inc flu hosp","quantile","0.75",100.326973778796
"21",2026-10-10,2,2026-10-24,"wk inc flu hosp","quantile","0.8",108.765531439599
"21",2026-10-10,2,2026-10-24,"wk inc flu hosp","quantile","0.85",122.66753122819
"21",2026-10-10,2,2026-10-24,"wk inc flu hosp","quantile","0.9",141.836144140004
"21",2026-10-10,2,2026-10-24,"wk inc flu hosp","quantile","0.95",176.830102639006
"21",2026-10-10,2,2026-10-24,"wk inc flu hosp","quantile","0.975",213.456314523584
"21",2026-10-10,2,2026-10-24,"wk inc flu hosp","quantile","0.99",247.890631736505
"21",2026-10-10,3,2026-10-31,"wk inc flu hosp","quantile","0.01",9.59986887205724
"21",2026-10-10,3,2026-10-31,"wk inc flu hosp","quantile","0.025",13.1682944041515
"21",2026-10-10,3,2026-10-31,"wk inc flu hosp","quantile","0.05",20.0530538922474
"21",2026-10-10,3,2026-10-31,"wk inc flu hosp","quantile","0.1",28.763912799908
"21",2026-10-10,3,2026-10-31,"wk inc flu hosp","quantile","0.15",35.7371521107102
"21",2026-10-10,3,2026-10-31,"wk inc flu hosp","quantile","0.2",43.277719270209
"21",2026-10-10,3,2026-10-31,"wk inc flu hosp","quantile","0.25",51.341891310276
"21",2026-10-10,3,2026-10-31,"wk inc flu hosp","quantile","0.3",57.2194223439959
"21",2026-10-10,3,2026-10-31,"wk inc flu hosp","quantile","0.35",62.5499694697511
"21",2026-10-10,3,2026-10-31,"wk inc flu hosp","quantile","0.4",68.3109178885693
"21",2026-10-10,3,2026-10-31,"wk inc flu hosp","quantile","0.45",74.1938180392898
"21",2026-10-10,3,2026-10-31,"wk inc flu hosp","quantile","0.5",79.2068803424803
"21",2026-10-10,3,2026-10-31,"wk inc flu hosp","quantile","0.55",86.6072348154833
"21",2026-10-10,3,2026-10-31,"wk inc flu hosp","quantile","0.6",93.3622767785454
"21",2026-10-10,3,2026-10-31,"wk inc flu hosp","quantile","0.65",99.8122034049626
"21",2026-10-10,3,2026-10-31,"wk inc flu hosp","quantile","0.7",109.456669074427
"21",2026-10-10,3,2026-10-31,"wk inc flu hosp","quantile","0.75",120.839292279055
"21",2026-10-10,3,2026-10-31,"wk inc flu hosp","quantile","0.8",130.334653333502
"21",2026-10-10,3,2026-10-31,"wk inc flu hosp","quantile","0.85",148.363932512761
"21",2026-10-10,3,2026-10-31,"wk inc flu hosp","quantile","0.9",172.997962394614
"21",2026-10-10,3,2026-10-31,"wk inc flu hosp","quantile","0.95",221.509584572205
"21",2026-10-10,3,2026-10-31,"wk inc flu hosp","quantile","0.975",275.356103876906
"21",2026-10-10,3,2026-10-31,"wk inc flu hosp","quantile","0.99",321.23687398747
"22",2026-10-10,0,2026-10-10,"wk inc flu hosp","quantile","0.01",53.1716253044527
"22",2026-10-10,0,2026-10-10,"wk inc flu hosp","quantile","0.025",61.6814260486215
"22",2026-10-10,0,2026-10-10,"wk inc flu hosp","quantile","0.05",69.0872624555155
"22",2026-10-10,0,2026-10-10,"wk inc flu hosp","quantile","0.1",78.0941506316945
"22",2026-10-10,0,2026-10-10,"wk inc flu hosp","quantile","0.15",83.1966956934854
"22",2026-10-10,0,2026-10-10,"wk inc flu hosp","quantile","0.2",90.4061519760167
"22",2026-10-10,0,2026-10-10,"wk inc flu hosp","quantile","0.25",96.7434802741738
"22",2026-10-10,0,2026-10-10,"wk inc flu hosp","quantile","0.3",102.740551840388
"22",2026-10-10,0,2026-10-10,"wk inc flu hosp","quantile","0.35",107.348458207472
"22",2026-10-10,0,2026-10-10,"wk inc flu hosp","quantile","0.4",111.555331824828
"22",2026-10-10,0,2026-10-10,"wk inc flu hosp","quantile","0.45",114.871265612806
"22",2026-10-10,0,2026-10-10,"wk inc flu hosp","quantile","0.5",117.317093941313
"22",2026-10-10,0,2026-10-10,"wk inc flu hosp","quantile","0.55",121.255300529412
"22",2026-10-10,0,2026-10-10,"wk inc flu hosp","quantile","0.6",124.729595033626
"22",2026-10-10,0,2026-10-10,"wk inc flu hosp","quantile","0.65",127.806095604906
"22",2026-10-10,0,2026-10-10,"wk inc flu hosp","quantile","0.7",131.975758467919
"22",2026-10-10,0,2026-10-10,"wk inc flu hosp","quantile","0.75",137.385824178948
"22",2026-10-10,0,2026-10-10,"wk inc flu hosp","quantile","0.8",144.746481097384
"22",2026-10-10,0,2026-10-10,"wk inc flu hosp","quantile","0.85",153.959628991124
"22",2026-10-10,0,2026-10-10,"wk inc flu hosp","quantile","0.9",165.597639587131
"22",2026-10-10,0,2026-10-10,"wk inc flu hosp","quantile","0.95",182.716292953576
"22",2026-10-10,0,2026-10-10,"wk inc flu hosp","quantile","0.975",199.13327435486
"22",2026-10-10,0,2026-10-10,"wk inc flu hosp","quantile","0.99",231.245479979396
"22",2026-10-10,1,2026-10-17,"wk inc flu hosp","quantile","0.01",44.4705672380849
"22",2026-10-10,1,2026-10-17,"wk inc flu hosp","quantile","0.025",53.6187546441477
"22",2026-10-10,1,2026-10-17,"wk inc flu hosp","quantile","0.05",63.1994529493662
"22",2026-10-10,1,2026-10-17,"wk inc flu hosp","quantile","0.1",77.8635175390079
"22",2026-10-10,1,2026-10-17,"wk inc flu hosp","quantile","0.15",86.4484403542471
"22",2026-10-10,1,2026-10-17,"wk inc flu hosp","quantile","0.2",95.2895078425854
"22",2026-10-10,1,2026-10-17,"wk inc flu hosp","quantile","0.25",105.010135960853
"22",2026-10-10,1,2026-10-17,"wk inc flu hosp","quantile","0.3",111.725643230691
"22",2026-10-10,1,2026-10-17,"wk inc flu hosp","quantile","0.35",117.906759320456
"22",2026-10-10,1,2026-10-17,"wk inc flu hosp","quantile","0.4",123.378973684707
"22",2026-10-10,1,2026-10-17,"wk inc flu hosp","quantile","0.45",127.811218143293
"22",2026-10-10,1,2026-10-17,"wk inc flu hosp","quantile","0.5",131.962659154949
"22",2026-10-10,1,2026-10-17,"wk inc flu hosp","quantile","0.55",138.322344530127
"22",2026-10-10,1,2026-10-17,"wk inc flu hosp","quantile","0.6",145.47982806372
"22",2026-10-10,1,2026-10-17,"wk inc flu hosp","quantile","0.65",152.837650501467
"22",2026-10-10,1,2026-10-17,"wk inc flu hosp","quantile","0.7",159.138881635984
"22",2026-10-10,1,2026-10-17,"wk inc flu hosp","quantile","0.75",169.510217432283
"22",2026-10-10,1,2026-10-17,"wk inc flu hosp","quantile","0.8",177.955921365358
"22",2026-10-10,1,2026-10-17,"wk inc flu hosp","quantile","0.85",196.721845985816
"22",2026-10-10,1,2026-10-17,"wk inc flu hosp","quantile","0.9",219.946596828695
"22",2026-10-10,1,2026-10-17,"wk inc flu hosp","quantile","0.95",262.512078814053
"22",2026-10-10,1,2026-10-17,"wk inc flu hosp","quantile","0.975",288.219039881034
"22",2026-10-10,1,2026-10-17,"wk inc flu hosp","quantile","0.99",326.444967444639
"22",2026-10-10,2,2026-10-24,"wk inc flu hosp","quantile","0.01",39.1722222381242
"22",2026-10-10,2,2026-10-24,"wk inc flu hosp","quantile","0.025",48.2719355745253
"22",2026-10-10,2,2026-10-24,"wk inc flu hosp","quantile","0.05",58.4545152450539
"22",2026-10-10,2,2026-10-24,"wk inc flu hosp","quantile","0.1",75.1216498049733
"22",2026-10-10,2,2026-10-24,"wk inc flu hosp","quantile","0.15",85.9227172658757
"22",2026-10-10,2,2026-10-24,"wk inc flu hosp","quantile","0.2",94.9115017189623
"22",2026-10-10,2,2026-10-24,"wk inc flu hosp","quantile","0.25",106.972922893702
"22",2026-10-10,2,2026-10-24,"wk inc flu hosp","quantile","0.3",117.667473285281
"22",2026-10-10,2,2026-10-24,"wk inc flu hosp","quantile","0.35",124.607030720412
"22",2026-10-10,2,2026-10-24,"wk inc flu hosp","quantile","0.4",133.575400725225
"22",2026-10-10,2,2026-10-24,"wk inc flu hosp","quantile","0.45",141.204972687181
"22",2026-10-10,2,2026-10-24,"wk inc flu hosp","quantile","0.5",147.370105017487
"22",2026-10-10,2,2026-10-24,"wk inc flu hosp","quantile","0.55",155.708259852075
"22",2026-10-10,2,2026-10-24,"wk inc flu hosp","quantile","0.6",162.798065446517
"22",2026-10-10,2,2026-10-24,"wk inc flu hosp","quantile","0.65",170.320662051048
"22",2026-10-10,2,2026-10-24,"wk inc flu hosp","quantile","0.7",179.315154180085
"22",2026-10-10,2,2026-10-24,"wk inc flu hosp","quantile","0.75",192.258980425167
"22",2026-10-10,2,2026-10-24,"wk inc flu hosp","quantile","0.8",204.012645320801
"22",2026-10-10,2,2026-10-24,"wk inc flu hosp","quantile","0.85",221.151466042076
"22",2026-10-10,2,2026-10-24,"wk inc flu hosp","quantile","0.9",246.80374404885
"22",2026-10-10,2,2026-10-24,"wk inc flu hosp","quantile","0.95",314.505125761121
"22",2026-10-10,2,2026-10-24,"wk inc flu hosp","quantile","0.975",371.936217325901
"22",2026-10-10,2,2026-10-24,"wk inc flu hosp","quantile","0.99",422.079462777145
"22",2026-10-10,3,2026-10-31,"wk inc flu hosp","quantile","0.01",33.6303065182953
"22",2026-10-10,3,2026-10-31,"wk inc flu hosp","quantile","0.025",43.3671801302226
"22",2026-10-10,3,2026-10-31,"wk inc flu hosp","quantile","0.05",54.9700664881685
"22",2026-10-10,3,2026-10-31,"wk inc flu hosp","quantile","0.1",72.2525678003362
"22",2026-10-10,3,2026-10-31,"wk inc flu hosp","quantile","0.15",84.1163869017998
"22",2026-10-10,3,2026-10-31,"wk inc flu hosp","quantile","0.2",95.6886426441763
"22",2026-10-10,3,2026-10-31,"wk inc flu hosp","quantile","0.25",109.45984454795
"22",2026-10-10,3,2026-10-31,"wk inc flu hosp","quantile","0.3",121.703512236222
"22",2026-10-10,3,2026-10-31,"wk inc flu hosp","quantile","0.35",129.790754583275
"22",2026-10-10,3,2026-10-31,"wk inc flu hosp","quantile","0.4",140.706939600367
"22",2026-10-10,3,2026-10-31,"wk inc flu hosp","quantile","0.45",152.276969036714
"22",2026-10-10,3,2026-10-31,"wk inc flu hosp","quantile","0.5",160.721804808625
"22",2026-10-10,3,2026-10-31,"wk inc flu hosp","quantile","0.55",173.058405207948
"22",2026-10-10,3,2026-10-31,"wk inc flu hosp","quantile","0.6",183.248744852537
"22",2026-10-10,3,2026-10-31,"wk inc flu hosp","quantile","0.65",192.004155793345
"22",2026-10-10,3,2026-10-31,"wk inc flu hosp","quantile","0.7",202.182692642109
"22",2026-10-10,3,2026-10-31,"wk inc flu hosp","quantile","0.75",217.384168761295
"22",2026-10-10,3,2026-10-31,"wk inc flu hosp","quantile","0.8",231.430429668468
"22",2026-10-10,3,2026-10-31,"wk inc flu hosp","quantile","0.85",259.145577633257
"22",2026-10-10,3,2026-10-31,"wk inc flu hosp","quantile","0.9",294.829879790081
"22",2026-10-10,3,2026-10-31,"wk inc flu hosp","quantile","0.95",370.183785004633
"22",2026-10-10,3,2026-10-31,"wk inc flu hosp","quantile","0.975",437.043486712781
"22",2026-10-10,3,2026-10-31,"wk inc flu hosp","quantile","0.99",506.54217328787
"23",2026-10-10,0,2026-10-10,"wk inc flu hosp","quantile","0.01",4.11942653024295
"23",2026-10-10,0,2026-10-10,"wk inc flu hosp","quantile","0.025",5.3475011741967
"23",2026-10-10,0,2026-10-10,"wk inc flu hosp","quantile","0.05",6.57521097769006
"23",2026-10-10,0,2026-10-10,"wk inc flu hosp","quantile","0.1",8.17785277734028
"23",2026-10-10,0,2026-10-10,"wk inc flu hosp","quantile","0.15",8.94225352699246
"23",2026-10-10,0,2026-10-10,"wk inc flu hosp","quantile","0.2",10.0466103712522
"23",2026-10-10,0,2026-10-10,"wk inc flu hosp","quantile","0.25",11.0383251191135
"23",2026-10-10,0,2026-10-10,"wk inc flu hosp","quantile","0.3",12.0223453207148
"23",2026-10-10,0,2026-10-10,"wk inc flu hosp","quantile","0.35",13.1845015075333
"23",2026-10-10,0,2026-10-10,"wk inc flu hosp","quantile","0.4",14.1931899094621
"23",2026-10-10,0,2026-10-10,"wk inc flu hosp","quantile","0.45",15.2716953406618
"23",2026-10-10,0,2026-10-10,"wk inc flu hosp","quantile","0.5",16.1711807401765
"23",2026-10-10,0,2026-10-10,"wk inc flu hosp","quantile","0.55",16.9213348724443
"23",2026-10-10,0,2026-10-10,"wk inc flu hosp","quantile","0.6",17.8732744759002
"23",2026-10-10,0,2026-10-10,"wk inc flu hosp","quantile","0.65",18.71433178119
"23",2026-10-10,0,2026-10-10,"wk inc flu hosp","quantile","0.7",19.7268786521985
"23",2026-10-10,0,2026-10-10,"wk inc flu hosp","quantile","0.75",21.0752058188886
"23",2026-10-10,0,2026-10-10,"wk inc flu hosp","quantile","0.8",22.7446554399579
"23",2026-10-10,0,2026-10-10,"wk inc flu hosp","quantile","0.85",25.0989085150898
"23",2026-10-10,0,2026-10-10,"wk inc flu hosp","quantile","0.9",27.5213710274168
"23",2026-10-10,0,2026-10-10,"wk inc flu hosp","quantile","0.95",32.640076236835
"23",2026-10-10,0,2026-10-10,"wk inc flu hosp","quantile","0.975",37.1798215334153
"23",2026-10-10,0,2026-10-10,"wk inc flu hosp","quantile","0.99",43.9673572915387
"23",2026-10-10,1,2026-10-17,"wk inc flu hosp","quantile","0.01",2.29423613041835
"23",2026-10-10,1,2026-10-17,"wk inc flu hosp","quantile","0.025",3.82845178990565
"23",2026-10-10,1,2026-10-17,"wk inc flu hosp","quantile","0.05",5.75120804568466
"23",2026-10-10,1,2026-10-17,"wk inc flu hosp","quantile","0.1",7.61873219747129
"23",2026-10-10,1,2026-10-17,"wk inc flu hosp","quantile","0.15",9.0685814809221
"23",2026-10-10,1,2026-10-17,"wk inc flu hosp","quantile","0.2",10.5585285387191
"23",2026-10-10,1,2026-10-17,"wk inc flu hosp","quantile","0.25",12.1358099380081
"23",2026-10-10,1,2026-10-17,"wk inc flu hosp","quantile","0.3",13.3606266324338
"23",2026-10-10,1,2026-10-17,"wk inc flu hosp","quantile","0.35",15.1545484867449
"23",2026-10-10,1,2026-10-17,"wk inc flu hosp","quantile","0.4",16.6144924100489
"23",2026-10-10,1,2026-10-17,"wk inc flu hosp","quantile","0.45",17.9961675663987
"23",2026-10-10,1,2026-10-17,"wk inc flu hosp","quantile","0.5",19.1375454683935
"23",2026-10-10,1,2026-10-17,"wk inc flu hosp","quantile","0.55",20.5718582776303
"23",2026-10-10,1,2026-10-17,"wk inc flu hosp","quantile","0.6",22.2482470987528
"23",2026-10-10,1,2026-10-17,"wk inc flu hosp","quantile","0.65",23.8228013165953
"23",2026-10-10,1,2026-10-17,"wk inc flu hosp","quantile","0.7",25.6151121613545
"23",2026-10-10,1,2026-10-17,"wk inc flu hosp","quantile","0.75",28.062718115421
"23",2026-10-10,1,2026-10-17,"wk inc flu hosp","quantile","0.8",30.3322317430652
"23",2026-10-10,1,2026-10-17,"wk inc flu hosp","quantile","0.85",34.3263895830324
"23",2026-10-10,1,2026-10-17,"wk inc flu hosp","quantile","0.9",39.5797105000273
"23",2026-10-10,1,2026-10-17,"wk inc flu hosp","quantile","0.95",48.1156085172957
"23",2026-10-10,1,2026-10-17,"wk inc flu hosp","quantile","0.975",56.1210238313968
"23",2026-10-10,1,2026-10-17,"wk inc flu hosp","quantile","0.99",66.5106679773194
"23",2026-10-10,2,2026-10-24,"wk inc flu hosp","quantile","0.01",1.59545910023651
"23",2026-10-10,2,2026-10-24,"wk inc flu hosp","quantile","0.025",2.65050617061419
"23",2026-10-10,2,2026-10-24,"wk inc flu hosp","quantile","0.05",4.79198093277601
"23",2026-10-10,2,2026-10-24,"wk inc flu hosp","quantile","0.1",6.90956700083715
"23",2026-10-10,2,2026-10-24,"wk inc flu hosp","quantile","0.15",8.70155120820401
"23",2026-10-10,2,2026-10-24,"wk inc flu hosp","quantile","0.2",10.4336266216527
"23",2026-10-10,2,2026-10-24,"wk inc flu hosp","quantile","0.25",12.4723974919686
"23",2026-10-10,2,2026-10-24,"wk inc flu hosp","quantile","0.3",14.0415464476423
"23",2026-10-10,2,2026-10-24,"wk inc flu hosp","quantile","0.35",16.1675981194499
"23",2026-10-10,2,2026-10-24,"wk inc flu hosp","quantile","0.4",18.0752030523791
"23",2026-10-10,2,2026-10-24,"wk inc flu hosp","quantile","0.45",20.1842194477588
"23",2026-10-10,2,2026-10-24,"wk inc flu hosp","quantile","0.5",21.7729550096331
"23",2026-10-10,2,2026-10-24,"wk inc flu hosp","quantile","0.55",23.8089854120066
"23",2026-10-10,2,2026-10-24,"wk inc flu hosp","quantile","0.6",26.0633098147239
"23",2026-10-10,2,2026-10-24,"wk inc flu hosp","quantile","0.65",28.5090220182314
"23",2026-10-10,2,2026-10-24,"wk inc flu hosp","quantile","0.7",30.7608297154627
"23",2026-10-10,2,2026-10-24,"wk inc flu hosp","quantile","0.75",33.9342851049012
"23",2026-10-10,2,2026-10-24,"wk inc flu hosp","quantile","0.8",36.9586487105032
"23",2026-10-10,2,2026-10-24,"wk inc flu hosp","quantile","0.85",41.2384854437937
"23",2026-10-10,2,2026-10-24,"wk inc flu hosp","quantile","0.9",48.2702722791309
"23",2026-10-10,2,2026-10-24,"wk inc flu hosp","quantile","0.95",63.8309979731343
"23",2026-10-10,2,2026-10-24,"wk inc flu hosp","quantile","0.975",76.9187875496836
"23",2026-10-10,2,2026-10-24,"wk inc flu hosp","quantile","0.99",91.8683618296014
"23",2026-10-10,3,2026-10-31,"wk inc flu hosp","quantile","0.01",1.58878365706512
"23",2026-10-10,3,2026-10-31,"wk inc flu hosp","quantile","0.025",2.23366758115206
"23",2026-10-10,3,2026-10-31,"wk inc flu hosp","quantile","0.05",3.94878965158201
"23",2026-10-10,3,2026-10-31,"wk inc flu hosp","quantile","0.1",6.19934184863118
"23",2026-10-10,3,2026-10-31,"wk inc flu hosp","quantile","0.15",8.18287296856725
"23",2026-10-10,3,2026-10-31,"wk inc flu hosp","quantile","0.2",10.2491918087425
"23",2026-10-10,3,2026-10-31,"wk inc flu hosp","quantile","0.25",12.6558196602196
"23",2026-10-10,3,2026-10-31,"wk inc flu hosp","quantile","0.3",14.7939644449768
"23",2026-10-10,3,2026-10-31,"wk inc flu hosp","quantile","0.35",17.0065227491903
"23",2026-10-10,3,2026-10-31,"wk inc flu hosp","quantile","0.4",19.6004181807337
"23",2026-10-10,3,2026-10-31,"wk inc flu hosp","quantile","0.45",22.4735773137142
"23",2026-10-10,3,2026-10-31,"wk inc flu hosp","quantile","0.5",24.5718349416832
"23",2026-10-10,3,2026-10-31,"wk inc flu hosp","quantile","0.55",27.3744827318375
"23",2026-10-10,3,2026-10-31,"wk inc flu hosp","quantile","0.6",29.623892898446
"23",2026-10-10,3,2026-10-31,"wk inc flu hosp","quantile","0.65",32.5658511343418
"23",2026-10-10,3,2026-10-31,"wk inc flu hosp","quantile","0.7",35.6413957027185
"23",2026-10-10,3,2026-10-31,"wk inc flu hosp","quantile","0.75",40.4419164477246
"23",2026-10-10,3,2026-10-31,"wk inc flu hosp","quantile","0.8",43.7395293206952
"23",2026-10-10,3,2026-10-31,"wk inc flu hosp","quantile","0.85",50.0602287024282
"23",2026-10-10,3,2026-10-31,"wk inc flu hosp","quantile","0.9",58.6277824545249
"23",2026-10-10,3,2026-10-31,"wk inc flu hosp","quantile","0.95",77.5293486657135
"23",2026-10-10,3,2026-10-31,"wk inc flu hosp","quantile","0.975",94.9588936825667
"23",2026-10-10,3,2026-10-31,"wk inc flu hosp","quantile","0.99",115.215578438592
"24",2026-10-10,0,2026-10-10,"wk inc flu hosp","quantile","0.01",2.83817813363355
"24",2026-10-10,0,2026-10-10,"wk inc flu hosp","quantile","0.025",4.90024537274559
"24",2026-10-10,0,2026-10-10,"wk inc flu hosp","quantile","0.05",6.3278008627829
"24",2026-10-10,0,2026-10-10,"wk inc flu hosp","quantile","0.1",8.60343334207655
"24",2026-10-10,0,2026-10-10,"wk inc flu hosp","quantile","0.15",10.9341371842957
"24",2026-10-10,0,2026-10-10,"wk inc flu hosp","quantile","0.2",12.7618084336039
"24",2026-10-10,0,2026-10-10,"wk inc flu hosp","quantile","0.25",14.2839784073063
"24",2026-10-10,0,2026-10-10,"wk inc flu hosp","quantile","0.3",15.4325726704915
"24",2026-10-10,0,2026-10-10,"wk inc flu hosp","quantile","0.35",16.9295104182349
"24",2026-10-10,0,2026-10-10,"wk inc flu hosp","quantile","0.4",18.3739602309719
"24",2026-10-10,0,2026-10-10,"wk inc flu hosp","quantile","0.45",19.4708032607202
"24",2026-10-10,0,2026-10-10,"wk inc flu hosp","quantile","0.5",20.7729705493088
"24",2026-10-10,0,2026-10-10,"wk inc flu hosp","quantile","0.55",22.1799171919954
"24",2026-10-10,0,2026-10-10,"wk inc flu hosp","quantile","0.6",23.6732781504863
"24",2026-10-10,0,2026-10-10,"wk inc flu hosp","quantile","0.65",24.8847742622541
"24",2026-10-10,0,2026-10-10,"wk inc flu hosp","quantile","0.7",26.0524012038282
"24",2026-10-10,0,2026-10-10,"wk inc flu hosp","quantile","0.75",27.9820909787669
"24",2026-10-10,0,2026-10-10,"wk inc flu hosp","quantile","0.8",29.7283537790334
"24",2026-10-10,0,2026-10-10,"wk inc flu hosp","quantile","0.85",32.3505074580393
"24",2026-10-10,0,2026-10-10,"wk inc flu hosp","quantile","0.9",36.1928314638271
"24",2026-10-10,0,2026-10-10,"wk inc flu hosp","quantile","0.95",44.3651122363263
"24",2026-10-10,0,2026-10-10,"wk inc flu hosp","quantile","0.975",51.2237646021998
"24",2026-10-10,0,2026-10-10,"wk inc flu hosp","quantile","0.99",61.2715036414967
"24",2026-10-10,1,2026-10-17,"wk inc flu hosp","quantile","0.01",2.76052988955814
"24",2026-10-10,1,2026-10-17,"wk inc flu hosp","quantile","0.025",3.76696200150569
"24",2026-10-10,1,2026-10-17,"wk inc flu hosp","quantile","0.05",4.33332497125361
"24",2026-10-10,1,2026-10-17,"wk inc flu hosp","quantile","0.1",6.77409261304634
"24",2026-10-10,1,2026-10-17,"wk inc flu hosp","quantile","0.15",9.83417801282784
"24",2026-10-10,1,2026-10-17,"wk inc flu hosp","quantile","0.2",12.0743457292388
"24",2026-10-10,1,2026-10-17,"wk inc flu hosp","quantile","0.25",14.1071741283624
"24",2026-10-10,1,2026-10-17,"wk inc flu hosp","quantile","0.3",15.924397504079
"24",2026-10-10,1,2026-10-17,"wk inc flu hosp","quantile","0.35",17.671055310589
"24",2026-10-10,1,2026-10-17,"wk inc flu hosp","quantile","0.4",20.2002122715726
"24",2026-10-10,1,2026-10-17,"wk inc flu hosp","quantile","0.45",21.7059087193379
"24",2026-10-10,1,2026-10-17,"wk inc flu hosp","quantile","0.5",23.4256882760833
"24",2026-10-10,1,2026-10-17,"wk inc flu hosp","quantile","0.55",25.3409287976637
"24",2026-10-10,1,2026-10-17,"wk inc flu hosp","quantile","0.6",27.723069931582
"24",2026-10-10,1,2026-10-17,"wk inc flu hosp","quantile","0.65",29.832789211822
"24",2026-10-10,1,2026-10-17,"wk inc flu hosp","quantile","0.7",32.2488029507321
"24",2026-10-10,1,2026-10-17,"wk inc flu hosp","quantile","0.75",35.8041622364022
"24",2026-10-10,1,2026-10-17,"wk inc flu hosp","quantile","0.8",38.4348940695333
"24",2026-10-10,1,2026-10-17,"wk inc flu hosp","quantile","0.85",42.9000463638254
"24",2026-10-10,1,2026-10-17,"wk inc flu hosp","quantile","0.9",48.8189782800621
"24",2026-10-10,1,2026-10-17,"wk inc flu hosp","quantile","0.95",60.6660272865782
"24",2026-10-10,1,2026-10-17,"wk inc flu hosp","quantile","0.975",71.8444903458864
"24",2026-10-10,1,2026-10-17,"wk inc flu hosp","quantile","0.99",85.7574339811113
"24",2026-10-10,2,2026-10-24,"wk inc flu hosp","quantile","0.01",2.71512551497456
"24",2026-10-10,2,2026-10-24,"wk inc flu hosp","quantile","0.025",3.7668863305808
"24",2026-10-10,2,2026-10-24,"wk inc flu hosp","quantile","0.05",4.44467492883184
"24",2026-10-10,2,2026-10-24,"wk inc flu hosp","quantile","0.1",6.04678496229438
"24",2026-10-10,2,2026-10-24,"wk inc flu hosp","quantile","0.15",9.58398278121883
"24",2026-10-10,2,2026-10-24,"wk inc flu hosp","quantile","0.2",12.4063783600864
"24",2026-10-10,2,2026-10-24,"wk inc flu hosp","quantile","0.25",15.0449682033897
"24",2026-10-10,2,2026-10-24,"wk inc flu hosp","quantile","0.3",17.2310160693296
"24",2026-10-10,2,2026-10-24,"wk inc flu hosp","quantile","0.35",19.2780531875794
"24",2026-10-10,2,2026-10-24,"wk inc flu hosp","quantile","0.4",22.1913616053426
"24",2026-10-10,2,2026-10-24,"wk inc flu hosp","quantile","0.45",24.949253574072
"24",2026-10-10,2,2026-10-24,"wk inc flu hosp","quantile","0.5",27.1906556363998
"24",2026-10-10,2,2026-10-24,"wk inc flu hosp","quantile","0.55",28.9635081045972
"24",2026-10-10,2,2026-10-24,"wk inc flu hosp","quantile","0.6",32.1588615724694
"24",2026-10-10,2,2026-10-24,"wk inc flu hosp","quantile","0.65",35.1989568414333
"24",2026-10-10,2,2026-10-24,"wk inc flu hosp","quantile","0.7",38.4075830601479
"24",2026-10-10,2,2026-10-24,"wk inc flu hosp","quantile","0.75",43.4995251360956
"24",2026-10-10,2,2026-10-24,"wk inc flu hosp","quantile","0.8",48.5782082949363
"24",2026-10-10,2,2026-10-24,"wk inc flu hosp","quantile","0.85",55.2590692586079
"24",2026-10-10,2,2026-10-24,"wk inc flu hosp","quantile","0.9",63.4070033179676
"24",2026-10-10,2,2026-10-24,"wk inc flu hosp","quantile","0.95",82.419319969662
"24",2026-10-10,2,2026-10-24,"wk inc flu hosp","quantile","0.975",96.8191333029678
"24",2026-10-10,2,2026-10-24,"wk inc flu hosp","quantile","0.99",118.56287704478
"24",2026-10-10,3,2026-10-31,"wk inc flu hosp","quantile","0.01",2.75207568243857
"24",2026-10-10,3,2026-10-31,"wk inc flu hosp","quantile","0.025",3.76708390696994
"24",2026-10-10,3,2026-10-31,"wk inc flu hosp","quantile","0.05",4.4778573105108
"24",2026-10-10,3,2026-10-31,"wk inc flu hosp","quantile","0.1",5.6153706961373
"24",2026-10-10,3,2026-10-31,"wk inc flu hosp","quantile","0.15",9.34715097904978
"24",2026-10-10,3,2026-10-31,"wk inc flu hosp","quantile","0.2",12.8531245030371
"24",2026-10-10,3,2026-10-31,"wk inc flu hosp","quantile","0.25",15.3868432279861
"24",2026-10-10,3,2026-10-31,"wk inc flu hosp","quantile","0.3",19.0775018553216
"24",2026-10-10,3,2026-10-31,"wk inc flu hosp","quantile","0.35",21.6359351097325
"24",2026-10-10,3,2026-10-31,"wk inc flu hosp","quantile","0.4",25.7050377439243
"24",2026-10-10,3,2026-10-31,"wk inc flu hosp","quantile","0.45",28.9816615143904
"24",2026-10-10,3,2026-10-31,"wk inc flu hosp","quantile","0.5",32.2843688049094
"24",2026-10-10,3,2026-10-31,"wk inc flu hosp","quantile","0.55",35.4648154757647
"24",2026-10-10,3,2026-10-31,"wk inc flu hosp","quantile","0.6",38.9110607955557
"24",2026-10-10,3,2026-10-31,"wk inc flu hosp","quantile","0.65",42.3697483571906
"24",2026-10-10,3,2026-10-31,"wk inc flu hosp","quantile","0.7",46.3761815815207
"24",2026-10-10,3,2026-10-31,"wk inc flu hosp","quantile","0.75",52.7958148322893
"24",2026-10-10,3,2026-10-31,"wk inc flu hosp","quantile","0.8",59.1470883306769
"24",2026-10-10,3,2026-10-31,"wk inc flu hosp","quantile","0.85",67.9865220411067
"24",2026-10-10,3,2026-10-31,"wk inc flu hosp","quantile","0.9",77.8698243776938
"24",2026-10-10,3,2026-10-31,"wk inc flu hosp","quantile","0.95",104.03660084366
"24",2026-10-10,3,2026-10-31,"wk inc flu hosp","quantile","0.975",129.985966368261
"24",2026-10-10,3,2026-10-31,"wk inc flu hosp","quantile","0.99",162.388828586954
"25",2026-10-10,0,2026-10-10,"wk inc flu hosp","quantile","0.01",3.14043786153576
"25",2026-10-10,0,2026-10-10,"wk inc flu hosp","quantile","0.025",5.50473877784981
"25",2026-10-10,0,2026-10-10,"wk inc flu hosp","quantile","0.05",7.77922503600531
"25",2026-10-10,0,2026-10-10,"wk inc flu hosp","quantile","0.1",10.4009141675321
"25",2026-10-10,0,2026-10-10,"wk inc flu hosp","quantile","0.15",12.2214786455641
"25",2026-10-10,0,2026-10-10,"wk inc flu hosp","quantile","0.2",13.8585558620486
"25",2026-10-10,0,2026-10-10,"wk inc flu hosp","quantile","0.25",15.1592176117796
"25",2026-10-10,0,2026-10-10,"wk inc flu hosp","quantile","0.3",16.6834285259051
"25",2026-10-10,0,2026-10-10,"wk inc flu hosp","quantile","0.35",18.1442241956167
"25",2026-10-10,0,2026-10-10,"wk inc flu hosp","quantile","0.4",19.623556348527
"25",2026-10-10,0,2026-10-10,"wk inc flu hosp","quantile","0.45",20.9015062378306
"25",2026-10-10,0,2026-10-10,"wk inc flu hosp","quantile","0.5",22.2733829174048
"25",2026-10-10,0,2026-10-10,"wk inc flu hosp","quantile","0.55",23.6658750785878
"25",2026-10-10,0,2026-10-10,"wk inc flu hosp","quantile","0.6",25.1574573253233
"25",2026-10-10,0,2026-10-10,"wk inc flu hosp","quantile","0.65",27.0124269975678
"25",2026-10-10,0,2026-10-10,"wk inc flu hosp","quantile","0.7",28.9934588085863
"25",2026-10-10,0,2026-10-10,"wk inc flu hosp","quantile","0.75",31.2660974950426
"25",2026-10-10,0,2026-10-10,"wk inc flu hosp","quantile","0.8",33.1835685992099
"25",2026-10-10,0,2026-10-10,"wk inc flu hosp","quantile","0.85",36.0516326860638
"25",2026-10-10,0,2026-10-10,"wk inc flu hosp","quantile","0.9",39.4862144518642
"25",2026-10-10,0,2026-10-10,"wk inc flu hosp","quantile","0.95",47.3157014946736
"25",2026-10-10,0,2026-10-10,"wk inc flu hosp","quantile","0.975",55.6961158624733
"25",2026-10-10,0,2026-10-10,"wk inc flu hosp","quantile","0.99",71.7858092891535
"25",2026-10-10,1,2026-10-17,"wk inc flu hosp","quantile","0.01",2.27115401101623
"25",2026-10-10,1,2026-10-17,"wk inc flu hosp","quantile","0.025",3.61547046876668
"25",2026-10-10,1,2026-10-17,"wk inc flu hosp","quantile","0.05",6.5888590274277
"25",2026-10-10,1,2026-10-17,"wk inc flu hosp","quantile","0.1",9.8524442447468
"25",2026-10-10,1,2026-10-17,"wk inc flu hosp","quantile","0.15",12.5061255699986
"25",2026-10-10,1,2026-10-17,"wk inc flu hosp","quantile","0.2",14.5866403380387
"25",2026-10-10,1,2026-10-17,"wk inc flu hosp","quantile","0.25",16.5614452208417
"25",2026-10-10,1,2026-10-17,"wk inc flu hosp","quantile","0.3",18.9872161178354
"25",2026-10-10,1,2026-10-17,"wk inc flu hosp","quantile","0.35",20.9393863578572
"25",2026-10-10,1,2026-10-17,"wk inc flu hosp","quantile","0.4",23.245517766803
"25",2026-10-10,1,2026-10-17,"wk inc flu hosp","quantile","0.45",25.012343195129
"25",2026-10-10,1,2026-10-17,"wk inc flu hosp","quantile","0.5",27.0346589906369
"25",2026-10-10,1,2026-10-17,"wk inc flu hosp","quantile","0.55",29.3393448752322
"25",2026-10-10,1,2026-10-17,"wk inc flu hosp","quantile","0.6",31.6707719760539
"25",2026-10-10,1,2026-10-17,"wk inc flu hosp","quantile","0.65",34.9169136152682
"25",2026-10-10,1,2026-10-17,"wk inc flu hosp","quantile","0.7",38.1122287018794
"25",2026-10-10,1,2026-10-17,"wk inc flu hosp","quantile","0.75",41.3952529139236
"25",2026-10-10,1,2026-10-17,"wk inc flu hosp","quantile","0.8",45.8255267000546
"25",2026-10-10,1,2026-10-17,"wk inc flu hosp","quantile","0.85",51.3490128436786
"25",2026-10-10,1,2026-10-17,"wk inc flu hosp","quantile","0.9",57.7539158143477
"25",2026-10-10,1,2026-10-17,"wk inc flu hosp","quantile","0.95",71.8674609352262
"25",2026-10-10,1,2026-10-17,"wk inc flu hosp","quantile","0.975",83.760863198585
"25",2026-10-10,1,2026-10-17,"wk inc flu hosp","quantile","0.99",106.798207096093
"25",2026-10-10,2,2026-10-24,"wk inc flu hosp","quantile","0.01",2.22365699716815
"25",2026-10-10,2,2026-10-24,"wk inc flu hosp","quantile","0.025",3.39604702436859
"25",2026-10-10,2,2026-10-24,"wk inc flu hosp","quantile","0.05",5.34983083690649
"25",2026-10-10,2,2026-10-24,"wk inc flu hosp","quantile","0.1",9.35429970572443
"25",2026-10-10,2,2026-10-24,"wk inc flu hosp","quantile","0.15",13.1730613444122
"25",2026-10-10,2,2026-10-24,"wk inc flu hosp","quantile","0.2",15.7299651121807
"25",2026-10-10,2,2026-10-24,"wk inc flu hosp","quantile","0.25",18.8373417759716
"25",2026-10-10,2,2026-10-24,"wk inc flu hosp","quantile","0.3",21.9647327994609
"25",2026-10-10,2,2026-10-24,"wk inc flu hosp","quantile","0.35",24.6006496368059
"25",2026-10-10,2,2026-10-24,"wk inc flu hosp","quantile","0.4",27.4495682490159
"25",2026-10-10,2,2026-10-24,"wk inc flu hosp","quantile","0.45",30.2563739611455
"25",2026-10-10,2,2026-10-24,"wk inc flu hosp","quantile","0.5",33.1461265748812
"25",2026-10-10,2,2026-10-24,"wk inc flu hosp","quantile","0.55",36.3949449565385
"25",2026-10-10,2,2026-10-24,"wk inc flu hosp","quantile","0.6",39.3657191401169
"25",2026-10-10,2,2026-10-24,"wk inc flu hosp","quantile","0.65",43.2216045871029
"25",2026-10-10,2,2026-10-24,"wk inc flu hosp","quantile","0.7",47.4017234005592
"25",2026-10-10,2,2026-10-24,"wk inc flu hosp","quantile","0.75",52.5223538684623
"25",2026-10-10,2,2026-10-24,"wk inc flu hosp","quantile","0.8",59.0192382331137
"25",2026-10-10,2,2026-10-24,"wk inc flu hosp","quantile","0.85",67.8119266140281
"25",2026-10-10,2,2026-10-24,"wk inc flu hosp","quantile","0.9",78.0032412239375
"25",2026-10-10,2,2026-10-24,"wk inc flu hosp","quantile","0.95",97.9559270805533
"25",2026-10-10,2,2026-10-24,"wk inc flu hosp","quantile","0.975",119.75772286555
"25",2026-10-10,2,2026-10-24,"wk inc flu hosp","quantile","0.99",149.938556171444
"25",2026-10-10,3,2026-10-31,"wk inc flu hosp","quantile","0.01",2.18123008506113
"25",2026-10-10,3,2026-10-31,"wk inc flu hosp","quantile","0.025",3.39911684492159
"25",2026-10-10,3,2026-10-31,"wk inc flu hosp","quantile","0.05",4.6146150514947
"25",2026-10-10,3,2026-10-31,"wk inc flu hosp","quantile","0.1",9.88984996262205
"25",2026-10-10,3,2026-10-31,"wk inc flu hosp","quantile","0.15",13.4791396914142
"25",2026-10-10,3,2026-10-31,"wk inc flu hosp","quantile","0.2",17.4274822206929
"25",2026-10-10,3,2026-10-31,"wk inc flu hosp","quantile","0.25",21.1165163222251
"25",2026-10-10,3,2026-10-31,"wk inc flu hosp","quantile","0.3",24.950783043725
"25",2026-10-10,3,2026-10-31,"wk inc flu hosp","quantile","0.35",28.8802645971995
"25",2026-10-10,3,2026-10-31,"wk inc flu hosp","quantile","0.4",33.0008950491401
"25",2026-10-10,3,2026-10-31,"wk inc flu hosp","quantile","0.45",37.2349986797982
"25",2026-10-10,3,2026-10-31,"wk inc flu hosp","quantile","0.5",41.1909861714985
"25",2026-10-10,3,2026-10-31,"wk inc flu hosp","quantile","0.55",45.3460662926456
"25",2026-10-10,3,2026-10-31,"wk inc flu hosp","quantile","0.6",49.9644614838651
"25",2026-10-10,3,2026-10-31,"wk inc flu hosp","quantile","0.65",55.1085088865598
"25",2026-10-10,3,2026-10-31,"wk inc flu hosp","quantile","0.7",61.9631533831664
"25",2026-10-10,3,2026-10-31,"wk inc flu hosp","quantile","0.75",68.5846466725876
"25",2026-10-10,3,2026-10-31,"wk inc flu hosp","quantile","0.8",76.3975321136856
"25",2026-10-10,3,2026-10-31,"wk inc flu hosp","quantile","0.85",89.1237134748804
"25",2026-10-10,3,2026-10-31,"wk inc flu hosp","quantile","0.9",103.939926724671
"25",2026-10-10,3,2026-10-31,"wk inc flu hosp","quantile","0.95",136.251776709938
"25",2026-10-10,3,2026-10-31,"wk inc flu hosp","quantile","0.975",164.915655855857
"25",2026-10-10,3,2026-10-31,"wk inc flu hosp","quantile","0.99",211.578263318959
"26",2026-10-10,0,2026-10-10,"wk inc flu hosp","quantile","0.01",13.3243168360169
"26",2026-10-10,0,2026-10-10,"wk inc flu hosp","quantile","0.025",16.8224451183911
"26",2026-10-10,0,2026-10-10,"wk inc flu hosp","quantile","0.05",19.8678739919353
"26",2026-10-10,0,2026-10-10,"wk inc flu hosp","quantile","0.1",24.0297671808775
"26",2026-10-10,0,2026-10-10,"wk inc flu hosp","quantile","0.15",28.5890287699149
"26",2026-10-10,0,2026-10-10,"wk inc flu hosp","quantile","0.2",31.5563098856762
"26",2026-10-10,0,2026-10-10,"wk inc flu hosp","quantile","0.25",34.9451563916194
"26",2026-10-10,0,2026-10-10,"wk inc flu hosp","quantile","0.3",37.7924613661935
"26",2026-10-10,0,2026-10-10,"wk inc flu hosp","quantile","0.35",40.4478176133053
"26",2026-10-10,0,2026-10-10,"wk inc flu hosp","quantile","0.4",43.4099577667266
"26",2026-10-10,0,2026-10-10,"wk inc flu hosp","quantile","0.45",45.168584606576
"26",2026-10-10,0,2026-10-10,"wk inc flu hosp","quantile","0.5",47.9933795468042
"26",2026-10-10,0,2026-10-10,"wk inc flu hosp","quantile","0.55",50.6962873337236
"26",2026-10-10,0,2026-10-10,"wk inc flu hosp","quantile","0.6",53.6260263092284
"26",2026-10-10,0,2026-10-10,"wk inc flu hosp","quantile","0.65",55.9433410841874
"26",2026-10-10,0,2026-10-10,"wk inc flu hosp","quantile","0.7",59.3412392922168
"26",2026-10-10,0,2026-10-10,"wk inc flu hosp","quantile","0.75",63.2912235443453
"26",2026-10-10,0,2026-10-10,"wk inc flu hosp","quantile","0.8",67.3067887661081
"26",2026-10-10,0,2026-10-10,"wk inc flu hosp","quantile","0.85",72.3662812365229
"26",2026-10-10,0,2026-10-10,"wk inc flu hosp","quantile","0.9",78.708089656922
"26",2026-10-10,0,2026-10-10,"wk inc flu hosp","quantile","0.95",91.4935375643663
"26",2026-10-10,0,2026-10-10,"wk inc flu hosp","quantile","0.975",105.193877469599
"26",2026-10-10,0,2026-10-10,"wk inc flu hosp","quantile","0.99",127.991226680508
"26",2026-10-10,1,2026-10-17,"wk inc flu hosp","quantile","0.01",8.80515721677258
"26",2026-10-10,1,2026-10-17,"wk inc flu hosp","quantile","0.025",11.1429410217191
"26",2026-10-10,1,2026-10-17,"wk inc flu hosp","quantile","0.05",15.5780046227609
"26",2026-10-10,1,2026-10-17,"wk inc flu hosp","quantile","0.1",21.3566643442507
"26",2026-10-10,1,2026-10-17,"wk inc flu hosp","quantile","0.15",27.4176826943946
"26",2026-10-10,1,2026-10-17,"wk inc flu hosp","quantile","0.2",31.218223826733
"26",2026-10-10,1,2026-10-17,"wk inc flu hosp","quantile","0.25",35.4976496451646
"26",2026-10-10,1,2026-10-17,"wk inc flu hosp","quantile","0.3",39.4707831031026
"26",2026-10-10,1,2026-10-17,"wk inc flu hosp","quantile","0.35",43.2397484368412
"26",2026-10-10,1,2026-10-17,"wk inc flu hosp","quantile","0.4",47.0512559119662
"26",2026-10-10,1,2026-10-17,"wk inc flu hosp","quantile","0.45",50.3442697564455
"26",2026-10-10,1,2026-10-17,"wk inc flu hosp","quantile","0.5",54.1423450404157
"26",2026-10-10,1,2026-10-17,"wk inc flu hosp","quantile","0.55",57.7437592701729
"26",2026-10-10,1,2026-10-17,"wk inc flu hosp","quantile","0.6",63.417440722596
"26",2026-10-10,1,2026-10-17,"wk inc flu hosp","quantile","0.65",68.0000159014834
"26",2026-10-10,1,2026-10-17,"wk inc flu hosp","quantile","0.7",73.0743200627458
"26",2026-10-10,1,2026-10-17,"wk inc flu hosp","quantile","0.75",79.1787350703207
"26",2026-10-10,1,2026-10-17,"wk inc flu hosp","quantile","0.8",86.0481600637643
"26",2026-10-10,1,2026-10-17,"wk inc flu hosp","quantile","0.85",96.1865323575315
"26",2026-10-10,1,2026-10-17,"wk inc flu hosp","quantile","0.9",106.446067322254
"26",2026-10-10,1,2026-10-17,"wk inc flu hosp","quantile","0.95",123.860762960432
"26",2026-10-10,1,2026-10-17,"wk inc flu hosp","quantile","0.975",144.985562399189
"26",2026-10-10,1,2026-10-17,"wk inc flu hosp","quantile","0.99",181.935084716712
"26",2026-10-10,2,2026-10-24,"wk inc flu hosp","quantile","0.01",8.57041001715527
"26",2026-10-10,2,2026-10-24,"wk inc flu hosp","quantile","0.025",9.54943758779905
"26",2026-10-10,2,2026-10-24,"wk inc flu hosp","quantile","0.05",12.626015438661
"26",2026-10-10,2,2026-10-24,"wk inc flu hosp","quantile","0.1",19.4016732644876
"26",2026-10-10,2,2026-10-24,"wk inc flu hosp","quantile","0.15",26.8992510398362
"26",2026-10-10,2,2026-10-24,"wk inc flu hosp","quantile","0.2",32.6868636872805
"26",2026-10-10,2,2026-10-24,"wk inc flu hosp","quantile","0.25",38.4911053092954
"26",2026-10-10,2,2026-10-24,"wk inc flu hosp","quantile","0.3",42.5080774996945
"26",2026-10-10,2,2026-10-24,"wk inc flu hosp","quantile","0.35",47.3634213673092
"26",2026-10-10,2,2026-10-24,"wk inc flu hosp","quantile","0.4",52.3620185736856
"26",2026-10-10,2,2026-10-24,"wk inc flu hosp","quantile","0.45",57.030696964417
"26",2026-10-10,2,2026-10-24,"wk inc flu hosp","quantile","0.5",63.6656945761415
"26",2026-10-10,2,2026-10-24,"wk inc flu hosp","quantile","0.55",67.5584425738218
"26",2026-10-10,2,2026-10-24,"wk inc flu hosp","quantile","0.6",73.7197891765402
"26",2026-10-10,2,2026-10-24,"wk inc flu hosp","quantile","0.65",80.7513551634783
"26",2026-10-10,2,2026-10-24,"wk inc flu hosp","quantile","0.7",88.7196603325293
"26",2026-10-10,2,2026-10-24,"wk inc flu hosp","quantile","0.75",99.1000888554564
"26",2026-10-10,2,2026-10-24,"wk inc flu hosp","quantile","0.8",106.319007454759
"26",2026-10-10,2,2026-10-24,"wk inc flu hosp","quantile","0.85",119.791082879589
"26",2026-10-10,2,2026-10-24,"wk inc flu hosp","quantile","0.9",138.902376630419
"26",2026-10-10,2,2026-10-24,"wk inc flu hosp","quantile","0.95",169.146849977553
"26",2026-10-10,2,2026-10-24,"wk inc flu hosp","quantile","0.975",203.395281736122
"26",2026-10-10,2,2026-10-24,"wk inc flu hosp","quantile","0.99",249.385717030506
"26",2026-10-10,3,2026-10-31,"wk inc flu hosp","quantile","0.01",8.52419280575553
"26",2026-10-10,3,2026-10-31,"wk inc flu hosp","quantile","0.025",9.49546613381478
"26",2026-10-10,3,2026-10-31,"wk inc flu hosp","quantile","0.05",11.1950834461314
"26",2026-10-10,3,2026-10-31,"wk inc flu hosp","quantile","0.1",19.3862165493742
"26",2026-10-10,3,2026-10-31,"wk inc flu hosp","quantile","0.15",27.412569491305
"26",2026-10-10,3,2026-10-31,"wk inc flu hosp","quantile","0.2",34.0639178436888
"26",2026-10-10,3,2026-10-31,"wk inc flu hosp","quantile","0.25",40.6480034262564
"26",2026-10-10,3,2026-10-31,"wk inc flu hosp","quantile","0.3",47.4684515899408
"26",2026-10-10,3,2026-10-31,"wk inc flu hosp","quantile","0.35",53.8500778185718
"26",2026-10-10,3,2026-10-31,"wk inc flu hosp","quantile","0.4",60.064914574042
"26",2026-10-10,3,2026-10-31,"wk inc flu hosp","quantile","0.45",66.7909293514433
"26",2026-10-10,3,2026-10-31,"wk inc flu hosp","quantile","0.5",75.5464083262367
"26",2026-10-10,3,2026-10-31,"wk inc flu hosp","quantile","0.55",82.8269375198811
"26",2026-10-10,3,2026-10-31,"wk inc flu hosp","quantile","0.6",90.1708748511287
"26",2026-10-10,3,2026-10-31,"wk inc flu hosp","quantile","0.65",99.9308332904544
"26",2026-10-10,3,2026-10-31,"wk inc flu hosp","quantile","0.7",110.270727826502
"26",2026-10-10,3,2026-10-31,"wk inc flu hosp","quantile","0.75",124.500627992251
"26",2026-10-10,3,2026-10-31,"wk inc flu hosp","quantile","0.8",133.541967099437
"26",2026-10-10,3,2026-10-31,"wk inc flu hosp","quantile","0.85",154.609871825863
"26",2026-10-10,3,2026-10-31,"wk inc flu hosp","quantile","0.9",180.44815902754
"26",2026-10-10,3,2026-10-31,"wk inc flu hosp","quantile","0.95",223.377613196451
"26",2026-10-10,3,2026-10-31,"wk inc flu hosp","quantile","0.975",267.864869941102
"26",2026-10-10,3,2026-10-31,"wk inc flu hosp","quantile","0.99",328.542854396515
"27",2026-10-10,0,2026-10-10,"wk inc flu hosp","quantile","0.01",7.89636740021175
"27",2026-10-10,0,2026-10-10,"wk inc flu hosp","quantile","0.025",10.5458497866098
"27",2026-10-10,0,2026-10-10,"wk inc flu hosp","quantile","0.05",13.1743645059407
"27",2026-10-10,0,2026-10-10,"wk inc flu hosp","quantile","0.1",16.9865784221217
"27",2026-10-10,0,2026-10-10,"wk inc flu hosp","quantile","0.15",20.2739986832114
"27",2026-10-10,0,2026-10-10,"wk inc flu hosp","quantile","0.2",23.0412170916692
"27",2026-10-10,0,2026-10-10,"wk inc flu hosp","quantile","0.25",24.9438614718274
"27",2026-10-10,0,2026-10-10,"wk inc flu hosp","quantile","0.3",26.7540981894888
"27",2026-10-10,0,2026-10-10,"wk inc flu hosp","quantile","0.35",28.4145245039487
"27",2026-10-10,0,2026-10-10,"wk inc flu hosp","quantile","0.4",30.9696764208864
"27",2026-10-10,0,2026-10-10,"wk inc flu hosp","quantile","0.45",32.1100325870127
"27",2026-10-10,0,2026-10-10,"wk inc flu hosp","quantile","0.5",33.3181666050228
"27",2026-10-10,0,2026-10-10,"wk inc flu hosp","quantile","0.55",34.821021975737
"27",2026-10-10,0,2026-10-10,"wk inc flu hosp","quantile","0.6",36.586180101822
"27",2026-10-10,0,2026-10-10,"wk inc flu hosp","quantile","0.65",38.1312826688746
"27",2026-10-10,0,2026-10-10,"wk inc flu hosp","quantile","0.7",40.4536153893574
"27",2026-10-10,0,2026-10-10,"wk inc flu hosp","quantile","0.75",42.7548989789835
"27",2026-10-10,0,2026-10-10,"wk inc flu hosp","quantile","0.8",45.5155933305867
"27",2026-10-10,0,2026-10-10,"wk inc flu hosp","quantile","0.85",49.3490638445646
"27",2026-10-10,0,2026-10-10,"wk inc flu hosp","quantile","0.9",54.4356293549556
"27",2026-10-10,0,2026-10-10,"wk inc flu hosp","quantile","0.95",63.6428202088119
"27",2026-10-10,0,2026-10-10,"wk inc flu hosp","quantile","0.975",74.5393637090639
"27",2026-10-10,0,2026-10-10,"wk inc flu hosp","quantile","0.99",90.6956091969319
"27",2026-10-10,1,2026-10-17,"wk inc flu hosp","quantile","0.01",5.37459254565003
"27",2026-10-10,1,2026-10-17,"wk inc flu hosp","quantile","0.025",6.86599488322304
"27",2026-10-10,1,2026-10-17,"wk inc flu hosp","quantile","0.05",10.1161062922866
"27",2026-10-10,1,2026-10-17,"wk inc flu hosp","quantile","0.1",14.8491466714631
"27",2026-10-10,1,2026-10-17,"wk inc flu hosp","quantile","0.15",19.2504114087341
"27",2026-10-10,1,2026-10-17,"wk inc flu hosp","quantile","0.2",23.6580868008805
"27",2026-10-10,1,2026-10-17,"wk inc flu hosp","quantile","0.25",26.3097579737698
"27",2026-10-10,1,2026-10-17,"wk inc flu hosp","quantile","0.3",29.3286084426976
"27",2026-10-10,1,2026-10-17,"wk inc flu hosp","quantile","0.35",31.5796019309991
"27",2026-10-10,1,2026-10-17,"wk inc flu hosp","quantile","0.4",34.8640169063232
"27",2026-10-10,1,2026-10-17,"wk inc flu hosp","quantile","0.45",36.6394315123588
"27",2026-10-10,1,2026-10-17,"wk inc flu hosp","quantile","0.5",38.6385022449002
"27",2026-10-10,1,2026-10-17,"wk inc flu hosp","quantile","0.55",40.7913915990154
"27",2026-10-10,1,2026-10-17,"wk inc flu hosp","quantile","0.6",44.5454300618917
"27",2026-10-10,1,2026-10-17,"wk inc flu hosp","quantile","0.65",47.1355477678057
"27",2026-10-10,1,2026-10-17,"wk inc flu hosp","quantile","0.7",51.4411725037607
"27",2026-10-10,1,2026-10-17,"wk inc flu hosp","quantile","0.75",56.0581263853483
"27",2026-10-10,1,2026-10-17,"wk inc flu hosp","quantile","0.8",60.4985873413072
"27",2026-10-10,1,2026-10-17,"wk inc flu hosp","quantile","0.85",66.2612756616681
"27",2026-10-10,1,2026-10-17,"wk inc flu hosp","quantile","0.9",74.2179285816086
"27",2026-10-10,1,2026-10-17,"wk inc flu hosp","quantile","0.95",88.9323542344902
"27",2026-10-10,1,2026-10-17,"wk inc flu hosp","quantile","0.975",105.519711922077
"27",2026-10-10,1,2026-10-17,"wk inc flu hosp","quantile","0.99",129.192398298143
"27",2026-10-10,2,2026-10-24,"wk inc flu hosp","quantile","0.01",5.22518304454429
"27",2026-10-10,2,2026-10-24,"wk inc flu hosp","quantile","0.025",6.43601861338516
"27",2026-10-10,2,2026-10-24,"wk inc flu hosp","quantile","0.05",8.25110301735679
"27",2026-10-10,2,2026-10-24,"wk inc flu hosp","quantile","0.1",13.5061961291009
"27",2026-10-10,2,2026-10-24,"wk inc flu hosp","quantile","0.15",18.374224302714
"27",2026-10-10,2,2026-10-24,"wk inc flu hosp","quantile","0.2",23.4268259612127
"27",2026-10-10,2,2026-10-24,"wk inc flu hosp","quantile","0.25",27.1851449820979
"27",2026-10-10,2,2026-10-24,"wk inc flu hosp","quantile","0.3",31.0236872762385
"27",2026-10-10,2,2026-10-24,"wk inc flu hosp","quantile","0.35",34.2707425629758
"27",2026-10-10,2,2026-10-24,"wk inc flu hosp","quantile","0.4",38.3485075642419
"27",2026-10-10,2,2026-10-24,"wk inc flu hosp","quantile","0.45",41.6680932719022
"27",2026-10-10,2,2026-10-24,"wk inc flu hosp","quantile","0.5",44.6138433201488
"27",2026-10-10,2,2026-10-24,"wk inc flu hosp","quantile","0.55",48.214142886127
"27",2026-10-10,2,2026-10-24,"wk inc flu hosp","quantile","0.6",52.9389084753791
"27",2026-10-10,2,2026-10-24,"wk inc flu hosp","quantile","0.65",56.3321051957707
"27",2026-10-10,2,2026-10-24,"wk inc flu hosp","quantile","0.7",62.087625925017
"27",2026-10-10,2,2026-10-24,"wk inc flu hosp","quantile","0.75",68.9538369893154
"27",2026-10-10,2,2026-10-24,"wk inc flu hosp","quantile","0.8",75.0071215263215
"27",2026-10-10,2,2026-10-24,"wk inc flu hosp","quantile","0.85",84.8627597320189
"27",2026-10-10,2,2026-10-24,"wk inc flu hosp","quantile","0.9",96.5472595567601
"27",2026-10-10,2,2026-10-24,"wk inc flu hosp","quantile","0.95",120.376174767129
"27",2026-10-10,2,2026-10-24,"wk inc flu hosp","quantile","0.975",145.483850114837
"27",2026-10-10,2,2026-10-24,"wk inc flu hosp","quantile","0.99",180.31296486304
"27",2026-10-10,3,2026-10-31,"wk inc flu hosp","quantile","0.01",5.23402549819468
"27",2026-10-10,3,2026-10-31,"wk inc flu hosp","quantile","0.025",6.42100063868413
"27",2026-10-10,3,2026-10-31,"wk inc flu hosp","quantile","0.05",7.68699066581214
"27",2026-10-10,3,2026-10-31,"wk inc flu hosp","quantile","0.1",12.5647397018049
"27",2026-10-10,3,2026-10-31,"wk inc flu hosp","quantile","0.15",17.6360626058279
"27",2026-10-10,3,2026-10-31,"wk inc flu hosp","quantile","0.2",23.550453166
"27",2026-10-10,3,2026-10-31,"wk inc flu hosp","quantile","0.25",28.2782053911506
"27",2026-10-10,3,2026-10-31,"wk inc flu hosp","quantile","0.3",33.0327119064527
"27",2026-10-10,3,2026-10-31,"wk inc flu hosp","quantile","0.35",36.7678839382259
"27",2026-10-10,3,2026-10-31,"wk inc flu hosp","quantile","0.4",42.1303407987909
"27",2026-10-10,3,2026-10-31,"wk inc flu hosp","quantile","0.45",46.4954358179174
"27",2026-10-10,3,2026-10-31,"wk inc flu hosp","quantile","0.5",52.0343013463268
"27",2026-10-10,3,2026-10-31,"wk inc flu hosp","quantile","0.55",56.7207858871875
"27",2026-10-10,3,2026-10-31,"wk inc flu hosp","quantile","0.6",62.7999083544724
"27",2026-10-10,3,2026-10-31,"wk inc flu hosp","quantile","0.65",68.9679279453431
"27",2026-10-10,3,2026-10-31,"wk inc flu hosp","quantile","0.7",75.6270039200344
"27",2026-10-10,3,2026-10-31,"wk inc flu hosp","quantile","0.75",84.2408017237642
"27",2026-10-10,3,2026-10-31,"wk inc flu hosp","quantile","0.8",92.0135679991658
"27",2026-10-10,3,2026-10-31,"wk inc flu hosp","quantile","0.85",105.534682193778
"27",2026-10-10,3,2026-10-31,"wk inc flu hosp","quantile","0.9",121.505735549339
"27",2026-10-10,3,2026-10-31,"wk inc flu hosp","quantile","0.95",160.262812326804
"27",2026-10-10,3,2026-10-31,"wk inc flu hosp","quantile","0.975",197.322161890657
"27",2026-10-10,3,2026-10-31,"wk inc flu hosp","quantile","0.99",247.822648910777
"28",2026-10-10,0,2026-10-10,"wk inc flu hosp","quantile","0.01",6.3705276515274
"28",2026-10-10,0,2026-10-10,"wk inc flu hosp","quantile","0.025",8.71868828977846
"28",2026-10-10,0,2026-10-10,"wk inc flu hosp","quantile","0.05",9.84482934400232
"28",2026-10-10,0,2026-10-10,"wk inc flu hosp","quantile","0.1",11.4183679873032
"28",2026-10-10,0,2026-10-10,"wk inc flu hosp","quantile","0.15",13.0198516785626
"28",2026-10-10,0,2026-10-10,"wk inc flu hosp","quantile","0.2",14.7244154617099
"28",2026-10-10,0,2026-10-10,"wk inc flu hosp","quantile","0.25",15.9966067606931
"28",2026-10-10,0,2026-10-10,"wk inc flu hosp","quantile","0.3",17.2896457151978
"28",2026-10-10,0,2026-10-10,"wk inc flu hosp","quantile","0.35",18.2765608951134
"28",2026-10-10,0,2026-10-10,"wk inc flu hosp","quantile","0.4",19.4078101274592
"28",2026-10-10,0,2026-10-10,"wk inc flu hosp","quantile","0.45",20.2945143379669
"28",2026-10-10,0,2026-10-10,"wk inc flu hosp","quantile","0.5",21.6648302763855
"28",2026-10-10,0,2026-10-10,"wk inc flu hosp","quantile","0.55",22.7500783830964
"28",2026-10-10,0,2026-10-10,"wk inc flu hosp","quantile","0.6",23.8093434759646
"28",2026-10-10,0,2026-10-10,"wk inc flu hosp","quantile","0.65",24.635832278716
"28",2026-10-10,0,2026-10-10,"wk inc flu hosp","quantile","0.7",25.9118727709548
"28",2026-10-10,0,2026-10-10,"wk inc flu hosp","quantile","0.75",27.482261086469
"28",2026-10-10,0,2026-10-10,"wk inc flu hosp","quantile","0.8",29.8070368178728
"28",2026-10-10,0,2026-10-10,"wk inc flu hosp","quantile","0.85",32.120158167267
"28",2026-10-10,0,2026-10-10,"wk inc flu hosp","quantile","0.9",35.3314745638661
"28",2026-10-10,0,2026-10-10,"wk inc flu hosp","quantile","0.95",41.4314000952275
"28",2026-10-10,0,2026-10-10,"wk inc flu hosp","quantile","0.975",47.2025149830613
"28",2026-10-10,0,2026-10-10,"wk inc flu hosp","quantile","0.99",55.6322374352114
"28",2026-10-10,1,2026-10-17,"wk inc flu hosp","quantile","0.01",4.22944195833918
"28",2026-10-10,1,2026-10-17,"wk inc flu hosp","quantile","0.025",6.02913254029298
"28",2026-10-10,1,2026-10-17,"wk inc flu hosp","quantile","0.05",7.70902218610458
"28",2026-10-10,1,2026-10-17,"wk inc flu hosp","quantile","0.1",9.50765225936518
"28",2026-10-10,1,2026-10-17,"wk inc flu hosp","quantile","0.15",11.5209589313642
"28",2026-10-10,1,2026-10-17,"wk inc flu hosp","quantile","0.2",13.5342063703847
"28",2026-10-10,1,2026-10-17,"wk inc flu hosp","quantile","0.25",14.9603844338294
"28",2026-10-10,1,2026-10-17,"wk inc flu hosp","quantile","0.3",16.5564190499109
"28",2026-10-10,1,2026-10-17,"wk inc flu hosp","quantile","0.35",18.4153365433721
"28",2026-10-10,1,2026-10-17,"wk inc flu hosp","quantile","0.4",19.7733321641653
"28",2026-10-10,1,2026-10-17,"wk inc flu hosp","quantile","0.45",21.3666205648022
"28",2026-10-10,1,2026-10-17,"wk inc flu hosp","quantile","0.5",22.8508354719267
"28",2026-10-10,1,2026-10-17,"wk inc flu hosp","quantile","0.55",24.4600199219997
"28",2026-10-10,1,2026-10-17,"wk inc flu hosp","quantile","0.6",26.2685625716085
"28",2026-10-10,1,2026-10-17,"wk inc flu hosp","quantile","0.65",27.7571607806236
"28",2026-10-10,1,2026-10-17,"wk inc flu hosp","quantile","0.7",29.6744666155474
"28",2026-10-10,1,2026-10-17,"wk inc flu hosp","quantile","0.75",32.1705845578393
"28",2026-10-10,1,2026-10-17,"wk inc flu hosp","quantile","0.8",35.2591623661492
"28",2026-10-10,1,2026-10-17,"wk inc flu hosp","quantile","0.85",39.0170345078044
"28",2026-10-10,1,2026-10-17,"wk inc flu hosp","quantile","0.9",44.1389773069299
"28",2026-10-10,1,2026-10-17,"wk inc flu hosp","quantile","0.95",53.3805493831423
"28",2026-10-10,1,2026-10-17,"wk inc flu hosp","quantile","0.975",62.0711775551292
"28",2026-10-10,1,2026-10-17,"wk inc flu hosp","quantile","0.99",75.627762666103
"28",2026-10-10,2,2026-10-24,"wk inc flu hosp","quantile","0.01",4.20751172708499
"28",2026-10-10,2,2026-10-24,"wk inc flu hosp","quantile","0.025",5.39701438424942
"28",2026-10-10,2,2026-10-24,"wk inc flu hosp","quantile","0.05",6.52477986452704
"28",2026-10-10,2,2026-10-24,"wk inc flu hosp","quantile","0.1",8.73209755227424
"28",2026-10-10,2,2026-10-24,"wk inc flu hosp","quantile","0.15",11.3918498411471
"28",2026-10-10,2,2026-10-24,"wk inc flu hosp","quantile","0.2",13.9568855227143
"28",2026-10-10,2,2026-10-24,"wk inc flu hosp","quantile","0.25",15.862708442667
"28",2026-10-10,2,2026-10-24,"wk inc flu hosp","quantile","0.3",17.6169380406113
"28",2026-10-10,2,2026-10-24,"wk inc flu hosp","quantile","0.35",19.5400135952548
"28",2026-10-10,2,2026-10-24,"wk inc flu hosp","quantile","0.4",21.5382320801784
"28",2026-10-10,2,2026-10-24,"wk inc flu hosp","quantile","0.45",23.5498496999534
"28",2026-10-10,2,2026-10-24,"wk inc flu hosp","quantile","0.5",25.5538359725336
"28",2026-10-10,2,2026-10-24,"wk inc flu hosp","quantile","0.55",27.5172326630829
"28",2026-10-10,2,2026-10-24,"wk inc flu hosp","quantile","0.6",29.8997826979319
"28",2026-10-10,2,2026-10-24,"wk inc flu hosp","quantile","0.65",32.5410302256256
"28",2026-10-10,2,2026-10-24,"wk inc flu hosp","quantile","0.7",35.7876186984764
"28",2026-10-10,2,2026-10-24,"wk inc flu hosp","quantile","0.75",39.4052090164126
"28",2026-10-10,2,2026-10-24,"wk inc flu hosp","quantile","0.8",43.6115846532313
"28",2026-10-10,2,2026-10-24,"wk inc flu hosp","quantile","0.85",48.4344229682598
"28",2026-10-10,2,2026-10-24,"wk inc flu hosp","quantile","0.9",56.4804664118071
"28",2026-10-10,2,2026-10-24,"wk inc flu hosp","quantile","0.95",72.3221066005969
"28",2026-10-10,2,2026-10-24,"wk inc flu hosp","quantile","0.975",83.7245738420161
"28",2026-10-10,2,2026-10-24,"wk inc flu hosp","quantile","0.99",103.622052604571
"28",2026-10-10,3,2026-10-31,"wk inc flu hosp","quantile","0.01",4.20791372775904
"28",2026-10-10,3,2026-10-31,"wk inc flu hosp","quantile","0.025",5.39701438424942
"28",2026-10-10,3,2026-10-31,"wk inc flu hosp","quantile","0.05",6.10369399488107
"28",2026-10-10,3,2026-10-31,"wk inc flu hosp","quantile","0.1",8.49021823412804
"28",2026-10-10,3,2026-10-31,"wk inc flu hosp","quantile","0.15",11.149149282175
"28",2026-10-10,3,2026-10-31,"wk inc flu hosp","quantile","0.2",13.9511500054872
"28",2026-10-10,3,2026-10-31,"wk inc flu hosp","quantile","0.25",16.3654694890624
"28",2026-10-10,3,2026-10-31,"wk inc flu hosp","quantile","0.3",18.7098549034292
"28",2026-10-10,3,2026-10-31,"wk inc flu hosp","quantile","0.35",20.8882172736898
"28",2026-10-10,3,2026-10-31,"wk inc flu hosp","quantile","0.4",23.2513034623205
"28",2026-10-10,3,2026-10-31,"wk inc flu hosp","quantile","0.45",26.22698552057
"28",2026-10-10,3,2026-10-31,"wk inc flu hosp","quantile","0.5",29.0702803201314
"28",2026-10-10,3,2026-10-31,"wk inc flu hosp","quantile","0.55",31.7388473324666
"28",2026-10-10,3,2026-10-31,"wk inc flu hosp","quantile","0.6",35.0492040205962
"28",2026-10-10,3,2026-10-31,"wk inc flu hosp","quantile","0.65",38.3868600405729
"28",2026-10-10,3,2026-10-31,"wk inc flu hosp","quantile","0.7",42.941247231542
"28",2026-10-10,3,2026-10-31,"wk inc flu hosp","quantile","0.75",47.8373596742177
"28",2026-10-10,3,2026-10-31,"wk inc flu hosp","quantile","0.8",52.8714381957789
"28",2026-10-10,3,2026-10-31,"wk inc flu hosp","quantile","0.85",60.3231680840804
"28",2026-10-10,3,2026-10-31,"wk inc flu hosp","quantile","0.9",71.4501616146732
"28",2026-10-10,3,2026-10-31,"wk inc flu hosp","quantile","0.95",90.3891083432875
"28",2026-10-10,3,2026-10-31,"wk inc flu hosp","quantile","0.975",110.384703927089
"28",2026-10-10,3,2026-10-31,"wk inc flu hosp","quantile","0.99",137.03986698829
"29",2026-10-10,0,2026-10-10,"wk inc flu hosp","quantile","0.01",9.43182700970563
"29",2026-10-10,0,2026-10-10,"wk inc flu hosp","quantile","0.025",12.5055380346002
"29",2026-10-10,0,2026-10-10,"wk inc flu hosp","quantile","0.05",15.1689376942968
"29",2026-10-10,0,2026-10-10,"wk inc flu hosp","quantile","0.1",18.5129391675657
"29",2026-10-10,0,2026-10-10,"wk inc flu hosp","quantile","0.15",20.9488638388004
"29",2026-10-10,0,2026-10-10,"wk inc flu hosp","quantile","0.2",23.3125078298676
"29",2026-10-10,0,2026-10-10,"wk inc flu hosp","quantile","0.25",24.9046678009271
"29",2026-10-10,0,2026-10-10,"wk inc flu hosp","quantile","0.3",26.6471807809352
"29",2026-10-10,0,2026-10-10,"wk inc flu hosp","quantile","0.35",28.7925662650365
"29",2026-10-10,0,2026-10-10,"wk inc flu hosp","quantile","0.4",30.7366643794667
"29",2026-10-10,0,2026-10-10,"wk inc flu hosp","quantile","0.45",32.2306423461108
"29",2026-10-10,0,2026-10-10,"wk inc flu hosp","quantile","0.5",33.9162882265025
"29",2026-10-10,0,2026-10-10,"wk inc flu hosp","quantile","0.55",35.5355418370499
"29",2026-10-10,0,2026-10-10,"wk inc flu hosp","quantile","0.6",37.9040156738169
"29",2026-10-10,0,2026-10-10,"wk inc flu hosp","quantile","0.65",39.5725342845801
"29",2026-10-10,0,2026-10-10,"wk inc flu hosp","quantile","0.7",41.8845069524024
"29",2026-10-10,0,2026-10-10,"wk inc flu hosp","quantile","0.75",44.4870522079897
"29",2026-10-10,0,2026-10-10,"wk inc flu hosp","quantile","0.8",47.6898660488995
"29",2026-10-10,0,2026-10-10,"wk inc flu hosp","quantile","0.85",51.9852499665179
"29",2026-10-10,0,2026-10-10,"wk inc flu hosp","quantile","0.9",57.5673175825856
"29",2026-10-10,0,2026-10-10,"wk inc flu hosp","quantile","0.95",66.2791107720442
"29",2026-10-10,0,2026-10-10,"wk inc flu hosp","quantile","0.975",76.6364590200106
"29",2026-10-10,0,2026-10-10,"wk inc flu hosp","quantile","0.99",94.8147094145953
"29",2026-10-10,1,2026-10-17,"wk inc flu hosp","quantile","0.01",6.84152887170502
"29",2026-10-10,1,2026-10-17,"wk inc flu hosp","quantile","0.025",8.60087077424749
"29",2026-10-10,1,2026-10-17,"wk inc flu hosp","quantile","0.05",12.0444782726196
"29",2026-10-10,1,2026-10-17,"wk inc flu hosp","quantile","0.1",16.4908919850327
"29",2026-10-10,1,2026-10-17,"wk inc flu hosp","quantile","0.15",20.0015950519588
"29",2026-10-10,1,2026-10-17,"wk inc flu hosp","quantile","0.2",22.6427562313645
"29",2026-10-10,1,2026-10-17,"wk inc flu hosp","quantile","0.25",25.3659098480296
"29",2026-10-10,1,2026-10-17,"wk inc flu hosp","quantile","0.3",27.9374998925677
"29",2026-10-10,1,2026-10-17,"wk inc flu hosp","quantile","0.35",31.048109433965
"29",2026-10-10,1,2026-10-17,"wk inc flu hosp","quantile","0.4",33.3681102080513
"29",2026-10-10,1,2026-10-17,"wk inc flu hosp","quantile","0.45",35.7847112634473
"29",2026-10-10,1,2026-10-17,"wk inc flu hosp","quantile","0.5",38.2720574330375
"29",2026-10-10,1,2026-10-17,"wk inc flu hosp","quantile","0.55",41.1104754536697
"29",2026-10-10,1,2026-10-17,"wk inc flu hosp","quantile","0.6",44.0082853177385
"29",2026-10-10,1,2026-10-17,"wk inc flu hosp","quantile","0.65",47.1538230176781
"29",2026-10-10,1,2026-10-17,"wk inc flu hosp","quantile","0.7",50.7798124144003
"29",2026-10-10,1,2026-10-17,"wk inc flu hosp","quantile","0.75",55.6610117092169
"29",2026-10-10,1,2026-10-17,"wk inc flu hosp","quantile","0.8",60.7600260019554
"29",2026-10-10,1,2026-10-17,"wk inc flu hosp","quantile","0.85",67.7063936849196
"29",2026-10-10,1,2026-10-17,"wk inc flu hosp","quantile","0.9",77.794084851638
"29",2026-10-10,1,2026-10-17,"wk inc flu hosp","quantile","0.95",92.4455497257934
"29",2026-10-10,1,2026-10-17,"wk inc flu hosp","quantile","0.975",107.817542459812
"29",2026-10-10,1,2026-10-17,"wk inc flu hosp","quantile","0.99",131.700192693346
"29",2026-10-10,2,2026-10-24,"wk inc flu hosp","quantile","0.01",6.7868733669316
"29",2026-10-10,2,2026-10-24,"wk inc flu hosp","quantile","0.025",8.60087077424749
"29",2026-10-10,2,2026-10-24,"wk inc flu hosp","quantile","0.05",10.7339269804198
"29",2026-10-10,2,2026-10-24,"wk inc flu hosp","quantile","0.1",15.5250452256886
"29",2026-10-10,2,2026-10-24,"wk inc flu hosp","quantile","0.15",19.4560250761501
"29",2026-10-10,2,2026-10-24,"wk inc flu hosp","quantile","0.2",23.0596476054546
"29",2026-10-10,2,2026-10-24,"wk inc flu hosp","quantile","0.25",26.43659977757
"29",2026-10-10,2,2026-10-24,"wk inc flu hosp","quantile","0.3",30.2697972449752
"29",2026-10-10,2,2026-10-24,"wk inc flu hosp","quantile","0.35",33.8871815431191
"29",2026-10-10,2,2026-10-24,"wk inc flu hosp","quantile","0.4",37.0073221776823
"29",2026-10-10,2,2026-10-24,"wk inc flu hosp","quantile","0.45",40.4655485869924
"29",2026-10-10,2,2026-10-24,"wk inc flu hosp","quantile","0.5",44.0325412897991
"29",2026-10-10,2,2026-10-24,"wk inc flu hosp","quantile","0.55",46.9521356403752
"29",2026-10-10,2,2026-10-24,"wk inc flu hosp","quantile","0.6",51.8377907130047
"29",2026-10-10,2,2026-10-24,"wk inc flu hosp","quantile","0.65",57.1163992583055
"29",2026-10-10,2,2026-10-24,"wk inc flu hosp","quantile","0.7",61.7109074664832
"29",2026-10-10,2,2026-10-24,"wk inc flu hosp","quantile","0.75",67.4757902513115
"29",2026-10-10,2,2026-10-24,"wk inc flu hosp","quantile","0.8",75.518374860284
"29",2026-10-10,2,2026-10-24,"wk inc flu hosp","quantile","0.85",85.5541656802353
"29",2026-10-10,2,2026-10-24,"wk inc flu hosp","quantile","0.9",99.4352559938628
"29",2026-10-10,2,2026-10-24,"wk inc flu hosp","quantile","0.95",122.449667110872
"29",2026-10-10,2,2026-10-24,"wk inc flu hosp","quantile","0.975",150.305165736194
"29",2026-10-10,2,2026-10-24,"wk inc flu hosp","quantile","0.99",184.571751899059
"29",2026-10-10,3,2026-10-31,"wk inc flu hosp","quantile","0.01",6.80040927049805
"29",2026-10-10,3,2026-10-31,"wk inc flu hosp","quantile","0.025",8.56635953201151
"29",2026-10-10,3,2026-10-31,"wk inc flu hosp","quantile","0.05",9.90429217328565
"29",2026-10-10,3,2026-10-31,"wk inc flu hosp","quantile","0.1",15.1531545305569
"29",2026-10-10,3,2026-10-31,"wk inc flu hosp","quantile","0.15",19.2558725177503
"29",2026-10-10,3,2026-10-31,"wk inc flu hosp","quantile","0.2",23.972962325133
"29",2026-10-10,3,2026-10-31,"wk inc flu hosp","quantile","0.25",28.3920603020601
"29",2026-10-10,3,2026-10-31,"wk inc flu hosp","quantile","0.3",32.3329647589159
"29",2026-10-10,3,2026-10-31,"wk inc flu hosp","quantile","0.35",37.0178862351945
"29",2026-10-10,3,2026-10-31,"wk inc flu hosp","quantile","0.4",42.1743251797544
"29",2026-10-10,3,2026-10-31,"wk inc flu hosp","quantile","0.45",46.9145699130216
"29",2026-10-10,3,2026-10-31,"wk inc flu hosp","quantile","0.5",51.3086945930252
"29",2026-10-10,3,2026-10-31,"wk inc flu hosp","quantile","0.55",55.9043026729636
"29",2026-10-10,3,2026-10-31,"wk inc flu hosp","quantile","0.6",61.9063798353445
"29",2026-10-10,3,2026-10-31,"wk inc flu hosp","quantile","0.65",68.6326071738137
"29",2026-10-10,3,2026-10-31,"wk inc flu hosp","quantile","0.7",75.4930438753688
"29",2026-10-10,3,2026-10-31,"wk inc flu hosp","quantile","0.75",83.9954958263063
"29",2026-10-10,3,2026-10-31,"wk inc flu hosp","quantile","0.8",93.941513120793
"29",2026-10-10,3,2026-10-31,"wk inc flu hosp","quantile","0.85",107.659130795508
"29",2026-10-10,3,2026-10-31,"wk inc flu hosp","quantile","0.9",125.288927901588
"29",2026-10-10,3,2026-10-31,"wk inc flu hosp","quantile","0.95",161.552925914267
"29",2026-10-10,3,2026-10-31,"wk inc flu hosp","quantile","0.975",199.778555585826
"29",2026-10-10,3,2026-10-31,"wk inc flu hosp","quantile","0.99",248.461766986095
"30",2026-10-10,0,2026-10-10,"wk inc flu hosp","quantile","0.01",4.14326543058133
"30",2026-10-10,0,2026-10-10,"wk inc flu hosp","quantile","0.025",5.40816607050814
"30",2026-10-10,0,2026-10-10,"wk inc flu hosp","quantile","0.05",6.67382643675779
"30",2026-10-10,0,2026-10-10,"wk inc flu hosp","quantile","0.1",8.08063962403831
"30",2026-10-10,0,2026-10-10,"wk inc flu hosp","quantile","0.15",9.21119384000503
"30",2026-10-10,0,2026-10-10,"wk inc flu hosp","quantile","0.2",10.4743439431249
"30",2026-10-10,0,2026-10-10,"wk inc flu hosp","quantile","0.25",11.8198582974958
"30",2026-10-10,0,2026-10-10,"wk inc flu hosp","quantile","0.3",12.8183547327609
"30",2026-10-10,0,2026-10-10,"wk inc flu hosp","quantile","0.35",13.7312174960638
"30",2026-10-10,0,2026-10-10,"wk inc flu hosp","quantile","0.4",14.6656904453984
"30",2026-10-10,0,2026-10-10,"wk inc flu hosp","quantile","0.45",15.6499419972342
"30",2026-10-10,0,2026-10-10,"wk inc flu hosp","quantile","0.5",16.6839628249795
"30",2026-10-10,0,2026-10-10,"wk inc flu hosp","quantile","0.55",17.2364251299072
"30",2026-10-10,0,2026-10-10,"wk inc flu hosp","quantile","0.6",18.2004618619022
"30",2026-10-10,0,2026-10-10,"wk inc flu hosp","quantile","0.65",19.2780192787546
"30",2026-10-10,0,2026-10-10,"wk inc flu hosp","quantile","0.7",20.3784064727992
"30",2026-10-10,0,2026-10-10,"wk inc flu hosp","quantile","0.75",22.1720614838788
"30",2026-10-10,0,2026-10-10,"wk inc flu hosp","quantile","0.8",23.9513425694086
"30",2026-10-10,0,2026-10-10,"wk inc flu hosp","quantile","0.85",25.749062745712
"30",2026-10-10,0,2026-10-10,"wk inc flu hosp","quantile","0.9",28.6331498856746
"30",2026-10-10,0,2026-10-10,"wk inc flu hosp","quantile","0.95",33.3033992470236
"30",2026-10-10,0,2026-10-10,"wk inc flu hosp","quantile","0.975",37.3717054692207
"30",2026-10-10,0,2026-10-10,"wk inc flu hosp","quantile","0.99",43.9976966979396
"30",2026-10-10,1,2026-10-17,"wk inc flu hosp","quantile","0.01",2.36231427760898
"30",2026-10-10,1,2026-10-17,"wk inc flu hosp","quantile","0.025",3.31479025518784
"30",2026-10-10,1,2026-10-17,"wk inc flu hosp","quantile","0.05",4.90970131522288
"30",2026-10-10,1,2026-10-17,"wk inc flu hosp","quantile","0.1",6.45272204733953
"30",2026-10-10,1,2026-10-17,"wk inc flu hosp","quantile","0.15",7.86373594186393
"30",2026-10-10,1,2026-10-17,"wk inc flu hosp","quantile","0.2",9.54424231265899
"30",2026-10-10,1,2026-10-17,"wk inc flu hosp","quantile","0.25",11.1276437779751
"30",2026-10-10,1,2026-10-17,"wk inc flu hosp","quantile","0.3",12.036555680682
"30",2026-10-10,1,2026-10-17,"wk inc flu hosp","quantile","0.35",13.4818157727597
"30",2026-10-10,1,2026-10-17,"wk inc flu hosp","quantile","0.4",14.5767389668259
"30",2026-10-10,1,2026-10-17,"wk inc flu hosp","quantile","0.45",16.0024080465795
"30",2026-10-10,1,2026-10-17,"wk inc flu hosp","quantile","0.5",17.2450997561731
"30",2026-10-10,1,2026-10-17,"wk inc flu hosp","quantile","0.55",18.2763460607377
"30",2026-10-10,1,2026-10-17,"wk inc flu hosp","quantile","0.6",20.1378460769529
"30",2026-10-10,1,2026-10-17,"wk inc flu hosp","quantile","0.65",21.7055373983759
"30",2026-10-10,1,2026-10-17,"wk inc flu hosp","quantile","0.7",23.2004940414347
"30",2026-10-10,1,2026-10-17,"wk inc flu hosp","quantile","0.75",25.4165842429821
"30",2026-10-10,1,2026-10-17,"wk inc flu hosp","quantile","0.8",28.1093885648496
"30",2026-10-10,1,2026-10-17,"wk inc flu hosp","quantile","0.85",31.9130998372407
"30",2026-10-10,1,2026-10-17,"wk inc flu hosp","quantile","0.9",36.9153510519515
"30",2026-10-10,1,2026-10-17,"wk inc flu hosp","quantile","0.95",44.9995055497156
"30",2026-10-10,1,2026-10-17,"wk inc flu hosp","quantile","0.975",52.9772606837235
"30",2026-10-10,1,2026-10-17,"wk inc flu hosp","quantile","0.99",60.9992459819304
"30",2026-10-10,2,2026-10-24,"wk inc flu hosp","quantile","0.01",2.23292727559407
"30",2026-10-10,2,2026-10-24,"wk inc flu hosp","quantile","0.025",2.71752630271139
"30",2026-10-10,2,2026-10-24,"wk inc flu hosp","quantile","0.05",3.81261434209494
"30",2026-10-10,2,2026-10-24,"wk inc flu hosp","quantile","0.1",5.48358345954898
"30",2026-10-10,2,2026-10-24,"wk inc flu hosp","quantile","0.15",7.11065570928438
"30",2026-10-10,2,2026-10-24,"wk inc flu hosp","quantile","0.2",8.6798416269406
"30",2026-10-10,2,2026-10-24,"wk inc flu hosp","quantile","0.25",10.5516655187443
"30",2026-10-10,2,2026-10-24,"wk inc flu hosp","quantile","0.3",11.9120397099273
"30",2026-10-10,2,2026-10-24,"wk inc flu hosp","quantile","0.35",13.1590963759061
"30",2026-10-10,2,2026-10-24,"wk inc flu hosp","quantile","0.4",14.7719620601402
"30",2026-10-10,2,2026-10-24,"wk inc flu hosp","quantile","0.45",16.3332661353871
"30",2026-10-10,2,2026-10-24,"wk inc flu hosp","quantile","0.5",17.7707604780935
"30",2026-10-10,2,2026-10-24,"wk inc flu hosp","quantile","0.55",18.9557101249632
"30",2026-10-10,2,2026-10-24,"wk inc flu hosp","quantile","0.6",21.1303308431954
"30",2026-10-10,2,2026-10-24,"wk inc flu hosp","quantile","0.65",23.4500895731338
"30",2026-10-10,2,2026-10-24,"wk inc flu hosp","quantile","0.7",26.0570870748177
"30",2026-10-10,2,2026-10-24,"wk inc flu hosp","quantile","0.75",28.4456501141082
"30",2026-10-10,2,2026-10-24,"wk inc flu hosp","quantile","0.8",31.4087900708333
"30",2026-10-10,2,2026-10-24,"wk inc flu hosp","quantile","0.85",34.8974776336625
"30",2026-10-10,2,2026-10-24,"wk inc flu hosp","quantile","0.9",40.7779626827872
"30",2026-10-10,2,2026-10-24,"wk inc flu hosp","quantile","0.95",55.5238841671304
"30",2026-10-10,2,2026-10-24,"wk inc flu hosp","quantile","0.975",68.7044547130297
"30",2026-10-10,2,2026-10-24,"wk inc flu hosp","quantile","0.99",81.1435892513207
"30",2026-10-10,3,2026-10-31,"wk inc flu hosp","quantile","0.01",2.23406710621492
"30",2026-10-10,3,2026-10-31,"wk inc flu hosp","quantile","0.025",2.7235616276966
"30",2026-10-10,3,2026-10-31,"wk inc flu hosp","quantile","0.05",3.76956797148094
"30",2026-10-10,3,2026-10-31,"wk inc flu hosp","quantile","0.1",5.029939039011
"30",2026-10-10,3,2026-10-31,"wk inc flu hosp","quantile","0.15",6.74286414974471
"30",2026-10-10,3,2026-10-31,"wk inc flu hosp","quantile","0.2",8.64385312977788
"30",2026-10-10,3,2026-10-31,"wk inc flu hosp","quantile","0.25",10.5018468555318
"30",2026-10-10,3,2026-10-31,"wk inc flu hosp","quantile","0.3",12.0187613618059
"30",2026-10-10,3,2026-10-31,"wk inc flu hosp","quantile","0.35",13.4449431521664
"30",2026-10-10,3,2026-10-31,"wk inc flu hosp","quantile","0.4",15.4635696788359
"30",2026-10-10,3,2026-10-31,"wk inc flu hosp","quantile","0.45",17.6673307780526
"30",2026-10-10,3,2026-10-31,"wk inc flu hosp","quantile","0.5",19.6299164759438
"30",2026-10-10,3,2026-10-31,"wk inc flu hosp","quantile","0.55",21.3915161495845
"30",2026-10-10,3,2026-10-31,"wk inc flu hosp","quantile","0.6",24.1428528298603
"30",2026-10-10,3,2026-10-31,"wk inc flu hosp","quantile","0.65",26.1325190437159
"30",2026-10-10,3,2026-10-31,"wk inc flu hosp","quantile","0.7",28.9607180672802
"30",2026-10-10,3,2026-10-31,"wk inc flu hosp","quantile","0.75",32.3201566227142
"30",2026-10-10,3,2026-10-31,"wk inc flu hosp","quantile","0.8",36.1877228193061
"30",2026-10-10,3,2026-10-31,"wk inc flu hosp","quantile","0.85",41.7126053437126
"30",2026-10-10,3,2026-10-31,"wk inc flu hosp","quantile","0.9",49.1907372096489
"30",2026-10-10,3,2026-10-31,"wk inc flu hosp","quantile","0.95",65.5771816430666
"30",2026-10-10,3,2026-10-31,"wk inc flu hosp","quantile","0.975",82.1841279568267
"30",2026-10-10,3,2026-10-31,"wk inc flu hosp","quantile","0.99",100.373943962938
"31",2026-10-10,0,2026-10-10,"wk inc flu hosp","quantile","0.01",5.14402615504043
"31",2026-10-10,0,2026-10-10,"wk inc flu hosp","quantile","0.025",6.64181691859565
"31",2026-10-10,0,2026-10-10,"wk inc flu hosp","quantile","0.05",8.04216785888415
"31",2026-10-10,0,2026-10-10,"wk inc flu hosp","quantile","0.1",10.1333809113222
"31",2026-10-10,0,2026-10-10,"wk inc flu hosp","quantile","0.15",11.5430242034953
"31",2026-10-10,0,2026-10-10,"wk inc flu hosp","quantile","0.2",12.8174441210768
"31",2026-10-10,0,2026-10-10,"wk inc flu hosp","quantile","0.25",14.1878197207081
"31",2026-10-10,0,2026-10-10,"wk inc flu hosp","quantile","0.3",15.4361256383558
"31",2026-10-10,0,2026-10-10,"wk inc flu hosp","quantile","0.35",16.8578371734463
"31",2026-10-10,0,2026-10-10,"wk inc flu hosp","quantile","0.4",18.0549268936591
"31",2026-10-10,0,2026-10-10,"wk inc flu hosp","quantile","0.45",19.2004034090579
"31",2026-10-10,0,2026-10-10,"wk inc flu hosp","quantile","0.5",20.2447834673356
"31",2026-10-10,0,2026-10-10,"wk inc flu hosp","quantile","0.55",21.2143898408021
"31",2026-10-10,0,2026-10-10,"wk inc flu hosp","quantile","0.6",22.2936916394273
"31",2026-10-10,0,2026-10-10,"wk inc flu hosp","quantile","0.65",23.4819652233777
"31",2026-10-10,0,2026-10-10,"wk inc flu hosp","quantile","0.7",24.8594453181147
"31",2026-10-10,0,2026-10-10,"wk inc flu hosp","quantile","0.75",26.2768944037207
"31",2026-10-10,0,2026-10-10,"wk inc flu hosp","quantile","0.8",28.2390423117903
"31",2026-10-10,0,2026-10-10,"wk inc flu hosp","quantile","0.85",30.4922592475025
"31",2026-10-10,0,2026-10-10,"wk inc flu hosp","quantile","0.9",33.0703134553937
"31",2026-10-10,0,2026-10-10,"wk inc flu hosp","quantile","0.95",37.8668738402757
"31",2026-10-10,0,2026-10-10,"wk inc flu hosp","quantile","0.975",42.8732574810688
"31",2026-10-10,0,2026-10-10,"wk inc flu hosp","quantile","0.99",50.70941249781
"31",2026-10-10,1,2026-10-17,"wk inc flu hosp","quantile","0.01",3.88352713223745
"31",2026-10-10,1,2026-10-17,"wk inc flu hosp","quantile","0.025",5.54789495271597
"31",2026-10-10,1,2026-10-17,"wk inc flu hosp","quantile","0.05",7.49314741487378
"31",2026-10-10,1,2026-10-17,"wk inc flu hosp","quantile","0.1",10.0429051890144
"31",2026-10-10,1,2026-10-17,"wk inc flu hosp","quantile","0.15",12.0775500292208
"31",2026-10-10,1,2026-10-17,"wk inc flu hosp","quantile","0.2",14.0918131434032
"31",2026-10-10,1,2026-10-17,"wk inc flu hosp","quantile","0.25",16.1277542077668
"31",2026-10-10,1,2026-10-17,"wk inc flu hosp","quantile","0.3",18.2507042551127
"31",2026-10-10,1,2026-10-17,"wk inc flu hosp","quantile","0.35",20.523896849377
"31",2026-10-10,1,2026-10-17,"wk inc flu hosp","quantile","0.4",21.8380077285214
"31",2026-10-10,1,2026-10-17,"wk inc flu hosp","quantile","0.45",23.7181896369606
"31",2026-10-10,1,2026-10-17,"wk inc flu hosp","quantile","0.5",24.955911641766
"31",2026-10-10,1,2026-10-17,"wk inc flu hosp","quantile","0.55",26.8736143969167
"31",2026-10-10,1,2026-10-17,"wk inc flu hosp","quantile","0.6",28.8222388345345
"31",2026-10-10,1,2026-10-17,"wk inc flu hosp","quantile","0.65",30.5434941822876
"31",2026-10-10,1,2026-10-17,"wk inc flu hosp","quantile","0.7",32.4868492216587
"31",2026-10-10,1,2026-10-17,"wk inc flu hosp","quantile","0.75",35.1832867086818
"31",2026-10-10,1,2026-10-17,"wk inc flu hosp","quantile","0.8",37.6014840987829
"31",2026-10-10,1,2026-10-17,"wk inc flu hosp","quantile","0.85",42.7997357081992
"31",2026-10-10,1,2026-10-17,"wk inc flu hosp","quantile","0.9",49.538223134004
"31",2026-10-10,1,2026-10-17,"wk inc flu hosp","quantile","0.95",60.527811941925
"31",2026-10-10,1,2026-10-17,"wk inc flu hosp","quantile","0.975",68.4796105445471
"31",2026-10-10,1,2026-10-17,"wk inc flu hosp","quantile","0.99",78.9945563779841
"31",2026-10-10,2,2026-10-24,"wk inc flu hosp","quantile","0.01",2.25786796255773
"31",2026-10-10,2,2026-10-24,"wk inc flu hosp","quantile","0.025",4.32934749739814
"31",2026-10-10,2,2026-10-24,"wk inc flu hosp","quantile","0.05",6.5336781329738
"31",2026-10-10,2,2026-10-24,"wk inc flu hosp","quantile","0.1",9.75114810738563
"31",2026-10-10,2,2026-10-24,"wk inc flu hosp","quantile","0.15",12.1029808408689
"31",2026-10-10,2,2026-10-24,"wk inc flu hosp","quantile","0.2",14.5594987726456
"31",2026-10-10,2,2026-10-24,"wk inc flu hosp","quantile","0.25",17.109564793073
"31",2026-10-10,2,2026-10-24,"wk inc flu hosp","quantile","0.3",19.3566178260001
"31",2026-10-10,2,2026-10-24,"wk inc flu hosp","quantile","0.35",21.8423918217536
"31",2026-10-10,2,2026-10-24,"wk inc flu hosp","quantile","0.4",23.994373012028
"31",2026-10-10,2,2026-10-24,"wk inc flu hosp","quantile","0.45",26.5135746155581
"31",2026-10-10,2,2026-10-24,"wk inc flu hosp","quantile","0.5",28.3307484943745
"31",2026-10-10,2,2026-10-24,"wk inc flu hosp","quantile","0.55",30.9187366836522
"31",2026-10-10,2,2026-10-24,"wk inc flu hosp","quantile","0.6",33.3125956111248
"31",2026-10-10,2,2026-10-24,"wk inc flu hosp","quantile","0.65",35.6625592845312
"31",2026-10-10,2,2026-10-24,"wk inc flu hosp","quantile","0.7",39.1925800130409
"31",2026-10-10,2,2026-10-24,"wk inc flu hosp","quantile","0.75",42.4794304119037
"31",2026-10-10,2,2026-10-24,"wk inc flu hosp","quantile","0.8",45.9295641023026
"31",2026-10-10,2,2026-10-24,"wk inc flu hosp","quantile","0.85",52.5194847325968
"31",2026-10-10,2,2026-10-24,"wk inc flu hosp","quantile","0.9",61.6288088248295
"31",2026-10-10,2,2026-10-24,"wk inc flu hosp","quantile","0.95",80.5599651251238
"31",2026-10-10,2,2026-10-24,"wk inc flu hosp","quantile","0.975",95.3932607934046
"31",2026-10-10,2,2026-10-24,"wk inc flu hosp","quantile","0.99",108.878048961984
"31",2026-10-10,3,2026-10-31,"wk inc flu hosp","quantile","0.01",1.63346771411148
"31",2026-10-10,3,2026-10-31,"wk inc flu hosp","quantile","0.025",3.17470150486397
"31",2026-10-10,3,2026-10-31,"wk inc flu hosp","quantile","0.05",5.9227433117175
"31",2026-10-10,3,2026-10-31,"wk inc flu hosp","quantile","0.1",9.23141224266575
"31",2026-10-10,3,2026-10-31,"wk inc flu hosp","quantile","0.15",11.9439000882184
"31",2026-10-10,3,2026-10-31,"wk inc flu hosp","quantile","0.2",14.9034798750781
"31",2026-10-10,3,2026-10-31,"wk inc flu hosp","quantile","0.25",17.5758220307372
"31",2026-10-10,3,2026-10-31,"wk inc flu hosp","quantile","0.3",20.0917755832475
"31",2026-10-10,3,2026-10-31,"wk inc flu hosp","quantile","0.35",22.9527689121151
"31",2026-10-10,3,2026-10-31,"wk inc flu hosp","quantile","0.4",25.534909680248
"31",2026-10-10,3,2026-10-31,"wk inc flu hosp","quantile","0.45",28.7135997082864
"31",2026-10-10,3,2026-10-31,"wk inc flu hosp","quantile","0.5",31.7092394307607
"31",2026-10-10,3,2026-10-31,"wk inc flu hosp","quantile","0.55",35.5287525378006
"31",2026-10-10,3,2026-10-31,"wk inc flu hosp","quantile","0.6",38.2409712327202
"31",2026-10-10,3,2026-10-31,"wk inc flu hosp","quantile","0.65",40.9617995408972
"31",2026-10-10,3,2026-10-31,"wk inc flu hosp","quantile","0.7",45.4041535038307
"31",2026-10-10,3,2026-10-31,"wk inc flu hosp","quantile","0.75",50.67677380504
"31",2026-10-10,3,2026-10-31,"wk inc flu hosp","quantile","0.8",56.1238383758964
"31",2026-10-10,3,2026-10-31,"wk inc flu hosp","quantile","0.85",64.1817796226133
"31",2026-10-10,3,2026-10-31,"wk inc flu hosp","quantile","0.9",75.8872560441854
"31",2026-10-10,3,2026-10-31,"wk inc flu hosp","quantile","0.95",100.170798292571
"31",2026-10-10,3,2026-10-31,"wk inc flu hosp","quantile","0.975",122.391091059191
"31",2026-10-10,3,2026-10-31,"wk inc flu hosp","quantile","0.99",142.648560489748
"32",2026-10-10,0,2026-10-10,"wk inc flu hosp","quantile","0.01",16.831019126927
"32",2026-10-10,0,2026-10-10,"wk inc flu hosp","quantile","0.025",20.82223480269
"32",2026-10-10,0,2026-10-10,"wk inc flu hosp","quantile","0.05",24.2420943774914
"32",2026-10-10,0,2026-10-10,"wk inc flu hosp","quantile","0.1",27.1762129171391
"32",2026-10-10,0,2026-10-10,"wk inc flu hosp","quantile","0.15",29.2698143653021
"32",2026-10-10,0,2026-10-10,"wk inc flu hosp","quantile","0.2",32.1047828640202
"32",2026-10-10,0,2026-10-10,"wk inc flu hosp","quantile","0.25",34.4707725273244
"32",2026-10-10,0,2026-10-10,"wk inc flu hosp","quantile","0.3",36.4871534741035
"32",2026-10-10,0,2026-10-10,"wk inc flu hosp","quantile","0.35",38.4509058580461
"32",2026-10-10,0,2026-10-10,"wk inc flu hosp","quantile","0.4",40.0754059735468
"32",2026-10-10,0,2026-10-10,"wk inc flu hosp","quantile","0.45",41.4748156427556
"32",2026-10-10,0,2026-10-10,"wk inc flu hosp","quantile","0.5",43.3756103317278
"32",2026-10-10,0,2026-10-10,"wk inc flu hosp","quantile","0.55",45.1500391174392
"32",2026-10-10,0,2026-10-10,"wk inc flu hosp","quantile","0.6",46.4862673946062
"32",2026-10-10,0,2026-10-10,"wk inc flu hosp","quantile","0.65",48.6363293117686
"32",2026-10-10,0,2026-10-10,"wk inc flu hosp","quantile","0.7",50.7061531512271
"32",2026-10-10,0,2026-10-10,"wk inc flu hosp","quantile","0.75",53.271012471416
"32",2026-10-10,0,2026-10-10,"wk inc flu hosp","quantile","0.8",57.077090490701
"32",2026-10-10,0,2026-10-10,"wk inc flu hosp","quantile","0.85",61.2809874500544
"32",2026-10-10,0,2026-10-10,"wk inc flu hosp","quantile","0.9",66.6708654095503
"32",2026-10-10,0,2026-10-10,"wk inc flu hosp","quantile","0.95",75.4008704614054
"32",2026-10-10,0,2026-10-10,"wk inc flu hosp","quantile","0.975",83.4117638954593
"32",2026-10-10,0,2026-10-10,"wk inc flu hosp","quantile","0.99",95.8121743151154
"32",2026-10-10,1,2026-10-17,"wk inc flu hosp","quantile","0.01",13.0974305861675
"32",2026-10-10,1,2026-10-17,"wk inc flu hosp","quantile","0.025",17.3767586727615
"32",2026-10-10,1,2026-10-17,"wk inc flu hosp","quantile","0.05",20.8648160751124
"32",2026-10-10,1,2026-10-17,"wk inc flu hosp","quantile","0.1",24.6492650867958
"32",2026-10-10,1,2026-10-17,"wk inc flu hosp","quantile","0.15",27.7746495800998
"32",2026-10-10,1,2026-10-17,"wk inc flu hosp","quantile","0.2",31.6470674511647
"32",2026-10-10,1,2026-10-17,"wk inc flu hosp","quantile","0.25",34.8090153900955
"32",2026-10-10,1,2026-10-17,"wk inc flu hosp","quantile","0.3",37.2975480908724
"32",2026-10-10,1,2026-10-17,"wk inc flu hosp","quantile","0.35",39.8199107423179
"32",2026-10-10,1,2026-10-17,"wk inc flu hosp","quantile","0.4",42.2021062506527
"32",2026-10-10,1,2026-10-17,"wk inc flu hosp","quantile","0.45",44.5284262419496
"32",2026-10-10,1,2026-10-17,"wk inc flu hosp","quantile","0.5",46.7256758752027
"32",2026-10-10,1,2026-10-17,"wk inc flu hosp","quantile","0.55",49.3733775525598
"32",2026-10-10,1,2026-10-17,"wk inc flu hosp","quantile","0.6",52.6109999033136
"32",2026-10-10,1,2026-10-17,"wk inc flu hosp","quantile","0.65",55.6490906341744
"32",2026-10-10,1,2026-10-17,"wk inc flu hosp","quantile","0.7",58.1634904344696
"32",2026-10-10,1,2026-10-17,"wk inc flu hosp","quantile","0.75",62.8307292060402
"32",2026-10-10,1,2026-10-17,"wk inc flu hosp","quantile","0.8",67.8085105854501
"32",2026-10-10,1,2026-10-17,"wk inc flu hosp","quantile","0.85",76.1509690341202
"32",2026-10-10,1,2026-10-17,"wk inc flu hosp","quantile","0.9",85.9369747346604
"32",2026-10-10,1,2026-10-17,"wk inc flu hosp","quantile","0.95",103.787555205019
"32",2026-10-10,1,2026-10-17,"wk inc flu hosp","quantile","0.975",119.949118166441
"32",2026-10-10,1,2026-10-17,"wk inc flu hosp","quantile","0.99",138.08142331369
"32",2026-10-10,2,2026-10-24,"wk inc flu hosp","quantile","0.01",10.6240413261913
"32",2026-10-10,2,2026-10-24,"wk inc flu hosp","quantile","0.025",14.3245009728285
"32",2026-10-10,2,2026-10-24,"wk inc flu hosp","quantile","0.05",18.5570297746914
"32",2026-10-10,2,2026-10-24,"wk inc flu hosp","quantile","0.1",22.9622411732337
"32",2026-10-10,2,2026-10-24,"wk inc flu hosp","quantile","0.15",26.8131682493035
"32",2026-10-10,2,2026-10-24,"wk inc flu hosp","quantile","0.2",31.0953581112776
"32",2026-10-10,2,2026-10-24,"wk inc flu hosp","quantile","0.25",35.5125980484982
"32",2026-10-10,2,2026-10-24,"wk inc flu hosp","quantile","0.3",38.270577511131
"32",2026-10-10,2,2026-10-24,"wk inc flu hosp","quantile","0.35",41.190242513314
"32",2026-10-10,2,2026-10-24,"wk inc flu hosp","quantile","0.4",44.7880922304995
"32",2026-10-10,2,2026-10-24,"wk inc flu hosp","quantile","0.45",47.9713475730184
"32",2026-10-10,2,2026-10-24,"wk inc flu hosp","quantile","0.5",50.9170129709929
"32",2026-10-10,2,2026-10-24,"wk inc flu hosp","quantile","0.55",54.1059801200901
"32",2026-10-10,2,2026-10-24,"wk inc flu hosp","quantile","0.6",58.0635349709097
"32",2026-10-10,2,2026-10-24,"wk inc flu hosp","quantile","0.65",62.3761735420539
"32",2026-10-10,2,2026-10-24,"wk inc flu hosp","quantile","0.7",66.2932523450994
"32",2026-10-10,2,2026-10-24,"wk inc flu hosp","quantile","0.75",71.9075342670852
"32",2026-10-10,2,2026-10-24,"wk inc flu hosp","quantile","0.8",77.405101542046
"32",2026-10-10,2,2026-10-24,"wk inc flu hosp","quantile","0.85",84.9997831027459
"32",2026-10-10,2,2026-10-24,"wk inc flu hosp","quantile","0.9",96.5603282927237
"32",2026-10-10,2,2026-10-24,"wk inc flu hosp","quantile","0.95",124.260411482054
"32",2026-10-10,2,2026-10-24,"wk inc flu hosp","quantile","0.975",149.67677488951
"32",2026-10-10,2,2026-10-24,"wk inc flu hosp","quantile","0.99",174.8229453241
"32",2026-10-10,3,2026-10-31,"wk inc flu hosp","quantile","0.01",8.83243888519305
"32",2026-10-10,3,2026-10-31,"wk inc flu hosp","quantile","0.025",12.716703268759
"32",2026-10-10,3,2026-10-31,"wk inc flu hosp","quantile","0.05",17.1081917700125
"32",2026-10-10,3,2026-10-31,"wk inc flu hosp","quantile","0.1",22.0494160000454
"32",2026-10-10,3,2026-10-31,"wk inc flu hosp","quantile","0.15",26.1998392611543
"32",2026-10-10,3,2026-10-31,"wk inc flu hosp","quantile","0.2",30.5510342561214
"32",2026-10-10,3,2026-10-31,"wk inc flu hosp","quantile","0.25",35.2445384229795
"32",2026-10-10,3,2026-10-31,"wk inc flu hosp","quantile","0.3",38.658695309921
"32",2026-10-10,3,2026-10-31,"wk inc flu hosp","quantile","0.35",42.8006326010315
"32",2026-10-10,3,2026-10-31,"wk inc flu hosp","quantile","0.4",46.6980044943687
"32",2026-10-10,3,2026-10-31,"wk inc flu hosp","quantile","0.45",51.2015468646571
"32",2026-10-10,3,2026-10-31,"wk inc flu hosp","quantile","0.5",55.2578907693704
"32",2026-10-10,3,2026-10-31,"wk inc flu hosp","quantile","0.55",59.6545719263785
"32",2026-10-10,3,2026-10-31,"wk inc flu hosp","quantile","0.6",65.0601350883509
"32",2026-10-10,3,2026-10-31,"wk inc flu hosp","quantile","0.65",69.8610518630389
"32",2026-10-10,3,2026-10-31,"wk inc flu hosp","quantile","0.7",74.8259414047276
"32",2026-10-10,3,2026-10-31,"wk inc flu hosp","quantile","0.75",82.5809951991169
"32",2026-10-10,3,2026-10-31,"wk inc flu hosp","quantile","0.8",89.2416625902754
"32",2026-10-10,3,2026-10-31,"wk inc flu hosp","quantile","0.85",98.479644111486
"32",2026-10-10,3,2026-10-31,"wk inc flu hosp","quantile","0.9",113.362625054741
"32",2026-10-10,3,2026-10-31,"wk inc flu hosp","quantile","0.95",144.061029249398
"32",2026-10-10,3,2026-10-31,"wk inc flu hosp","quantile","0.975",179.185175086846
"32",2026-10-10,3,2026-10-31,"wk inc flu hosp","quantile","0.99",208.404954752724
"33",2026-10-10,0,2026-10-10,"wk inc flu hosp","quantile","0.01",1.45278312991706
"33",2026-10-10,0,2026-10-10,"wk inc flu hosp","quantile","0.025",2.07250466995465
"33",2026-10-10,0,2026-10-10,"wk inc flu hosp","quantile","0.05",2.67295416049555
"33",2026-10-10,0,2026-10-10,"wk inc flu hosp","quantile","0.1",3.89888119281778
"33",2026-10-10,0,2026-10-10,"wk inc flu hosp","quantile","0.15",4.82805317868344
"33",2026-10-10,0,2026-10-10,"wk inc flu hosp","quantile","0.2",5.58633980036434
"33",2026-10-10,0,2026-10-10,"wk inc flu hosp","quantile","0.25",6.48730133190125
"33",2026-10-10,0,2026-10-10,"wk inc flu hosp","quantile","0.3",7.3348404259077
"33",2026-10-10,0,2026-10-10,"wk inc flu hosp","quantile","0.35",8.25170983004712
"33",2026-10-10,0,2026-10-10,"wk inc flu hosp","quantile","0.4",8.78013738900901
"33",2026-10-10,0,2026-10-10,"wk inc flu hosp","quantile","0.45",9.40191071068951
"33",2026-10-10,0,2026-10-10,"wk inc flu hosp","quantile","0.5",10.2498349474094
"33",2026-10-10,0,2026-10-10,"wk inc flu hosp","quantile","0.55",10.9578971589464
"33",2026-10-10,0,2026-10-10,"wk inc flu hosp","quantile","0.6",11.6587016407477
"33",2026-10-10,0,2026-10-10,"wk inc flu hosp","quantile","0.65",12.4427371226663
"33",2026-10-10,0,2026-10-10,"wk inc flu hosp","quantile","0.7",13.2292174563919
"33",2026-10-10,0,2026-10-10,"wk inc flu hosp","quantile","0.75",14.1647336070973
"33",2026-10-10,0,2026-10-10,"wk inc flu hosp","quantile","0.8",15.6401025543263
"33",2026-10-10,0,2026-10-10,"wk inc flu hosp","quantile","0.85",17.2687550267454
"33",2026-10-10,0,2026-10-10,"wk inc flu hosp","quantile","0.9",19.2819359149686
"33",2026-10-10,0,2026-10-10,"wk inc flu hosp","quantile","0.95",23.0425806470112
"33",2026-10-10,0,2026-10-10,"wk inc flu hosp","quantile","0.975",25.9449501558145
"33",2026-10-10,0,2026-10-10,"wk inc flu hosp","quantile","0.99",32.3153313642641
"33",2026-10-10,1,2026-10-17,"wk inc flu hosp","quantile","0.01",0.104054271697841
"33",2026-10-10,1,2026-10-17,"wk inc flu hosp","quantile","0.025",1.0999629294703
"33",2026-10-10,1,2026-10-17,"wk inc flu hosp","quantile","0.05",1.82193454056698
"33",2026-10-10,1,2026-10-17,"wk inc flu hosp","quantile","0.1",3.44622741117115
"33",2026-10-10,1,2026-10-17,"wk inc flu hosp","quantile","0.15",4.71411137575489
"33",2026-10-10,1,2026-10-17,"wk inc flu hosp","quantile","0.2",5.74949750795142
"33",2026-10-10,1,2026-10-17,"wk inc flu hosp","quantile","0.25",6.73746297020093
"33",2026-10-10,1,2026-10-17,"wk inc flu hosp","quantile","0.3",7.73115562610266
"33",2026-10-10,1,2026-10-17,"wk inc flu hosp","quantile","0.35",8.8609054787179
"33",2026-10-10,1,2026-10-17,"wk inc flu hosp","quantile","0.4",9.63989021690239
"33",2026-10-10,1,2026-10-17,"wk inc flu hosp","quantile","0.45",10.6555273217812
"33",2026-10-10,1,2026-10-17,"wk inc flu hosp","quantile","0.5",11.6852689891282
"33",2026-10-10,1,2026-10-17,"wk inc flu hosp","quantile","0.55",12.8757906586338
"33",2026-10-10,1,2026-10-17,"wk inc flu hosp","quantile","0.6",14.0033182192307
"33",2026-10-10,1,2026-10-17,"wk inc flu hosp","quantile","0.65",15.4300622429506
"33",2026-10-10,1,2026-10-17,"wk inc flu hosp","quantile","0.7",16.8568269576161
"33",2026-10-10,1,2026-10-17,"wk inc flu hosp","quantile","0.75",18.4143804460916
"33",2026-10-10,1,2026-10-17,"wk inc flu hosp","quantile","0.8",20.9456200378922
"33",2026-10-10,1,2026-10-17,"wk inc flu hosp","quantile","0.85",23.997852436044
"33",2026-10-10,1,2026-10-17,"wk inc flu hosp","quantile","0.9",27.6004686873022
"33",2026-10-10,1,2026-10-17,"wk inc flu hosp","quantile","0.95",34.5789449018312
"33",2026-10-10,1,2026-10-17,"wk inc flu hosp","quantile","0.975",41.5250966174991
"33",2026-10-10,1,2026-10-17,"wk inc flu hosp","quantile","0.99",50.0600364054639
"33",2026-10-10,2,2026-10-24,"wk inc flu hosp","quantile","0.01",0.024808285588973
"33",2026-10-10,2,2026-10-24,"wk inc flu hosp","quantile","0.025",0.290435080570414
"33",2026-10-10,2,2026-10-24,"wk inc flu hosp","quantile","0.05",1.36584124308408
"33",2026-10-10,2,2026-10-24,"wk inc flu hosp","quantile","0.1",3.04534434318037
"33",2026-10-10,2,2026-10-24,"wk inc flu hosp","quantile","0.15",4.50223706042142
"33",2026-10-10,2,2026-10-24,"wk inc flu hosp","quantile","0.2",5.67650726297453
"33",2026-10-10,2,2026-10-24,"wk inc flu hosp","quantile","0.25",6.9615847200339
"33",2026-10-10,2,2026-10-24,"wk inc flu hosp","quantile","0.3",8.40565590726192
"33",2026-10-10,2,2026-10-24,"wk inc flu hosp","quantile","0.35",9.77181561851605
"33",2026-10-10,2,2026-10-24,"wk inc flu hosp","quantile","0.4",10.9767274095263
"33",2026-10-10,2,2026-10-24,"wk inc flu hosp","quantile","0.45",12.4812042115428
"33",2026-10-10,2,2026-10-24,"wk inc flu hosp","quantile","0.5",13.772761251346
"33",2026-10-10,2,2026-10-24,"wk inc flu hosp","quantile","0.55",15.4677764002437
"33",2026-10-10,2,2026-10-24,"wk inc flu hosp","quantile","0.6",16.9039344076399
"33",2026-10-10,2,2026-10-24,"wk inc flu hosp","quantile","0.65",18.5857827410151
"33",2026-10-10,2,2026-10-24,"wk inc flu hosp","quantile","0.7",20.3789073142081
"33",2026-10-10,2,2026-10-24,"wk inc flu hosp","quantile","0.75",22.6645234242196
"33",2026-10-10,2,2026-10-24,"wk inc flu hosp","quantile","0.8",26.0327699447879
"33",2026-10-10,2,2026-10-24,"wk inc flu hosp","quantile","0.85",29.1698123022436
"33",2026-10-10,2,2026-10-24,"wk inc flu hosp","quantile","0.9",34.5455435966183
"33",2026-10-10,2,2026-10-24,"wk inc flu hosp","quantile","0.95",46.8752275106941
"33",2026-10-10,2,2026-10-24,"wk inc flu hosp","quantile","0.975",57.5442848986018
"33",2026-10-10,2,2026-10-24,"wk inc flu hosp","quantile","0.99",71.031325612816
"33",2026-10-10,3,2026-10-31,"wk inc flu hosp","quantile","0.01",0.0437068972765698
"33",2026-10-10,3,2026-10-31,"wk inc flu hosp","quantile","0.025",0.225868103573693
"33",2026-10-10,3,2026-10-31,"wk inc flu hosp","quantile","0.05",0.877140090921444
"33",2026-10-10,3,2026-10-31,"wk inc flu hosp","quantile","0.1",2.78792370394601
"33",2026-10-10,3,2026-10-31,"wk inc flu hosp","quantile","0.15",4.44825774569571
"33",2026-10-10,3,2026-10-31,"wk inc flu hosp","quantile","0.2",5.93150260973114
"33",2026-10-10,3,2026-10-31,"wk inc flu hosp","quantile","0.25",7.68069866874041
"33",2026-10-10,3,2026-10-31,"wk inc flu hosp","quantile","0.3",9.27278424727212
"33",2026-10-10,3,2026-10-31,"wk inc flu hosp","quantile","0.35",10.7845420892086
"33",2026-10-10,3,2026-10-31,"wk inc flu hosp","quantile","0.4",12.3017633934625
"33",2026-10-10,3,2026-10-31,"wk inc flu hosp","quantile","0.45",14.3985470031879
"33",2026-10-10,3,2026-10-31,"wk inc flu hosp","quantile","0.5",16.0911743998354
"33",2026-10-10,3,2026-10-31,"wk inc flu hosp","quantile","0.55",18.2345057970237
"33",2026-10-10,3,2026-10-31,"wk inc flu hosp","quantile","0.6",20.2449779839323
"33",2026-10-10,3,2026-10-31,"wk inc flu hosp","quantile","0.65",22.6415473797395
"33",2026-10-10,3,2026-10-31,"wk inc flu hosp","quantile","0.7",25.2252588941559
"33",2026-10-10,3,2026-10-31,"wk inc flu hosp","quantile","0.75",28.4457909216565
"33",2026-10-10,3,2026-10-31,"wk inc flu hosp","quantile","0.8",32.472871017166
"33",2026-10-10,3,2026-10-31,"wk inc flu hosp","quantile","0.85",37.4308042211189
"33",2026-10-10,3,2026-10-31,"wk inc flu hosp","quantile","0.9",44.8815869560664
"33",2026-10-10,3,2026-10-31,"wk inc flu hosp","quantile","0.95",59.3270931258232
"33",2026-10-10,3,2026-10-31,"wk inc flu hosp","quantile","0.975",74.482537462189
"33",2026-10-10,3,2026-10-31,"wk inc flu hosp","quantile","0.99",92.8627145152272
"34",2026-10-10,0,2026-10-10,"wk inc flu hosp","quantile","0.01",31.8026422779847
"34",2026-10-10,0,2026-10-10,"wk inc flu hosp","quantile","0.025",36.1306471838927
"34",2026-10-10,0,2026-10-10,"wk inc flu hosp","quantile","0.05",43.8255885356194
"34",2026-10-10,0,2026-10-10,"wk inc flu hosp","quantile","0.1",52.9998267081534
"34",2026-10-10,0,2026-10-10,"wk inc flu hosp","quantile","0.15",59.5866868512053
"34",2026-10-10,0,2026-10-10,"wk inc flu hosp","quantile","0.2",65.0159748234922
"34",2026-10-10,0,2026-10-10,"wk inc flu hosp","quantile","0.25",68.7936407648503
"34",2026-10-10,0,2026-10-10,"wk inc flu hosp","quantile","0.3",71.9791903088605
"34",2026-10-10,0,2026-10-10,"wk inc flu hosp","quantile","0.35",75.1661856177644
"34",2026-10-10,0,2026-10-10,"wk inc flu hosp","quantile","0.4",79.1772741498876
"34",2026-10-10,0,2026-10-10,"wk inc flu hosp","quantile","0.45",81.8087278110987
"34",2026-10-10,0,2026-10-10,"wk inc flu hosp","quantile","0.5",84.0748063624913
"34",2026-10-10,0,2026-10-10,"wk inc flu hosp","quantile","0.55",87.3592303059761
"34",2026-10-10,0,2026-10-10,"wk inc flu hosp","quantile","0.6",91.2902294090557
"34",2026-10-10,0,2026-10-10,"wk inc flu hosp","quantile","0.65",93.5560500534069
"34",2026-10-10,0,2026-10-10,"wk inc flu hosp","quantile","0.7",99.0189202428144
"34",2026-10-10,0,2026-10-10,"wk inc flu hosp","quantile","0.75",102.591341133229
"34",2026-10-10,0,2026-10-10,"wk inc flu hosp","quantile","0.8",107.509593457951
"34",2026-10-10,0,2026-10-10,"wk inc flu hosp","quantile","0.85",113.82047239071
"34",2026-10-10,0,2026-10-10,"wk inc flu hosp","quantile","0.9",124.78363575147
"34",2026-10-10,0,2026-10-10,"wk inc flu hosp","quantile","0.95",146.174033591498
"34",2026-10-10,0,2026-10-10,"wk inc flu hosp","quantile","0.975",164.621965243615
"34",2026-10-10,0,2026-10-10,"wk inc flu hosp","quantile","0.99",191.596391354042
"34",2026-10-10,1,2026-10-17,"wk inc flu hosp","quantile","0.01",23.5985536392102
"34",2026-10-10,1,2026-10-17,"wk inc flu hosp","quantile","0.025",29.6046946667404
"34",2026-10-10,1,2026-10-17,"wk inc flu hosp","quantile","0.05",37.6517172465476
"34",2026-10-10,1,2026-10-17,"wk inc flu hosp","quantile","0.1",50.2550817956643
"34",2026-10-10,1,2026-10-17,"wk inc flu hosp","quantile","0.15",59.0889983063551
"34",2026-10-10,1,2026-10-17,"wk inc flu hosp","quantile","0.2",66.9824725469668
"34",2026-10-10,1,2026-10-17,"wk inc flu hosp","quantile","0.25",73.0454959245656
"34",2026-10-10,1,2026-10-17,"wk inc flu hosp","quantile","0.3",77.9254409174388
"34",2026-10-10,1,2026-10-17,"wk inc flu hosp","quantile","0.35",80.4273007080845
"34",2026-10-10,1,2026-10-17,"wk inc flu hosp","quantile","0.4",85.9977982571858
"34",2026-10-10,1,2026-10-17,"wk inc flu hosp","quantile","0.45",89.0469359328842
"34",2026-10-10,1,2026-10-17,"wk inc flu hosp","quantile","0.5",92.3549328100706
"34",2026-10-10,1,2026-10-17,"wk inc flu hosp","quantile","0.55",98.9913169171439
"34",2026-10-10,1,2026-10-17,"wk inc flu hosp","quantile","0.6",105.340038529104
"34",2026-10-10,1,2026-10-17,"wk inc flu hosp","quantile","0.65",112.472608767508
"34",2026-10-10,1,2026-10-17,"wk inc flu hosp","quantile","0.7",118.170838923672
"34",2026-10-10,1,2026-10-17,"wk inc flu hosp","quantile","0.75",126.295353923141
"34",2026-10-10,1,2026-10-17,"wk inc flu hosp","quantile","0.8",134.708324262874
"34",2026-10-10,1,2026-10-17,"wk inc flu hosp","quantile","0.85",150.533200265558
"34",2026-10-10,1,2026-10-17,"wk inc flu hosp","quantile","0.9",163.990563926202
"34",2026-10-10,1,2026-10-17,"wk inc flu hosp","quantile","0.95",191.697529698666
"34",2026-10-10,1,2026-10-17,"wk inc flu hosp","quantile","0.975",234.862456790047
"34",2026-10-10,1,2026-10-17,"wk inc flu hosp","quantile","0.99",270.172625947635
"34",2026-10-10,2,2026-10-24,"wk inc flu hosp","quantile","0.01",15.7677061791184
"34",2026-10-10,2,2026-10-24,"wk inc flu hosp","quantile","0.025",24.4081344286864
"34",2026-10-10,2,2026-10-24,"wk inc flu hosp","quantile","0.05",35.1176480300952
"34",2026-10-10,2,2026-10-24,"wk inc flu hosp","quantile","0.1",48.7394051657606
"34",2026-10-10,2,2026-10-24,"wk inc flu hosp","quantile","0.15",58.4036335357894
"34",2026-10-10,2,2026-10-24,"wk inc flu hosp","quantile","0.2",68.7659455885966
"34",2026-10-10,2,2026-10-24,"wk inc flu hosp","quantile","0.25",76.3980553269579
"34",2026-10-10,2,2026-10-24,"wk inc flu hosp","quantile","0.3",83.7926498140849
"34",2026-10-10,2,2026-10-24,"wk inc flu hosp","quantile","0.35",87.8514759455202
"34",2026-10-10,2,2026-10-24,"wk inc flu hosp","quantile","0.4",95.588922574419
"34",2026-10-10,2,2026-10-24,"wk inc flu hosp","quantile","0.45",101.196374968173
"34",2026-10-10,2,2026-10-24,"wk inc flu hosp","quantile","0.5",106.990133998212
"34",2026-10-10,2,2026-10-24,"wk inc flu hosp","quantile","0.55",113.756075040969
"34",2026-10-10,2,2026-10-24,"wk inc flu hosp","quantile","0.6",121.415782687825
"34",2026-10-10,2,2026-10-24,"wk inc flu hosp","quantile","0.65",128.771082536841
"34",2026-10-10,2,2026-10-24,"wk inc flu hosp","quantile","0.7",138.183193856331
"34",2026-10-10,2,2026-10-24,"wk inc flu hosp","quantile","0.75",151.066175397729
"34",2026-10-10,2,2026-10-24,"wk inc flu hosp","quantile","0.8",162.38660937789
"34",2026-10-10,2,2026-10-24,"wk inc flu hosp","quantile","0.85",179.316830241238
"34",2026-10-10,2,2026-10-24,"wk inc flu hosp","quantile","0.9",205.830001733849
"34",2026-10-10,2,2026-10-24,"wk inc flu hosp","quantile","0.95",258.622918212767
"34",2026-10-10,2,2026-10-24,"wk inc flu hosp","quantile","0.975",315.297626467643
"34",2026-10-10,2,2026-10-24,"wk inc flu hosp","quantile","0.99",366.497748356838
"34",2026-10-10,3,2026-10-31,"wk inc flu hosp","quantile","0.01",15.5824067164855
"34",2026-10-10,3,2026-10-31,"wk inc flu hosp","quantile","0.025",21.9802901204336
"34",2026-10-10,3,2026-10-31,"wk inc flu hosp","quantile","0.05",32.4283686448579
"34",2026-10-10,3,2026-10-31,"wk inc flu hosp","quantile","0.1",46.5018627764003
"34",2026-10-10,3,2026-10-31,"wk inc flu hosp","quantile","0.15",59.3263602791314
"34",2026-10-10,3,2026-10-31,"wk inc flu hosp","quantile","0.2",71.3668607812418
"34",2026-10-10,3,2026-10-31,"wk inc flu hosp","quantile","0.25",80.7845277419467
"34",2026-10-10,3,2026-10-31,"wk inc flu hosp","quantile","0.3",89.4821032136046
"34",2026-10-10,3,2026-10-31,"wk inc flu hosp","quantile","0.35",96.277444351037
"34",2026-10-10,3,2026-10-31,"wk inc flu hosp","quantile","0.4",104.799676135915
"34",2026-10-10,3,2026-10-31,"wk inc flu hosp","quantile","0.45",114.457867769808
"34",2026-10-10,3,2026-10-31,"wk inc flu hosp","quantile","0.5",121.732037057812
"34",2026-10-10,3,2026-10-31,"wk inc flu hosp","quantile","0.55",132.208575141368
"34",2026-10-10,3,2026-10-31,"wk inc flu hosp","quantile","0.6",144.028334669366
"34",2026-10-10,3,2026-10-31,"wk inc flu hosp","quantile","0.65",153.16609673462
"34",2026-10-10,3,2026-10-31,"wk inc flu hosp","quantile","0.7",164.141732514832
"34",2026-10-10,3,2026-10-31,"wk inc flu hosp","quantile","0.75",180.047113969078
"34",2026-10-10,3,2026-10-31,"wk inc flu hosp","quantile","0.8",194.055882972432
"34",2026-10-10,3,2026-10-31,"wk inc flu hosp","quantile","0.85",220.839762002237
"34",2026-10-10,3,2026-10-31,"wk inc flu hosp","quantile","0.9",251.40667142886
"34",2026-10-10,3,2026-10-31,"wk inc flu hosp","quantile","0.95",327.471381818786
"34",2026-10-10,3,2026-10-31,"wk inc flu hosp","quantile","0.975",408.674470330818
"34",2026-10-10,3,2026-10-31,"wk inc flu hosp","quantile","0.99",472.749416394576
"35",2026-10-10,0,2026-10-10,"wk inc flu hosp","quantile","0.01",1.63681062269426
"35",2026-10-10,0,2026-10-10,"wk inc flu hosp","quantile","0.025",2.74945727043893
"35",2026-10-10,0,2026-10-10,"wk inc flu hosp","quantile","0.05",3.490884810084
"35",2026-10-10,0,2026-10-10,"wk inc flu hosp","quantile","0.1",4.45892917647544
"35",2026-10-10,0,2026-10-10,"wk inc flu hosp","quantile","0.15",5.33935531350102
"35",2026-10-10,0,2026-10-10,"wk inc flu hosp","quantile","0.2",6.25678159426331
"35",2026-10-10,0,2026-10-10,"wk inc flu hosp","quantile","0.25",6.86708659768628
"35",2026-10-10,0,2026-10-10,"wk inc flu hosp","quantile","0.3",7.57110221043149
"35",2026-10-10,0,2026-10-10,"wk inc flu hosp","quantile","0.35",8.21138471634077
"35",2026-10-10,0,2026-10-10,"wk inc flu hosp","quantile","0.4",8.88750258150867
"35",2026-10-10,0,2026-10-10,"wk inc flu hosp","quantile","0.45",9.7816288208642
"35",2026-10-10,0,2026-10-10,"wk inc flu hosp","quantile","0.5",10.4126782713422
"35",2026-10-10,0,2026-10-10,"wk inc flu hosp","quantile","0.55",11.1688103472772
"35",2026-10-10,0,2026-10-10,"wk inc flu hosp","quantile","0.6",12.0273367447882
"35",2026-10-10,0,2026-10-10,"wk inc flu hosp","quantile","0.65",12.8177962245929
"35",2026-10-10,0,2026-10-10,"wk inc flu hosp","quantile","0.7",13.8740031329501
"35",2026-10-10,0,2026-10-10,"wk inc flu hosp","quantile","0.75",15.0500676042083
"35",2026-10-10,0,2026-10-10,"wk inc flu hosp","quantile","0.8",16.54153619983
"35",2026-10-10,0,2026-10-10,"wk inc flu hosp","quantile","0.85",18.1895278982297
"35",2026-10-10,0,2026-10-10,"wk inc flu hosp","quantile","0.9",20.2941512568582
"35",2026-10-10,0,2026-10-10,"wk inc flu hosp","quantile","0.95",24.5656260500427
"35",2026-10-10,0,2026-10-10,"wk inc flu hosp","quantile","0.975",28.6856190787367
"35",2026-10-10,0,2026-10-10,"wk inc flu hosp","quantile","0.99",33.8107490561339
"35",2026-10-10,1,2026-10-17,"wk inc flu hosp","quantile","0.01",1.62825580659636
"35",2026-10-10,1,2026-10-17,"wk inc flu hosp","quantile","0.025",2.40538962368804
"35",2026-10-10,1,2026-10-17,"wk inc flu hosp","quantile","0.05",2.67664088491459
"35",2026-10-10,1,2026-10-17,"wk inc flu hosp","quantile","0.1",3.94357948382521
"35",2026-10-10,1,2026-10-17,"wk inc flu hosp","quantile","0.15",5.08742406495463
"35",2026-10-10,1,2026-10-17,"wk inc flu hosp","quantile","0.2",6.22651318119492
"35",2026-10-10,1,2026-10-17,"wk inc flu hosp","quantile","0.25",7.20143916937701
"35",2026-10-10,1,2026-10-17,"wk inc flu hosp","quantile","0.3",8.16663853251263
"35",2026-10-10,1,2026-10-17,"wk inc flu hosp","quantile","0.35",9.28417513075629
"35",2026-10-10,1,2026-10-17,"wk inc flu hosp","quantile","0.4",10.1136318314205
"35",2026-10-10,1,2026-10-17,"wk inc flu hosp","quantile","0.45",11.402409745292
"35",2026-10-10,1,2026-10-17,"wk inc flu hosp","quantile","0.5",12.24221026945
"35",2026-10-10,1,2026-10-17,"wk inc flu hosp","quantile","0.55",13.282198591256
"35",2026-10-10,1,2026-10-17,"wk inc flu hosp","quantile","0.6",14.8349917591842
"35",2026-10-10,1,2026-10-17,"wk inc flu hosp","quantile","0.65",16.4597704365966
"35",2026-10-10,1,2026-10-17,"wk inc flu hosp","quantile","0.7",18.1066226002385
"35",2026-10-10,1,2026-10-17,"wk inc flu hosp","quantile","0.75",20.3595887369505
"35",2026-10-10,1,2026-10-17,"wk inc flu hosp","quantile","0.8",22.775871700964
"35",2026-10-10,1,2026-10-17,"wk inc flu hosp","quantile","0.85",25.7049716608585
"35",2026-10-10,1,2026-10-17,"wk inc flu hosp","quantile","0.9",29.2645500262949
"35",2026-10-10,1,2026-10-17,"wk inc flu hosp","quantile","0.95",36.479414791839
"35",2026-10-10,1,2026-10-17,"wk inc flu hosp","quantile","0.975",44.092086991238
"35",2026-10-10,1,2026-10-17,"wk inc flu hosp","quantile","0.99",53.8739066316082
"35",2026-10-10,2,2026-10-24,"wk inc flu hosp","quantile","0.01",1.59665228525135
"35",2026-10-10,2,2026-10-24,"wk inc flu hosp","quantile","0.025",2.42119679077948
"35",2026-10-10,2,2026-10-24,"wk inc flu hosp","quantile","0.05",2.67689529238756
"35",2026-10-10,2,2026-10-24,"wk inc flu hosp","quantile","0.1",3.42921625170049
"35",2026-10-10,2,2026-10-24,"wk inc flu hosp","quantile","0.15",4.858437397437
"35",2026-10-10,2,2026-10-24,"wk inc flu hosp","quantile","0.2",6.26460595798257
"35",2026-10-10,2,2026-10-24,"wk inc flu hosp","quantile","0.25",7.5297363878007
"35",2026-10-10,2,2026-10-24,"wk inc flu hosp","quantile","0.3",9.08391641542995
"35",2026-10-10,2,2026-10-24,"wk inc flu hosp","quantile","0.35",10.362677236335
"35",2026-10-10,2,2026-10-24,"wk inc flu hosp","quantile","0.4",11.8017576588273
"35",2026-10-10,2,2026-10-24,"wk inc flu hosp","quantile","0.45",13.5058979067845
"35",2026-10-10,2,2026-10-24,"wk inc flu hosp","quantile","0.5",14.7101623332568
"35",2026-10-10,2,2026-10-24,"wk inc flu hosp","quantile","0.55",16.397233762989
"35",2026-10-10,2,2026-10-24,"wk inc flu hosp","quantile","0.6",18.3749593820211
"35",2026-10-10,2,2026-10-24,"wk inc flu hosp","quantile","0.65",20.2013717340391
"35",2026-10-10,2,2026-10-24,"wk inc flu hosp","quantile","0.7",22.4110226920271
"35",2026-10-10,2,2026-10-24,"wk inc flu hosp","quantile","0.75",25.573285975911
"35",2026-10-10,2,2026-10-24,"wk inc flu hosp","quantile","0.8",28.8995158748519
"35",2026-10-10,2,2026-10-24,"wk inc flu hosp","quantile","0.85",33.1198690823545
"35",2026-10-10,2,2026-10-24,"wk inc flu hosp","quantile","0.9",40.3279549537458
"35",2026-10-10,2,2026-10-24,"wk inc flu hosp","quantile","0.95",52.180267482556
"35",2026-10-10,2,2026-10-24,"wk inc flu hosp","quantile","0.975",66.1410805318235
"35",2026-10-10,2,2026-10-24,"wk inc flu hosp","quantile","0.99",80.4763864949855
"35",2026-10-10,3,2026-10-31,"wk inc flu hosp","quantile","0.01",1.60215643712748
"35",2026-10-10,3,2026-10-31,"wk inc flu hosp","quantile","0.025",2.39854431437347
"35",2026-10-10,3,2026-10-31,"wk inc flu hosp","quantile","0.05",2.71240350159008
"35",2026-10-10,3,2026-10-31,"wk inc flu hosp","quantile","0.1",3.0004081447728
"35",2026-10-10,3,2026-10-31,"wk inc flu hosp","quantile","0.15",4.79027689037269
"35",2026-10-10,3,2026-10-31,"wk inc flu hosp","quantile","0.2",6.65137147879915
"35",2026-10-10,3,2026-10-31,"wk inc flu hosp","quantile","0.25",8.29384098557884
"35",2026-10-10,3,2026-10-31,"wk inc flu hosp","quantile","0.3",9.81602425887164
"35",2026-10-10,3,2026-10-31,"wk inc flu hosp","quantile","0.35",11.6437730786806
"35",2026-10-10,3,2026-10-31,"wk inc flu hosp","quantile","0.4",13.6543305458192
"35",2026-10-10,3,2026-10-31,"wk inc flu hosp","quantile","0.45",16.0452167254255
"35",2026-10-10,3,2026-10-31,"wk inc flu hosp","quantile","0.5",17.7384790349754
"35",2026-10-10,3,2026-10-31,"wk inc flu hosp","quantile","0.55",20.072215642824
"35",2026-10-10,3,2026-10-31,"wk inc flu hosp","quantile","0.6",22.4996475815073
"35",2026-10-10,3,2026-10-31,"wk inc flu hosp","quantile","0.65",24.9886717931936
"35",2026-10-10,3,2026-10-31,"wk inc flu hosp","quantile","0.7",28.1416662207516
"35",2026-10-10,3,2026-10-31,"wk inc flu hosp","quantile","0.75",32.1929354349413
"35",2026-10-10,3,2026-10-31,"wk inc flu hosp","quantile","0.8",36.1244644752302
"35",2026-10-10,3,2026-10-31,"wk inc flu hosp","quantile","0.85",42.3259740615764
"35",2026-10-10,3,2026-10-31,"wk inc flu hosp","quantile","0.9",52.2807893758999
"35",2026-10-10,3,2026-10-31,"wk inc flu hosp","quantile","0.95",72.3399920491374
"35",2026-10-10,3,2026-10-31,"wk inc flu hosp","quantile","0.975",91.2554284152062
"35",2026-10-10,3,2026-10-31,"wk inc flu hosp","quantile","0.99",116.484735347039
"36",2026-10-10,0,2026-10-10,"wk inc flu hosp","quantile","0.01",76.932207831283
"36",2026-10-10,0,2026-10-10,"wk inc flu hosp","quantile","0.025",87.0926367841986
"36",2026-10-10,0,2026-10-10,"wk inc flu hosp","quantile","0.05",100.203027252558
"36",2026-10-10,0,2026-10-10,"wk inc flu hosp","quantile","0.1",116.883854424314
"36",2026-10-10,0,2026-10-10,"wk inc flu hosp","quantile","0.15",127.758968510015
"36",2026-10-10,0,2026-10-10,"wk inc flu hosp","quantile","0.2",135.227028031648
"36",2026-10-10,0,2026-10-10,"wk inc flu hosp","quantile","0.25",142.32341436502
"36",2026-10-10,0,2026-10-10,"wk inc flu hosp","quantile","0.3",146.484690704147
"36",2026-10-10,0,2026-10-10,"wk inc flu hosp","quantile","0.35",153.570368333978
"36",2026-10-10,0,2026-10-10,"wk inc flu hosp","quantile","0.4",158.558532043848
"36",2026-10-10,0,2026-10-10,"wk inc flu hosp","quantile","0.45",162.703805452999
"36",2026-10-10,0,2026-10-10,"wk inc flu hosp","quantile","0.5",168.06694684657
"36",2026-10-10,0,2026-10-10,"wk inc flu hosp","quantile","0.55",170.959904864212
"36",2026-10-10,0,2026-10-10,"wk inc flu hosp","quantile","0.6",176.490560205256
"36",2026-10-10,0,2026-10-10,"wk inc flu hosp","quantile","0.65",182.580352291098
"36",2026-10-10,0,2026-10-10,"wk inc flu hosp","quantile","0.7",190.158384551976
"36",2026-10-10,0,2026-10-10,"wk inc flu hosp","quantile","0.75",196.787077812226
"36",2026-10-10,0,2026-10-10,"wk inc flu hosp","quantile","0.8",206.568391266382
"36",2026-10-10,0,2026-10-10,"wk inc flu hosp","quantile","0.85",219.040736982011
"36",2026-10-10,0,2026-10-10,"wk inc flu hosp","quantile","0.9",236.182653178066
"36",2026-10-10,0,2026-10-10,"wk inc flu hosp","quantile","0.95",267.482301466535
"36",2026-10-10,0,2026-10-10,"wk inc flu hosp","quantile","0.975",303.712760299094
"36",2026-10-10,0,2026-10-10,"wk inc flu hosp","quantile","0.99",344.30163238621
"36",2026-10-10,1,2026-10-17,"wk inc flu hosp","quantile","0.01",67.0613517456918
"36",2026-10-10,1,2026-10-17,"wk inc flu hosp","quantile","0.025",80.1146462652865
"36",2026-10-10,1,2026-10-17,"wk inc flu hosp","quantile","0.05",94.9671767072743
"36",2026-10-10,1,2026-10-17,"wk inc flu hosp","quantile","0.1",116.110211565241
"36",2026-10-10,1,2026-10-17,"wk inc flu hosp","quantile","0.15",133.438530624014
"36",2026-10-10,1,2026-10-17,"wk inc flu hosp","quantile","0.2",145.94571218958
"36",2026-10-10,1,2026-10-17,"wk inc flu hosp","quantile","0.25",157.145986929313
"36",2026-10-10,1,2026-10-17,"wk inc flu hosp","quantile","0.3",165.871072655545
"36",2026-10-10,1,2026-10-17,"wk inc flu hosp","quantile","0.35",172.9355682314
"36",2026-10-10,1,2026-10-17,"wk inc flu hosp","quantile","0.4",182.110305104717
"36",2026-10-10,1,2026-10-17,"wk inc flu hosp","quantile","0.45",187.277699048954
"36",2026-10-10,1,2026-10-17,"wk inc flu hosp","quantile","0.5",193.460194681258
"36",2026-10-10,1,2026-10-17,"wk inc flu hosp","quantile","0.55",201.23731480647
"36",2026-10-10,1,2026-10-17,"wk inc flu hosp","quantile","0.6",212.363317581614
"36",2026-10-10,1,2026-10-17,"wk inc flu hosp","quantile","0.65",222.692159009115
"36",2026-10-10,1,2026-10-17,"wk inc flu hosp","quantile","0.7",231.624941319014
"36",2026-10-10,1,2026-10-17,"wk inc flu hosp","quantile","0.75",247.965333327547
"36",2026-10-10,1,2026-10-17,"wk inc flu hosp","quantile","0.8",263.713321924716
"36",2026-10-10,1,2026-10-17,"wk inc flu hosp","quantile","0.85",284.097429142809
"36",2026-10-10,1,2026-10-17,"wk inc flu hosp","quantile","0.9",313.36517160893
"36",2026-10-10,1,2026-10-17,"wk inc flu hosp","quantile","0.95",359.170409138062
"36",2026-10-10,1,2026-10-17,"wk inc flu hosp","quantile","0.975",421.217868691186
"36",2026-10-10,1,2026-10-17,"wk inc flu hosp","quantile","0.99",472.129251436945
"36",2026-10-10,2,2026-10-24,"wk inc flu hosp","quantile","0.01",56.1382152244766
"36",2026-10-10,2,2026-10-24,"wk inc flu hosp","quantile","0.025",75.020862611001
"36",2026-10-10,2,2026-10-24,"wk inc flu hosp","quantile","0.05",93.4859058108596
"36",2026-10-10,2,2026-10-24,"wk inc flu hosp","quantile","0.1",117.020019170796
"36",2026-10-10,2,2026-10-24,"wk inc flu hosp","quantile","0.15",138.163826601635
"36",2026-10-10,2,2026-10-24,"wk inc flu hosp","quantile","0.2",154.162458307957
"36",2026-10-10,2,2026-10-24,"wk inc flu hosp","quantile","0.25",170.717781686886
"36",2026-10-10,2,2026-10-24,"wk inc flu hosp","quantile","0.3",182.430361346152
"36",2026-10-10,2,2026-10-24,"wk inc flu hosp","quantile","0.35",191.843606750919
"36",2026-10-10,2,2026-10-24,"wk inc flu hosp","quantile","0.4",206.734740873053
"36",2026-10-10,2,2026-10-24,"wk inc flu hosp","quantile","0.45",215.402416316465
"36",2026-10-10,2,2026-10-24,"wk inc flu hosp","quantile","0.5",222.677045377928
"36",2026-10-10,2,2026-10-24,"wk inc flu hosp","quantile","0.55",234.236646570055
"36",2026-10-10,2,2026-10-24,"wk inc flu hosp","quantile","0.6",245.098687940469
"36",2026-10-10,2,2026-10-24,"wk inc flu hosp","quantile","0.65",260.207866270991
"36",2026-10-10,2,2026-10-24,"wk inc flu hosp","quantile","0.7",271.651571760218
"36",2026-10-10,2,2026-10-24,"wk inc flu hosp","quantile","0.75",294.687102039356
"36",2026-10-10,2,2026-10-24,"wk inc flu hosp","quantile","0.8",314.160018768638
"36",2026-10-10,2,2026-10-24,"wk inc flu hosp","quantile","0.85",349.837631803757
"36",2026-10-10,2,2026-10-24,"wk inc flu hosp","quantile","0.9",394.089575165117
"36",2026-10-10,2,2026-10-24,"wk inc flu hosp","quantile","0.95",472.961526853215
"36",2026-10-10,2,2026-10-24,"wk inc flu hosp","quantile","0.975",552.026201793999
"36",2026-10-10,2,2026-10-24,"wk inc flu hosp","quantile","0.99",641.482210095229
"36",2026-10-10,3,2026-10-31,"wk inc flu hosp","quantile","0.01",50.9377242453324
"36",2026-10-10,3,2026-10-31,"wk inc flu hosp","quantile","0.025",70.136682091499
"36",2026-10-10,3,2026-10-31,"wk inc flu hosp","quantile","0.05",90.8430294582674
"36",2026-10-10,3,2026-10-31,"wk inc flu hosp","quantile","0.1",117.589242020672
"36",2026-10-10,3,2026-10-31,"wk inc flu hosp","quantile","0.15",141.542044462802
"36",2026-10-10,3,2026-10-31,"wk inc flu hosp","quantile","0.2",163.758325604839
"36",2026-10-10,3,2026-10-31,"wk inc flu hosp","quantile","0.25",181.957666265089
"36",2026-10-10,3,2026-10-31,"wk inc flu hosp","quantile","0.3",195.705314410873
"36",2026-10-10,3,2026-10-31,"wk inc flu hosp","quantile","0.35",208.45569806977
"36",2026-10-10,3,2026-10-31,"wk inc flu hosp","quantile","0.4",224.88654566419
"36",2026-10-10,3,2026-10-31,"wk inc flu hosp","quantile","0.45",241.139058824637
"36",2026-10-10,3,2026-10-31,"wk inc flu hosp","quantile","0.5",254.993759101268
"36",2026-10-10,3,2026-10-31,"wk inc flu hosp","quantile","0.55",270.084650312276
"36",2026-10-10,3,2026-10-31,"wk inc flu hosp","quantile","0.6",288.801741965957
"36",2026-10-10,3,2026-10-31,"wk inc flu hosp","quantile","0.65",307.48942877228
"36",2026-10-10,3,2026-10-31,"wk inc flu hosp","quantile","0.7",323.070125376062
"36",2026-10-10,3,2026-10-31,"wk inc flu hosp","quantile","0.75",355.614277821178
"36",2026-10-10,3,2026-10-31,"wk inc flu hosp","quantile","0.8",377.667520314493
"36",2026-10-10,3,2026-10-31,"wk inc flu hosp","quantile","0.85",416.591881843888
"36",2026-10-10,3,2026-10-31,"wk inc flu hosp","quantile","0.9",474.310765320946
"36",2026-10-10,3,2026-10-31,"wk inc flu hosp","quantile","0.95",589.72176945759
"36",2026-10-10,3,2026-10-31,"wk inc flu hosp","quantile","0.975",699.887027351134
"36",2026-10-10,3,2026-10-31,"wk inc flu hosp","quantile","0.99",797.611926425262
"37",2026-10-10,0,2026-10-10,"wk inc flu hosp","quantile","0.01",35.4034799493669
"37",2026-10-10,0,2026-10-10,"wk inc flu hosp","quantile","0.025",42.6052793061784
"37",2026-10-10,0,2026-10-10,"wk inc flu hosp","quantile","0.05",50.3309681657767
"37",2026-10-10,0,2026-10-10,"wk inc flu hosp","quantile","0.1",59.5640446084213
"37",2026-10-10,0,2026-10-10,"wk inc flu hosp","quantile","0.15",65.8029657912523
"37",2026-10-10,0,2026-10-10,"wk inc flu hosp","quantile","0.2",72.3313834116171
"37",2026-10-10,0,2026-10-10,"wk inc flu hosp","quantile","0.25",76.4297677535209
"37",2026-10-10,0,2026-10-10,"wk inc flu hosp","quantile","0.3",79.8555373467182
"37",2026-10-10,0,2026-10-10,"wk inc flu hosp","quantile","0.35",83.7509020056738
"37",2026-10-10,0,2026-10-10,"wk inc flu hosp","quantile","0.4",87.7147506240745
"37",2026-10-10,0,2026-10-10,"wk inc flu hosp","quantile","0.45",90.1764563378429
"37",2026-10-10,0,2026-10-10,"wk inc flu hosp","quantile","0.5",93.1884505927333
"37",2026-10-10,0,2026-10-10,"wk inc flu hosp","quantile","0.55",96.8034280754257
"37",2026-10-10,0,2026-10-10,"wk inc flu hosp","quantile","0.6",101.674843955671
"37",2026-10-10,0,2026-10-10,"wk inc flu hosp","quantile","0.65",105.625101095772
"37",2026-10-10,0,2026-10-10,"wk inc flu hosp","quantile","0.7",110.839783845374
"37",2026-10-10,0,2026-10-10,"wk inc flu hosp","quantile","0.75",115.649020150926
"37",2026-10-10,0,2026-10-10,"wk inc flu hosp","quantile","0.8",121.918640475267
"37",2026-10-10,0,2026-10-10,"wk inc flu hosp","quantile","0.85",131.698747362553
"37",2026-10-10,0,2026-10-10,"wk inc flu hosp","quantile","0.9",143.437034226435
"37",2026-10-10,0,2026-10-10,"wk inc flu hosp","quantile","0.95",166.6701658741
"37",2026-10-10,0,2026-10-10,"wk inc flu hosp","quantile","0.975",188.147102357513
"37",2026-10-10,0,2026-10-10,"wk inc flu hosp","quantile","0.99",223.284003510671
"37",2026-10-10,1,2026-10-17,"wk inc flu hosp","quantile","0.01",26.6384205614278
"37",2026-10-10,1,2026-10-17,"wk inc flu hosp","quantile","0.025",34.7446625372843
"37",2026-10-10,1,2026-10-17,"wk inc flu hosp","quantile","0.05",45.190310848296
"37",2026-10-10,1,2026-10-17,"wk inc flu hosp","quantile","0.1",56.9244224136097
"37",2026-10-10,1,2026-10-17,"wk inc flu hosp","quantile","0.15",66.5374221466158
"37",2026-10-10,1,2026-10-17,"wk inc flu hosp","quantile","0.2",75.3141264011491
"37",2026-10-10,1,2026-10-17,"wk inc flu hosp","quantile","0.25",82.5865968063738
"37",2026-10-10,1,2026-10-17,"wk inc flu hosp","quantile","0.3",87.9616572177522
"37",2026-10-10,1,2026-10-17,"wk inc flu hosp","quantile","0.35",92.9153365337138
"37",2026-10-10,1,2026-10-17,"wk inc flu hosp","quantile","0.4",98.5268566580644
"37",2026-10-10,1,2026-10-17,"wk inc flu hosp","quantile","0.45",102.505065053454
"37",2026-10-10,1,2026-10-17,"wk inc flu hosp","quantile","0.5",106.803450670088
"37",2026-10-10,1,2026-10-17,"wk inc flu hosp","quantile","0.55",113.416777817079
"37",2026-10-10,1,2026-10-17,"wk inc flu hosp","quantile","0.6",121.367395236865
"37",2026-10-10,1,2026-10-17,"wk inc flu hosp","quantile","0.65",128.815376592896
"37",2026-10-10,1,2026-10-17,"wk inc flu hosp","quantile","0.7",136.618275957376
"37",2026-10-10,1,2026-10-17,"wk inc flu hosp","quantile","0.75",148.182333115528
"37",2026-10-10,1,2026-10-17,"wk inc flu hosp","quantile","0.8",160.037116296472
"37",2026-10-10,1,2026-10-17,"wk inc flu hosp","quantile","0.85",176.201745710976
"37",2026-10-10,1,2026-10-17,"wk inc flu hosp","quantile","0.9",195.558577175765
"37",2026-10-10,1,2026-10-17,"wk inc flu hosp","quantile","0.95",235.763473992961
"37",2026-10-10,1,2026-10-17,"wk inc flu hosp","quantile","0.975",283.716472344744
"37",2026-10-10,1,2026-10-17,"wk inc flu hosp","quantile","0.99",329.606850451529
"37",2026-10-10,2,2026-10-24,"wk inc flu hosp","quantile","0.01",19.7877007602121
"37",2026-10-10,2,2026-10-24,"wk inc flu hosp","quantile","0.025",28.6072690131313
"37",2026-10-10,2,2026-10-24,"wk inc flu hosp","quantile","0.05",40.7329179917742
"37",2026-10-10,2,2026-10-24,"wk inc flu hosp","quantile","0.1",55.3601693756496
"37",2026-10-10,2,2026-10-24,"wk inc flu hosp","quantile","0.15",67.8014129311196
"37",2026-10-10,2,2026-10-24,"wk inc flu hosp","quantile","0.2",79.2380756240989
"37",2026-10-10,2,2026-10-24,"wk inc flu hosp","quantile","0.25",87.2752562153324
"37",2026-10-10,2,2026-10-24,"wk inc flu hosp","quantile","0.3",94.1860684034527
"37",2026-10-10,2,2026-10-24,"wk inc flu hosp","quantile","0.35",101.720459769575
"37",2026-10-10,2,2026-10-24,"wk inc flu hosp","quantile","0.4",110.826220719493
"37",2026-10-10,2,2026-10-24,"wk inc flu hosp","quantile","0.45",117.536075560951
"37",2026-10-10,2,2026-10-24,"wk inc flu hosp","quantile","0.5",124.249181778356
"37",2026-10-10,2,2026-10-24,"wk inc flu hosp","quantile","0.55",132.562078222427
"37",2026-10-10,2,2026-10-24,"wk inc flu hosp","quantile","0.6",140.989762223856
"37",2026-10-10,2,2026-10-24,"wk inc flu hosp","quantile","0.65",150.373799240357
"37",2026-10-10,2,2026-10-24,"wk inc flu hosp","quantile","0.7",163.510754686393
"37",2026-10-10,2,2026-10-24,"wk inc flu hosp","quantile","0.75",176.68598800365
"37",2026-10-10,2,2026-10-24,"wk inc flu hosp","quantile","0.8",193.831125475757
"37",2026-10-10,2,2026-10-24,"wk inc flu hosp","quantile","0.85",215.117096830173
"37",2026-10-10,2,2026-10-24,"wk inc flu hosp","quantile","0.9",246.954894732019
"37",2026-10-10,2,2026-10-24,"wk inc flu hosp","quantile","0.95",309.69800694355
"37",2026-10-10,2,2026-10-24,"wk inc flu hosp","quantile","0.975",377.214945394452
"37",2026-10-10,2,2026-10-24,"wk inc flu hosp","quantile","0.99",438.060521453989
"37",2026-10-10,3,2026-10-31,"wk inc flu hosp","quantile","0.01",18.2800878024355
"37",2026-10-10,3,2026-10-31,"wk inc flu hosp","quantile","0.025",26.4526880846685
"37",2026-10-10,3,2026-10-31,"wk inc flu hosp","quantile","0.05",37.5475654665247
"37",2026-10-10,3,2026-10-31,"wk inc flu hosp","quantile","0.1",54.6307596626837
"37",2026-10-10,3,2026-10-31,"wk inc flu hosp","quantile","0.15",68.0066528068991
"37",2026-10-10,3,2026-10-31,"wk inc flu hosp","quantile","0.2",81.4545630162134
"37",2026-10-10,3,2026-10-31,"wk inc flu hosp","quantile","0.25",92.187867731106
"37",2026-10-10,3,2026-10-31,"wk inc flu hosp","quantile","0.3",100.68368353805
"37",2026-10-10,3,2026-10-31,"wk inc flu hosp","quantile","0.35",110.02749791385
"37",2026-10-10,3,2026-10-31,"wk inc flu hosp","quantile","0.4",120.371681318905
"37",2026-10-10,3,2026-10-31,"wk inc flu hosp","quantile","0.45",130.290209280547
"37",2026-10-10,3,2026-10-31,"wk inc flu hosp","quantile","0.5",141.520662278517
"37",2026-10-10,3,2026-10-31,"wk inc flu hosp","quantile","0.55",154.50419794682
"37",2026-10-10,3,2026-10-31,"wk inc flu hosp","quantile","0.6",167.995904393481
"37",2026-10-10,3,2026-10-31,"wk inc flu hosp","quantile","0.65",180.43022520207
"37",2026-10-10,3,2026-10-31,"wk inc flu hosp","quantile","0.7",194.534800394852
"37",2026-10-10,3,2026-10-31,"wk inc flu hosp","quantile","0.75",217.290742203155
"37",2026-10-10,3,2026-10-31,"wk inc flu hosp","quantile","0.8",230.208410668736
"37",2026-10-10,3,2026-10-31,"wk inc flu hosp","quantile","0.85",262.831818652144
"37",2026-10-10,3,2026-10-31,"wk inc flu hosp","quantile","0.9",311.487354606169
"37",2026-10-10,3,2026-10-31,"wk inc flu hosp","quantile","0.95",397.461051396143
"37",2026-10-10,3,2026-10-31,"wk inc flu hosp","quantile","0.975",481.644801459353
"37",2026-10-10,3,2026-10-31,"wk inc flu hosp","quantile","0.99",548.764232143327
"38",2026-10-10,0,2026-10-10,"wk inc flu hosp","quantile","0.01",0.0505432979377249
"38",2026-10-10,0,2026-10-10,"wk inc flu hosp","quantile","0.025",0.356416398303027
"38",2026-10-10,0,2026-10-10,"wk inc flu hosp","quantile","0.05",0.744970520116389
"38",2026-10-10,0,2026-10-10,"wk inc flu hosp","quantile","0.1",1.39698548714742
"38",2026-10-10,0,2026-10-10,"wk inc flu hosp","quantile","0.15",1.84055547540807
"38",2026-10-10,0,2026-10-10,"wk inc flu hosp","quantile","0.2",2.34242214217247
"38",2026-10-10,0,2026-10-10,"wk inc flu hosp","quantile","0.25",2.78657147197698
"38",2026-10-10,0,2026-10-10,"wk inc flu hosp","quantile","0.3",3.20059602848281
"38",2026-10-10,0,2026-10-10,"wk inc flu hosp","quantile","0.35",3.60315828864732
"38",2026-10-10,0,2026-10-10,"wk inc flu hosp","quantile","0.4",3.99101807074407
"38",2026-10-10,0,2026-10-10,"wk inc flu hosp","quantile","0.45",4.37989541290816
"38",2026-10-10,0,2026-10-10,"wk inc flu hosp","quantile","0.5",4.69417804273407
"38",2026-10-10,0,2026-10-10,"wk inc flu hosp","quantile","0.55",5.00248464393657
"38",2026-10-10,0,2026-10-10,"wk inc flu hosp","quantile","0.6",5.37944324457818
"38",2026-10-10,0,2026-10-10,"wk inc flu hosp","quantile","0.65",5.75231132267228
"38",2026-10-10,0,2026-10-10,"wk inc flu hosp","quantile","0.7",6.16851670369264
"38",2026-10-10,0,2026-10-10,"wk inc flu hosp","quantile","0.75",6.80200893242841
"38",2026-10-10,0,2026-10-10,"wk inc flu hosp","quantile","0.8",7.555891806569
"38",2026-10-10,0,2026-10-10,"wk inc flu hosp","quantile","0.85",8.43836208846743
"38",2026-10-10,0,2026-10-10,"wk inc flu hosp","quantile","0.9",9.66917731465687
"38",2026-10-10,0,2026-10-10,"wk inc flu hosp","quantile","0.95",11.9594179483136
"38",2026-10-10,0,2026-10-10,"wk inc flu hosp","quantile","0.975",13.9034293061205
"38",2026-10-10,0,2026-10-10,"wk inc flu hosp","quantile","0.99",17.0309117792958
"38",2026-10-10,1,2026-10-17,"wk inc flu hosp","quantile","0.01",0.0456692427078842
"38",2026-10-10,1,2026-10-17,"wk inc flu hosp","quantile","0.025",0.349873498685569
"38",2026-10-10,1,2026-10-17,"wk inc flu hosp","quantile","0.05",0.557803213425922
"38",2026-10-10,1,2026-10-17,"wk inc flu hosp","quantile","0.1",0.798165765073498
"38",2026-10-10,1,2026-10-17,"wk inc flu hosp","quantile","0.15",1.37314701096631
"38",2026-10-10,1,2026-10-17,"wk inc flu hosp","quantile","0.2",2.00111944423541
"38",2026-10-10,1,2026-10-17,"wk inc flu hosp","quantile","0.25",2.51672676338698
"38",2026-10-10,1,2026-10-17,"wk inc flu hosp","quantile","0.3",3.06396010052671
"38",2026-10-10,1,2026-10-17,"wk inc flu hosp","quantile","0.35",3.52791752058789
"38",2026-10-10,1,2026-10-17,"wk inc flu hosp","quantile","0.4",4.09527644947516
"38",2026-10-10,1,2026-10-17,"wk inc flu hosp","quantile","0.45",4.60036929469298
"38",2026-10-10,1,2026-10-17,"wk inc flu hosp","quantile","0.5",5.08525827765225
"38",2026-10-10,1,2026-10-17,"wk inc flu hosp","quantile","0.55",5.67675287290357
"38",2026-10-10,1,2026-10-17,"wk inc flu hosp","quantile","0.6",6.31524275082713
"38",2026-10-10,1,2026-10-17,"wk inc flu hosp","quantile","0.65",7.02831668909511
"38",2026-10-10,1,2026-10-17,"wk inc flu hosp","quantile","0.7",7.64164534372609
"38",2026-10-10,1,2026-10-17,"wk inc flu hosp","quantile","0.75",8.62357610412269
"38",2026-10-10,1,2026-10-17,"wk inc flu hosp","quantile","0.8",9.84138074187916
"38",2026-10-10,1,2026-10-17,"wk inc flu hosp","quantile","0.85",11.2768607788118
"38",2026-10-10,1,2026-10-17,"wk inc flu hosp","quantile","0.9",13.1219671079002
"38",2026-10-10,1,2026-10-17,"wk inc flu hosp","quantile","0.95",16.7309782740337
"38",2026-10-10,1,2026-10-17,"wk inc flu hosp","quantile","0.975",19.9403768890439
"38",2026-10-10,1,2026-10-17,"wk inc flu hosp","quantile","0.99",25.1638007240753
"38",2026-10-10,2,2026-10-24,"wk inc flu hosp","quantile","0.01",0.0404063212540834
"38",2026-10-10,2,2026-10-24,"wk inc flu hosp","quantile","0.025",0.348441689172425
"38",2026-10-10,2,2026-10-24,"wk inc flu hosp","quantile","0.05",0.557376190419341
"38",2026-10-10,2,2026-10-24,"wk inc flu hosp","quantile","0.1",0.828670828455928
"38",2026-10-10,2,2026-10-24,"wk inc flu hosp","quantile","0.15",1.1172588442374
"38",2026-10-10,2,2026-10-24,"wk inc flu hosp","quantile","0.2",1.81474200305371
"38",2026-10-10,2,2026-10-24,"wk inc flu hosp","quantile","0.25",2.41345270379729
"38",2026-10-10,2,2026-10-24,"wk inc flu hosp","quantile","0.3",3.04672453520258
"38",2026-10-10,2,2026-10-24,"wk inc flu hosp","quantile","0.35",3.6200601367652
"38",2026-10-10,2,2026-10-24,"wk inc flu hosp","quantile","0.4",4.40155159352891
"38",2026-10-10,2,2026-10-24,"wk inc flu hosp","quantile","0.45",5.14494145243534
"38",2026-10-10,2,2026-10-24,"wk inc flu hosp","quantile","0.5",5.76051065520533
"38",2026-10-10,2,2026-10-24,"wk inc flu hosp","quantile","0.55",6.41466347604968
"38",2026-10-10,2,2026-10-24,"wk inc flu hosp","quantile","0.6",7.30363121998369
"38",2026-10-10,2,2026-10-24,"wk inc flu hosp","quantile","0.65",8.27651857081412
"38",2026-10-10,2,2026-10-24,"wk inc flu hosp","quantile","0.7",9.24431433022792
"38",2026-10-10,2,2026-10-24,"wk inc flu hosp","quantile","0.75",10.7379937418099
"38",2026-10-10,2,2026-10-24,"wk inc flu hosp","quantile","0.8",12.4358818754625
"38",2026-10-10,2,2026-10-24,"wk inc flu hosp","quantile","0.85",14.5771191156409
"38",2026-10-10,2,2026-10-24,"wk inc flu hosp","quantile","0.9",17.787223939939
"38",2026-10-10,2,2026-10-24,"wk inc flu hosp","quantile","0.95",22.9714221320376
"38",2026-10-10,2,2026-10-24,"wk inc flu hosp","quantile","0.975",27.6604050281871
"38",2026-10-10,2,2026-10-24,"wk inc flu hosp","quantile","0.99",38.2037180466794
"38",2026-10-10,3,2026-10-31,"wk inc flu hosp","quantile","0.01",0.0449175421385181
"38",2026-10-10,3,2026-10-31,"wk inc flu hosp","quantile","0.025",0.34986182120145
"38",2026-10-10,3,2026-10-31,"wk inc flu hosp","quantile","0.05",0.565728731839996
"38",2026-10-10,3,2026-10-31,"wk inc flu hosp","quantile","0.1",0.838901246856567
"38",2026-10-10,3,2026-10-31,"wk inc flu hosp","quantile","0.15",1.08657935057317
"38",2026-10-10,3,2026-10-31,"wk inc flu hosp","quantile","0.2",1.71862230684395
"38",2026-10-10,3,2026-10-31,"wk inc flu hosp","quantile","0.25",2.30775387648986
"38",2026-10-10,3,2026-10-31,"wk inc flu hosp","quantile","0.3",3.09424422457467
"38",2026-10-10,3,2026-10-31,"wk inc flu hosp","quantile","0.35",3.70889622755988
"38",2026-10-10,3,2026-10-31,"wk inc flu hosp","quantile","0.4",4.62490865472537
"38",2026-10-10,3,2026-10-31,"wk inc flu hosp","quantile","0.45",5.70363966756239
"38",2026-10-10,3,2026-10-31,"wk inc flu hosp","quantile","0.5",6.63529280714223
"38",2026-10-10,3,2026-10-31,"wk inc flu hosp","quantile","0.55",7.61058434480771
"38",2026-10-10,3,2026-10-31,"wk inc flu hosp","quantile","0.6",8.74996830318927
"38",2026-10-10,3,2026-10-31,"wk inc flu hosp","quantile","0.65",9.93969814016642
"38",2026-10-10,3,2026-10-31,"wk inc flu hosp","quantile","0.7",11.6325110790725
"38",2026-10-10,3,2026-10-31,"wk inc flu hosp","quantile","0.75",13.5457874057976
"38",2026-10-10,3,2026-10-31,"wk inc flu hosp","quantile","0.8",15.5478776058325
"38",2026-10-10,3,2026-10-31,"wk inc flu hosp","quantile","0.85",18.6258981133246
"38",2026-10-10,3,2026-10-31,"wk inc flu hosp","quantile","0.9",22.1756496380525
"38",2026-10-10,3,2026-10-31,"wk inc flu hosp","quantile","0.95",29.4596564505044
"38",2026-10-10,3,2026-10-31,"wk inc flu hosp","quantile","0.975",38.1615783965242
"38",2026-10-10,3,2026-10-31,"wk inc flu hosp","quantile","0.99",50.744161481878
"39",2026-10-10,0,2026-10-10,"wk inc flu hosp","quantile","0.01",23.1226696146776
"39",2026-10-10,0,2026-10-10,"wk inc flu hosp","quantile","0.025",29.1995122412919
"39",2026-10-10,0,2026-10-10,"wk inc flu hosp","quantile","0.05",36.5738799109666
"39",2026-10-10,0,2026-10-10,"wk inc flu hosp","quantile","0.1",47.3821682850066
"39",2026-10-10,0,2026-10-10,"wk inc flu hosp","quantile","0.15",53.6392487444397
"39",2026-10-10,0,2026-10-10,"wk inc flu hosp","quantile","0.2",59.9243381305274
"39",2026-10-10,0,2026-10-10,"wk inc flu hosp","quantile","0.25",64.0045255245877
"39",2026-10-10,0,2026-10-10,"wk inc flu hosp","quantile","0.3",67.3363618224463
"39",2026-10-10,0,2026-10-10,"wk inc flu hosp","quantile","0.35",71.5539982649502
"39",2026-10-10,0,2026-10-10,"wk inc flu hosp","quantile","0.4",76.5007332620127
"39",2026-10-10,0,2026-10-10,"wk inc flu hosp","quantile","0.45",79.5510574264993
"39",2026-10-10,0,2026-10-10,"wk inc flu hosp","quantile","0.5",83.5221552342172
"39",2026-10-10,0,2026-10-10,"wk inc flu hosp","quantile","0.55",87.0942304597068
"39",2026-10-10,0,2026-10-10,"wk inc flu hosp","quantile","0.6",92.1088893752155
"39",2026-10-10,0,2026-10-10,"wk inc flu hosp","quantile","0.65",96.209361086935
"39",2026-10-10,0,2026-10-10,"wk inc flu hosp","quantile","0.7",102.210582015085
"39",2026-10-10,0,2026-10-10,"wk inc flu hosp","quantile","0.75",107.041743924863
"39",2026-10-10,0,2026-10-10,"wk inc flu hosp","quantile","0.8",115.424744328239
"39",2026-10-10,0,2026-10-10,"wk inc flu hosp","quantile","0.85",125.832278801595
"39",2026-10-10,0,2026-10-10,"wk inc flu hosp","quantile","0.9",140.043150206018
"39",2026-10-10,0,2026-10-10,"wk inc flu hosp","quantile","0.95",164.34048109272
"39",2026-10-10,0,2026-10-10,"wk inc flu hosp","quantile","0.975",192.642145051621
"39",2026-10-10,0,2026-10-10,"wk inc flu hosp","quantile","0.99",229.217831497493
"39",2026-10-10,1,2026-10-17,"wk inc flu hosp","quantile","0.01",17.462990005629
"39",2026-10-10,1,2026-10-17,"wk inc flu hosp","quantile","0.025",20.6627398174514
"39",2026-10-10,1,2026-10-17,"wk inc flu hosp","quantile","0.05",29.6395710528139
"39",2026-10-10,1,2026-10-17,"wk inc flu hosp","quantile","0.1",41.3019096597634
"39",2026-10-10,1,2026-10-17,"wk inc flu hosp","quantile","0.15",51.7408412822367
"39",2026-10-10,1,2026-10-17,"wk inc flu hosp","quantile","0.2",59.9319265432024
"39",2026-10-10,1,2026-10-17,"wk inc flu hosp","quantile","0.25",67.1047459454616
"39",2026-10-10,1,2026-10-17,"wk inc flu hosp","quantile","0.3",73.0879412680409
"39",2026-10-10,1,2026-10-17,"wk inc flu hosp","quantile","0.35",78.2514183048612
"39",2026-10-10,1,2026-10-17,"wk inc flu hosp","quantile","0.4",85.6863844858541
"39",2026-10-10,1,2026-10-17,"wk inc flu hosp","quantile","0.45",90.4571891675637
"39",2026-10-10,1,2026-10-17,"wk inc flu hosp","quantile","0.5",96.9577631720243
"39",2026-10-10,1,2026-10-17,"wk inc flu hosp","quantile","0.55",103.452738358012
"39",2026-10-10,1,2026-10-17,"wk inc flu hosp","quantile","0.6",111.97305367239
"39",2026-10-10,1,2026-10-17,"wk inc flu hosp","quantile","0.65",120.685358544613
"39",2026-10-10,1,2026-10-17,"wk inc flu hosp","quantile","0.7",130.305636787916
"39",2026-10-10,1,2026-10-17,"wk inc flu hosp","quantile","0.75",141.977814626631
"39",2026-10-10,1,2026-10-17,"wk inc flu hosp","quantile","0.8",156.03845706531
"39",2026-10-10,1,2026-10-17,"wk inc flu hosp","quantile","0.85",172.392886061591
"39",2026-10-10,1,2026-10-17,"wk inc flu hosp","quantile","0.9",198.412706333072
"39",2026-10-10,1,2026-10-17,"wk inc flu hosp","quantile","0.95",241.954867526196
"39",2026-10-10,1,2026-10-17,"wk inc flu hosp","quantile","0.975",293.675994914073
"39",2026-10-10,1,2026-10-17,"wk inc flu hosp","quantile","0.99",349.733473223409
"39",2026-10-10,2,2026-10-24,"wk inc flu hosp","quantile","0.01",17.4074488632078
"39",2026-10-10,2,2026-10-24,"wk inc flu hosp","quantile","0.025",20.3125811549697
"39",2026-10-10,2,2026-10-24,"wk inc flu hosp","quantile","0.05",25.8359435688371
"39",2026-10-10,2,2026-10-24,"wk inc flu hosp","quantile","0.1",39.2291933097627
"39",2026-10-10,2,2026-10-24,"wk inc flu hosp","quantile","0.15",50.4741839127648
"39",2026-10-10,2,2026-10-24,"wk inc flu hosp","quantile","0.2",61.4334980465608
"39",2026-10-10,2,2026-10-24,"wk inc flu hosp","quantile","0.25",69.661533362081
"39",2026-10-10,2,2026-10-24,"wk inc flu hosp","quantile","0.3",77.3734390872476
"39",2026-10-10,2,2026-10-24,"wk inc flu hosp","quantile","0.35",84.4655872747864
"39",2026-10-10,2,2026-10-24,"wk inc flu hosp","quantile","0.4",95.1176973043224
"39",2026-10-10,2,2026-10-24,"wk inc flu hosp","quantile","0.45",102.516689019589
"39",2026-10-10,2,2026-10-24,"wk inc flu hosp","quantile","0.5",111.05588152033
"39",2026-10-10,2,2026-10-24,"wk inc flu hosp","quantile","0.55",121.828517769784
"39",2026-10-10,2,2026-10-24,"wk inc flu hosp","quantile","0.6",135.451959474645
"39",2026-10-10,2,2026-10-24,"wk inc flu hosp","quantile","0.65",145.318094265219
"39",2026-10-10,2,2026-10-24,"wk inc flu hosp","quantile","0.7",158.582725469717
"39",2026-10-10,2,2026-10-24,"wk inc flu hosp","quantile","0.75",175.724907230047
"39",2026-10-10,2,2026-10-24,"wk inc flu hosp","quantile","0.8",195.88031663927
"39",2026-10-10,2,2026-10-24,"wk inc flu hosp","quantile","0.85",227.986399693877
"39",2026-10-10,2,2026-10-24,"wk inc flu hosp","quantile","0.9",265.329891470222
"39",2026-10-10,2,2026-10-24,"wk inc flu hosp","quantile","0.95",349.702266817024
"39",2026-10-10,2,2026-10-24,"wk inc flu hosp","quantile","0.975",426.700818564586
"39",2026-10-10,2,2026-10-24,"wk inc flu hosp","quantile","0.99",503.137173107482
"39",2026-10-10,3,2026-10-31,"wk inc flu hosp","quantile","0.01",17.4639419945778
"39",2026-10-10,3,2026-10-31,"wk inc flu hosp","quantile","0.025",20.2238707837636
"39",2026-10-10,3,2026-10-31,"wk inc flu hosp","quantile","0.05",25.2534379427704
"39",2026-10-10,3,2026-10-31,"wk inc flu hosp","quantile","0.1",38.2223962764674
"39",2026-10-10,3,2026-10-31,"wk inc flu hosp","quantile","0.15",49.7851602242587
"39",2026-10-10,3,2026-10-31,"wk inc flu hosp","quantile","0.2",61.974662603981
"39",2026-10-10,3,2026-10-31,"wk inc flu hosp","quantile","0.25",73.2065641513481
"39",2026-10-10,3,2026-10-31,"wk inc flu hosp","quantile","0.3",81.4168899273394
"39",2026-10-10,3,2026-10-31,"wk inc flu hosp","quantile","0.35",91.395429690319
"39",2026-10-10,3,2026-10-31,"wk inc flu hosp","quantile","0.4",105.09795065631
"39",2026-10-10,3,2026-10-31,"wk inc flu hosp","quantile","0.45",117.326443047694
"39",2026-10-10,3,2026-10-31,"wk inc flu hosp","quantile","0.5",129.090243535073
"39",2026-10-10,3,2026-10-31,"wk inc flu hosp","quantile","0.55",144.129428415564
"39",2026-10-10,3,2026-10-31,"wk inc flu hosp","quantile","0.6",159.755781817543
"39",2026-10-10,3,2026-10-31,"wk inc flu hosp","quantile","0.65",175.472235739534
"39",2026-10-10,3,2026-10-31,"wk inc flu hosp","quantile","0.7",196.127485843521
"39",2026-10-10,3,2026-10-31,"wk inc flu hosp","quantile","0.75",217.637976277819
"39",2026-10-10,3,2026-10-31,"wk inc flu hosp","quantile","0.8",244.991136370668
"39",2026-10-10,3,2026-10-31,"wk inc flu hosp","quantile","0.85",279.565260320772
"39",2026-10-10,3,2026-10-31,"wk inc flu hosp","quantile","0.9",336.048749905051
"39",2026-10-10,3,2026-10-31,"wk inc flu hosp","quantile","0.95",455.80032338298
"39",2026-10-10,3,2026-10-31,"wk inc flu hosp","quantile","0.975",572.194984191059
"39",2026-10-10,3,2026-10-31,"wk inc flu hosp","quantile","0.99",702.167208460477
"40",2026-10-10,0,2026-10-10,"wk inc flu hosp","quantile","0.01",4.27125943421592
"40",2026-10-10,0,2026-10-10,"wk inc flu hosp","quantile","0.025",6.4474885845119
"40",2026-10-10,0,2026-10-10,"wk inc flu hosp","quantile","0.05",8.94217062256477
"40",2026-10-10,0,2026-10-10,"wk inc flu hosp","quantile","0.1",12.1127489674124
"40",2026-10-10,0,2026-10-10,"wk inc flu hosp","quantile","0.15",14.2428408963485
"40",2026-10-10,0,2026-10-10,"wk inc flu hosp","quantile","0.2",15.8555423661122
"40",2026-10-10,0,2026-10-10,"wk inc flu hosp","quantile","0.25",17.5807197761003
"40",2026-10-10,0,2026-10-10,"wk inc flu hosp","quantile","0.3",19.7494954559162
"40",2026-10-10,0,2026-10-10,"wk inc flu hosp","quantile","0.35",21.7091380274312
"40",2026-10-10,0,2026-10-10,"wk inc flu hosp","quantile","0.4",23.2197539728877
"40",2026-10-10,0,2026-10-10,"wk inc flu hosp","quantile","0.45",24.6832209164689
"40",2026-10-10,0,2026-10-10,"wk inc flu hosp","quantile","0.5",26.301725379367
"40",2026-10-10,0,2026-10-10,"wk inc flu hosp","quantile","0.55",27.922109427218
"40",2026-10-10,0,2026-10-10,"wk inc flu hosp","quantile","0.6",29.4854050696085
"40",2026-10-10,0,2026-10-10,"wk inc flu hosp","quantile","0.65",31.4059109857619
"40",2026-10-10,0,2026-10-10,"wk inc flu hosp","quantile","0.7",33.7753174633562
"40",2026-10-10,0,2026-10-10,"wk inc flu hosp","quantile","0.75",36.2908484431812
"40",2026-10-10,0,2026-10-10,"wk inc flu hosp","quantile","0.8",39.4425613556977
"40",2026-10-10,0,2026-10-10,"wk inc flu hosp","quantile","0.85",42.5614934972686
"40",2026-10-10,0,2026-10-10,"wk inc flu hosp","quantile","0.9",47.3283814401752
"40",2026-10-10,0,2026-10-10,"wk inc flu hosp","quantile","0.95",55.2840684032153
"40",2026-10-10,0,2026-10-10,"wk inc flu hosp","quantile","0.975",65.2765999685763
"40",2026-10-10,0,2026-10-10,"wk inc flu hosp","quantile","0.99",77.9377962811679
"40",2026-10-10,1,2026-10-17,"wk inc flu hosp","quantile","0.01",1.84915774281878
"40",2026-10-10,1,2026-10-17,"wk inc flu hosp","quantile","0.025",4.02611019368126
"40",2026-10-10,1,2026-10-17,"wk inc flu hosp","quantile","0.05",6.99941454354775
"40",2026-10-10,1,2026-10-17,"wk inc flu hosp","quantile","0.1",11.1893673776872
"40",2026-10-10,1,2026-10-17,"wk inc flu hosp","quantile","0.15",14.2056051650811
"40",2026-10-10,1,2026-10-17,"wk inc flu hosp","quantile","0.2",16.1932799386805
"40",2026-10-10,1,2026-10-17,"wk inc flu hosp","quantile","0.25",18.9644315355511
"40",2026-10-10,1,2026-10-17,"wk inc flu hosp","quantile","0.3",21.6990962037545
"40",2026-10-10,1,2026-10-17,"wk inc flu hosp","quantile","0.35",24.052650605159
"40",2026-10-10,1,2026-10-17,"wk inc flu hosp","quantile","0.4",26.7639780298726
"40",2026-10-10,1,2026-10-17,"wk inc flu hosp","quantile","0.45",29.3862210008943
"40",2026-10-10,1,2026-10-17,"wk inc flu hosp","quantile","0.5",31.7542139675981
"40",2026-10-10,1,2026-10-17,"wk inc flu hosp","quantile","0.55",34.160809293837
"40",2026-10-10,1,2026-10-17,"wk inc flu hosp","quantile","0.6",37.0185294996607
"40",2026-10-10,1,2026-10-17,"wk inc flu hosp","quantile","0.65",40.4874293483047
"40",2026-10-10,1,2026-10-17,"wk inc flu hosp","quantile","0.7",43.4863038529827
"40",2026-10-10,1,2026-10-17,"wk inc flu hosp","quantile","0.75",47.2731429543603
"40",2026-10-10,1,2026-10-17,"wk inc flu hosp","quantile","0.8",51.7669961187188
"40",2026-10-10,1,2026-10-17,"wk inc flu hosp","quantile","0.85",58.1106134104088
"40",2026-10-10,1,2026-10-17,"wk inc flu hosp","quantile","0.9",67.7167953456991
"40",2026-10-10,1,2026-10-17,"wk inc flu hosp","quantile","0.95",80.6096312485852
"40",2026-10-10,1,2026-10-17,"wk inc flu hosp","quantile","0.975",96.3196091398093
"40",2026-10-10,1,2026-10-17,"wk inc flu hosp","quantile","0.99",120.95654232319
"40",2026-10-10,2,2026-10-24,"wk inc flu hosp","quantile","0.01",1.86500116710024
"40",2026-10-10,2,2026-10-24,"wk inc flu hosp","quantile","0.025",2.62658670462023
"40",2026-10-10,2,2026-10-24,"wk inc flu hosp","quantile","0.05",4.97799966043143
"40",2026-10-10,2,2026-10-24,"wk inc flu hosp","quantile","0.1",9.80225208525295
"40",2026-10-10,2,2026-10-24,"wk inc flu hosp","quantile","0.15",13.1997984029382
"40",2026-10-10,2,2026-10-24,"wk inc flu hosp","quantile","0.2",16.7057464213744
"40",2026-10-10,2,2026-10-24,"wk inc flu hosp","quantile","0.25",20.4266684278627
"40",2026-10-10,2,2026-10-24,"wk inc flu hosp","quantile","0.3",23.5307433294791
"40",2026-10-10,2,2026-10-24,"wk inc flu hosp","quantile","0.35",26.5848578419136
"40",2026-10-10,2,2026-10-24,"wk inc flu hosp","quantile","0.4",29.832621807886
"40",2026-10-10,2,2026-10-24,"wk inc flu hosp","quantile","0.45",32.9919000469997
"40",2026-10-10,2,2026-10-24,"wk inc flu hosp","quantile","0.5",35.6763254299852
"40",2026-10-10,2,2026-10-24,"wk inc flu hosp","quantile","0.55",38.7576981994737
"40",2026-10-10,2,2026-10-24,"wk inc flu hosp","quantile","0.6",42.1590494655546
"40",2026-10-10,2,2026-10-24,"wk inc flu hosp","quantile","0.65",46.4650161764816
"40",2026-10-10,2,2026-10-24,"wk inc flu hosp","quantile","0.7",51.6651393843356
"40",2026-10-10,2,2026-10-24,"wk inc flu hosp","quantile","0.75",56.9782766345637
"40",2026-10-10,2,2026-10-24,"wk inc flu hosp","quantile","0.8",64.6675600211693
"40",2026-10-10,2,2026-10-24,"wk inc flu hosp","quantile","0.85",73.0199376600591
"40",2026-10-10,2,2026-10-24,"wk inc flu hosp","quantile","0.9",87.6928827804412
"40",2026-10-10,2,2026-10-24,"wk inc flu hosp","quantile","0.95",113.186705859424
"40",2026-10-10,2,2026-10-24,"wk inc flu hosp","quantile","0.975",137.418214098976
"40",2026-10-10,2,2026-10-24,"wk inc flu hosp","quantile","0.99",174.312112221376
"40",2026-10-10,3,2026-10-31,"wk inc flu hosp","quantile","0.01",1.88726602829702
"40",2026-10-10,3,2026-10-31,"wk inc flu hosp","quantile","0.025",2.62799730614744
"40",2026-10-10,3,2026-10-31,"wk inc flu hosp","quantile","0.05",4.13632811092987
"40",2026-10-10,3,2026-10-31,"wk inc flu hosp","quantile","0.1",10.0546332770644
"40",2026-10-10,3,2026-10-31,"wk inc flu hosp","quantile","0.15",13.9194833655996
"40",2026-10-10,3,2026-10-31,"wk inc flu hosp","quantile","0.2",17.847121986416
"40",2026-10-10,3,2026-10-31,"wk inc flu hosp","quantile","0.25",21.2804979463347
"40",2026-10-10,3,2026-10-31,"wk inc flu hosp","quantile","0.3",25.1036445385592
"40",2026-10-10,3,2026-10-31,"wk inc flu hosp","quantile","0.35",29.6095550110326
"40",2026-10-10,3,2026-10-31,"wk inc flu hosp","quantile","0.4",33.2063835388888
"40",2026-10-10,3,2026-10-31,"wk inc flu hosp","quantile","0.45",37.4622775617798
"40",2026-10-10,3,2026-10-31,"wk inc flu hosp","quantile","0.5",42.4934234411744
"40",2026-10-10,3,2026-10-31,"wk inc flu hosp","quantile","0.55",46.216748735329
"40",2026-10-10,3,2026-10-31,"wk inc flu hosp","quantile","0.6",51.0420485581076
"40",2026-10-10,3,2026-10-31,"wk inc flu hosp","quantile","0.65",56.6148835648137
"40",2026-10-10,3,2026-10-31,"wk inc flu hosp","quantile","0.7",62.95355876537
"40",2026-10-10,3,2026-10-31,"wk inc flu hosp","quantile","0.75",71.2045981661742
"40",2026-10-10,3,2026-10-31,"wk inc flu hosp","quantile","0.8",81.438755099865
"40",2026-10-10,3,2026-10-31,"wk inc flu hosp","quantile","0.85",93.6959416023403
"40",2026-10-10,3,2026-10-31,"wk inc flu hosp","quantile","0.9",114.100714674712
"40",2026-10-10,3,2026-10-31,"wk inc flu hosp","quantile","0.95",147.007149044197
"40",2026-10-10,3,2026-10-31,"wk inc flu hosp","quantile","0.975",187.33549178733
"40",2026-10-10,3,2026-10-31,"wk inc flu hosp","quantile","0.99",232.165256655792
"41",2026-10-10,0,2026-10-10,"wk inc flu hosp","quantile","0.01",13.1639145950572
"41",2026-10-10,0,2026-10-10,"wk inc flu hosp","quantile","0.025",17.1909688436354
"41",2026-10-10,0,2026-10-10,"wk inc flu hosp","quantile","0.05",20.591044468356
"41",2026-10-10,0,2026-10-10,"wk inc flu hosp","quantile","0.1",24.7431759229432
"41",2026-10-10,0,2026-10-10,"wk inc flu hosp","quantile","0.15",27.5541295891401
"41",2026-10-10,0,2026-10-10,"wk inc flu hosp","quantile","0.2",30.2666585634636
"41",2026-10-10,0,2026-10-10,"wk inc flu hosp","quantile","0.25",32.1147534439679
"41",2026-10-10,0,2026-10-10,"wk inc flu hosp","quantile","0.3",33.9147322068407
"41",2026-10-10,0,2026-10-10,"wk inc flu hosp","quantile","0.35",35.3563189824423
"41",2026-10-10,0,2026-10-10,"wk inc flu hosp","quantile","0.4",37.5764487610895
"41",2026-10-10,0,2026-10-10,"wk inc flu hosp","quantile","0.45",38.8926234210155
"41",2026-10-10,0,2026-10-10,"wk inc flu hosp","quantile","0.5",40.7861220478484
"41",2026-10-10,0,2026-10-10,"wk inc flu hosp","quantile","0.55",42.3491329429422
"41",2026-10-10,0,2026-10-10,"wk inc flu hosp","quantile","0.6",44.3443471023743
"41",2026-10-10,0,2026-10-10,"wk inc flu hosp","quantile","0.65",46.3839159225855
"41",2026-10-10,0,2026-10-10,"wk inc flu hosp","quantile","0.7",48.2088855932535
"41",2026-10-10,0,2026-10-10,"wk inc flu hosp","quantile","0.75",51.7036310903272
"41",2026-10-10,0,2026-10-10,"wk inc flu hosp","quantile","0.8",55.0918461597345
"41",2026-10-10,0,2026-10-10,"wk inc flu hosp","quantile","0.85",59.2603532981504
"41",2026-10-10,0,2026-10-10,"wk inc flu hosp","quantile","0.9",64.3029307912072
"41",2026-10-10,0,2026-10-10,"wk inc flu hosp","quantile","0.95",74.1385517059449
"41",2026-10-10,0,2026-10-10,"wk inc flu hosp","quantile","0.975",84.3966801646726
"41",2026-10-10,0,2026-10-10,"wk inc flu hosp","quantile","0.99",98.4046094489225
"41",2026-10-10,1,2026-10-17,"wk inc flu hosp","quantile","0.01",8.48190861678003
"41",2026-10-10,1,2026-10-17,"wk inc flu hosp","quantile","0.025",12.7961613201577
"41",2026-10-10,1,2026-10-17,"wk inc flu hosp","quantile","0.05",17.0479326812759
"41",2026-10-10,1,2026-10-17,"wk inc flu hosp","quantile","0.1",22.610442672221
"41",2026-10-10,1,2026-10-17,"wk inc flu hosp","quantile","0.15",27.0122422136738
"41",2026-10-10,1,2026-10-17,"wk inc flu hosp","quantile","0.2",31.1510578810965
"41",2026-10-10,1,2026-10-17,"wk inc flu hosp","quantile","0.25",33.7646665601358
"41",2026-10-10,1,2026-10-17,"wk inc flu hosp","quantile","0.3",36.1399567632195
"41",2026-10-10,1,2026-10-17,"wk inc flu hosp","quantile","0.35",38.8285100234886
"41",2026-10-10,1,2026-10-17,"wk inc flu hosp","quantile","0.4",41.9962867191095
"41",2026-10-10,1,2026-10-17,"wk inc flu hosp","quantile","0.45",43.7940305868569
"41",2026-10-10,1,2026-10-17,"wk inc flu hosp","quantile","0.5",45.8273435063532
"41",2026-10-10,1,2026-10-17,"wk inc flu hosp","quantile","0.55",48.1907948353369
"41",2026-10-10,1,2026-10-17,"wk inc flu hosp","quantile","0.6",51.8355458171891
"41",2026-10-10,1,2026-10-17,"wk inc flu hosp","quantile","0.65",54.4472530228223
"41",2026-10-10,1,2026-10-17,"wk inc flu hosp","quantile","0.7",57.0425007545448
"41",2026-10-10,1,2026-10-17,"wk inc flu hosp","quantile","0.75",61.7257684799034
"41",2026-10-10,1,2026-10-17,"wk inc flu hosp","quantile","0.8",66.7349624459025
"41",2026-10-10,1,2026-10-17,"wk inc flu hosp","quantile","0.85",76.2922767177008
"41",2026-10-10,1,2026-10-17,"wk inc flu hosp","quantile","0.9",84.0667162908002
"41",2026-10-10,1,2026-10-17,"wk inc flu hosp","quantile","0.95",99.7336761555538
"41",2026-10-10,1,2026-10-17,"wk inc flu hosp","quantile","0.975",120.191091124837
"41",2026-10-10,1,2026-10-17,"wk inc flu hosp","quantile","0.99",137.451821310963
"41",2026-10-10,2,2026-10-24,"wk inc flu hosp","quantile","0.01",6.62395260257432
"41",2026-10-10,2,2026-10-24,"wk inc flu hosp","quantile","0.025",11.0473861485476
"41",2026-10-10,2,2026-10-24,"wk inc flu hosp","quantile","0.05",15.5581601068298
"41",2026-10-10,2,2026-10-24,"wk inc flu hosp","quantile","0.1",20.588613545408
"41",2026-10-10,2,2026-10-24,"wk inc flu hosp","quantile","0.15",25.8398722374294
"41",2026-10-10,2,2026-10-24,"wk inc flu hosp","quantile","0.2",31.0034627763338
"41",2026-10-10,2,2026-10-24,"wk inc flu hosp","quantile","0.25",34.9779943383127
"41",2026-10-10,2,2026-10-24,"wk inc flu hosp","quantile","0.3",38.1589478731299
"41",2026-10-10,2,2026-10-24,"wk inc flu hosp","quantile","0.35",41.3064679942884
"41",2026-10-10,2,2026-10-24,"wk inc flu hosp","quantile","0.4",45.2320164572768
"41",2026-10-10,2,2026-10-24,"wk inc flu hosp","quantile","0.45",48.447121394322
"41",2026-10-10,2,2026-10-24,"wk inc flu hosp","quantile","0.5",51.6194837722203
"41",2026-10-10,2,2026-10-24,"wk inc flu hosp","quantile","0.55",54.0732796013273
"41",2026-10-10,2,2026-10-24,"wk inc flu hosp","quantile","0.6",58.1090761265779
"41",2026-10-10,2,2026-10-24,"wk inc flu hosp","quantile","0.65",62.4259776704278
"41",2026-10-10,2,2026-10-24,"wk inc flu hosp","quantile","0.7",66.3672394574475
"41",2026-10-10,2,2026-10-24,"wk inc flu hosp","quantile","0.75",71.5718182942459
"41",2026-10-10,2,2026-10-24,"wk inc flu hosp","quantile","0.8",77.8113186870005
"41",2026-10-10,2,2026-10-24,"wk inc flu hosp","quantile","0.85",87.2860449737748
"41",2026-10-10,2,2026-10-24,"wk inc flu hosp","quantile","0.9",98.3451949574836
"41",2026-10-10,2,2026-10-24,"wk inc flu hosp","quantile","0.95",127.324071663024
"41",2026-10-10,2,2026-10-24,"wk inc flu hosp","quantile","0.975",156.059931850282
"41",2026-10-10,2,2026-10-24,"wk inc flu hosp","quantile","0.99",185.143169508077
"41",2026-10-10,3,2026-10-31,"wk inc flu hosp","quantile","0.01",6.55767268528518
"41",2026-10-10,3,2026-10-31,"wk inc flu hosp","quantile","0.025",9.18868674361138
"41",2026-10-10,3,2026-10-31,"wk inc flu hosp","quantile","0.05",13.8946579180135
"41",2026-10-10,3,2026-10-31,"wk inc flu hosp","quantile","0.1",20.0765516871868
"41",2026-10-10,3,2026-10-31,"wk inc flu hosp","quantile","0.15",25.5437556053201
"41",2026-10-10,3,2026-10-31,"wk inc flu hosp","quantile","0.2",30.7008849983343
"41",2026-10-10,3,2026-10-31,"wk inc flu hosp","quantile","0.25",35.2072805207369
"41",2026-10-10,3,2026-10-31,"wk inc flu hosp","quantile","0.3",39.3828956987471
"41",2026-10-10,3,2026-10-31,"wk inc flu hosp","quantile","0.35",43.7741508100969
"41",2026-10-10,3,2026-10-31,"wk inc flu hosp","quantile","0.4",48.4528302696637
"41",2026-10-10,3,2026-10-31,"wk inc flu hosp","quantile","0.45",52.4818450766388
"41",2026-10-10,3,2026-10-31,"wk inc flu hosp","quantile","0.5",56.7017144765333
"41",2026-10-10,3,2026-10-31,"wk inc flu hosp","quantile","0.55",61.0368190011055
"41",2026-10-10,3,2026-10-31,"wk inc flu hosp","quantile","0.6",65.6299608858335
"41",2026-10-10,3,2026-10-31,"wk inc flu hosp","quantile","0.65",69.648969368706
"41",2026-10-10,3,2026-10-31,"wk inc flu hosp","quantile","0.7",75.3819732433543
"41",2026-10-10,3,2026-10-31,"wk inc flu hosp","quantile","0.75",82.0450149819199
"41",2026-10-10,3,2026-10-31,"wk inc flu hosp","quantile","0.8",90.1148045141537
"41",2026-10-10,3,2026-10-31,"wk inc flu hosp","quantile","0.85",101.935356552278
"41",2026-10-10,3,2026-10-31,"wk inc flu hosp","quantile","0.9",119.064608545604
"41",2026-10-10,3,2026-10-31,"wk inc flu hosp","quantile","0.95",155.965091148767
"41",2026-10-10,3,2026-10-31,"wk inc flu hosp","quantile","0.975",191.19662087129
"41",2026-10-10,3,2026-10-31,"wk inc flu hosp","quantile","0.99",228.160053844191
"42",2026-10-10,0,2026-10-10,"wk inc flu hosp","quantile","0.01",87.1797947425539
"42",2026-10-10,0,2026-10-10,"wk inc flu hosp","quantile","0.025",98.8307998077286
"42",2026-10-10,0,2026-10-10,"wk inc flu hosp","quantile","0.05",108.391840549824
"42",2026-10-10,0,2026-10-10,"wk inc flu hosp","quantile","0.1",119.617532856734
"42",2026-10-10,0,2026-10-10,"wk inc flu hosp","quantile","0.15",128.771147176873
"42",2026-10-10,0,2026-10-10,"wk inc flu hosp","quantile","0.2",135.131842737874
"42",2026-10-10,0,2026-10-10,"wk inc flu hosp","quantile","0.25",140.72165477344
"42",2026-10-10,0,2026-10-10,"wk inc flu hosp","quantile","0.3",144.469784688538
"42",2026-10-10,0,2026-10-10,"wk inc flu hosp","quantile","0.35",148.416530144492
"42",2026-10-10,0,2026-10-10,"wk inc flu hosp","quantile","0.4",153.682263924123
"42",2026-10-10,0,2026-10-10,"wk inc flu hosp","quantile","0.45",157.561449051899
"42",2026-10-10,0,2026-10-10,"wk inc flu hosp","quantile","0.5",164.143711272211
"42",2026-10-10,0,2026-10-10,"wk inc flu hosp","quantile","0.55",169.209573713946
"42",2026-10-10,0,2026-10-10,"wk inc flu hosp","quantile","0.6",174.120157927913
"42",2026-10-10,0,2026-10-10,"wk inc flu hosp","quantile","0.65",180.305579213114
"42",2026-10-10,0,2026-10-10,"wk inc flu hosp","quantile","0.7",187.464915237493
"42",2026-10-10,0,2026-10-10,"wk inc flu hosp","quantile","0.75",193.733140954776
"42",2026-10-10,0,2026-10-10,"wk inc flu hosp","quantile","0.8",201.566169112762
"42",2026-10-10,0,2026-10-10,"wk inc flu hosp","quantile","0.85",210.907170430014
"42",2026-10-10,0,2026-10-10,"wk inc flu hosp","quantile","0.9",224.74161208133
"42",2026-10-10,0,2026-10-10,"wk inc flu hosp","quantile","0.95",246.675888437695
"42",2026-10-10,0,2026-10-10,"wk inc flu hosp","quantile","0.975",277.862196114222
"42",2026-10-10,0,2026-10-10,"wk inc flu hosp","quantile","0.99",325.837865919748
"42",2026-10-10,1,2026-10-17,"wk inc flu hosp","quantile","0.01",72.3010625048904
"42",2026-10-10,1,2026-10-17,"wk inc flu hosp","quantile","0.025",84.5979489408719
"42",2026-10-10,1,2026-10-17,"wk inc flu hosp","quantile","0.05",96.2430167489859
"42",2026-10-10,1,2026-10-17,"wk inc flu hosp","quantile","0.1",110.588553190734
"42",2026-10-10,1,2026-10-17,"wk inc flu hosp","quantile","0.15",121.958720890571
"42",2026-10-10,1,2026-10-17,"wk inc flu hosp","quantile","0.2",129.645058887842
"42",2026-10-10,1,2026-10-17,"wk inc flu hosp","quantile","0.25",137.323164325974
"42",2026-10-10,1,2026-10-17,"wk inc flu hosp","quantile","0.3",144.602696103954
"42",2026-10-10,1,2026-10-17,"wk inc flu hosp","quantile","0.35",150.285264135194
"42",2026-10-10,1,2026-10-17,"wk inc flu hosp","quantile","0.4",157.761836998601
"42",2026-10-10,1,2026-10-17,"wk inc flu hosp","quantile","0.45",164.533271973701
"42",2026-10-10,1,2026-10-17,"wk inc flu hosp","quantile","0.5",172.95933342764
"42",2026-10-10,1,2026-10-17,"wk inc flu hosp","quantile","0.55",180.996396807598
"42",2026-10-10,1,2026-10-17,"wk inc flu hosp","quantile","0.6",187.341019271765
"42",2026-10-10,1,2026-10-17,"wk inc flu hosp","quantile","0.65",198.341304509223
"42",2026-10-10,1,2026-10-17,"wk inc flu hosp","quantile","0.7",209.920062132122
"42",2026-10-10,1,2026-10-17,"wk inc flu hosp","quantile","0.75",220.470482483742
"42",2026-10-10,1,2026-10-17,"wk inc flu hosp","quantile","0.8",234.098949269135
"42",2026-10-10,1,2026-10-17,"wk inc flu hosp","quantile","0.85",249.224430455537
"42",2026-10-10,1,2026-10-17,"wk inc flu hosp","quantile","0.9",269.253931415815
"42",2026-10-10,1,2026-10-17,"wk inc flu hosp","quantile","0.95",308.385641931932
"42",2026-10-10,1,2026-10-17,"wk inc flu hosp","quantile","0.975",353.921044913297
"42",2026-10-10,1,2026-10-17,"wk inc flu hosp","quantile","0.99",422.69984081251
"42",2026-10-10,2,2026-10-24,"wk inc flu hosp","quantile","0.01",63.1604934803038
"42",2026-10-10,2,2026-10-24,"wk inc flu hosp","quantile","0.025",76.3163214713074
"42",2026-10-10,2,2026-10-24,"wk inc flu hosp","quantile","0.05",89.4309338159592
"42",2026-10-10,2,2026-10-24,"wk inc flu hosp","quantile","0.1",106.902569241794
"42",2026-10-10,2,2026-10-24,"wk inc flu hosp","quantile","0.15",120.838272630583
"42",2026-10-10,2,2026-10-24,"wk inc flu hosp","quantile","0.2",131.63759994789
"42",2026-10-10,2,2026-10-24,"wk inc flu hosp","quantile","0.25",141.067218023906
"42",2026-10-10,2,2026-10-24,"wk inc flu hosp","quantile","0.3",150.733590705818
"42",2026-10-10,2,2026-10-24,"wk inc flu hosp","quantile","0.35",158.93723438877
"42",2026-10-10,2,2026-10-24,"wk inc flu hosp","quantile","0.4",168.524600451352
"42",2026-10-10,2,2026-10-24,"wk inc flu hosp","quantile","0.45",176.335320365261
"42",2026-10-10,2,2026-10-24,"wk inc flu hosp","quantile","0.5",186.914919300003
"42",2026-10-10,2,2026-10-24,"wk inc flu hosp","quantile","0.55",196.913283568212
"42",2026-10-10,2,2026-10-24,"wk inc flu hosp","quantile","0.6",207.311209457426
"42",2026-10-10,2,2026-10-24,"wk inc flu hosp","quantile","0.65",219.268299439675
"42",2026-10-10,2,2026-10-24,"wk inc flu hosp","quantile","0.7",231.899696966263
"42",2026-10-10,2,2026-10-24,"wk inc flu hosp","quantile","0.75",248.433824948949
"42",2026-10-10,2,2026-10-24,"wk inc flu hosp","quantile","0.8",269.140508346559
"42",2026-10-10,2,2026-10-24,"wk inc flu hosp","quantile","0.85",292.620309923227
"42",2026-10-10,2,2026-10-24,"wk inc flu hosp","quantile","0.9",325.629102125544
"42",2026-10-10,2,2026-10-24,"wk inc flu hosp","quantile","0.95",382.618269967159
"42",2026-10-10,2,2026-10-24,"wk inc flu hosp","quantile","0.975",432.838811348938
"42",2026-10-10,2,2026-10-24,"wk inc flu hosp","quantile","0.99",520.415620727033
"42",2026-10-10,3,2026-10-31,"wk inc flu hosp","quantile","0.01",55.5603218256225
"42",2026-10-10,3,2026-10-31,"wk inc flu hosp","quantile","0.025",69.4064007004702
"42",2026-10-10,3,2026-10-31,"wk inc flu hosp","quantile","0.05",85.0171914629168
"42",2026-10-10,3,2026-10-31,"wk inc flu hosp","quantile","0.1",104.042089891704
"42",2026-10-10,3,2026-10-31,"wk inc flu hosp","quantile","0.15",121.725082031026
"42",2026-10-10,3,2026-10-31,"wk inc flu hosp","quantile","0.2",134.67538598774
"42",2026-10-10,3,2026-10-31,"wk inc flu hosp","quantile","0.25",146.254700917473
"42",2026-10-10,3,2026-10-31,"wk inc flu hosp","quantile","0.3",156.518000756075
"42",2026-10-10,3,2026-10-31,"wk inc flu hosp","quantile","0.35",165.812173131123
"42",2026-10-10,3,2026-10-31,"wk inc flu hosp","quantile","0.4",178.765197183881
"42",2026-10-10,3,2026-10-31,"wk inc flu hosp","quantile","0.45",190.695218423253
"42",2026-10-10,3,2026-10-31,"wk inc flu hosp","quantile","0.5",204.479789871635
"42",2026-10-10,3,2026-10-31,"wk inc flu hosp","quantile","0.55",220.606926556961
"42",2026-10-10,3,2026-10-31,"wk inc flu hosp","quantile","0.6",233.252536830339
"42",2026-10-10,3,2026-10-31,"wk inc flu hosp","quantile","0.65",251.202122893351
"42",2026-10-10,3,2026-10-31,"wk inc flu hosp","quantile","0.7",271.762586790764
"42",2026-10-10,3,2026-10-31,"wk inc flu hosp","quantile","0.75",290.574382801677
"42",2026-10-10,3,2026-10-31,"wk inc flu hosp","quantile","0.8",315.137917674249
"42",2026-10-10,3,2026-10-31,"wk inc flu hosp","quantile","0.85",346.770077893919
"42",2026-10-10,3,2026-10-31,"wk inc flu hosp","quantile","0.9",388.059549142824
"42",2026-10-10,3,2026-10-31,"wk inc flu hosp","quantile","0.95",454.722378236138
"42",2026-10-10,3,2026-10-31,"wk inc flu hosp","quantile","0.975",537.638498898275
"42",2026-10-10,3,2026-10-31,"wk inc flu hosp","quantile","0.99",679.912821783671
"44",2026-10-10,0,2026-10-10,"wk inc flu hosp","quantile","0.01",0.70932963310895
"44",2026-10-10,0,2026-10-10,"wk inc flu hosp","quantile","0.025",1.46063025658344
"44",2026-10-10,0,2026-10-10,"wk inc flu hosp","quantile","0.05",2.14769510428924
"44",2026-10-10,0,2026-10-10,"wk inc flu hosp","quantile","0.1",3.09280859287215
"44",2026-10-10,0,2026-10-10,"wk inc flu hosp","quantile","0.15",3.7806985342228
"44",2026-10-10,0,2026-10-10,"wk inc flu hosp","quantile","0.2",4.2937719286022
"44",2026-10-10,0,2026-10-10,"wk inc flu hosp","quantile","0.25",5.08956153807397
"44",2026-10-10,0,2026-10-10,"wk inc flu hosp","quantile","0.3",5.73924432394574
"44",2026-10-10,0,2026-10-10,"wk inc flu hosp","quantile","0.35",6.38416171191509
"44",2026-10-10,0,2026-10-10,"wk inc flu hosp","quantile","0.4",7.01099352379973
"44",2026-10-10,0,2026-10-10,"wk inc flu hosp","quantile","0.45",7.55150877773691
"44",2026-10-10,0,2026-10-10,"wk inc flu hosp","quantile","0.5",8.14759210691649
"44",2026-10-10,0,2026-10-10,"wk inc flu hosp","quantile","0.55",8.71585849650048
"44",2026-10-10,0,2026-10-10,"wk inc flu hosp","quantile","0.6",9.26035454149649
"44",2026-10-10,0,2026-10-10,"wk inc flu hosp","quantile","0.65",9.88858087496564
"44",2026-10-10,0,2026-10-10,"wk inc flu hosp","quantile","0.7",10.5682158828858
"44",2026-10-10,0,2026-10-10,"wk inc flu hosp","quantile","0.75",11.4174383798644
"44",2026-10-10,0,2026-10-10,"wk inc flu hosp","quantile","0.8",12.3717391820716
"44",2026-10-10,0,2026-10-10,"wk inc flu hosp","quantile","0.85",13.6666579291101
"44",2026-10-10,0,2026-10-10,"wk inc flu hosp","quantile","0.9",15.0476669311254
"44",2026-10-10,0,2026-10-10,"wk inc flu hosp","quantile","0.95",18.0752292218787
"44",2026-10-10,0,2026-10-10,"wk inc flu hosp","quantile","0.975",21.0060058597225
"44",2026-10-10,0,2026-10-10,"wk inc flu hosp","quantile","0.99",25.4319980184762
"44",2026-10-10,1,2026-10-17,"wk inc flu hosp","quantile","0.01",0.0900715959560838
"44",2026-10-10,1,2026-10-17,"wk inc flu hosp","quantile","0.025",0.462794359835028
"44",2026-10-10,1,2026-10-17,"wk inc flu hosp","quantile","0.05",1.23304393331988
"44",2026-10-10,1,2026-10-17,"wk inc flu hosp","quantile","0.1",2.46238952361618
"44",2026-10-10,1,2026-10-17,"wk inc flu hosp","quantile","0.15",3.42265784934939
"44",2026-10-10,1,2026-10-17,"wk inc flu hosp","quantile","0.2",4.23051372078478
"44",2026-10-10,1,2026-10-17,"wk inc flu hosp","quantile","0.25",5.24866322315787
"44",2026-10-10,1,2026-10-17,"wk inc flu hosp","quantile","0.3",6.06325412681573
"44",2026-10-10,1,2026-10-17,"wk inc flu hosp","quantile","0.35",6.95820341047847
"44",2026-10-10,1,2026-10-17,"wk inc flu hosp","quantile","0.4",7.62955375600691
"44",2026-10-10,1,2026-10-17,"wk inc flu hosp","quantile","0.45",8.40692398062607
"44",2026-10-10,1,2026-10-17,"wk inc flu hosp","quantile","0.5",9.2725522150657
"44",2026-10-10,1,2026-10-17,"wk inc flu hosp","quantile","0.55",10.1792453492634
"44",2026-10-10,1,2026-10-17,"wk inc flu hosp","quantile","0.6",11.1110175042022
"44",2026-10-10,1,2026-10-17,"wk inc flu hosp","quantile","0.65",12.1652102524137
"44",2026-10-10,1,2026-10-17,"wk inc flu hosp","quantile","0.7",13.2197898688737
"44",2026-10-10,1,2026-10-17,"wk inc flu hosp","quantile","0.75",14.5504028573575
"44",2026-10-10,1,2026-10-17,"wk inc flu hosp","quantile","0.8",15.9664220253021
"44",2026-10-10,1,2026-10-17,"wk inc flu hosp","quantile","0.85",18.0341534227117
"44",2026-10-10,1,2026-10-17,"wk inc flu hosp","quantile","0.9",20.6544604009711
"44",2026-10-10,1,2026-10-17,"wk inc flu hosp","quantile","0.95",25.8927207435127
"44",2026-10-10,1,2026-10-17,"wk inc flu hosp","quantile","0.975",30.9308293219529
"44",2026-10-10,1,2026-10-17,"wk inc flu hosp","quantile","0.99",38.5673719763539
"44",2026-10-10,2,2026-10-24,"wk inc flu hosp","quantile","0.01",0.0914569698659724
"44",2026-10-10,2,2026-10-24,"wk inc flu hosp","quantile","0.025",0.327520367706948
"44",2026-10-10,2,2026-10-24,"wk inc flu hosp","quantile","0.05",0.687618231828059
"44",2026-10-10,2,2026-10-24,"wk inc flu hosp","quantile","0.1",1.98419206069349
"44",2026-10-10,2,2026-10-24,"wk inc flu hosp","quantile","0.15",3.10288875412537
"44",2026-10-10,2,2026-10-24,"wk inc flu hosp","quantile","0.2",4.02817662377688
"44",2026-10-10,2,2026-10-24,"wk inc flu hosp","quantile","0.25",5.04359954730109
"44",2026-10-10,2,2026-10-24,"wk inc flu hosp","quantile","0.3",6.11514057214921
"44",2026-10-10,2,2026-10-24,"wk inc flu hosp","quantile","0.35",7.21844806374985
"44",2026-10-10,2,2026-10-24,"wk inc flu hosp","quantile","0.4",8.25903740028141
"44",2026-10-10,2,2026-10-24,"wk inc flu hosp","quantile","0.45",9.48982047079611
"44",2026-10-10,2,2026-10-24,"wk inc flu hosp","quantile","0.5",10.5505011991083
"44",2026-10-10,2,2026-10-24,"wk inc flu hosp","quantile","0.55",11.7785613083295
"44",2026-10-10,2,2026-10-24,"wk inc flu hosp","quantile","0.6",12.8615319732381
"44",2026-10-10,2,2026-10-24,"wk inc flu hosp","quantile","0.65",14.1235249534472
"44",2026-10-10,2,2026-10-24,"wk inc flu hosp","quantile","0.7",15.8247466564852
"44",2026-10-10,2,2026-10-24,"wk inc flu hosp","quantile","0.75",17.5043827137121
"44",2026-10-10,2,2026-10-24,"wk inc flu hosp","quantile","0.8",19.5434469289547
"44",2026-10-10,2,2026-10-24,"wk inc flu hosp","quantile","0.85",22.4190857979601
"44",2026-10-10,2,2026-10-24,"wk inc flu hosp","quantile","0.9",27.2702792777854
"44",2026-10-10,2,2026-10-24,"wk inc flu hosp","quantile","0.95",36.011348171867
"44",2026-10-10,2,2026-10-24,"wk inc flu hosp","quantile","0.975",43.7326997972579
"44",2026-10-10,2,2026-10-24,"wk inc flu hosp","quantile","0.99",54.3552193217941
"44",2026-10-10,3,2026-10-31,"wk inc flu hosp","quantile","0.01",0.0945778720495899
"44",2026-10-10,3,2026-10-31,"wk inc flu hosp","quantile","0.025",0.332510763094134
"44",2026-10-10,3,2026-10-31,"wk inc flu hosp","quantile","0.05",0.595037699248047
"44",2026-10-10,3,2026-10-31,"wk inc flu hosp","quantile","0.1",1.77182813304131
"44",2026-10-10,3,2026-10-31,"wk inc flu hosp","quantile","0.15",2.9453771761568
"44",2026-10-10,3,2026-10-31,"wk inc flu hosp","quantile","0.2",4.04950516976832
"44",2026-10-10,3,2026-10-31,"wk inc flu hosp","quantile","0.25",5.36068509770318
"44",2026-10-10,3,2026-10-31,"wk inc flu hosp","quantile","0.3",6.57168513026025
"44",2026-10-10,3,2026-10-31,"wk inc flu hosp","quantile","0.35",7.84924744459133
"44",2026-10-10,3,2026-10-31,"wk inc flu hosp","quantile","0.4",9.25984662681441
"44",2026-10-10,3,2026-10-31,"wk inc flu hosp","quantile","0.45",10.6488379043763
"44",2026-10-10,3,2026-10-31,"wk inc flu hosp","quantile","0.5",12.0830388955744
"44",2026-10-10,3,2026-10-31,"wk inc flu hosp","quantile","0.55",13.8894357220103
"44",2026-10-10,3,2026-10-31,"wk inc flu hosp","quantile","0.6",15.5309524798104
"44",2026-10-10,3,2026-10-31,"wk inc flu hosp","quantile","0.65",17.3086453133461
"44",2026-10-10,3,2026-10-31,"wk inc flu hosp","quantile","0.7",19.0091925919411
"44",2026-10-10,3,2026-10-31,"wk inc flu hosp","quantile","0.75",21.3281352675025
"44",2026-10-10,3,2026-10-31,"wk inc flu hosp","quantile","0.8",24.355710575229
"44",2026-10-10,3,2026-10-31,"wk inc flu hosp","quantile","0.85",28.766532623887
"44",2026-10-10,3,2026-10-31,"wk inc flu hosp","quantile","0.9",34.7173697498605
"44",2026-10-10,3,2026-10-31,"wk inc flu hosp","quantile","0.95",48.7076021499175
"44",2026-10-10,3,2026-10-31,"wk inc flu hosp","quantile","0.975",59.6196290660704
"44",2026-10-10,3,2026-10-31,"wk inc flu hosp","quantile","0.99",76.3289425052714
"45",2026-10-10,0,2026-10-10,"wk inc flu hosp","quantile","0.01",12.890277367442
"45",2026-10-10,0,2026-10-10,"wk inc flu hosp","quantile","0.025",16.6551442354065
"45",2026-10-10,0,2026-10-10,"wk inc flu hosp","quantile","0.05",20.7076859050552
"45",2026-10-10,0,2026-10-10,"wk inc flu hosp","quantile","0.1",24.85669592614
"45",2026-10-10,0,2026-10-10,"wk inc flu hosp","quantile","0.15",28.2495926053938
"45",2026-10-10,0,2026-10-10,"wk inc flu hosp","quantile","0.2",31.3433817527699
"45",2026-10-10,0,2026-10-10,"wk inc flu hosp","quantile","0.25",33.3376327101526
"45",2026-10-10,0,2026-10-10,"wk inc flu hosp","quantile","0.3",35.1325519096431
"45",2026-10-10,0,2026-10-10,"wk inc flu hosp","quantile","0.35",37.0554616288063
"45",2026-10-10,0,2026-10-10,"wk inc flu hosp","quantile","0.4",39.64510474393
"45",2026-10-10,0,2026-10-10,"wk inc flu hosp","quantile","0.45",41.1746964715195
"45",2026-10-10,0,2026-10-10,"wk inc flu hosp","quantile","0.5",42.9204869828642
"45",2026-10-10,0,2026-10-10,"wk inc flu hosp","quantile","0.55",44.4272224324077
"45",2026-10-10,0,2026-10-10,"wk inc flu hosp","quantile","0.6",46.8289135826552
"45",2026-10-10,0,2026-10-10,"wk inc flu hosp","quantile","0.65",48.7397243687341
"45",2026-10-10,0,2026-10-10,"wk inc flu hosp","quantile","0.7",51.3869922457884
"45",2026-10-10,0,2026-10-10,"wk inc flu hosp","quantile","0.75",54.1485797426148
"45",2026-10-10,0,2026-10-10,"wk inc flu hosp","quantile","0.8",57.5708805165953
"45",2026-10-10,0,2026-10-10,"wk inc flu hosp","quantile","0.85",62.5028180499951
"45",2026-10-10,0,2026-10-10,"wk inc flu hosp","quantile","0.9",67.880963954385
"45",2026-10-10,0,2026-10-10,"wk inc flu hosp","quantile","0.95",78.6059915186401
"45",2026-10-10,0,2026-10-10,"wk inc flu hosp","quantile","0.975",90.2268011146025
"45",2026-10-10,0,2026-10-10,"wk inc flu hosp","quantile","0.99",105.855788861888
"45",2026-10-10,1,2026-10-17,"wk inc flu hosp","quantile","0.01",8.11627930768138
"45",2026-10-10,1,2026-10-17,"wk inc flu hosp","quantile","0.025",12.5508659523773
"45",2026-10-10,1,2026-10-17,"wk inc flu hosp","quantile","0.05",16.9183052021443
"45",2026-10-10,1,2026-10-17,"wk inc flu hosp","quantile","0.1",22.6608775187969
"45",2026-10-10,1,2026-10-17,"wk inc flu hosp","quantile","0.15",28.043238860336
"45",2026-10-10,1,2026-10-17,"wk inc flu hosp","quantile","0.2",33.2827940469821
"45",2026-10-10,1,2026-10-17,"wk inc flu hosp","quantile","0.25",36.5411538038918
"45",2026-10-10,1,2026-10-17,"wk inc flu hosp","quantile","0.3",38.9705538302165
"45",2026-10-10,1,2026-10-17,"wk inc flu hosp","quantile","0.35",41.4290320787489
"45",2026-10-10,1,2026-10-17,"wk inc flu hosp","quantile","0.4",44.5004634326578
"45",2026-10-10,1,2026-10-17,"wk inc flu hosp","quantile","0.45",47.2529454320706
"45",2026-10-10,1,2026-10-17,"wk inc flu hosp","quantile","0.5",49.0976932097123
"45",2026-10-10,1,2026-10-17,"wk inc flu hosp","quantile","0.55",52.4849906138151
"45",2026-10-10,1,2026-10-17,"wk inc flu hosp","quantile","0.6",56.4880275470375
"45",2026-10-10,1,2026-10-17,"wk inc flu hosp","quantile","0.65",59.6065129051549
"45",2026-10-10,1,2026-10-17,"wk inc flu hosp","quantile","0.7",63.5351880480976
"45",2026-10-10,1,2026-10-17,"wk inc flu hosp","quantile","0.75",69.31052439721
"45",2026-10-10,1,2026-10-17,"wk inc flu hosp","quantile","0.8",74.1172468799701
"45",2026-10-10,1,2026-10-17,"wk inc flu hosp","quantile","0.85",84.0996093139751
"45",2026-10-10,1,2026-10-17,"wk inc flu hosp","quantile","0.9",92.2126316270634
"45",2026-10-10,1,2026-10-17,"wk inc flu hosp","quantile","0.95",112.225377077957
"45",2026-10-10,1,2026-10-17,"wk inc flu hosp","quantile","0.975",135.722595916721
"45",2026-10-10,1,2026-10-17,"wk inc flu hosp","quantile","0.99",157.247194995326
"45",2026-10-10,2,2026-10-24,"wk inc flu hosp","quantile","0.01",7.5783356157818
"45",2026-10-10,2,2026-10-24,"wk inc flu hosp","quantile","0.025",9.6833462728522
"45",2026-10-10,2,2026-10-24,"wk inc flu hosp","quantile","0.05",14.5766579177091
"45",2026-10-10,2,2026-10-24,"wk inc flu hosp","quantile","0.1",20.8767669635136
"45",2026-10-10,2,2026-10-24,"wk inc flu hosp","quantile","0.15",26.9154467278672
"45",2026-10-10,2,2026-10-24,"wk inc flu hosp","quantile","0.2",32.783019512216
"45",2026-10-10,2,2026-10-24,"wk inc flu hosp","quantile","0.25",37.6993427599223
"45",2026-10-10,2,2026-10-24,"wk inc flu hosp","quantile","0.3",41.738375437018
"45",2026-10-10,2,2026-10-24,"wk inc flu hosp","quantile","0.35",45.1851337349364
"45",2026-10-10,2,2026-10-24,"wk inc flu hosp","quantile","0.4",50.0452035938204
"45",2026-10-10,2,2026-10-24,"wk inc flu hosp","quantile","0.45",53.7543439623357
"45",2026-10-10,2,2026-10-24,"wk inc flu hosp","quantile","0.5",56.4607275696453
"45",2026-10-10,2,2026-10-24,"wk inc flu hosp","quantile","0.55",61.6003176064253
"45",2026-10-10,2,2026-10-24,"wk inc flu hosp","quantile","0.6",65.9155830101506
"45",2026-10-10,2,2026-10-24,"wk inc flu hosp","quantile","0.65",70.7692304719793
"45",2026-10-10,2,2026-10-24,"wk inc flu hosp","quantile","0.7",75.9933628150579
"45",2026-10-10,2,2026-10-24,"wk inc flu hosp","quantile","0.75",82.9316053506125
"45",2026-10-10,2,2026-10-24,"wk inc flu hosp","quantile","0.8",89.9874996581193
"45",2026-10-10,2,2026-10-24,"wk inc flu hosp","quantile","0.85",100.597250101208
"45",2026-10-10,2,2026-10-24,"wk inc flu hosp","quantile","0.9",117.320093071092
"45",2026-10-10,2,2026-10-24,"wk inc flu hosp","quantile","0.95",150.870008309174
"45",2026-10-10,2,2026-10-24,"wk inc flu hosp","quantile","0.975",188.263180547477
"45",2026-10-10,2,2026-10-24,"wk inc flu hosp","quantile","0.99",226.197420166116
"45",2026-10-10,3,2026-10-31,"wk inc flu hosp","quantile","0.01",7.68169264124002
"45",2026-10-10,3,2026-10-31,"wk inc flu hosp","quantile","0.025",9.12419536882327
"45",2026-10-10,3,2026-10-31,"wk inc flu hosp","quantile","0.05",12.8980624419931
"45",2026-10-10,3,2026-10-31,"wk inc flu hosp","quantile","0.1",20.1374237557588
"45",2026-10-10,3,2026-10-31,"wk inc flu hosp","quantile","0.15",26.926472208939
"45",2026-10-10,3,2026-10-31,"wk inc flu hosp","quantile","0.2",34.0601521985582
"45",2026-10-10,3,2026-10-31,"wk inc flu hosp","quantile","0.25",39.291567420084
"45",2026-10-10,3,2026-10-31,"wk inc flu hosp","quantile","0.3",43.986230595971
"45",2026-10-10,3,2026-10-31,"wk inc flu hosp","quantile","0.35",48.1751542278923
"45",2026-10-10,3,2026-10-31,"wk inc flu hosp","quantile","0.4",54.1468761330741
"45",2026-10-10,3,2026-10-31,"wk inc flu hosp","quantile","0.45",59.8121215310842
"45",2026-10-10,3,2026-10-31,"wk inc flu hosp","quantile","0.5",64.4954364528609
"45",2026-10-10,3,2026-10-31,"wk inc flu hosp","quantile","0.55",70.8375450322579
"45",2026-10-10,3,2026-10-31,"wk inc flu hosp","quantile","0.6",77.8061892677273
"45",2026-10-10,3,2026-10-31,"wk inc flu hosp","quantile","0.65",83.9590947413006
"45",2026-10-10,3,2026-10-31,"wk inc flu hosp","quantile","0.7",91.1871692510009
"45",2026-10-10,3,2026-10-31,"wk inc flu hosp","quantile","0.75",100.027129077874
"45",2026-10-10,3,2026-10-31,"wk inc flu hosp","quantile","0.8",108.805754101846
"45",2026-10-10,3,2026-10-31,"wk inc flu hosp","quantile","0.85",123.360566613604
"45",2026-10-10,3,2026-10-31,"wk inc flu hosp","quantile","0.9",148.296143557461
"45",2026-10-10,3,2026-10-31,"wk inc flu hosp","quantile","0.95",192.398823934124
"45",2026-10-10,3,2026-10-31,"wk inc flu hosp","quantile","0.975",243.800864775992
"45",2026-10-10,3,2026-10-31,"wk inc flu hosp","quantile","0.99",275.94655756945
"46",2026-10-10,0,2026-10-10,"wk inc flu hosp","quantile","0.01",0.103332145198929
"46",2026-10-10,0,2026-10-10,"wk inc flu hosp","quantile","0.025",0.295244352081572
"46",2026-10-10,0,2026-10-10,"wk inc flu hosp","quantile","0.05",0.623287252086026
"46",2026-10-10,0,2026-10-10,"wk inc flu hosp","quantile","0.1",1.20323392607626
"46",2026-10-10,0,2026-10-10,"wk inc flu hosp","quantile","0.15",1.61917955751289
"46",2026-10-10,0,2026-10-10,"wk inc flu hosp","quantile","0.2",2.12620573831356
"46",2026-10-10,0,2026-10-10,"wk inc flu hosp","quantile","0.25",2.51413390745015
"46",2026-10-10,0,2026-10-10,"wk inc flu hosp","quantile","0.3",2.85195851726979
"46",2026-10-10,0,2026-10-10,"wk inc flu hosp","quantile","0.35",3.24922283651272
"46",2026-10-10,0,2026-10-10,"wk inc flu hosp","quantile","0.4",3.60437742456533
"46",2026-10-10,0,2026-10-10,"wk inc flu hosp","quantile","0.45",3.9991871712374
"46",2026-10-10,0,2026-10-10,"wk inc flu hosp","quantile","0.5",4.37442560092983
"46",2026-10-10,0,2026-10-10,"wk inc flu hosp","quantile","0.55",4.68031750473543
"46",2026-10-10,0,2026-10-10,"wk inc flu hosp","quantile","0.6",5.03656517743857
"46",2026-10-10,0,2026-10-10,"wk inc flu hosp","quantile","0.65",5.47218160249856
"46",2026-10-10,0,2026-10-10,"wk inc flu hosp","quantile","0.7",5.93716674235187
"46",2026-10-10,0,2026-10-10,"wk inc flu hosp","quantile","0.75",6.47860340887896
"46",2026-10-10,0,2026-10-10,"wk inc flu hosp","quantile","0.8",7.11190481653476
"46",2026-10-10,0,2026-10-10,"wk inc flu hosp","quantile","0.85",7.85393361531178
"46",2026-10-10,0,2026-10-10,"wk inc flu hosp","quantile","0.9",8.98838978483693
"46",2026-10-10,0,2026-10-10,"wk inc flu hosp","quantile","0.95",11.1008673090483
"46",2026-10-10,0,2026-10-10,"wk inc flu hosp","quantile","0.975",13.5188658482089
"46",2026-10-10,0,2026-10-10,"wk inc flu hosp","quantile","0.99",16.7006591531956
"46",2026-10-10,1,2026-10-17,"wk inc flu hosp","quantile","0.01",0.0963051895646951
"46",2026-10-10,1,2026-10-17,"wk inc flu hosp","quantile","0.025",0.296335688753061
"46",2026-10-10,1,2026-10-17,"wk inc flu hosp","quantile","0.05",0.492869270213105
"46",2026-10-10,1,2026-10-17,"wk inc flu hosp","quantile","0.1",0.837431278906771
"46",2026-10-10,1,2026-10-17,"wk inc flu hosp","quantile","0.15",1.35132471354912
"46",2026-10-10,1,2026-10-17,"wk inc flu hosp","quantile","0.2",1.90482198658224
"46",2026-10-10,1,2026-10-17,"wk inc flu hosp","quantile","0.25",2.43707897350987
"46",2026-10-10,1,2026-10-17,"wk inc flu hosp","quantile","0.3",2.953958943904
"46",2026-10-10,1,2026-10-17,"wk inc flu hosp","quantile","0.35",3.44991791332619
"46",2026-10-10,1,2026-10-17,"wk inc flu hosp","quantile","0.4",4.00613532451738
"46",2026-10-10,1,2026-10-17,"wk inc flu hosp","quantile","0.45",4.51142654709083
"46",2026-10-10,1,2026-10-17,"wk inc flu hosp","quantile","0.5",5.15849445526333
"46",2026-10-10,1,2026-10-17,"wk inc flu hosp","quantile","0.55",5.73669478283318
"46",2026-10-10,1,2026-10-17,"wk inc flu hosp","quantile","0.6",6.33125519449852
"46",2026-10-10,1,2026-10-17,"wk inc flu hosp","quantile","0.65",7.06643026827162
"46",2026-10-10,1,2026-10-17,"wk inc flu hosp","quantile","0.7",8.01592347175108
"46",2026-10-10,1,2026-10-17,"wk inc flu hosp","quantile","0.75",8.86741756323899
"46",2026-10-10,1,2026-10-17,"wk inc flu hosp","quantile","0.8",9.90245347240477
"46",2026-10-10,1,2026-10-17,"wk inc flu hosp","quantile","0.85",11.305100961839
"46",2026-10-10,1,2026-10-17,"wk inc flu hosp","quantile","0.9",13.4900533145297
"46",2026-10-10,1,2026-10-17,"wk inc flu hosp","quantile","0.95",16.8442441006861
"46",2026-10-10,1,2026-10-17,"wk inc flu hosp","quantile","0.975",20.6815776807245
"46",2026-10-10,1,2026-10-17,"wk inc flu hosp","quantile","0.99",27.1226613823886
"46",2026-10-10,2,2026-10-24,"wk inc flu hosp","quantile","0.01",0.0993405765017707
"46",2026-10-10,2,2026-10-24,"wk inc flu hosp","quantile","0.025",0.287818948448034
"46",2026-10-10,2,2026-10-24,"wk inc flu hosp","quantile","0.05",0.488513672832584
"46",2026-10-10,2,2026-10-24,"wk inc flu hosp","quantile","0.1",0.677898393150002
"46",2026-10-10,2,2026-10-24,"wk inc flu hosp","quantile","0.15",1.03902351672395
"46",2026-10-10,2,2026-10-24,"wk inc flu hosp","quantile","0.2",1.73965600420033
"46",2026-10-10,2,2026-10-24,"wk inc flu hosp","quantile","0.25",2.39008387443881
"46",2026-10-10,2,2026-10-24,"wk inc flu hosp","quantile","0.3",2.99328164231765
"46",2026-10-10,2,2026-10-24,"wk inc flu hosp","quantile","0.35",3.55277188429194
"46",2026-10-10,2,2026-10-24,"wk inc flu hosp","quantile","0.4",4.12695990870712
"46",2026-10-10,2,2026-10-24,"wk inc flu hosp","quantile","0.45",4.86259224265187
"46",2026-10-10,2,2026-10-24,"wk inc flu hosp","quantile","0.5",5.6393896199982
"46",2026-10-10,2,2026-10-24,"wk inc flu hosp","quantile","0.55",6.53159277068571
"46",2026-10-10,2,2026-10-24,"wk inc flu hosp","quantile","0.6",7.41234212438152
"46",2026-10-10,2,2026-10-24,"wk inc flu hosp","quantile","0.65",8.59765096151577
"46",2026-10-10,2,2026-10-24,"wk inc flu hosp","quantile","0.7",9.74300642328328
"46",2026-10-10,2,2026-10-24,"wk inc flu hosp","quantile","0.75",11.0917225632047
"46",2026-10-10,2,2026-10-24,"wk inc flu hosp","quantile","0.8",12.7342997703584
"46",2026-10-10,2,2026-10-24,"wk inc flu hosp","quantile","0.85",14.795225154978
"46",2026-10-10,2,2026-10-24,"wk inc flu hosp","quantile","0.9",18.1715015130284
"46",2026-10-10,2,2026-10-24,"wk inc flu hosp","quantile","0.95",23.9089841395138
"46",2026-10-10,2,2026-10-24,"wk inc flu hosp","quantile","0.975",30.3269092098303
"46",2026-10-10,2,2026-10-24,"wk inc flu hosp","quantile","0.99",39.0349230359057
"46",2026-10-10,3,2026-10-31,"wk inc flu hosp","quantile","0.01",0.0944166535752108
"46",2026-10-10,3,2026-10-31,"wk inc flu hosp","quantile","0.025",0.286214105218033
"46",2026-10-10,3,2026-10-31,"wk inc flu hosp","quantile","0.05",0.49262680578462
"46",2026-10-10,3,2026-10-31,"wk inc flu hosp","quantile","0.1",0.712013678416154
"46",2026-10-10,3,2026-10-31,"wk inc flu hosp","quantile","0.15",0.867358036951696
"46",2026-10-10,3,2026-10-31,"wk inc flu hosp","quantile","0.2",1.64418973025094
"46",2026-10-10,3,2026-10-31,"wk inc flu hosp","quantile","0.25",2.27798263235809
"46",2026-10-10,3,2026-10-31,"wk inc flu hosp","quantile","0.3",3.00770737385017
"46",2026-10-10,3,2026-10-31,"wk inc flu hosp","quantile","0.35",3.68062569470687
"46",2026-10-10,3,2026-10-31,"wk inc flu hosp","quantile","0.4",4.48818640963184
"46",2026-10-10,3,2026-10-31,"wk inc flu hosp","quantile","0.45",5.37937074805335
"46",2026-10-10,3,2026-10-31,"wk inc flu hosp","quantile","0.5",6.32967325370552
"46",2026-10-10,3,2026-10-31,"wk inc flu hosp","quantile","0.55",7.52371460433119
"46",2026-10-10,3,2026-10-31,"wk inc flu hosp","quantile","0.6",8.67137165843188
"46",2026-10-10,3,2026-10-31,"wk inc flu hosp","quantile","0.65",9.85699970151594
"46",2026-10-10,3,2026-10-31,"wk inc flu hosp","quantile","0.7",11.5048206023305
"46",2026-10-10,3,2026-10-31,"wk inc flu hosp","quantile","0.75",13.3538517282819
"46",2026-10-10,3,2026-10-31,"wk inc flu hosp","quantile","0.8",15.388417412418
"46",2026-10-10,3,2026-10-31,"wk inc flu hosp","quantile","0.85",18.3040233463912
"46",2026-10-10,3,2026-10-31,"wk inc flu hosp","quantile","0.9",23.0059093355266
"46",2026-10-10,3,2026-10-31,"wk inc flu hosp","quantile","0.95",32.6016641203067
"46",2026-10-10,3,2026-10-31,"wk inc flu hosp","quantile","0.975",43.5408804732373
"46",2026-10-10,3,2026-10-31,"wk inc flu hosp","quantile","0.99",59.0604016367546
"47",2026-10-10,0,2026-10-10,"wk inc flu hosp","quantile","0.01",34.6927103824221
"47",2026-10-10,0,2026-10-10,"wk inc flu hosp","quantile","0.025",40.1934825499278
"47",2026-10-10,0,2026-10-10,"wk inc flu hosp","quantile","0.05",46.4523348152874
"47",2026-10-10,0,2026-10-10,"wk inc flu hosp","quantile","0.1",54.16215561948
"47",2026-10-10,0,2026-10-10,"wk inc flu hosp","quantile","0.15",59.1666076989211
"47",2026-10-10,0,2026-10-10,"wk inc flu hosp","quantile","0.2",64.42149536538
"47",2026-10-10,0,2026-10-10,"wk inc flu hosp","quantile","0.25",68.0329661191593
"47",2026-10-10,0,2026-10-10,"wk inc flu hosp","quantile","0.3",70.394127497008
"47",2026-10-10,0,2026-10-10,"wk inc flu hosp","quantile","0.35",73.6208238434978
"47",2026-10-10,0,2026-10-10,"wk inc flu hosp","quantile","0.4",77.4425476610182
"47",2026-10-10,0,2026-10-10,"wk inc flu hosp","quantile","0.45",80.0667963563504
"47",2026-10-10,0,2026-10-10,"wk inc flu hosp","quantile","0.5",82.7673181932811
"47",2026-10-10,0,2026-10-10,"wk inc flu hosp","quantile","0.55",84.6258025787306
"47",2026-10-10,0,2026-10-10,"wk inc flu hosp","quantile","0.6",87.9158741660189
"47",2026-10-10,0,2026-10-10,"wk inc flu hosp","quantile","0.65",90.681443450262
"47",2026-10-10,0,2026-10-10,"wk inc flu hosp","quantile","0.7",94.9143114688948
"47",2026-10-10,0,2026-10-10,"wk inc flu hosp","quantile","0.75",98.0424646136644
"47",2026-10-10,0,2026-10-10,"wk inc flu hosp","quantile","0.8",102.908164575622
"47",2026-10-10,0,2026-10-10,"wk inc flu hosp","quantile","0.85",108.666205017047
"47",2026-10-10,0,2026-10-10,"wk inc flu hosp","quantile","0.9",116.983312324308
"47",2026-10-10,0,2026-10-10,"wk inc flu hosp","quantile","0.95",134.310091603411
"47",2026-10-10,0,2026-10-10,"wk inc flu hosp","quantile","0.975",150.49771015232
"47",2026-10-10,0,2026-10-10,"wk inc flu hosp","quantile","0.99",173.208620411052
"47",2026-10-10,1,2026-10-17,"wk inc flu hosp","quantile","0.01",26.7579488875205
"47",2026-10-10,1,2026-10-17,"wk inc flu hosp","quantile","0.025",33.4468661196662
"47",2026-10-10,1,2026-10-17,"wk inc flu hosp","quantile","0.05",40.3970496885833
"47",2026-10-10,1,2026-10-17,"wk inc flu hosp","quantile","0.1",49.2344288116842
"47",2026-10-10,1,2026-10-17,"wk inc flu hosp","quantile","0.15",58.2214323407862
"47",2026-10-10,1,2026-10-17,"wk inc flu hosp","quantile","0.2",65.3426482302788
"47",2026-10-10,1,2026-10-17,"wk inc flu hosp","quantile","0.25",70.9614078068658
"47",2026-10-10,1,2026-10-17,"wk inc flu hosp","quantile","0.3",75.5308832803945
"47",2026-10-10,1,2026-10-17,"wk inc flu hosp","quantile","0.35",79.2899120457218
"47",2026-10-10,1,2026-10-17,"wk inc flu hosp","quantile","0.4",84.4189937896188
"47",2026-10-10,1,2026-10-17,"wk inc flu hosp","quantile","0.45",87.7136468252765
"47",2026-10-10,1,2026-10-17,"wk inc flu hosp","quantile","0.5",92.294978772749
"47",2026-10-10,1,2026-10-17,"wk inc flu hosp","quantile","0.55",96.3600374917907
"47",2026-10-10,1,2026-10-17,"wk inc flu hosp","quantile","0.6",100.8003541831
"47",2026-10-10,1,2026-10-17,"wk inc flu hosp","quantile","0.65",106.331248734692
"47",2026-10-10,1,2026-10-17,"wk inc flu hosp","quantile","0.7",111.002889698556
"47",2026-10-10,1,2026-10-17,"wk inc flu hosp","quantile","0.75",117.746699331491
"47",2026-10-10,1,2026-10-17,"wk inc flu hosp","quantile","0.8",125.933748668503
"47",2026-10-10,1,2026-10-17,"wk inc flu hosp","quantile","0.85",135.145911200572
"47",2026-10-10,1,2026-10-17,"wk inc flu hosp","quantile","0.9",146.79675483972
"47",2026-10-10,1,2026-10-17,"wk inc flu hosp","quantile","0.95",171.762877181022
"47",2026-10-10,1,2026-10-17,"wk inc flu hosp","quantile","0.975",204.851782544752
"47",2026-10-10,1,2026-10-17,"wk inc flu hosp","quantile","0.99",238.844169160045
"47",2026-10-10,2,2026-10-24,"wk inc flu hosp","quantile","0.01",20.1843361976779
"47",2026-10-10,2,2026-10-24,"wk inc flu hosp","quantile","0.025",27.2100083487494
"47",2026-10-10,2,2026-10-24,"wk inc flu hosp","quantile","0.05",35.9888970327797
"47",2026-10-10,2,2026-10-24,"wk inc flu hosp","quantile","0.1",46.7248821548968
"47",2026-10-10,2,2026-10-24,"wk inc flu hosp","quantile","0.15",56.0452986695563
"47",2026-10-10,2,2026-10-24,"wk inc flu hosp","quantile","0.2",66.1257598191716
"47",2026-10-10,2,2026-10-24,"wk inc flu hosp","quantile","0.25",73.9408663708516
"47",2026-10-10,2,2026-10-24,"wk inc flu hosp","quantile","0.3",79.0349808274701
"47",2026-10-10,2,2026-10-24,"wk inc flu hosp","quantile","0.35",84.5968489675115
"47",2026-10-10,2,2026-10-24,"wk inc flu hosp","quantile","0.4",90.9455601820245
"47",2026-10-10,2,2026-10-24,"wk inc flu hosp","quantile","0.45",97.1444795528414
"47",2026-10-10,2,2026-10-24,"wk inc flu hosp","quantile","0.5",101.78329864317
"47",2026-10-10,2,2026-10-24,"wk inc flu hosp","quantile","0.55",106.795896754454
"47",2026-10-10,2,2026-10-24,"wk inc flu hosp","quantile","0.6",114.154317393541
"47",2026-10-10,2,2026-10-24,"wk inc flu hosp","quantile","0.65",120.943190952444
"47",2026-10-10,2,2026-10-24,"wk inc flu hosp","quantile","0.7",127.809229932658
"47",2026-10-10,2,2026-10-24,"wk inc flu hosp","quantile","0.75",138.922348020803
"47",2026-10-10,2,2026-10-24,"wk inc flu hosp","quantile","0.8",149.846839893412
"47",2026-10-10,2,2026-10-24,"wk inc flu hosp","quantile","0.85",163.74983774314
"47",2026-10-10,2,2026-10-24,"wk inc flu hosp","quantile","0.9",185.774547743512
"47",2026-10-10,2,2026-10-24,"wk inc flu hosp","quantile","0.95",226.948721026521
"47",2026-10-10,2,2026-10-24,"wk inc flu hosp","quantile","0.975",275.019233565001
"47",2026-10-10,2,2026-10-24,"wk inc flu hosp","quantile","0.99",316.312262046911
"47",2026-10-10,3,2026-10-31,"wk inc flu hosp","quantile","0.01",19.2517905300599
"47",2026-10-10,3,2026-10-31,"wk inc flu hosp","quantile","0.025",23.7272141535127
"47",2026-10-10,3,2026-10-31,"wk inc flu hosp","quantile","0.05",32.730868784927
"47",2026-10-10,3,2026-10-31,"wk inc flu hosp","quantile","0.1",45.0080500424337
"47",2026-10-10,3,2026-10-31,"wk inc flu hosp","quantile","0.15",55.5208583440829
"47",2026-10-10,3,2026-10-31,"wk inc flu hosp","quantile","0.2",66.7805425561889
"47",2026-10-10,3,2026-10-31,"wk inc flu hosp","quantile","0.25",75.1490152227578
"47",2026-10-10,3,2026-10-31,"wk inc flu hosp","quantile","0.3",81.6890206269791
"47",2026-10-10,3,2026-10-31,"wk inc flu hosp","quantile","0.35",89.628480088874
"47",2026-10-10,3,2026-10-31,"wk inc flu hosp","quantile","0.4",97.2444019085831
"47",2026-10-10,3,2026-10-31,"wk inc flu hosp","quantile","0.45",106.659075656442
"47",2026-10-10,3,2026-10-31,"wk inc flu hosp","quantile","0.5",113.18244919212
"47",2026-10-10,3,2026-10-31,"wk inc flu hosp","quantile","0.55",121.707610640895
"47",2026-10-10,3,2026-10-31,"wk inc flu hosp","quantile","0.6",129.935629250362
"47",2026-10-10,3,2026-10-31,"wk inc flu hosp","quantile","0.65",138.471143357824
"47",2026-10-10,3,2026-10-31,"wk inc flu hosp","quantile","0.7",149.170721622347
"47",2026-10-10,3,2026-10-31,"wk inc flu hosp","quantile","0.75",161.828892252496
"47",2026-10-10,3,2026-10-31,"wk inc flu hosp","quantile","0.8",174.829938324244
"47",2026-10-10,3,2026-10-31,"wk inc flu hosp","quantile","0.85",193.200173049314
"47",2026-10-10,3,2026-10-31,"wk inc flu hosp","quantile","0.9",220.51740819158
"47",2026-10-10,3,2026-10-31,"wk inc flu hosp","quantile","0.95",282.70475354657
"47",2026-10-10,3,2026-10-31,"wk inc flu hosp","quantile","0.975",344.830169357443
"47",2026-10-10,3,2026-10-31,"wk inc flu hosp","quantile","0.99",404.250872157651
"48",2026-10-10,0,2026-10-10,"wk inc flu hosp","quantile","0.01",217.521878479265
"48",2026-10-10,0,2026-10-10,"wk inc flu hosp","quantile","0.025",235.406636392958
"48",2026-10-10,0,2026-10-10,"wk inc flu hosp","quantile","0.05",253.78726556391
"48",2026-10-10,0,2026-10-10,"wk inc flu hosp","quantile","0.1",286.912062040157
"48",2026-10-10,0,2026-10-10,"wk inc flu hosp","quantile","0.15",304.741725340229
"48",2026-10-10,0,2026-10-10,"wk inc flu hosp","quantile","0.2",323.500925680723
"48",2026-10-10,0,2026-10-10,"wk inc flu hosp","quantile","0.25",336.394653537037
"48",2026-10-10,0,2026-10-10,"wk inc flu hosp","quantile","0.3",345.545113990172
"48",2026-10-10,0,2026-10-10,"wk inc flu hosp","quantile","0.35",357.718466149365
"48",2026-10-10,0,2026-10-10,"wk inc flu hosp","quantile","0.4",370.529722420078
"48",2026-10-10,0,2026-10-10,"wk inc flu hosp","quantile","0.45",377.864975955393
"48",2026-10-10,0,2026-10-10,"wk inc flu hosp","quantile","0.5",383.595884557819
"48",2026-10-10,0,2026-10-10,"wk inc flu hosp","quantile","0.55",388.761288385894
"48",2026-10-10,0,2026-10-10,"wk inc flu hosp","quantile","0.6",399.862674235707
"48",2026-10-10,0,2026-10-10,"wk inc flu hosp","quantile","0.65",407.743346734027
"48",2026-10-10,0,2026-10-10,"wk inc flu hosp","quantile","0.7",418.546345577091
"48",2026-10-10,0,2026-10-10,"wk inc flu hosp","quantile","0.75",431.490537971277
"48",2026-10-10,0,2026-10-10,"wk inc flu hosp","quantile","0.8",448.741946515694
"48",2026-10-10,0,2026-10-10,"wk inc flu hosp","quantile","0.85",463.963253682148
"48",2026-10-10,0,2026-10-10,"wk inc flu hosp","quantile","0.9",494.087450817284
"48",2026-10-10,0,2026-10-10,"wk inc flu hosp","quantile","0.95",542.141719121857
"48",2026-10-10,0,2026-10-10,"wk inc flu hosp","quantile","0.975",595.832061745428
"48",2026-10-10,0,2026-10-10,"wk inc flu hosp","quantile","0.99",668.378362754796
"48",2026-10-10,1,2026-10-17,"wk inc flu hosp","quantile","0.01",187.598170021578
"48",2026-10-10,1,2026-10-17,"wk inc flu hosp","quantile","0.025",212.609203106394
"48",2026-10-10,1,2026-10-17,"wk inc flu hosp","quantile","0.05",242.385598229379
"48",2026-10-10,1,2026-10-17,"wk inc flu hosp","quantile","0.1",282.373588903818
"48",2026-10-10,1,2026-10-17,"wk inc flu hosp","quantile","0.15",312.655368170423
"48",2026-10-10,1,2026-10-17,"wk inc flu hosp","quantile","0.2",336.189302346597
"48",2026-10-10,1,2026-10-17,"wk inc flu hosp","quantile","0.25",360.103492855857
"48",2026-10-10,1,2026-10-17,"wk inc flu hosp","quantile","0.3",377.273209313026
"48",2026-10-10,1,2026-10-17,"wk inc flu hosp","quantile","0.35",389.377080676256
"48",2026-10-10,1,2026-10-17,"wk inc flu hosp","quantile","0.4",403.34769069924
"48",2026-10-10,1,2026-10-17,"wk inc flu hosp","quantile","0.45",416.839473616112
"48",2026-10-10,1,2026-10-17,"wk inc flu hosp","quantile","0.5",426.023159603435
"48",2026-10-10,1,2026-10-17,"wk inc flu hosp","quantile","0.55",436.472914997693
"48",2026-10-10,1,2026-10-17,"wk inc flu hosp","quantile","0.6",454.63808171649
"48",2026-10-10,1,2026-10-17,"wk inc flu hosp","quantile","0.65",471.257393863249
"48",2026-10-10,1,2026-10-17,"wk inc flu hosp","quantile","0.7",490.247634524702
"48",2026-10-10,1,2026-10-17,"wk inc flu hosp","quantile","0.75",517.234183316669
"48",2026-10-10,1,2026-10-17,"wk inc flu hosp","quantile","0.8",540.757854015246
"48",2026-10-10,1,2026-10-17,"wk inc flu hosp","quantile","0.85",564.677776214107
"48",2026-10-10,1,2026-10-17,"wk inc flu hosp","quantile","0.9",604.774274477364
"48",2026-10-10,1,2026-10-17,"wk inc flu hosp","quantile","0.95",673.59237291381
"48",2026-10-10,1,2026-10-17,"wk inc flu hosp","quantile","0.975",763.876095755149
"48",2026-10-10,1,2026-10-17,"wk inc flu hosp","quantile","0.99",870.410607668585
"48",2026-10-10,2,2026-10-24,"wk inc flu hosp","quantile","0.01",161.201241464815
"48",2026-10-10,2,2026-10-24,"wk inc flu hosp","quantile","0.025",194.361372018109
"48",2026-10-10,2,2026-10-24,"wk inc flu hosp","quantile","0.05",228.713175420459
"48",2026-10-10,2,2026-10-24,"wk inc flu hosp","quantile","0.1",278.756626178718
"48",2026-10-10,2,2026-10-24,"wk inc flu hosp","quantile","0.15",312.343884050175
"48",2026-10-10,2,2026-10-24,"wk inc flu hosp","quantile","0.2",345.620538567245
"48",2026-10-10,2,2026-10-24,"wk inc flu hosp","quantile","0.25",369.339631561166
"48",2026-10-10,2,2026-10-24,"wk inc flu hosp","quantile","0.3",395.584010484129
"48",2026-10-10,2,2026-10-24,"wk inc flu hosp","quantile","0.35",412.840071771259
"48",2026-10-10,2,2026-10-24,"wk inc flu hosp","quantile","0.4",436.470719730519
"48",2026-10-10,2,2026-10-24,"wk inc flu hosp","quantile","0.45",453.964977001971
"48",2026-10-10,2,2026-10-24,"wk inc flu hosp","quantile","0.5",468.041840809451
"48",2026-10-10,2,2026-10-24,"wk inc flu hosp","quantile","0.55",484.796555910997
"48",2026-10-10,2,2026-10-24,"wk inc flu hosp","quantile","0.6",506.796180949724
"48",2026-10-10,2,2026-10-24,"wk inc flu hosp","quantile","0.65",526.665577403192
"48",2026-10-10,2,2026-10-24,"wk inc flu hosp","quantile","0.7",552.479914836818
"48",2026-10-10,2,2026-10-24,"wk inc flu hosp","quantile","0.75",582.54904641862
"48",2026-10-10,2,2026-10-24,"wk inc flu hosp","quantile","0.8",617.22255330508
"48",2026-10-10,2,2026-10-24,"wk inc flu hosp","quantile","0.85",659.481398932492
"48",2026-10-10,2,2026-10-24,"wk inc flu hosp","quantile","0.9",709.611258837861
"48",2026-10-10,2,2026-10-24,"wk inc flu hosp","quantile","0.95",835.114874398564
"48",2026-10-10,2,2026-10-24,"wk inc flu hosp","quantile","0.975",954.769105865806
"48",2026-10-10,2,2026-10-24,"wk inc flu hosp","quantile","0.99",1071.3445299212
"48",2026-10-10,3,2026-10-31,"wk inc flu hosp","quantile","0.01",153.205606790819
"48",2026-10-10,3,2026-10-31,"wk inc flu hosp","quantile","0.025",187.550462556881
"48",2026-10-10,3,2026-10-31,"wk inc flu hosp","quantile","0.05",223.223176020157
"48",2026-10-10,3,2026-10-31,"wk inc flu hosp","quantile","0.1",275.301954855092
"48",2026-10-10,3,2026-10-31,"wk inc flu hosp","quantile","0.15",317.606054226801
"48",2026-10-10,3,2026-10-31,"wk inc flu hosp","quantile","0.2",354.910126001888
"48",2026-10-10,3,2026-10-31,"wk inc flu hosp","quantile","0.25",388.969864833172
"48",2026-10-10,3,2026-10-31,"wk inc flu hosp","quantile","0.3",419.626383705822
"48",2026-10-10,3,2026-10-31,"wk inc flu hosp","quantile","0.35",443.084678808544
"48",2026-10-10,3,2026-10-31,"wk inc flu hosp","quantile","0.4",467.158548140351
"48",2026-10-10,3,2026-10-31,"wk inc flu hosp","quantile","0.45",499.470170091178
"48",2026-10-10,3,2026-10-31,"wk inc flu hosp","quantile","0.5",519.660705279966
"48",2026-10-10,3,2026-10-31,"wk inc flu hosp","quantile","0.55",545.19660761568
"48",2026-10-10,3,2026-10-31,"wk inc flu hosp","quantile","0.6",566.688131004095
"48",2026-10-10,3,2026-10-31,"wk inc flu hosp","quantile","0.65",595.746217297568
"48",2026-10-10,3,2026-10-31,"wk inc flu hosp","quantile","0.7",630.492923648391
"48",2026-10-10,3,2026-10-31,"wk inc flu hosp","quantile","0.75",674.59862334686
"48",2026-10-10,3,2026-10-31,"wk inc flu hosp","quantile","0.8",710.027018771648
"48",2026-10-10,3,2026-10-31,"wk inc flu hosp","quantile","0.85",766.766866424256
"48",2026-10-10,3,2026-10-31,"wk inc flu hosp","quantile","0.9",838.280228052876
"48",2026-10-10,3,2026-10-31,"wk inc flu hosp","quantile","0.95",993.720021494927
"48",2026-10-10,3,2026-10-31,"wk inc flu hosp","quantile","0.975",1170.54347109054
"48",2026-10-10,3,2026-10-31,"wk inc flu hosp","quantile","0.99",1307.74151036973
"49",2026-10-10,0,2026-10-10,"wk inc flu hosp","quantile","0.01",8.02359322300499
"49",2026-10-10,0,2026-10-10,"wk inc flu hosp","quantile","0.025",10.4860165202676
"49",2026-10-10,0,2026-10-10,"wk inc flu hosp","quantile","0.05",12.1822847321484
"49",2026-10-10,0,2026-10-10,"wk inc flu hosp","quantile","0.1",14.9958573506275
"49",2026-10-10,0,2026-10-10,"wk inc flu hosp","quantile","0.15",16.6797109200237
"49",2026-10-10,0,2026-10-10,"wk inc flu hosp","quantile","0.2",18.7807125173326
"49",2026-10-10,0,2026-10-10,"wk inc flu hosp","quantile","0.25",20.4034982780813
"49",2026-10-10,0,2026-10-10,"wk inc flu hosp","quantile","0.3",21.7874343288792
"49",2026-10-10,0,2026-10-10,"wk inc flu hosp","quantile","0.35",23.1065259494301
"49",2026-10-10,0,2026-10-10,"wk inc flu hosp","quantile","0.4",24.4996938071871
"49",2026-10-10,0,2026-10-10,"wk inc flu hosp","quantile","0.45",25.4742796049404
"49",2026-10-10,0,2026-10-10,"wk inc flu hosp","quantile","0.5",26.557230159941
"49",2026-10-10,0,2026-10-10,"wk inc flu hosp","quantile","0.55",27.3274827347676
"49",2026-10-10,0,2026-10-10,"wk inc flu hosp","quantile","0.6",28.8428599273283
"49",2026-10-10,0,2026-10-10,"wk inc flu hosp","quantile","0.65",29.8122745874231
"49",2026-10-10,0,2026-10-10,"wk inc flu hosp","quantile","0.7",30.9837395491188
"49",2026-10-10,0,2026-10-10,"wk inc flu hosp","quantile","0.75",32.7376794198081
"49",2026-10-10,0,2026-10-10,"wk inc flu hosp","quantile","0.8",34.6613589193211
"49",2026-10-10,0,2026-10-10,"wk inc flu hosp","quantile","0.85",36.932611961282
"49",2026-10-10,0,2026-10-10,"wk inc flu hosp","quantile","0.9",40.1050215187513
"49",2026-10-10,0,2026-10-10,"wk inc flu hosp","quantile","0.95",45.6760627724717
"49",2026-10-10,0,2026-10-10,"wk inc flu hosp","quantile","0.975",50.9952942000882
"49",2026-10-10,0,2026-10-10,"wk inc flu hosp","quantile","0.99",59.503493719872
"49",2026-10-10,1,2026-10-17,"wk inc flu hosp","quantile","0.01",4.26144882442512
"49",2026-10-10,1,2026-10-17,"wk inc flu hosp","quantile","0.025",7.0720242886107
"49",2026-10-10,1,2026-10-17,"wk inc flu hosp","quantile","0.05",9.7358008994096
"49",2026-10-10,1,2026-10-17,"wk inc flu hosp","quantile","0.1",13.0837952126081
"49",2026-10-10,1,2026-10-17,"wk inc flu hosp","quantile","0.15",15.5239988397256
"49",2026-10-10,1,2026-10-17,"wk inc flu hosp","quantile","0.2",18.2694355517817
"49",2026-10-10,1,2026-10-17,"wk inc flu hosp","quantile","0.25",20.2936491676729
"49",2026-10-10,1,2026-10-17,"wk inc flu hosp","quantile","0.3",22.2967347303613
"49",2026-10-10,1,2026-10-17,"wk inc flu hosp","quantile","0.35",24.2057928615028
"49",2026-10-10,1,2026-10-17,"wk inc flu hosp","quantile","0.4",26.0437736615822
"49",2026-10-10,1,2026-10-17,"wk inc flu hosp","quantile","0.45",27.4702512057772
"49",2026-10-10,1,2026-10-17,"wk inc flu hosp","quantile","0.5",28.6284738832032
"49",2026-10-10,1,2026-10-17,"wk inc flu hosp","quantile","0.55",30.1173597920566
"49",2026-10-10,1,2026-10-17,"wk inc flu hosp","quantile","0.6",32.2454598719129
"49",2026-10-10,1,2026-10-17,"wk inc flu hosp","quantile","0.65",34.0972819595096
"49",2026-10-10,1,2026-10-17,"wk inc flu hosp","quantile","0.7",35.9445748483137
"49",2026-10-10,1,2026-10-17,"wk inc flu hosp","quantile","0.75",38.5481751835456
"49",2026-10-10,1,2026-10-17,"wk inc flu hosp","quantile","0.8",41.4911603255646
"49",2026-10-10,1,2026-10-17,"wk inc flu hosp","quantile","0.85",44.8344486839805
"49",2026-10-10,1,2026-10-17,"wk inc flu hosp","quantile","0.9",49.4442522780064
"49",2026-10-10,1,2026-10-17,"wk inc flu hosp","quantile","0.95",59.0536973425773
"49",2026-10-10,1,2026-10-17,"wk inc flu hosp","quantile","0.975",66.5122774637547
"49",2026-10-10,1,2026-10-17,"wk inc flu hosp","quantile","0.99",77.0173802894969
"49",2026-10-10,2,2026-10-24,"wk inc flu hosp","quantile","0.01",3.29293161563753
"49",2026-10-10,2,2026-10-24,"wk inc flu hosp","quantile","0.025",4.70519311412243
"49",2026-10-10,2,2026-10-24,"wk inc flu hosp","quantile","0.05",7.74160556193645
"49",2026-10-10,2,2026-10-24,"wk inc flu hosp","quantile","0.1",11.870281407003
"49",2026-10-10,2,2026-10-24,"wk inc flu hosp","quantile","0.15",14.2879062112337
"49",2026-10-10,2,2026-10-24,"wk inc flu hosp","quantile","0.2",17.009503024431
"49",2026-10-10,2,2026-10-24,"wk inc flu hosp","quantile","0.25",19.8584002095334
"49",2026-10-10,2,2026-10-24,"wk inc flu hosp","quantile","0.3",22.100740876202
"49",2026-10-10,2,2026-10-24,"wk inc flu hosp","quantile","0.35",23.9238600789712
"49",2026-10-10,2,2026-10-24,"wk inc flu hosp","quantile","0.4",26.1539655617733
"49",2026-10-10,2,2026-10-24,"wk inc flu hosp","quantile","0.45",28.4142624030879
"49",2026-10-10,2,2026-10-24,"wk inc flu hosp","quantile","0.5",29.969849800323
"49",2026-10-10,2,2026-10-24,"wk inc flu hosp","quantile","0.55",31.6823350748181
"49",2026-10-10,2,2026-10-24,"wk inc flu hosp","quantile","0.6",34.1715078277335
"49",2026-10-10,2,2026-10-24,"wk inc flu hosp","quantile","0.65",36.43314111871
"49",2026-10-10,2,2026-10-24,"wk inc flu hosp","quantile","0.7",39.3236375533757
"49",2026-10-10,2,2026-10-24,"wk inc flu hosp","quantile","0.75",42.8762229950379
"49",2026-10-10,2,2026-10-24,"wk inc flu hosp","quantile","0.8",46.5959969858443
"49",2026-10-10,2,2026-10-24,"wk inc flu hosp","quantile","0.85",51.7748187350283
"49",2026-10-10,2,2026-10-24,"wk inc flu hosp","quantile","0.9",59.2798290523956
"49",2026-10-10,2,2026-10-24,"wk inc flu hosp","quantile","0.95",72.0184871065005
"49",2026-10-10,2,2026-10-24,"wk inc flu hosp","quantile","0.975",85.637171355698
"49",2026-10-10,2,2026-10-24,"wk inc flu hosp","quantile","0.99",99.4973625232089
"49",2026-10-10,3,2026-10-31,"wk inc flu hosp","quantile","0.01",3.11881480741522
"49",2026-10-10,3,2026-10-31,"wk inc flu hosp","quantile","0.025",4.4307302418979
"49",2026-10-10,3,2026-10-31,"wk inc flu hosp","quantile","0.05",6.32420137392763
"49",2026-10-10,3,2026-10-31,"wk inc flu hosp","quantile","0.1",10.2511353215786
"49",2026-10-10,3,2026-10-31,"wk inc flu hosp","quantile","0.15",12.8939190264068
"49",2026-10-10,3,2026-10-31,"wk inc flu hosp","quantile","0.2",16.1228572556687
"49",2026-10-10,3,2026-10-31,"wk inc flu hosp","quantile","0.25",18.9413014573204
"49",2026-10-10,3,2026-10-31,"wk inc flu hosp","quantile","0.3",21.9643288120863
"49",2026-10-10,3,2026-10-31,"wk inc flu hosp","quantile","0.35",24.4526419405193
"49",2026-10-10,3,2026-10-31,"wk inc flu hosp","quantile","0.4",26.9729977188471
"49",2026-10-10,3,2026-10-31,"wk inc flu hosp","quantile","0.45",30.5792154993861
"49",2026-10-10,3,2026-10-31,"wk inc flu hosp","quantile","0.5",32.5665974871199
"49",2026-10-10,3,2026-10-31,"wk inc flu hosp","quantile","0.55",34.8989927052625
"49",2026-10-10,3,2026-10-31,"wk inc flu hosp","quantile","0.6",37.5339724363377
"49",2026-10-10,3,2026-10-31,"wk inc flu hosp","quantile","0.65",40.344941184653
"49",2026-10-10,3,2026-10-31,"wk inc flu hosp","quantile","0.7",43.7647505907955
"49",2026-10-10,3,2026-10-31,"wk inc flu hosp","quantile","0.75",47.9861255641572
"49",2026-10-10,3,2026-10-31,"wk inc flu hosp","quantile","0.8",52.4978424194943
"49",2026-10-10,3,2026-10-31,"wk inc flu hosp","quantile","0.85",59.4381807818807
"49",2026-10-10,3,2026-10-31,"wk inc flu hosp","quantile","0.9",67.461401569844
"49",2026-10-10,3,2026-10-31,"wk inc flu hosp","quantile","0.95",86.9261912582916
"49",2026-10-10,3,2026-10-31,"wk inc flu hosp","quantile","0.975",107.551225958421
"49",2026-10-10,3,2026-10-31,"wk inc flu hosp","quantile","0.99",126.301812649099
"50",2026-10-10,0,2026-10-10,"wk inc flu hosp","quantile","0.01",0
"50",2026-10-10,0,2026-10-10,"wk inc flu hosp","quantile","0.025",0
"50",2026-10-10,0,2026-10-10,"wk inc flu hosp","quantile","0.05",0
"50",2026-10-10,0,2026-10-10,"wk inc flu hosp","quantile","0.1",0.0004660088689831
"50",2026-10-10,0,2026-10-10,"wk inc flu hosp","quantile","0.15",0.0432311226800464
"50",2026-10-10,0,2026-10-10,"wk inc flu hosp","quantile","0.2",0.118408877158872
"50",2026-10-10,0,2026-10-10,"wk inc flu hosp","quantile","0.25",0.189657981411082
"50",2026-10-10,0,2026-10-10,"wk inc flu hosp","quantile","0.3",0.394517545385585
"50",2026-10-10,0,2026-10-10,"wk inc flu hosp","quantile","0.35",0.567427171230614
"50",2026-10-10,0,2026-10-10,"wk inc flu hosp","quantile","0.4",0.768871608128343
"50",2026-10-10,0,2026-10-10,"wk inc flu hosp","quantile","0.45",0.992808095986665
"50",2026-10-10,0,2026-10-10,"wk inc flu hosp","quantile","0.5",1.1771087469997
"50",2026-10-10,0,2026-10-10,"wk inc flu hosp","quantile","0.55",1.35893632048519
"50",2026-10-10,0,2026-10-10,"wk inc flu hosp","quantile","0.6",1.57236877738437
"50",2026-10-10,0,2026-10-10,"wk inc flu hosp","quantile","0.65",1.77944173380806
"50",2026-10-10,0,2026-10-10,"wk inc flu hosp","quantile","0.7",2.00428347176366
"50",2026-10-10,0,2026-10-10,"wk inc flu hosp","quantile","0.75",2.30263451014573
"50",2026-10-10,0,2026-10-10,"wk inc flu hosp","quantile","0.8",2.65369442363512
"50",2026-10-10,0,2026-10-10,"wk inc flu hosp","quantile","0.85",2.9984213307761
"50",2026-10-10,0,2026-10-10,"wk inc flu hosp","quantile","0.9",3.54474164330196
"50",2026-10-10,0,2026-10-10,"wk inc flu hosp","quantile","0.95",4.68738057257888
"50",2026-10-10,0,2026-10-10,"wk inc flu hosp","quantile","0.975",5.89138897747733
"50",2026-10-10,0,2026-10-10,"wk inc flu hosp","quantile","0.99",7.51690653280207
"50",2026-10-10,1,2026-10-17,"wk inc flu hosp","quantile","0.01",0
"50",2026-10-10,1,2026-10-17,"wk inc flu hosp","quantile","0.025",0
"50",2026-10-10,1,2026-10-17,"wk inc flu hosp","quantile","0.05",0
"50",2026-10-10,1,2026-10-17,"wk inc flu hosp","quantile","0.1",0.003034402611726
"50",2026-10-10,1,2026-10-17,"wk inc flu hosp","quantile","0.15",0.0531389742794339
"50",2026-10-10,1,2026-10-17,"wk inc flu hosp","quantile","0.2",0.133998471117985
"50",2026-10-10,1,2026-10-17,"wk inc flu hosp","quantile","0.25",0.181579141526606
"50",2026-10-10,1,2026-10-17,"wk inc flu hosp","quantile","0.3",0.289783645540302
"50",2026-10-10,1,2026-10-17,"wk inc flu hosp","quantile","0.35",0.517212517606981
"50",2026-10-10,1,2026-10-17,"wk inc flu hosp","quantile","0.4",0.795443855238568
"50",2026-10-10,1,2026-10-17,"wk inc flu hosp","quantile","0.45",1.08614303937562
"50",2026-10-10,1,2026-10-17,"wk inc flu hosp","quantile","0.5",1.3432287847995
"50",2026-10-10,1,2026-10-17,"wk inc flu hosp","quantile","0.55",1.6065843253445
"50",2026-10-10,1,2026-10-17,"wk inc flu hosp","quantile","0.6",1.93435957471852
"50",2026-10-10,1,2026-10-17,"wk inc flu hosp","quantile","0.65",2.25653236573425
"50",2026-10-10,1,2026-10-17,"wk inc flu hosp","quantile","0.7",2.61953248833338
"50",2026-10-10,1,2026-10-17,"wk inc flu hosp","quantile","0.75",3.10250720896609
"50",2026-10-10,1,2026-10-17,"wk inc flu hosp","quantile","0.8",3.58135120623827
"50",2026-10-10,1,2026-10-17,"wk inc flu hosp","quantile","0.85",4.27817394766288
"50",2026-10-10,1,2026-10-17,"wk inc flu hosp","quantile","0.9",5.19950470374452
"50",2026-10-10,1,2026-10-17,"wk inc flu hosp","quantile","0.95",7.28915230180559
"50",2026-10-10,1,2026-10-17,"wk inc flu hosp","quantile","0.975",9.09637697825598
"50",2026-10-10,1,2026-10-17,"wk inc flu hosp","quantile","0.99",12.12855966819
"50",2026-10-10,2,2026-10-24,"wk inc flu hosp","quantile","0.01",0
"50",2026-10-10,2,2026-10-24,"wk inc flu hosp","quantile","0.025",0
"50",2026-10-10,2,2026-10-24,"wk inc flu hosp","quantile","0.05",0
"50",2026-10-10,2,2026-10-24,"wk inc flu hosp","quantile","0.1",0.0135765119855752
"50",2026-10-10,2,2026-10-24,"wk inc flu hosp","quantile","0.15",0.0710701914836468
"50",2026-10-10,2,2026-10-24,"wk inc flu hosp","quantile","0.2",0.159480559339783
"50",2026-10-10,2,2026-10-24,"wk inc flu hosp","quantile","0.25",0.207833513448417
"50",2026-10-10,2,2026-10-24,"wk inc flu hosp","quantile","0.3",0.333956052280363
"50",2026-10-10,2,2026-10-24,"wk inc flu hosp","quantile","0.35",0.559477142515279
"50",2026-10-10,2,2026-10-24,"wk inc flu hosp","quantile","0.4",0.868535546021375
"50",2026-10-10,2,2026-10-24,"wk inc flu hosp","quantile","0.45",1.29615670106824
"50",2026-10-10,2,2026-10-24,"wk inc flu hosp","quantile","0.5",1.62793975827193
"50",2026-10-10,2,2026-10-24,"wk inc flu hosp","quantile","0.55",1.95427259329303
"50",2026-10-10,2,2026-10-24,"wk inc flu hosp","quantile","0.6",2.33799997498619
"50",2026-10-10,2,2026-10-24,"wk inc flu hosp","quantile","0.65",2.78957223995069
"50",2026-10-10,2,2026-10-24,"wk inc flu hosp","quantile","0.7",3.37413617612295
"50",2026-10-10,2,2026-10-24,"wk inc flu hosp","quantile","0.75",4.01760646799892
"50",2026-10-10,2,2026-10-24,"wk inc flu hosp","quantile","0.8",4.89664455910359
"50",2026-10-10,2,2026-10-24,"wk inc flu hosp","quantile","0.85",5.91525742060238
"50",2026-10-10,2,2026-10-24,"wk inc flu hosp","quantile","0.9",7.63388982151355
"50",2026-10-10,2,2026-10-24,"wk inc flu hosp","quantile","0.95",10.6036608377993
"50",2026-10-10,2,2026-10-24,"wk inc flu hosp","quantile","0.975",14.1552718040542
"50",2026-10-10,2,2026-10-24,"wk inc flu hosp","quantile","0.99",19.1800314174477
"50",2026-10-10,3,2026-10-31,"wk inc flu hosp","quantile","0.01",0
"50",2026-10-10,3,2026-10-31,"wk inc flu hosp","quantile","0.025",0
"50",2026-10-10,3,2026-10-31,"wk inc flu hosp","quantile","0.05",0
"50",2026-10-10,3,2026-10-31,"wk inc flu hosp","quantile","0.1",0.0271044476077196
"50",2026-10-10,3,2026-10-31,"wk inc flu hosp","quantile","0.15",0.0972043086702676
"50",2026-10-10,3,2026-10-31,"wk inc flu hosp","quantile","0.2",0.192112514023962
"50",2026-10-10,3,2026-10-31,"wk inc flu hosp","quantile","0.25",0.240661872701998
"50",2026-10-10,3,2026-10-31,"wk inc flu hosp","quantile","0.3",0.375391118518956
"50",2026-10-10,3,2026-10-31,"wk inc flu hosp","quantile","0.35",0.677107722618712
"50",2026-10-10,3,2026-10-31,"wk inc flu hosp","quantile","0.4",1.13078943887992
"50",2026-10-10,3,2026-10-31,"wk inc flu hosp","quantile","0.45",1.64949269764218
"50",2026-10-10,3,2026-10-31,"wk inc flu hosp","quantile","0.5",2.02035814561744
"50",2026-10-10,3,2026-10-31,"wk inc flu hosp","quantile","0.55",2.48437173705726
"50",2026-10-10,3,2026-10-31,"wk inc flu hosp","quantile","0.6",3.10497126209314
"50",2026-10-10,3,2026-10-31,"wk inc flu hosp","quantile","0.65",3.70208155359778
"50",2026-10-10,3,2026-10-31,"wk inc flu hosp","quantile","0.7",4.38386815791278
"50",2026-10-10,3,2026-10-31,"wk inc flu hosp","quantile","0.75",5.31042533361416
"50",2026-10-10,3,2026-10-31,"wk inc flu hosp","quantile","0.8",6.3072109705981
"50",2026-10-10,3,2026-10-31,"wk inc flu hosp","quantile","0.85",8.04237234413056
"50",2026-10-10,3,2026-10-31,"wk inc flu hosp","quantile","0.9",10.3897070129484
"50",2026-10-10,3,2026-10-31,"wk inc flu hosp","quantile","0.95",14.7590820322606
"50",2026-10-10,3,2026-10-31,"wk inc flu hosp","quantile","0.975",20.8000844008561
"50",2026-10-10,3,2026-10-31,"wk inc flu hosp","quantile","0.99",28.0860811855088
"51",2026-10-10,0,2026-10-10,"wk inc flu hosp","quantile","0.01",11.9444527334718
"51",2026-10-10,0,2026-10-10,"wk inc flu hosp","quantile","0.025",16.1864615430979
"51",2026-10-10,0,2026-10-10,"wk inc flu hosp","quantile","0.05",19.9353616021313
"51",2026-10-10,0,2026-10-10,"wk inc flu hosp","quantile","0.1",24.04235457312
"51",2026-10-10,0,2026-10-10,"wk inc flu hosp","quantile","0.15",27.3137225902979
"51",2026-10-10,0,2026-10-10,"wk inc flu hosp","quantile","0.2",30.5522662332601
"51",2026-10-10,0,2026-10-10,"wk inc flu hosp","quantile","0.25",32.5712696481433
"51",2026-10-10,0,2026-10-10,"wk inc flu hosp","quantile","0.3",35.1212291995508
"51",2026-10-10,0,2026-10-10,"wk inc flu hosp","quantile","0.35",36.8891879410778
"51",2026-10-10,0,2026-10-10,"wk inc flu hosp","quantile","0.4",39.4155147198485
"51",2026-10-10,0,2026-10-10,"wk inc flu hosp","quantile","0.45",40.4845359929595
"51",2026-10-10,0,2026-10-10,"wk inc flu hosp","quantile","0.5",42.088675949766
"51",2026-10-10,0,2026-10-10,"wk inc flu hosp","quantile","0.55",44.1035910755623
"51",2026-10-10,0,2026-10-10,"wk inc flu hosp","quantile","0.6",46.2199235872412
"51",2026-10-10,0,2026-10-10,"wk inc flu hosp","quantile","0.65",47.9053109437057
"51",2026-10-10,0,2026-10-10,"wk inc flu hosp","quantile","0.7",49.9691533167917
"51",2026-10-10,0,2026-10-10,"wk inc flu hosp","quantile","0.75",52.0468043664479
"51",2026-10-10,0,2026-10-10,"wk inc flu hosp","quantile","0.8",55.1476776228764
"51",2026-10-10,0,2026-10-10,"wk inc flu hosp","quantile","0.85",59.1019705922673
"51",2026-10-10,0,2026-10-10,"wk inc flu hosp","quantile","0.9",64.2579806017549
"51",2026-10-10,0,2026-10-10,"wk inc flu hosp","quantile","0.95",75.2295595377648
"51",2026-10-10,0,2026-10-10,"wk inc flu hosp","quantile","0.975",85.7930412074369
"51",2026-10-10,0,2026-10-10,"wk inc flu hosp","quantile","0.99",104.915457869296
"51",2026-10-10,1,2026-10-17,"wk inc flu hosp","quantile","0.01",8.53899327226946
"51",2026-10-10,1,2026-10-17,"wk inc flu hosp","quantile","0.025",12.0481137784756
"51",2026-10-10,1,2026-10-17,"wk inc flu hosp","quantile","0.05",16.4873455403864
"51",2026-10-10,1,2026-10-17,"wk inc flu hosp","quantile","0.1",21.9829741549203
"51",2026-10-10,1,2026-10-17,"wk inc flu hosp","quantile","0.15",25.7302354270369
"51",2026-10-10,1,2026-10-17,"wk inc flu hosp","quantile","0.2",30.2225841717274
"51",2026-10-10,1,2026-10-17,"wk inc flu hosp","quantile","0.25",33.5428362923851
"51",2026-10-10,1,2026-10-17,"wk inc flu hosp","quantile","0.3",37.1920208368822
"51",2026-10-10,1,2026-10-17,"wk inc flu hosp","quantile","0.35",39.1273307276903
"51",2026-10-10,1,2026-10-17,"wk inc flu hosp","quantile","0.4",42.5248021919378
"51",2026-10-10,1,2026-10-17,"wk inc flu hosp","quantile","0.45",45.2190543929832
"51",2026-10-10,1,2026-10-17,"wk inc flu hosp","quantile","0.5",47.3156431783997
"51",2026-10-10,1,2026-10-17,"wk inc flu hosp","quantile","0.55",51.1591354135823
"51",2026-10-10,1,2026-10-17,"wk inc flu hosp","quantile","0.6",54.9390814469113
"51",2026-10-10,1,2026-10-17,"wk inc flu hosp","quantile","0.65",58.5012445186779
"51",2026-10-10,1,2026-10-17,"wk inc flu hosp","quantile","0.7",61.6037666408031
"51",2026-10-10,1,2026-10-17,"wk inc flu hosp","quantile","0.75",66.1698423366496
"51",2026-10-10,1,2026-10-17,"wk inc flu hosp","quantile","0.8",71.0112195938212
"51",2026-10-10,1,2026-10-17,"wk inc flu hosp","quantile","0.85",78.1191684678619
"51",2026-10-10,1,2026-10-17,"wk inc flu hosp","quantile","0.9",86.5253304229486
"51",2026-10-10,1,2026-10-17,"wk inc flu hosp","quantile","0.95",104.432475400715
"51",2026-10-10,1,2026-10-17,"wk inc flu hosp","quantile","0.975",122.241412365819
"51",2026-10-10,1,2026-10-17,"wk inc flu hosp","quantile","0.99",154.051814112275
"51",2026-10-10,2,2026-10-24,"wk inc flu hosp","quantile","0.01",8.54676298241963
"51",2026-10-10,2,2026-10-24,"wk inc flu hosp","quantile","0.025",10.2500575209555
"51",2026-10-10,2,2026-10-24,"wk inc flu hosp","quantile","0.05",13.5798766659309
"51",2026-10-10,2,2026-10-24,"wk inc flu hosp","quantile","0.1",19.8011331573638
"51",2026-10-10,2,2026-10-24,"wk inc flu hosp","quantile","0.15",25.1890374242362
"51",2026-10-10,2,2026-10-24,"wk inc flu hosp","quantile","0.2",30.5115908707778
"51",2026-10-10,2,2026-10-24,"wk inc flu hosp","quantile","0.25",35.0292160547232
"51",2026-10-10,2,2026-10-24,"wk inc flu hosp","quantile","0.3",39.0892004538762
"51",2026-10-10,2,2026-10-24,"wk inc flu hosp","quantile","0.35",42.3097825076306
"51",2026-10-10,2,2026-10-24,"wk inc flu hosp","quantile","0.4",46.7524734096397
"51",2026-10-10,2,2026-10-24,"wk inc flu hosp","quantile","0.45",50.8135585679263
"51",2026-10-10,2,2026-10-24,"wk inc flu hosp","quantile","0.5",55.0475869947856
"51",2026-10-10,2,2026-10-24,"wk inc flu hosp","quantile","0.55",58.9471290828527
"51",2026-10-10,2,2026-10-24,"wk inc flu hosp","quantile","0.6",63.7838559181179
"51",2026-10-10,2,2026-10-24,"wk inc flu hosp","quantile","0.65",68.6622848372073
"51",2026-10-10,2,2026-10-24,"wk inc flu hosp","quantile","0.7",73.3246523836756
"51",2026-10-10,2,2026-10-24,"wk inc flu hosp","quantile","0.75",81.4089604048322
"51",2026-10-10,2,2026-10-24,"wk inc flu hosp","quantile","0.8",88.2596179704153
"51",2026-10-10,2,2026-10-24,"wk inc flu hosp","quantile","0.85",98.095264926378
"51",2026-10-10,2,2026-10-24,"wk inc flu hosp","quantile","0.9",111.406130282135
"51",2026-10-10,2,2026-10-24,"wk inc flu hosp","quantile","0.95",141.341548428858
"51",2026-10-10,2,2026-10-24,"wk inc flu hosp","quantile","0.975",163.888548134172
"51",2026-10-10,2,2026-10-24,"wk inc flu hosp","quantile","0.99",205.399125767028
"51",2026-10-10,3,2026-10-31,"wk inc flu hosp","quantile","0.01",8.5464134058709
"51",2026-10-10,3,2026-10-31,"wk inc flu hosp","quantile","0.025",10.2063735925075
"51",2026-10-10,3,2026-10-31,"wk inc flu hosp","quantile","0.05",12.1232599375489
"51",2026-10-10,3,2026-10-31,"wk inc flu hosp","quantile","0.1",18.9821430161481
"51",2026-10-10,3,2026-10-31,"wk inc flu hosp","quantile","0.15",24.7496959024593
"51",2026-10-10,3,2026-10-31,"wk inc flu hosp","quantile","0.2",31.4840355892186
"51",2026-10-10,3,2026-10-31,"wk inc flu hosp","quantile","0.25",36.7337038967745
"51",2026-10-10,3,2026-10-31,"wk inc flu hosp","quantile","0.3",42.2001385239327
"51",2026-10-10,3,2026-10-31,"wk inc flu hosp","quantile","0.35",46.2872389636184
"51",2026-10-10,3,2026-10-31,"wk inc flu hosp","quantile","0.4",52.0733720314015
"51",2026-10-10,3,2026-10-31,"wk inc flu hosp","quantile","0.45",58.6777014523836
"51",2026-10-10,3,2026-10-31,"wk inc flu hosp","quantile","0.5",64.4016176377369
"51",2026-10-10,3,2026-10-31,"wk inc flu hosp","quantile","0.55",69.8071736768459
"51",2026-10-10,3,2026-10-31,"wk inc flu hosp","quantile","0.6",77.0959913188203
"51",2026-10-10,3,2026-10-31,"wk inc flu hosp","quantile","0.65",83.3599784865518
"51",2026-10-10,3,2026-10-31,"wk inc flu hosp","quantile","0.7",89.7356051150976
"51",2026-10-10,3,2026-10-31,"wk inc flu hosp","quantile","0.75",98.7682270465028
"51",2026-10-10,3,2026-10-31,"wk inc flu hosp","quantile","0.8",109.929659982039
"51",2026-10-10,3,2026-10-31,"wk inc flu hosp","quantile","0.85",120.96386912424
"51",2026-10-10,3,2026-10-31,"wk inc flu hosp","quantile","0.9",141.117936544664
"51",2026-10-10,3,2026-10-31,"wk inc flu hosp","quantile","0.95",182.357348253066
"51",2026-10-10,3,2026-10-31,"wk inc flu hosp","quantile","0.975",221.10254692258
"51",2026-10-10,3,2026-10-31,"wk inc flu hosp","quantile","0.99",271.869532331345
"53",2026-10-10,0,2026-10-10,"wk inc flu hosp","quantile","0.01",74.295002790152
"53",2026-10-10,0,2026-10-10,"wk inc flu hosp","quantile","0.025",83.9921425263266
"53",2026-10-10,0,2026-10-10,"wk inc flu hosp","quantile","0.05",95.7188225467998
"53",2026-10-10,0,2026-10-10,"wk inc flu hosp","quantile","0.1",109.035408224049
"53",2026-10-10,0,2026-10-10,"wk inc flu hosp","quantile","0.15",114.164906507921
"53",2026-10-10,0,2026-10-10,"wk inc flu hosp","quantile","0.2",120.747437570577
"53",2026-10-10,0,2026-10-10,"wk inc flu hosp","quantile","0.25",127.003990480868
"53",2026-10-10,0,2026-10-10,"wk inc flu hosp","quantile","0.3",131.965303070256
"53",2026-10-10,0,2026-10-10,"wk inc flu hosp","quantile","0.35",137.325434660856
"53",2026-10-10,0,2026-10-10,"wk inc flu hosp","quantile","0.4",141.606636106917
"53",2026-10-10,0,2026-10-10,"wk inc flu hosp","quantile","0.45",144.60442284753
"53",2026-10-10,0,2026-10-10,"wk inc flu hosp","quantile","0.5",148.921016150452
"53",2026-10-10,0,2026-10-10,"wk inc flu hosp","quantile","0.55",152.059823551464
"53",2026-10-10,0,2026-10-10,"wk inc flu hosp","quantile","0.6",156.619459448425
"53",2026-10-10,0,2026-10-10,"wk inc flu hosp","quantile","0.65",159.985744067378
"53",2026-10-10,0,2026-10-10,"wk inc flu hosp","quantile","0.7",164.164447655737
"53",2026-10-10,0,2026-10-10,"wk inc flu hosp","quantile","0.75",170.544019517031
"53",2026-10-10,0,2026-10-10,"wk inc flu hosp","quantile","0.8",179.352617585776
"53",2026-10-10,0,2026-10-10,"wk inc flu hosp","quantile","0.85",189.257685872714
"53",2026-10-10,0,2026-10-10,"wk inc flu hosp","quantile","0.9",201.095506728734
"53",2026-10-10,0,2026-10-10,"wk inc flu hosp","quantile","0.95",223.265786820207
"53",2026-10-10,0,2026-10-10,"wk inc flu hosp","quantile","0.975",245.586918434096
"53",2026-10-10,0,2026-10-10,"wk inc flu hosp","quantile","0.99",270.994862431999
"53",2026-10-10,1,2026-10-17,"wk inc flu hosp","quantile","0.01",60.9690096165362
"53",2026-10-10,1,2026-10-17,"wk inc flu hosp","quantile","0.025",72.5503664661612
"53",2026-10-10,1,2026-10-17,"wk inc flu hosp","quantile","0.05",85.0070577279371
"53",2026-10-10,1,2026-10-17,"wk inc flu hosp","quantile","0.1",101.46784078939
"53",2026-10-10,1,2026-10-17,"wk inc flu hosp","quantile","0.15",110.451586285988
"53",2026-10-10,1,2026-10-17,"wk inc flu hosp","quantile","0.2",118.977394847197
"53",2026-10-10,1,2026-10-17,"wk inc flu hosp","quantile","0.25",128.043405741372
"53",2026-10-10,1,2026-10-17,"wk inc flu hosp","quantile","0.3",134.068927005166
"53",2026-10-10,1,2026-10-17,"wk inc flu hosp","quantile","0.35",142.063679519605
"53",2026-10-10,1,2026-10-17,"wk inc flu hosp","quantile","0.4",148.791661439078
"53",2026-10-10,1,2026-10-17,"wk inc flu hosp","quantile","0.45",153.490189892526
"53",2026-10-10,1,2026-10-17,"wk inc flu hosp","quantile","0.5",157.62053992033
"53",2026-10-10,1,2026-10-17,"wk inc flu hosp","quantile","0.55",163.408970260984
"53",2026-10-10,1,2026-10-17,"wk inc flu hosp","quantile","0.6",171.972311639756
"53",2026-10-10,1,2026-10-17,"wk inc flu hosp","quantile","0.65",179.762868473587
"53",2026-10-10,1,2026-10-17,"wk inc flu hosp","quantile","0.7",185.633852333251
"53",2026-10-10,1,2026-10-17,"wk inc flu hosp","quantile","0.75",196.161323495876
"53",2026-10-10,1,2026-10-17,"wk inc flu hosp","quantile","0.8",208.53337706739
"53",2026-10-10,1,2026-10-17,"wk inc flu hosp","quantile","0.85",227.521004507692
"53",2026-10-10,1,2026-10-17,"wk inc flu hosp","quantile","0.9",251.049238943875
"53",2026-10-10,1,2026-10-17,"wk inc flu hosp","quantile","0.95",291.606991203944
"53",2026-10-10,1,2026-10-17,"wk inc flu hosp","quantile","0.975",321.819244408744
"53",2026-10-10,1,2026-10-17,"wk inc flu hosp","quantile","0.99",356.301362492655
"53",2026-10-10,2,2026-10-24,"wk inc flu hosp","quantile","0.01",50.8052123923941
"53",2026-10-10,2,2026-10-24,"wk inc flu hosp","quantile","0.025",62.3493088465573
"53",2026-10-10,2,2026-10-24,"wk inc flu hosp","quantile","0.05",76.3454589891247
"53",2026-10-10,2,2026-10-24,"wk inc flu hosp","quantile","0.1",95.4870229535753
"53",2026-10-10,2,2026-10-24,"wk inc flu hosp","quantile","0.15",105.73242179966
"53",2026-10-10,2,2026-10-24,"wk inc flu hosp","quantile","0.2",114.078158282051
"53",2026-10-10,2,2026-10-24,"wk inc flu hosp","quantile","0.25",125.242306696237
"53",2026-10-10,2,2026-10-24,"wk inc flu hosp","quantile","0.3",134.584166871722
"53",2026-10-10,2,2026-10-24,"wk inc flu hosp","quantile","0.35",143.513851784389
"53",2026-10-10,2,2026-10-24,"wk inc flu hosp","quantile","0.4",151.721780457449
"53",2026-10-10,2,2026-10-24,"wk inc flu hosp","quantile","0.45",158.800270495376
"53",2026-10-10,2,2026-10-24,"wk inc flu hosp","quantile","0.5",164.661248394999
"53",2026-10-10,2,2026-10-24,"wk inc flu hosp","quantile","0.55",171.113684628636
"53",2026-10-10,2,2026-10-24,"wk inc flu hosp","quantile","0.6",181.159127322707
"53",2026-10-10,2,2026-10-24,"wk inc flu hosp","quantile","0.65",190.184987259993
"53",2026-10-10,2,2026-10-24,"wk inc flu hosp","quantile","0.7",198.199095755831
"53",2026-10-10,2,2026-10-24,"wk inc flu hosp","quantile","0.75",213.571012263242
"53",2026-10-10,2,2026-10-24,"wk inc flu hosp","quantile","0.8",224.74889635035
"53",2026-10-10,2,2026-10-24,"wk inc flu hosp","quantile","0.85",244.29719235196
"53",2026-10-10,2,2026-10-24,"wk inc flu hosp","quantile","0.9",270.667018983168
"53",2026-10-10,2,2026-10-24,"wk inc flu hosp","quantile","0.95",348.155582952571
"53",2026-10-10,2,2026-10-24,"wk inc flu hosp","quantile","0.975",391.282745181
"53",2026-10-10,2,2026-10-24,"wk inc flu hosp","quantile","0.99",437.685837783423
"53",2026-10-10,3,2026-10-31,"wk inc flu hosp","quantile","0.01",41.8773590138733
"53",2026-10-10,3,2026-10-31,"wk inc flu hosp","quantile","0.025",55.3224045481461
"53",2026-10-10,3,2026-10-31,"wk inc flu hosp","quantile","0.05",69.8047162582968
"53",2026-10-10,3,2026-10-31,"wk inc flu hosp","quantile","0.1",88.25973173131
"53",2026-10-10,3,2026-10-31,"wk inc flu hosp","quantile","0.15",100.062162384651
"53",2026-10-10,3,2026-10-31,"wk inc flu hosp","quantile","0.2",111.581907664517
"53",2026-10-10,3,2026-10-31,"wk inc flu hosp","quantile","0.25",123.33721242283
"53",2026-10-10,3,2026-10-31,"wk inc flu hosp","quantile","0.3",133.193742110731
"53",2026-10-10,3,2026-10-31,"wk inc flu hosp","quantile","0.35",145.311250325114
"53",2026-10-10,3,2026-10-31,"wk inc flu hosp","quantile","0.4",152.843116763274
"53",2026-10-10,3,2026-10-31,"wk inc flu hosp","quantile","0.45",164.18464490464
"53",2026-10-10,3,2026-10-31,"wk inc flu hosp","quantile","0.5",171.350714194683
"53",2026-10-10,3,2026-10-31,"wk inc flu hosp","quantile","0.55",181.626124241716
"53",2026-10-10,3,2026-10-31,"wk inc flu hosp","quantile","0.6",191.470889526064
"53",2026-10-10,3,2026-10-31,"wk inc flu hosp","quantile","0.65",204.193229824111
"53",2026-10-10,3,2026-10-31,"wk inc flu hosp","quantile","0.7",214.615150561089
"53",2026-10-10,3,2026-10-31,"wk inc flu hosp","quantile","0.75",231.717246453583
"53",2026-10-10,3,2026-10-31,"wk inc flu hosp","quantile","0.8",245.379827201477
"53",2026-10-10,3,2026-10-31,"wk inc flu hosp","quantile","0.85",266.895152295941
"53",2026-10-10,3,2026-10-31,"wk inc flu hosp","quantile","0.9",303.414610961338
"53",2026-10-10,3,2026-10-31,"wk inc flu hosp","quantile","0.95",387.04437421537
"53",2026-10-10,3,2026-10-31,"wk inc flu hosp","quantile","0.975",449.553262868286
"53",2026-10-10,3,2026-10-31,"wk inc flu hosp","quantile","0.99",500.751811367643
"54",2026-10-10,0,2026-10-10,"wk inc flu hosp","quantile","0.01",0.624605631759355
"54",2026-10-10,0,2026-10-10,"wk inc flu hosp","quantile","0.025",1.15038212834755
"54",2026-10-10,0,2026-10-10,"wk inc flu hosp","quantile","0.05",1.76324487681134
"54",2026-10-10,0,2026-10-10,"wk inc flu hosp","quantile","0.1",2.72405999467109
"54",2026-10-10,0,2026-10-10,"wk inc flu hosp","quantile","0.15",3.21803594687646
"54",2026-10-10,0,2026-10-10,"wk inc flu hosp","quantile","0.2",3.75823227133459
"54",2026-10-10,0,2026-10-10,"wk inc flu hosp","quantile","0.25",4.17874069316047
"54",2026-10-10,0,2026-10-10,"wk inc flu hosp","quantile","0.3",4.76118906804069
"54",2026-10-10,0,2026-10-10,"wk inc flu hosp","quantile","0.35",5.34116786100862
"54",2026-10-10,0,2026-10-10,"wk inc flu hosp","quantile","0.4",6.01857783990488
"54",2026-10-10,0,2026-10-10,"wk inc flu hosp","quantile","0.45",6.64920514139766
"54",2026-10-10,0,2026-10-10,"wk inc flu hosp","quantile","0.5",7.14230293415717
"54",2026-10-10,0,2026-10-10,"wk inc flu hosp","quantile","0.55",7.80200904616032
"54",2026-10-10,0,2026-10-10,"wk inc flu hosp","quantile","0.6",8.42168869772095
"54",2026-10-10,0,2026-10-10,"wk inc flu hosp","quantile","0.65",8.95558512717823
"54",2026-10-10,0,2026-10-10,"wk inc flu hosp","quantile","0.7",9.84648559289316
"54",2026-10-10,0,2026-10-10,"wk inc flu hosp","quantile","0.75",10.6892262701294
"54",2026-10-10,0,2026-10-10,"wk inc flu hosp","quantile","0.8",11.9891724560601
"54",2026-10-10,0,2026-10-10,"wk inc flu hosp","quantile","0.85",13.4112011398505
"54",2026-10-10,0,2026-10-10,"wk inc flu hosp","quantile","0.9",15.2723115745432
"54",2026-10-10,0,2026-10-10,"wk inc flu hosp","quantile","0.95",19.1701630056218
"54",2026-10-10,0,2026-10-10,"wk inc flu hosp","quantile","0.975",23.4986741375974
"54",2026-10-10,0,2026-10-10,"wk inc flu hosp","quantile","0.99",29.4187851516461
"54",2026-10-10,1,2026-10-17,"wk inc flu hosp","quantile","0.01",0.624605631759355
"54",2026-10-10,1,2026-10-17,"wk inc flu hosp","quantile","0.025",1.18058370588964
"54",2026-10-10,1,2026-10-17,"wk inc flu hosp","quantile","0.05",1.31746641478188
"54",2026-10-10,1,2026-10-17,"wk inc flu hosp","quantile","0.1",2.22101919456857
"54",2026-10-10,1,2026-10-17,"wk inc flu hosp","quantile","0.15",3.06514817293942
"54",2026-10-10,1,2026-10-17,"wk inc flu hosp","quantile","0.2",3.78665926692781
"54",2026-10-10,1,2026-10-17,"wk inc flu hosp","quantile","0.25",4.52846534825176
"54",2026-10-10,1,2026-10-17,"wk inc flu hosp","quantile","0.3",5.38688492602713
"54",2026-10-10,1,2026-10-17,"wk inc flu hosp","quantile","0.35",6.2363882171959
"54",2026-10-10,1,2026-10-17,"wk inc flu hosp","quantile","0.4",7.23210169050723
"54",2026-10-10,1,2026-10-17,"wk inc flu hosp","quantile","0.45",8.37167318007702
"54",2026-10-10,1,2026-10-17,"wk inc flu hosp","quantile","0.5",9.15299787994583
"54",2026-10-10,1,2026-10-17,"wk inc flu hosp","quantile","0.55",10.1765055227893
"54",2026-10-10,1,2026-10-17,"wk inc flu hosp","quantile","0.6",11.347578084748
"54",2026-10-10,1,2026-10-17,"wk inc flu hosp","quantile","0.65",12.494297379026
"54",2026-10-10,1,2026-10-17,"wk inc flu hosp","quantile","0.7",13.7143832929293
"54",2026-10-10,1,2026-10-17,"wk inc flu hosp","quantile","0.75",15.2175091325853
"54",2026-10-10,1,2026-10-17,"wk inc flu hosp","quantile","0.8",16.856508262134
"54",2026-10-10,1,2026-10-17,"wk inc flu hosp","quantile","0.85",19.2008597328566
"54",2026-10-10,1,2026-10-17,"wk inc flu hosp","quantile","0.9",22.6100500656446
"54",2026-10-10,1,2026-10-17,"wk inc flu hosp","quantile","0.95",29.5543075568967
"54",2026-10-10,1,2026-10-17,"wk inc flu hosp","quantile","0.975",35.6291240191424
"54",2026-10-10,1,2026-10-17,"wk inc flu hosp","quantile","0.99",44.3953901507752
"54",2026-10-10,2,2026-10-24,"wk inc flu hosp","quantile","0.01",0.595706769374003
"54",2026-10-10,2,2026-10-24,"wk inc flu hosp","quantile","0.025",1.17905045109935
"54",2026-10-10,2,2026-10-24,"wk inc flu hosp","quantile","0.05",1.38684659302684
"54",2026-10-10,2,2026-10-24,"wk inc flu hosp","quantile","0.1",1.70301065020329
"54",2026-10-10,2,2026-10-24,"wk inc flu hosp","quantile","0.15",2.79556556481368
"54",2026-10-10,2,2026-10-24,"wk inc flu hosp","quantile","0.2",3.85185908619865
"54",2026-10-10,2,2026-10-24,"wk inc flu hosp","quantile","0.25",4.95737450580643
"54",2026-10-10,2,2026-10-24,"wk inc flu hosp","quantile","0.3",6.13807787834651
"54",2026-10-10,2,2026-10-24,"wk inc flu hosp","quantile","0.35",7.23039689311139
"54",2026-10-10,2,2026-10-24,"wk inc flu hosp","quantile","0.4",8.43965221804569
"54",2026-10-10,2,2026-10-24,"wk inc flu hosp","quantile","0.45",9.82909976461733
"54",2026-10-10,2,2026-10-24,"wk inc flu hosp","quantile","0.5",11.1008114311133
"54",2026-10-10,2,2026-10-24,"wk inc flu hosp","quantile","0.55",12.3496972687912
"54",2026-10-10,2,2026-10-24,"wk inc flu hosp","quantile","0.6",13.9163408762304
"54",2026-10-10,2,2026-10-24,"wk inc flu hosp","quantile","0.65",15.4086732693006
"54",2026-10-10,2,2026-10-24,"wk inc flu hosp","quantile","0.7",17.3598084125255
"54",2026-10-10,2,2026-10-24,"wk inc flu hosp","quantile","0.75",19.6413076501249
"54",2026-10-10,2,2026-10-24,"wk inc flu hosp","quantile","0.8",22.4784656160827
"54",2026-10-10,2,2026-10-24,"wk inc flu hosp","quantile","0.85",26.0885090185746
"54",2026-10-10,2,2026-10-24,"wk inc flu hosp","quantile","0.9",31.7069510672604
"54",2026-10-10,2,2026-10-24,"wk inc flu hosp","quantile","0.95",42.483251087657
"54",2026-10-10,2,2026-10-24,"wk inc flu hosp","quantile","0.975",54.1445031138427
"54",2026-10-10,2,2026-10-24,"wk inc flu hosp","quantile","0.99",67.6529136757479
"54",2026-10-10,3,2026-10-31,"wk inc flu hosp","quantile","0.01",0.586635534888198
"54",2026-10-10,3,2026-10-31,"wk inc flu hosp","quantile","0.025",1.1723151413189
"54",2026-10-10,3,2026-10-31,"wk inc flu hosp","quantile","0.05",1.40628016628927
"54",2026-10-10,3,2026-10-31,"wk inc flu hosp","quantile","0.1",1.64269534058624
"54",2026-10-10,3,2026-10-31,"wk inc flu hosp","quantile","0.15",2.99020527206499
"54",2026-10-10,3,2026-10-31,"wk inc flu hosp","quantile","0.2",4.22625852981068
"54",2026-10-10,3,2026-10-31,"wk inc flu hosp","quantile","0.25",5.17679963748026
"54",2026-10-10,3,2026-10-31,"wk inc flu hosp","quantile","0.3",6.84259300099962
"54",2026-10-10,3,2026-10-31,"wk inc flu hosp","quantile","0.35",8.39408161620174
"54",2026-10-10,3,2026-10-31,"wk inc flu hosp","quantile","0.4",10.3707000943392
"54",2026-10-10,3,2026-10-31,"wk inc flu hosp","quantile","0.45",12.3051724474125
"54",2026-10-10,3,2026-10-31,"wk inc flu hosp","quantile","0.5",13.7251358963937
"54",2026-10-10,3,2026-10-31,"wk inc flu hosp","quantile","0.55",15.7060557509253
"54",2026-10-10,3,2026-10-31,"wk inc flu hosp","quantile","0.6",17.5218229624001
"54",2026-10-10,3,2026-10-31,"wk inc flu hosp","quantile","0.65",19.9595823988519
"54",2026-10-10,3,2026-10-31,"wk inc flu hosp","quantile","0.7",22.5793363451489
"54",2026-10-10,3,2026-10-31,"wk inc flu hosp","quantile","0.75",25.562697972909
"54",2026-10-10,3,2026-10-31,"wk inc flu hosp","quantile","0.8",29.584392976975
"54",2026-10-10,3,2026-10-31,"wk inc flu hosp","quantile","0.85",34.6903891917643
"54",2026-10-10,3,2026-10-31,"wk inc flu hosp","quantile","0.9",42.9524119770307
"54",2026-10-10,3,2026-10-31,"wk inc flu hosp","quantile","0.95",57.8675787737268
"54",2026-10-10,3,2026-10-31,"wk inc flu hosp","quantile","0.975",73.883411635526
"54",2026-10-10,3,2026-10-31,"wk inc flu hosp","quantile","0.99",93.4747932429308
"55",2026-10-10,0,2026-10-10,"wk inc flu hosp","quantile","0.01",10.6898252561961
"55",2026-10-10,0,2026-10-10,"wk inc flu hosp","quantile","0.025",13.8266971961056
"55",2026-10-10,0,2026-10-10,"wk inc flu hosp","quantile","0.05",16.974905688121
"55",2026-10-10,0,2026-10-10,"wk inc flu hosp","quantile","0.1",20.5379688713884
"55",2026-10-10,0,2026-10-10,"wk inc flu hosp","quantile","0.15",23.3875803608394
"55",2026-10-10,0,2026-10-10,"wk inc flu hosp","quantile","0.2",26.0117999102718
"55",2026-10-10,0,2026-10-10,"wk inc flu hosp","quantile","0.25",27.9329097408012
"55",2026-10-10,0,2026-10-10,"wk inc flu hosp","quantile","0.3",29.7095118812719
"55",2026-10-10,0,2026-10-10,"wk inc flu hosp","quantile","0.35",31.6935246121403
"55",2026-10-10,0,2026-10-10,"wk inc flu hosp","quantile","0.4",33.7651683315535
"55",2026-10-10,0,2026-10-10,"wk inc flu hosp","quantile","0.45",35.316004750907
"55",2026-10-10,0,2026-10-10,"wk inc flu hosp","quantile","0.5",36.732741772173
"55",2026-10-10,0,2026-10-10,"wk inc flu hosp","quantile","0.55",38.1637352691106
"55",2026-10-10,0,2026-10-10,"wk inc flu hosp","quantile","0.6",40.5598843238452
"55",2026-10-10,0,2026-10-10,"wk inc flu hosp","quantile","0.65",42.0701973630239
"55",2026-10-10,0,2026-10-10,"wk inc flu hosp","quantile","0.7",44.0752716768317
"55",2026-10-10,0,2026-10-10,"wk inc flu hosp","quantile","0.75",46.4700864489199
"55",2026-10-10,0,2026-10-10,"wk inc flu hosp","quantile","0.8",49.0578263189549
"55",2026-10-10,0,2026-10-10,"wk inc flu hosp","quantile","0.85",52.12179319842
"55",2026-10-10,0,2026-10-10,"wk inc flu hosp","quantile","0.9",56.5136900216051
"55",2026-10-10,0,2026-10-10,"wk inc flu hosp","quantile","0.95",64.8914855761592
"55",2026-10-10,0,2026-10-10,"wk inc flu hosp","quantile","0.975",73.5159727764424
"55",2026-10-10,0,2026-10-10,"wk inc flu hosp","quantile","0.99",87.8902199794739
"55",2026-10-10,1,2026-10-17,"wk inc flu hosp","quantile","0.01",6.38564248835623
"55",2026-10-10,1,2026-10-17,"wk inc flu hosp","quantile","0.025",9.7201971157736
"55",2026-10-10,1,2026-10-17,"wk inc flu hosp","quantile","0.05",13.4188558353042
"55",2026-10-10,1,2026-10-17,"wk inc flu hosp","quantile","0.1",17.9513194752616
"55",2026-10-10,1,2026-10-17,"wk inc flu hosp","quantile","0.15",21.5068516652249
"55",2026-10-10,1,2026-10-17,"wk inc flu hosp","quantile","0.2",25.4502127697613
"55",2026-10-10,1,2026-10-17,"wk inc flu hosp","quantile","0.25",28.1227705796454
"55",2026-10-10,1,2026-10-17,"wk inc flu hosp","quantile","0.3",31.0841932023281
"55",2026-10-10,1,2026-10-17,"wk inc flu hosp","quantile","0.35",33.0689401256898
"55",2026-10-10,1,2026-10-17,"wk inc flu hosp","quantile","0.4",36.8629435536136
"55",2026-10-10,1,2026-10-17,"wk inc flu hosp","quantile","0.45",38.4315860680221
"55",2026-10-10,1,2026-10-17,"wk inc flu hosp","quantile","0.5",40.0087628033337
"55",2026-10-10,1,2026-10-17,"wk inc flu hosp","quantile","0.55",42.1319448999978
"55",2026-10-10,1,2026-10-17,"wk inc flu hosp","quantile","0.6",46.1704707521222
"55",2026-10-10,1,2026-10-17,"wk inc flu hosp","quantile","0.65",48.4828287708372
"55",2026-10-10,1,2026-10-17,"wk inc flu hosp","quantile","0.7",51.6796392773525
"55",2026-10-10,1,2026-10-17,"wk inc flu hosp","quantile","0.75",55.6963824193963
"55",2026-10-10,1,2026-10-17,"wk inc flu hosp","quantile","0.8",59.6490805005212
"55",2026-10-10,1,2026-10-17,"wk inc flu hosp","quantile","0.85",64.5583079014968
"55",2026-10-10,1,2026-10-17,"wk inc flu hosp","quantile","0.9",71.0314446686211
"55",2026-10-10,1,2026-10-17,"wk inc flu hosp","quantile","0.95",83.6728675531515
"55",2026-10-10,1,2026-10-17,"wk inc flu hosp","quantile","0.975",96.3124009314831
"55",2026-10-10,1,2026-10-17,"wk inc flu hosp","quantile","0.99",115.876265240758
"55",2026-10-10,2,2026-10-24,"wk inc flu hosp","quantile","0.01",6.02817048989763
"55",2026-10-10,2,2026-10-24,"wk inc flu hosp","quantile","0.025",7.62919289412147
"55",2026-10-10,2,2026-10-24,"wk inc flu hosp","quantile","0.05",11.2251868024762
"55",2026-10-10,2,2026-10-24,"wk inc flu hosp","quantile","0.1",16.0476138223309
"55",2026-10-10,2,2026-10-24,"wk inc flu hosp","quantile","0.15",20.7625816985996
"55",2026-10-10,2,2026-10-24,"wk inc flu hosp","quantile","0.2",25.7864295152525
"55",2026-10-10,2,2026-10-24,"wk inc flu hosp","quantile","0.25",29.0646375119948
"55",2026-10-10,2,2026-10-24,"wk inc flu hosp","quantile","0.3",32.4000447373506
"55",2026-10-10,2,2026-10-24,"wk inc flu hosp","quantile","0.35",34.7754526584306
"55",2026-10-10,2,2026-10-24,"wk inc flu hosp","quantile","0.4",39.0952788685246
"55",2026-10-10,2,2026-10-24,"wk inc flu hosp","quantile","0.45",41.5705129781488
"55",2026-10-10,2,2026-10-24,"wk inc flu hosp","quantile","0.5",43.9580684521437
"55",2026-10-10,2,2026-10-24,"wk inc flu hosp","quantile","0.55",46.6405765290657
"55",2026-10-10,2,2026-10-24,"wk inc flu hosp","quantile","0.6",50.6997138055935
"55",2026-10-10,2,2026-10-24,"wk inc flu hosp","quantile","0.65",54.4685080075659
"55",2026-10-10,2,2026-10-24,"wk inc flu hosp","quantile","0.7",58.6261479065342
"55",2026-10-10,2,2026-10-24,"wk inc flu hosp","quantile","0.75",64.8675471246326
"55",2026-10-10,2,2026-10-24,"wk inc flu hosp","quantile","0.8",71.2039605532866
"55",2026-10-10,2,2026-10-24,"wk inc flu hosp","quantile","0.85",77.6821233017947
"55",2026-10-10,2,2026-10-24,"wk inc flu hosp","quantile","0.9",86.9126406918451
"55",2026-10-10,2,2026-10-24,"wk inc flu hosp","quantile","0.95",107.497790487847
"55",2026-10-10,2,2026-10-24,"wk inc flu hosp","quantile","0.975",127.493578722917
"55",2026-10-10,2,2026-10-24,"wk inc flu hosp","quantile","0.99",151.914556878268
"55",2026-10-10,3,2026-10-31,"wk inc flu hosp","quantile","0.01",6.00882788150092
"55",2026-10-10,3,2026-10-31,"wk inc flu hosp","quantile","0.025",7.63360900232611
"55",2026-10-10,3,2026-10-31,"wk inc flu hosp","quantile","0.05",9.79029553991699
"55",2026-10-10,3,2026-10-31,"wk inc flu hosp","quantile","0.1",15.4131147072689
"55",2026-10-10,3,2026-10-31,"wk inc flu hosp","quantile","0.15",19.8803374276116
"55",2026-10-10,3,2026-10-31,"wk inc flu hosp","quantile","0.2",25.1766895642785
"55",2026-10-10,3,2026-10-31,"wk inc flu hosp","quantile","0.25",29.837273278383
"55",2026-10-10,3,2026-10-31,"wk inc flu hosp","quantile","0.3",33.5584368957851
"55",2026-10-10,3,2026-10-31,"wk inc flu hosp","quantile","0.35",37.2725698874628
"55",2026-10-10,3,2026-10-31,"wk inc flu hosp","quantile","0.4",41.4738268768394
"55",2026-10-10,3,2026-10-31,"wk inc flu hosp","quantile","0.45",46.2190027449415
"55",2026-10-10,3,2026-10-31,"wk inc flu hosp","quantile","0.5",49.1501427490903
"55",2026-10-10,3,2026-10-31,"wk inc flu hosp","quantile","0.55",52.809088277317
"55",2026-10-10,3,2026-10-31,"wk inc flu hosp","quantile","0.6",57.0873780595702
"55",2026-10-10,3,2026-10-31,"wk inc flu hosp","quantile","0.65",60.8061532684624
"55",2026-10-10,3,2026-10-31,"wk inc flu hosp","quantile","0.7",66.4202166581141
"55",2026-10-10,3,2026-10-31,"wk inc flu hosp","quantile","0.75",73.6265248673266
"55",2026-10-10,3,2026-10-31,"wk inc flu hosp","quantile","0.8",81.0824975501062
"55",2026-10-10,3,2026-10-31,"wk inc flu hosp","quantile","0.85",91.7116024052679
"55",2026-10-10,3,2026-10-31,"wk inc flu hosp","quantile","0.9",103.320562615173
"55",2026-10-10,3,2026-10-31,"wk inc flu hosp","quantile","0.95",134.021602606584
"55",2026-10-10,3,2026-10-31,"wk inc flu hosp","quantile","0.975",163.795981608831
"55",2026-10-10,3,2026-10-31,"wk inc flu hosp","quantile","0.99",193.545940796542
"56",2026-10-10,0,2026-10-10,"wk inc flu hosp","quantile","0.01",0
"56",2026-10-10,0,2026-10-10,"wk inc flu hosp","quantile","0.025",0.0958346179454553
"56",2026-10-10,0,2026-10-10,"wk inc flu hosp","quantile","0.05",0.144972898937618
"56",2026-10-10,0,2026-10-10,"wk inc flu hosp","quantile","0.1",0.369781550340497
"56",2026-10-10,0,2026-10-10,"wk inc flu hosp","quantile","0.15",0.854135419299638
"56",2026-10-10,0,2026-10-10,"wk inc flu hosp","quantile","0.2",1.34995520130709
"56",2026-10-10,0,2026-10-10,"wk inc flu hosp","quantile","0.25",1.69550718419042
"56",2026-10-10,0,2026-10-10,"wk inc flu hosp","quantile","0.3",2.05027838808522
"56",2026-10-10,0,2026-10-10,"wk inc flu hosp","quantile","0.35",2.41715774313792
"56",2026-10-10,0,2026-10-10,"wk inc flu hosp","quantile","0.4",2.82886568980082
"56",2026-10-10,0,2026-10-10,"wk inc flu hosp","quantile","0.45",3.17686409112609
"56",2026-10-10,0,2026-10-10,"wk inc flu hosp","quantile","0.5",3.56015904832999
"56",2026-10-10,0,2026-10-10,"wk inc flu hosp","quantile","0.55",3.97485418894699
"56",2026-10-10,0,2026-10-10,"wk inc flu hosp","quantile","0.6",4.35070578818961
"56",2026-10-10,0,2026-10-10,"wk inc flu hosp","quantile","0.65",4.74001769063266
"56",2026-10-10,0,2026-10-10,"wk inc flu hosp","quantile","0.7",5.08537982354044
"56",2026-10-10,0,2026-10-10,"wk inc flu hosp","quantile","0.75",5.72378336852804
"56",2026-10-10,0,2026-10-10,"wk inc flu hosp","quantile","0.8",6.57420950784007
"56",2026-10-10,0,2026-10-10,"wk inc flu hosp","quantile","0.85",7.59537648827368
"56",2026-10-10,0,2026-10-10,"wk inc flu hosp","quantile","0.9",8.74921793100222
"56",2026-10-10,0,2026-10-10,"wk inc flu hosp","quantile","0.95",11.0496577269125
"56",2026-10-10,0,2026-10-10,"wk inc flu hosp","quantile","0.975",13.3721231183386
"56",2026-10-10,0,2026-10-10,"wk inc flu hosp","quantile","0.99",16.9272554773275
"56",2026-10-10,1,2026-10-17,"wk inc flu hosp","quantile","0.01",0
"56",2026-10-10,1,2026-10-17,"wk inc flu hosp","quantile","0.025",0.0938287905184154
"56",2026-10-10,1,2026-10-17,"wk inc flu hosp","quantile","0.05",0.148788397650273
"56",2026-10-10,1,2026-10-17,"wk inc flu hosp","quantile","0.1",0.388187368971057
"56",2026-10-10,1,2026-10-17,"wk inc flu hosp","quantile","0.15",0.700887441701509
"56",2026-10-10,1,2026-10-17,"wk inc flu hosp","quantile","0.2",1.04794987497992
"56",2026-10-10,1,2026-10-17,"wk inc flu hosp","quantile","0.25",1.51534582314111
"56",2026-10-10,1,2026-10-17,"wk inc flu hosp","quantile","0.3",1.95208627481131
"56",2026-10-10,1,2026-10-17,"wk inc flu hosp","quantile","0.35",2.47901178400545
"56",2026-10-10,1,2026-10-17,"wk inc flu hosp","quantile","0.4",2.98674724963649
"56",2026-10-10,1,2026-10-17,"wk inc flu hosp","quantile","0.45",3.40156670978438
"56",2026-10-10,1,2026-10-17,"wk inc flu hosp","quantile","0.5",3.92866448506247
"56",2026-10-10,1,2026-10-17,"wk inc flu hosp","quantile","0.55",4.41951377264916
"56",2026-10-10,1,2026-10-17,"wk inc flu hosp","quantile","0.6",5.19970978753547
"56",2026-10-10,1,2026-10-17,"wk inc flu hosp","quantile","0.65",5.85620616439998
"56",2026-10-10,1,2026-10-17,"wk inc flu hosp","quantile","0.7",6.57747230661566
"56",2026-10-10,1,2026-10-17,"wk inc flu hosp","quantile","0.75",7.6449193900003
"56",2026-10-10,1,2026-10-17,"wk inc flu hosp","quantile","0.8",8.97230582231227
"56",2026-10-10,1,2026-10-17,"wk inc flu hosp","quantile","0.85",11.1345466632845
"56",2026-10-10,1,2026-10-17,"wk inc flu hosp","quantile","0.9",13.5491945884755
"56",2026-10-10,1,2026-10-17,"wk inc flu hosp","quantile","0.95",17.8577321235829
"56",2026-10-10,1,2026-10-17,"wk inc flu hosp","quantile","0.975",22.5770408318342
"56",2026-10-10,1,2026-10-17,"wk inc flu hosp","quantile","0.99",28.2990757133451
"56",2026-10-10,2,2026-10-24,"wk inc flu hosp","quantile","0.01",0
"56",2026-10-10,2,2026-10-24,"wk inc flu hosp","quantile","0.025",0.094562242368443
"56",2026-10-10,2,2026-10-24,"wk inc flu hosp","quantile","0.05",0.153943887124666
"56",2026-10-10,2,2026-10-24,"wk inc flu hosp","quantile","0.1",0.405596361220392
"56",2026-10-10,2,2026-10-24,"wk inc flu hosp","quantile","0.15",0.730438177409428
"56",2026-10-10,2,2026-10-24,"wk inc flu hosp","quantile","0.2",0.997694536864779
"56",2026-10-10,2,2026-10-24,"wk inc flu hosp","quantile","0.25",1.49580809264392
"56",2026-10-10,2,2026-10-24,"wk inc flu hosp","quantile","0.3",2.0591358749994
"56",2026-10-10,2,2026-10-24,"wk inc flu hosp","quantile","0.35",2.62513745921762
"56",2026-10-10,2,2026-10-24,"wk inc flu hosp","quantile","0.4",3.29608736950745
"56",2026-10-10,2,2026-10-24,"wk inc flu hosp","quantile","0.45",3.93450407912639
"56",2026-10-10,2,2026-10-24,"wk inc flu hosp","quantile","0.5",4.5735561108688
"56",2026-10-10,2,2026-10-24,"wk inc flu hosp","quantile","0.55",5.37555733335173
"56",2026-10-10,2,2026-10-24,"wk inc flu hosp","quantile","0.6",6.25366142240652
"56",2026-10-10,2,2026-10-24,"wk inc flu hosp","quantile","0.65",7.18251346094585
"56",2026-10-10,2,2026-10-24,"wk inc flu hosp","quantile","0.7",8.30401007390891
"56",2026-10-10,2,2026-10-24,"wk inc flu hosp","quantile","0.75",9.92776321013905
"56",2026-10-10,2,2026-10-24,"wk inc flu hosp","quantile","0.8",11.5191173458959
"56",2026-10-10,2,2026-10-24,"wk inc flu hosp","quantile","0.85",14.0745897513342
"56",2026-10-10,2,2026-10-24,"wk inc flu hosp","quantile","0.9",17.705135648586
"56",2026-10-10,2,2026-10-24,"wk inc flu hosp","quantile","0.95",25.8156234483785
"56",2026-10-10,2,2026-10-24,"wk inc flu hosp","quantile","0.975",33.0600512399303
"56",2026-10-10,2,2026-10-24,"wk inc flu hosp","quantile","0.99",44.10298757664
"56",2026-10-10,3,2026-10-31,"wk inc flu hosp","quantile","0.01",0
"56",2026-10-10,3,2026-10-31,"wk inc flu hosp","quantile","0.025",0.101231455095957
"56",2026-10-10,3,2026-10-31,"wk inc flu hosp","quantile","0.05",0.160100911081094
"56",2026-10-10,3,2026-10-31,"wk inc flu hosp","quantile","0.1",0.430078358141796
"56",2026-10-10,3,2026-10-31,"wk inc flu hosp","quantile","0.15",0.750353874381554
"56",2026-10-10,3,2026-10-31,"wk inc flu hosp","quantile","0.2",1.08913752681978
"56",2026-10-10,3,2026-10-31,"wk inc flu hosp","quantile","0.25",1.43265988958401
"56",2026-10-10,3,2026-10-31,"wk inc flu hosp","quantile","0.3",2.11752585371709
"56",2026-10-10,3,2026-10-31,"wk inc flu hosp","quantile","0.35",2.71231183450755
"56",2026-10-10,3,2026-10-31,"wk inc flu hosp","quantile","0.4",3.41572175165404
"56",2026-10-10,3,2026-10-31,"wk inc flu hosp","quantile","0.45",4.32823085513172
"56",2026-10-10,3,2026-10-31,"wk inc flu hosp","quantile","0.5",5.1853610590376
"56",2026-10-10,3,2026-10-31,"wk inc flu hosp","quantile","0.55",6.17068838421075
"56",2026-10-10,3,2026-10-31,"wk inc flu hosp","quantile","0.6",7.51080793154357
"56",2026-10-10,3,2026-10-31,"wk inc flu hosp","quantile","0.65",8.91444374774285
"56",2026-10-10,3,2026-10-31,"wk inc flu hosp","quantile","0.7",10.4305309620866
"56",2026-10-10,3,2026-10-31,"wk inc flu hosp","quantile","0.75",12.430256096076
"56",2026-10-10,3,2026-10-31,"wk inc flu hosp","quantile","0.8",15.1512997009055
"56",2026-10-10,3,2026-10-31,"wk inc flu hosp","quantile","0.85",18.2883512619484
"56",2026-10-10,3,2026-10-31,"wk inc flu hosp","quantile","0.9",23.6235903101738
"56",2026-10-10,3,2026-10-31,"wk inc flu hosp","quantile","0.95",33.0015454077355
"56",2026-10-10,3,2026-10-31,"wk inc flu hosp","quantile","0.975",43.6992723507549
"56",2026-10-10,3,2026-10-31,"wk inc flu hosp","quantile","0.99",59.9907102870979
"72",2026-10-10,0,2026-10-10,"wk inc flu hosp","quantile","0.01",34.0827388348247
"72",2026-10-10,0,2026-10-10,"wk inc flu hosp","quantile","0.025",41.7087269773625
"72",2026-10-10,0,2026-10-10,"wk inc flu hosp","quantile","0.05",46.9826911796013
"72",2026-10-10,0,2026-10-10,"wk inc flu hosp","quantile","0.1",53.1591222158985
"72",2026-10-10,0,2026-10-10,"wk inc flu hosp","quantile","0.15",57.8053095481654
"72",2026-10-10,0,2026-10-10,"wk inc flu hosp","quantile","0.2",62.8754269777611
"72",2026-10-10,0,2026-10-10,"wk inc flu hosp","quantile","0.25",66.9401994968185
"72",2026-10-10,0,2026-10-10,"wk inc flu hosp","quantile","0.3",70.8131116997723
"72",2026-10-10,0,2026-10-10,"wk inc flu hosp","quantile","0.35",74.3384458343308
"72",2026-10-10,0,2026-10-10,"wk inc flu hosp","quantile","0.4",77.827538877752
"72",2026-10-10,0,2026-10-10,"wk inc flu hosp","quantile","0.45",81.187982602653
"72",2026-10-10,0,2026-10-10,"wk inc flu hosp","quantile","0.5",85.5385211925369
"72",2026-10-10,0,2026-10-10,"wk inc flu hosp","quantile","0.55",89.0058718874004
"72",2026-10-10,0,2026-10-10,"wk inc flu hosp","quantile","0.6",93.6277822309602
"72",2026-10-10,0,2026-10-10,"wk inc flu hosp","quantile","0.65",97.9355749629724
"72",2026-10-10,0,2026-10-10,"wk inc flu hosp","quantile","0.7",102.822814979484
"72",2026-10-10,0,2026-10-10,"wk inc flu hosp","quantile","0.75",108.314036311227
"72",2026-10-10,0,2026-10-10,"wk inc flu hosp","quantile","0.8",115.585845839988
"72",2026-10-10,0,2026-10-10,"wk inc flu hosp","quantile","0.85",122.474125976372
"72",2026-10-10,0,2026-10-10,"wk inc flu hosp","quantile","0.9",130.49779899084
"72",2026-10-10,0,2026-10-10,"wk inc flu hosp","quantile","0.95",147.131071489998
"72",2026-10-10,0,2026-10-10,"wk inc flu hosp","quantile","0.975",164.19561183797
"72",2026-10-10,0,2026-10-10,"wk inc flu hosp","quantile","0.99",185.112110092658
"72",2026-10-10,1,2026-10-17,"wk inc flu hosp","quantile","0.01",23.8110769149417
"72",2026-10-10,1,2026-10-17,"wk inc flu hosp","quantile","0.025",30.8806315350903
"72",2026-10-10,1,2026-10-17,"wk inc flu hosp","quantile","0.05",38.755079470236
"72",2026-10-10,1,2026-10-17,"wk inc flu hosp","quantile","0.1",46.4974535313639
"72",2026-10-10,1,2026-10-17,"wk inc flu hosp","quantile","0.15",52.2258663466648
"72",2026-10-10,1,2026-10-17,"wk inc flu hosp","quantile","0.2",58.4083224288235
"72",2026-10-10,1,2026-10-17,"wk inc flu hosp","quantile","0.25",64.050346091253
"72",2026-10-10,1,2026-10-17,"wk inc flu hosp","quantile","0.3",69.0240699478541
"72",2026-10-10,1,2026-10-17,"wk inc flu hosp","quantile","0.35",74.2025189332056
"72",2026-10-10,1,2026-10-17,"wk inc flu hosp","quantile","0.4",78.476580116379
"72",2026-10-10,1,2026-10-17,"wk inc flu hosp","quantile","0.45",82.7777290138129
"72",2026-10-10,1,2026-10-17,"wk inc flu hosp","quantile","0.5",87.9465833217415
"72",2026-10-10,1,2026-10-17,"wk inc flu hosp","quantile","0.55",93.1561111334767
"72",2026-10-10,1,2026-10-17,"wk inc flu hosp","quantile","0.6",99.6922854305501
"72",2026-10-10,1,2026-10-17,"wk inc flu hosp","quantile","0.65",106.222009067048
"72",2026-10-10,1,2026-10-17,"wk inc flu hosp","quantile","0.7",112.687790164011
"72",2026-10-10,1,2026-10-17,"wk inc flu hosp","quantile","0.75",122.627360745535
"72",2026-10-10,1,2026-10-17,"wk inc flu hosp","quantile","0.8",132.210314089317
"72",2026-10-10,1,2026-10-17,"wk inc flu hosp","quantile","0.85",143.328544423191
"72",2026-10-10,1,2026-10-17,"wk inc flu hosp","quantile","0.9",158.232665934181
"72",2026-10-10,1,2026-10-17,"wk inc flu hosp","quantile","0.95",182.16659262415
"72",2026-10-10,1,2026-10-17,"wk inc flu hosp","quantile","0.975",215.097757335771
"72",2026-10-10,1,2026-10-17,"wk inc flu hosp","quantile","0.99",248.849141812116
"72",2026-10-10,2,2026-10-24,"wk inc flu hosp","quantile","0.01",19.0114611358473
"72",2026-10-10,2,2026-10-24,"wk inc flu hosp","quantile","0.025",26.8044471617981
"72",2026-10-10,2,2026-10-24,"wk inc flu hosp","quantile","0.05",34.8506416151525
"72",2026-10-10,2,2026-10-24,"wk inc flu hosp","quantile","0.1",42.6224233898722
"72",2026-10-10,2,2026-10-24,"wk inc flu hosp","quantile","0.15",48.5373669904655
"72",2026-10-10,2,2026-10-24,"wk inc flu hosp","quantile","0.2",55.3069238284475
"72",2026-10-10,2,2026-10-24,"wk inc flu hosp","quantile","0.25",62.2008875610559
"72",2026-10-10,2,2026-10-24,"wk inc flu hosp","quantile","0.3",68.4506178031002
"72",2026-10-10,2,2026-10-24,"wk inc flu hosp","quantile","0.35",74.8225885430885
"72",2026-10-10,2,2026-10-24,"wk inc flu hosp","quantile","0.4",80.4070979174143
"72",2026-10-10,2,2026-10-24,"wk inc flu hosp","quantile","0.45",86.4846941190384
"72",2026-10-10,2,2026-10-24,"wk inc flu hosp","quantile","0.5",92.0761111362342
"72",2026-10-10,2,2026-10-24,"wk inc flu hosp","quantile","0.55",98.4476134514218
"72",2026-10-10,2,2026-10-24,"wk inc flu hosp","quantile","0.6",106.215326811173
"72",2026-10-10,2,2026-10-24,"wk inc flu hosp","quantile","0.65",114.443788907142
"72",2026-10-10,2,2026-10-24,"wk inc flu hosp","quantile","0.7",121.924034753139
"72",2026-10-10,2,2026-10-24,"wk inc flu hosp","quantile","0.75",134.786238284985
"72",2026-10-10,2,2026-10-24,"wk inc flu hosp","quantile","0.8",148.276929144339
"72",2026-10-10,2,2026-10-24,"wk inc flu hosp","quantile","0.85",164.456281565554
"72",2026-10-10,2,2026-10-24,"wk inc flu hosp","quantile","0.9",188.683146685462
"72",2026-10-10,2,2026-10-24,"wk inc flu hosp","quantile","0.95",225.490275133308
"72",2026-10-10,2,2026-10-24,"wk inc flu hosp","quantile","0.975",275.109624751058
"72",2026-10-10,2,2026-10-24,"wk inc flu hosp","quantile","0.99",320.060194769574
"72",2026-10-10,3,2026-10-31,"wk inc flu hosp","quantile","0.01",18.7810827829396
"72",2026-10-10,3,2026-10-31,"wk inc flu hosp","quantile","0.025",23.6298594001939
"72",2026-10-10,3,2026-10-31,"wk inc flu hosp","quantile","0.05",31.5437620708814
"72",2026-10-10,3,2026-10-31,"wk inc flu hosp","quantile","0.1",39.357393354744
"72",2026-10-10,3,2026-10-31,"wk inc flu hosp","quantile","0.15",46.5864694143809
"72",2026-10-10,3,2026-10-31,"wk inc flu hosp","quantile","0.2",53.961815907437
"72",2026-10-10,3,2026-10-31,"wk inc flu hosp","quantile","0.25",60.6230706920749
"72",2026-10-10,3,2026-10-31,"wk inc flu hosp","quantile","0.3",67.8187137847048
"72",2026-10-10,3,2026-10-31,"wk inc flu hosp","quantile","0.35",74.29040950811
"72",2026-10-10,3,2026-10-31,"wk inc flu hosp","quantile","0.4",81.9455424402293
"72",2026-10-10,3,2026-10-31,"wk inc flu hosp","quantile","0.45",90.4232975058792
"72",2026-10-10,3,2026-10-31,"wk inc flu hosp","quantile","0.5",95.8091689484991
"72",2026-10-10,3,2026-10-31,"wk inc flu hosp","quantile","0.55",103.788523147349
"72",2026-10-10,3,2026-10-31,"wk inc flu hosp","quantile","0.6",113.244143066008
"72",2026-10-10,3,2026-10-31,"wk inc flu hosp","quantile","0.65",122.361924887716
"72",2026-10-10,3,2026-10-31,"wk inc flu hosp","quantile","0.7",133.672961829217
"72",2026-10-10,3,2026-10-31,"wk inc flu hosp","quantile","0.75",147.8667350156
"72",2026-10-10,3,2026-10-31,"wk inc flu hosp","quantile","0.8",161.726241449132
"72",2026-10-10,3,2026-10-31,"wk inc flu hosp","quantile","0.85",186.577652691192
"72",2026-10-10,3,2026-10-31,"wk inc flu hosp","quantile","0.9",219.395956524689
"72",2026-10-10,3,2026-10-31,"wk inc flu hosp","quantile","0.95",270.656454148293
"72",2026-10-10,3,2026-10-31,"wk inc flu hosp","quantile","0.975",334.31652836391
"72",2026-10-10,3,2026-10-31,"wk inc flu hosp","quantile","0.99",388.426991088012
"US",2026-10-10,0,2026-10-10,"wk inc flu hosp","quantile","0.01",2324.11182354132
"US",2026-10-10,0,2026-10-10,"wk inc flu hosp","quantile","0.025",2676.83905602498
"US",2026-10-10,0,2026-10-10,"wk inc flu hosp","quantile","0.05",2863.91711432758
"US",2026-10-10,0,2026-10-10,"wk inc flu hosp","quantile","0.1",3121.77672212375
"US",2026-10-10,0,2026-10-10,"wk inc flu hosp","quantile","0.15",3298.9511957399
"US",2026-10-10,0,2026-10-10,"wk inc flu hosp","quantile","0.2",3458.79032826848
"US",2026-10-10,0,2026-10-10,"wk inc flu hosp","quantile","0.25",3534.14655166896
"US",2026-10-10,0,2026-10-10,"wk inc flu hosp","quantile","0.3",3599.13415929957
"US",2026-10-10,0,2026-10-10,"wk inc flu hosp","quantile","0.35",3663.8789356906
"US",2026-10-10,0,2026-10-10,"wk inc flu hosp","quantile","0.4",3728.2480763357
"US",2026-10-10,0,2026-10-10,"wk inc flu hosp","quantile","0.45",3781.22617370529
"US",2026-10-10,0,2026-10-10,"wk inc flu hosp","quantile","0.5",3849.84794581275
"US",2026-10-10,0,2026-10-10,"wk inc flu hosp","quantile","0.55",3901.10926575335
"US",2026-10-10,0,2026-10-10,"wk inc flu hosp","quantile","0.6",3999.02485827808
"US",2026-10-10,0,2026-10-10,"wk inc flu hosp","quantile","0.65",4072.60391602367
"US",2026-10-10,0,2026-10-10,"wk inc flu hosp","quantile","0.7",4170.77379454707
"US",2026-10-10,0,2026-10-10,"wk inc flu hosp","quantile","0.75",4247.04600663641
"US",2026-10-10,0,2026-10-10,"wk inc flu hosp","quantile","0.8",4384.09046763241
"US",2026-10-10,0,2026-10-10,"wk inc flu hosp","quantile","0.85",4553.40441203662
"US",2026-10-10,0,2026-10-10,"wk inc flu hosp","quantile","0.9",4822.28046811591
"US",2026-10-10,0,2026-10-10,"wk inc flu hosp","quantile","0.95",5348.94191185323
"US",2026-10-10,0,2026-10-10,"wk inc flu hosp","quantile","0.975",5833.00082977122
"US",2026-10-10,0,2026-10-10,"wk inc flu hosp","quantile","0.99",6510.38517161813
"US",2026-10-10,1,2026-10-17,"wk inc flu hosp","quantile","0.01",2109.70994349331
"US",2026-10-10,1,2026-10-17,"wk inc flu hosp","quantile","0.025",2545.86181724219
"US",2026-10-10,1,2026-10-17,"wk inc flu hosp","quantile","0.05",2826.6759725641
"US",2026-10-10,1,2026-10-17,"wk inc flu hosp","quantile","0.1",3113.19448302907
"US",2026-10-10,1,2026-10-17,"wk inc flu hosp","quantile","0.15",3409.36420323433
"US",2026-10-10,1,2026-10-17,"wk inc flu hosp","quantile","0.2",3666.01582919955
"US",2026-10-10,1,2026-10-17,"wk inc flu hosp","quantile","0.25",3796.23175855892
"US",2026-10-10,1,2026-10-17,"wk inc flu hosp","quantile","0.3",3946.97128846711
"US",2026-10-10,1,2026-10-17,"wk inc flu hosp","quantile","0.35",4044.21964435212
"US",2026-10-10,1,2026-10-17,"wk inc flu hosp","quantile","0.4",4161.08013548861
"US",2026-10-10,1,2026-10-17,"wk inc flu hosp","quantile","0.45",4262.66371696399
"US",2026-10-10,1,2026-10-17,"wk inc flu hosp","quantile","0.5",4347.19844957428
"US",2026-10-10,1,2026-10-17,"wk inc flu hosp","quantile","0.55",4448.72113321524
"US",2026-10-10,1,2026-10-17,"wk inc flu hosp","quantile","0.6",4610.54007469693
"US",2026-10-10,1,2026-10-17,"wk inc flu hosp","quantile","0.65",4775.36190637614
"US",2026-10-10,1,2026-10-17,"wk inc flu hosp","quantile","0.7",4925.06300088021
"US",2026-10-10,1,2026-10-17,"wk inc flu hosp","quantile","0.75",5148.34187028491
"US",2026-10-10,1,2026-10-17,"wk inc flu hosp","quantile","0.8",5309.56615129025
"US",2026-10-10,1,2026-10-17,"wk inc flu hosp","quantile","0.85",5599.70596974849
"US",2026-10-10,1,2026-10-17,"wk inc flu hosp","quantile","0.9",5959.84911449803
"US",2026-10-10,1,2026-10-17,"wk inc flu hosp","quantile","0.95",6567.0737312325
"US",2026-10-10,1,2026-10-17,"wk inc flu hosp","quantile","0.975",7494.31312362796
"US",2026-10-10,1,2026-10-17,"wk inc flu hosp","quantile","0.99",8553.70270258911
"US",2026-10-10,2,2026-10-24,"wk inc flu hosp","quantile","0.01",2021.43919272572
"US",2026-10-10,2,2026-10-24,"wk inc flu hosp","quantile","0.025",2465.83555286578
"US",2026-10-10,2,2026-10-24,"wk inc flu hosp","quantile","0.05",2764.6655656992
"US",2026-10-10,2,2026-10-24,"wk inc flu hosp","quantile","0.1",3139.95734640048
"US",2026-10-10,2,2026-10-24,"wk inc flu hosp","quantile","0.15",3494.13793742625
"US",2026-10-10,2,2026-10-24,"wk inc flu hosp","quantile","0.2",3814.46573747352
"US",2026-10-10,2,2026-10-24,"wk inc flu hosp","quantile","0.25",4014.89811754729
"US",2026-10-10,2,2026-10-24,"wk inc flu hosp","quantile","0.3",4200.9618977016
"US",2026-10-10,2,2026-10-24,"wk inc flu hosp","quantile","0.35",4399.36499088185
"US",2026-10-10,2,2026-10-24,"wk inc flu hosp","quantile","0.4",4616.51865894122
"US",2026-10-10,2,2026-10-24,"wk inc flu hosp","quantile","0.45",4745.76365764695
"US",2026-10-10,2,2026-10-24,"wk inc flu hosp","quantile","0.5",4891.23319165232
"US",2026-10-10,2,2026-10-24,"wk inc flu hosp","quantile","0.55",5053.729724593
"US",2026-10-10,2,2026-10-24,"wk inc flu hosp","quantile","0.6",5247.94199109389
"US",2026-10-10,2,2026-10-24,"wk inc flu hosp","quantile","0.65",5390.73323392575
"US",2026-10-10,2,2026-10-24,"wk inc flu hosp","quantile","0.7",5625.8072661045
"US",2026-10-10,2,2026-10-24,"wk inc flu hosp","quantile","0.75",5867.91030489076
"US",2026-10-10,2,2026-10-24,"wk inc flu hosp","quantile","0.8",6212.63493901763
"US",2026-10-10,2,2026-10-24,"wk inc flu hosp","quantile","0.85",6537.06128267914
"US",2026-10-10,2,2026-10-24,"wk inc flu hosp","quantile","0.9",7143.00952095764
"US",2026-10-10,2,2026-10-24,"wk inc flu hosp","quantile","0.95",8300.86210722635
"US",2026-10-10,2,2026-10-24,"wk inc flu hosp","quantile","0.975",9716.23566432819
"US",2026-10-10,2,2026-10-24,"wk inc flu hosp","quantile","0.99",11052.6268084379
"US",2026-10-10,3,2026-10-31,"wk inc flu hosp","quantile","0.01",1879.49219132026
"US",2026-10-10,3,2026-10-31,"wk inc flu hosp","quantile","0.025",2364.92276743439
"US",2026-10-10,3,2026-10-31,"wk inc flu hosp","quantile","0.05",2676.76223527038
"US",2026-10-10,3,2026-10-31,"wk inc flu hosp","quantile","0.1",3126.44035569934
"US",2026-10-10,3,2026-10-31,"wk inc flu hosp","quantile","0.15",3538.779263296
"US",2026-10-10,3,2026-10-31,"wk inc flu hosp","quantile","0.2",3914.89956509946
"US",2026-10-10,3,2026-10-31,"wk inc flu hosp","quantile","0.25",4220.29403950594
"US",2026-10-10,3,2026-10-31,"wk inc flu hosp","quantile","0.3",4457.11889376765
"US",2026-10-10,3,2026-10-31,"wk inc flu hosp","quantile","0.35",4695.41778612866
"US",2026-10-10,3,2026-10-31,"wk inc flu hosp","quantile","0.4",4960.67775608348
"US",2026-10-10,3,2026-10-31,"wk inc flu hosp","quantile","0.45",5189.89311495281
"US",2026-10-10,3,2026-10-31,"wk inc flu hosp","quantile","0.5",5474.71606213823
"US",2026-10-10,3,2026-10-31,"wk inc flu hosp","quantile","0.55",5659.80766399116
"US",2026-10-10,3,2026-10-31,"wk inc flu hosp","quantile","0.6",5902.72800066825
"US",2026-10-10,3,2026-10-31,"wk inc flu hosp","quantile","0.65",6209.56009400336
"US",2026-10-10,3,2026-10-31,"wk inc flu hosp","quantile","0.7",6477.4917025764
"US",2026-10-10,3,2026-10-31,"wk inc flu hosp","quantile","0.75",6804.78408239487
"US",2026-10-10,3,2026-10-31,"wk inc flu hosp","quantile","0.8",7159.034851722
"US",2026-10-10,3,2026-10-31,"wk inc flu hosp","quantile","0.85",7633.27110710996
"US",2026-10-10,3,2026-10-31,"wk inc flu hosp","quantile","0.9",8344.61444856104
"US",2026-10-10,3,2026-10-31,"wk inc flu hosp","quantile","0.95",9934.50280158237
"US",2026-10-10,3,2026-10-31,"wk inc flu hosp","quantile","0.975",11845.703296467
"US",2026-10-10,3,2026-10-31,"wk inc flu hosp","quantile","0.99",13549.150581883
