"location","reference_date","horizon","target_end_date","target","output_type","output_type_id","value"
"01",2026-10-03,0,2026-10-03,"wk inc flu hosp","quantile","0.01",13.7687874465735
"01",2026-10-03,0,2026-10-03,"wk inc flu hosp","quantile","0.025",17.1945181873286
"01",2026-10-03,0,2026-10-03,"wk inc flu hosp","quantile","0.05",19.9358683580581
"01",2026-10-03,0,2026-10-03,"wk inc flu hosp","quantile","0.1",23.0698555599673
"01",2026-10-03,0,2026-10-03,"wk inc flu hosp","quantile","0.15",26.5488908393672
"01",2026-10-03,0,2026-10-03,"wk inc flu hosp","quantile","0.2",29.3059165208523
"01",2026-10-03,0,2026-10-03,"wk inc flu hosp","quantile","0.25",31.3247760511997
"01",2026-10-03,0,2026-10-03,"wk inc flu hosp","quantile","0.3",33.0875833712823
"01",2026-10-03,0,2026-10-03,"wk inc flu hosp","quantile","0.35",34.9078762500552
"01",2026-10-03,0,2026-10-03,"wk inc flu hosp","quantile","0.4",36.9047208958523
"01",2026-10-03,0,2026-10-03,"wk inc flu hosp","quantile","0.45",38.1662731259504
"01",2026-10-03,0,2026-10-03,"wk inc flu hosp","quantile","0.5",39.8003451394936
"01",2026-10-03,0,2026-10-03,"wk inc flu hosp","quantile","0.55",41.1080696329529
"01",2026-10-03,0,2026-10-03,"wk inc flu hosp","quantile","0.6",42.99810836888
"01",2026-10-03,0,2026-10-03,"wk inc flu hosp","quantile","0.65",44.116318301054
"01",2026-10-03,0,2026-10-03,"wk inc flu hosp","quantile","0.7",46.5711485574604
"01",2026-10-03,0,2026-10-03,"wk inc flu hosp","quantile","0.75",48.7945522686329
"01",2026-10-03,0,2026-10-03,"wk inc flu hosp","quantile","0.8",51.7332241435444
"01",2026-10-03,0,2026-10-03,"wk inc flu hosp","quantile","0.85",55.1529388394803
"01",2026-10-03,0,2026-10-03,"wk inc flu hosp","quantile","0.9",59.4351011648147
"01",2026-10-03,0,2026-10-03,"wk inc flu hosp","quantile","0.95",69.3713392625666
"01",2026-10-03,0,2026-10-03,"wk inc flu hosp","quantile","0.975",78.0343480580185
"01",2026-10-03,0,2026-10-03,"wk inc flu hosp","quantile","0.99",93.3345904062648
"01",2026-10-03,1,2026-10-10,"wk inc flu hosp","quantile","0.01",9.99493599015017
"01",2026-10-03,1,2026-10-10,"wk inc flu hosp","quantile","0.025",13.5037705133156
"01",2026-10-03,1,2026-10-10,"wk inc flu hosp","quantile","0.05",17.4311704865204
"01",2026-10-03,1,2026-10-10,"wk inc flu hosp","quantile","0.1",21.0042962617694
"01",2026-10-03,1,2026-10-10,"wk inc flu hosp","quantile","0.15",25.1343891784662
"01",2026-10-03,1,2026-10-10,"wk inc flu hosp","quantile","0.2",29.5649290443277
"01",2026-10-03,1,2026-10-10,"wk inc flu hosp","quantile","0.25",32.3670336292619
"01",2026-10-03,1,2026-10-10,"wk inc flu hosp","quantile","0.3",35.0947347826271
"01",2026-10-03,1,2026-10-10,"wk inc flu hosp","quantile","0.35",37.4709452849301
"01",2026-10-03,1,2026-10-10,"wk inc flu hosp","quantile","0.4",40.1478665888114
"01",2026-10-03,1,2026-10-10,"wk inc flu hosp","quantile","0.45",42.0671964712442
"01",2026-10-03,1,2026-10-10,"wk inc flu hosp","quantile","0.5",43.9281040579311
"01",2026-10-03,1,2026-10-10,"wk inc flu hosp","quantile","0.55",45.7586676505542
"01",2026-10-03,1,2026-10-10,"wk inc flu hosp","quantile","0.6",48.9541245820468
"01",2026-10-03,1,2026-10-10,"wk inc flu hosp","quantile","0.65",51.7535937439212
"01",2026-10-03,1,2026-10-10,"wk inc flu hosp","quantile","0.7",55.8833954493203
"01",2026-10-03,1,2026-10-10,"wk inc flu hosp","quantile","0.75",59.9753339053321
"01",2026-10-03,1,2026-10-10,"wk inc flu hosp","quantile","0.8",64.7236323871494
"01",2026-10-03,1,2026-10-10,"wk inc flu hosp","quantile","0.85",70.0654109005641
"01",2026-10-03,1,2026-10-10,"wk inc flu hosp","quantile","0.9",76.2532321866994
"01",2026-10-03,1,2026-10-10,"wk inc flu hosp","quantile","0.95",91.0054670987022
"01",2026-10-03,1,2026-10-10,"wk inc flu hosp","quantile","0.975",105.045449944595
"01",2026-10-03,1,2026-10-10,"wk inc flu hosp","quantile","0.99",126.250734886411
"01",2026-10-03,2,2026-10-17,"wk inc flu hosp","quantile","0.01",8.10299624538314
"01",2026-10-03,2,2026-10-17,"wk inc flu hosp","quantile","0.025",10.7624908720808
"01",2026-10-03,2,2026-10-17,"wk inc flu hosp","quantile","0.05",14.6200392219479
"01",2026-10-03,2,2026-10-17,"wk inc flu hosp","quantile","0.1",19.9862959498526
"01",2026-10-03,2,2026-10-17,"wk inc flu hosp","quantile","0.15",24.7276837606653
"01",2026-10-03,2,2026-10-17,"wk inc flu hosp","quantile","0.2",29.6196429755404
"01",2026-10-03,2,2026-10-17,"wk inc flu hosp","quantile","0.25",33.3022370775344
"01",2026-10-03,2,2026-10-17,"wk inc flu hosp","quantile","0.3",36.8930300485931
"01",2026-10-03,2,2026-10-17,"wk inc flu hosp","quantile","0.35",39.5344539894939
"01",2026-10-03,2,2026-10-17,"wk inc flu hosp","quantile","0.4",42.7757556949899
"01",2026-10-03,2,2026-10-17,"wk inc flu hosp","quantile","0.45",45.7907677286381
"01",2026-10-03,2,2026-10-17,"wk inc flu hosp","quantile","0.5",48.7231680574713
"01",2026-10-03,2,2026-10-17,"wk inc flu hosp","quantile","0.55",52.2786638548309
"01",2026-10-03,2,2026-10-17,"wk inc flu hosp","quantile","0.6",56.1904749350874
"01",2026-10-03,2,2026-10-17,"wk inc flu hosp","quantile","0.65",59.9230825473087
"01",2026-10-03,2,2026-10-17,"wk inc flu hosp","quantile","0.7",65.0710607271475
"01",2026-10-03,2,2026-10-17,"wk inc flu hosp","quantile","0.75",70.3186667086637
"01",2026-10-03,2,2026-10-17,"wk inc flu hosp","quantile","0.8",75.5208485404372
"01",2026-10-03,2,2026-10-17,"wk inc flu hosp","quantile","0.85",84.1216292236311
"01",2026-10-03,2,2026-10-17,"wk inc flu hosp","quantile","0.9",96.1138049623983
"01",2026-10-03,2,2026-10-17,"wk inc flu hosp","quantile","0.95",119.505024947078
"01",2026-10-03,2,2026-10-17,"wk inc flu hosp","quantile","0.975",139.251740237876
"01",2026-10-03,2,2026-10-17,"wk inc flu hosp","quantile","0.99",168.51802692571
"01",2026-10-03,3,2026-10-24,"wk inc flu hosp","quantile","0.01",8.18136053485189
"01",2026-10-03,3,2026-10-24,"wk inc flu hosp","quantile","0.025",9.54434819611574
"01",2026-10-03,3,2026-10-24,"wk inc flu hosp","quantile","0.05",13.4015796792472
"01",2026-10-03,3,2026-10-24,"wk inc flu hosp","quantile","0.1",18.8715184016116
"01",2026-10-03,3,2026-10-24,"wk inc flu hosp","quantile","0.15",24.6451357156736
"01",2026-10-03,3,2026-10-24,"wk inc flu hosp","quantile","0.2",30.2970789725732
"01",2026-10-03,3,2026-10-24,"wk inc flu hosp","quantile","0.25",35.1597449767292
"01",2026-10-03,3,2026-10-24,"wk inc flu hosp","quantile","0.3",39.2013962868195
"01",2026-10-03,3,2026-10-24,"wk inc flu hosp","quantile","0.35",42.8339548532305
"01",2026-10-03,3,2026-10-24,"wk inc flu hosp","quantile","0.4",47.052641143405
"01",2026-10-03,3,2026-10-24,"wk inc flu hosp","quantile","0.45",51.5377013434369
"01",2026-10-03,3,2026-10-24,"wk inc flu hosp","quantile","0.5",55.8944615055263
"01",2026-10-03,3,2026-10-24,"wk inc flu hosp","quantile","0.55",59.049667768129
"01",2026-10-03,3,2026-10-24,"wk inc flu hosp","quantile","0.6",64.5112561345627
"01",2026-10-03,3,2026-10-24,"wk inc flu hosp","quantile","0.65",69.1348623599316
"01",2026-10-03,3,2026-10-24,"wk inc flu hosp","quantile","0.7",73.6476981110582
"01",2026-10-03,3,2026-10-24,"wk inc flu hosp","quantile","0.75",80.9860533588391
"01",2026-10-03,3,2026-10-24,"wk inc flu hosp","quantile","0.8",89.3988718170467
"01",2026-10-03,3,2026-10-24,"wk inc flu hosp","quantile","0.85",100.456791598662
"01",2026-10-03,3,2026-10-24,"wk inc flu hosp","quantile","0.9",115.895685887704
"01",2026-10-03,3,2026-10-24,"wk inc flu hosp","quantile","0.95",147.870915831109
"01",2026-10-03,3,2026-10-24,"wk inc flu hosp","quantile","0.975",177.693226934319
"01",2026-10-03,3,2026-10-24,"wk inc flu hosp","quantile","0.99",220.187547005208
"02",2026-10-03,0,2026-10-03,"wk inc flu hosp","quantile","0.01",3.63977333904157
"02",2026-10-03,0,2026-10-03,"wk inc flu hosp","quantile","0.025",4.81783490305984
"02",2026-10-03,0,2026-10-03,"wk inc flu hosp","quantile","0.05",5.87222582147887
"02",2026-10-03,0,2026-10-03,"wk inc flu hosp","quantile","0.1",7.4776119336788
"02",2026-10-03,0,2026-10-03,"wk inc flu hosp","quantile","0.15",8.87939943882599
"02",2026-10-03,0,2026-10-03,"wk inc flu hosp","quantile","0.2",10.0650524878071
"02",2026-10-03,0,2026-10-03,"wk inc flu hosp","quantile","0.25",11.1668333523143
"02",2026-10-03,0,2026-10-03,"wk inc flu hosp","quantile","0.3",12.0836587949556
"02",2026-10-03,0,2026-10-03,"wk inc flu hosp","quantile","0.35",12.9626229077358
"02",2026-10-03,0,2026-10-03,"wk inc flu hosp","quantile","0.4",13.8251061646033
"02",2026-10-03,0,2026-10-03,"wk inc flu hosp","quantile","0.45",14.6510051145682
"02",2026-10-03,0,2026-10-03,"wk inc flu hosp","quantile","0.5",15.5627116181511
"02",2026-10-03,0,2026-10-03,"wk inc flu hosp","quantile","0.55",16.6097091629527
"02",2026-10-03,0,2026-10-03,"wk inc flu hosp","quantile","0.6",17.6737630018383
"02",2026-10-03,0,2026-10-03,"wk inc flu hosp","quantile","0.65",18.4289369450518
"02",2026-10-03,0,2026-10-03,"wk inc flu hosp","quantile","0.7",19.3729017472658
"02",2026-10-03,0,2026-10-03,"wk inc flu hosp","quantile","0.75",20.9270537640819
"02",2026-10-03,0,2026-10-03,"wk inc flu hosp","quantile","0.8",22.4482606993391
"02",2026-10-03,0,2026-10-03,"wk inc flu hosp","quantile","0.85",24.3034380044405
"02",2026-10-03,0,2026-10-03,"wk inc flu hosp","quantile","0.9",25.9883581754448
"02",2026-10-03,0,2026-10-03,"wk inc flu hosp","quantile","0.95",29.962978112546
"02",2026-10-03,0,2026-10-03,"wk inc flu hosp","quantile","0.975",33.9867263542695
"02",2026-10-03,0,2026-10-03,"wk inc flu hosp","quantile","0.99",38.0418197318074
"02",2026-10-03,1,2026-10-10,"wk inc flu hosp","quantile","0.01",1.95290967085313
"02",2026-10-03,1,2026-10-10,"wk inc flu hosp","quantile","0.025",2.56537366366355
"02",2026-10-03,1,2026-10-10,"wk inc flu hosp","quantile","0.05",3.70333735554051
"02",2026-10-03,1,2026-10-10,"wk inc flu hosp","quantile","0.1",5.51709687017275
"02",2026-10-03,1,2026-10-10,"wk inc flu hosp","quantile","0.15",7.2087319463168
"02",2026-10-03,1,2026-10-10,"wk inc flu hosp","quantile","0.2",8.63787842579848
"02",2026-10-03,1,2026-10-10,"wk inc flu hosp","quantile","0.25",9.93255183011649
"02",2026-10-03,1,2026-10-10,"wk inc flu hosp","quantile","0.3",11.0688830332197
"02",2026-10-03,1,2026-10-10,"wk inc flu hosp","quantile","0.35",12.0560811552455
"02",2026-10-03,1,2026-10-10,"wk inc flu hosp","quantile","0.4",13.2899173652849
"02",2026-10-03,1,2026-10-10,"wk inc flu hosp","quantile","0.45",14.4778363036498
"02",2026-10-03,1,2026-10-10,"wk inc flu hosp","quantile","0.5",15.6484288192364
"02",2026-10-03,1,2026-10-10,"wk inc flu hosp","quantile","0.55",16.8733613530138
"02",2026-10-03,1,2026-10-10,"wk inc flu hosp","quantile","0.6",18.3505342956975
"02",2026-10-03,1,2026-10-10,"wk inc flu hosp","quantile","0.65",19.3886225186005
"02",2026-10-03,1,2026-10-10,"wk inc flu hosp","quantile","0.7",21.0514795040914
"02",2026-10-03,1,2026-10-10,"wk inc flu hosp","quantile","0.75",23.1720196846519
"02",2026-10-03,1,2026-10-10,"wk inc flu hosp","quantile","0.8",25.7617551620828
"02",2026-10-03,1,2026-10-10,"wk inc flu hosp","quantile","0.85",28.6308735399242
"02",2026-10-03,1,2026-10-10,"wk inc flu hosp","quantile","0.9",32.8366338265878
"02",2026-10-03,1,2026-10-10,"wk inc flu hosp","quantile","0.95",37.9360637121517
"02",2026-10-03,1,2026-10-10,"wk inc flu hosp","quantile","0.975",45.9208204389883
"02",2026-10-03,1,2026-10-10,"wk inc flu hosp","quantile","0.99",53.2459175789939
"02",2026-10-03,2,2026-10-17,"wk inc flu hosp","quantile","0.01",1.67425459144317
"02",2026-10-03,2,2026-10-17,"wk inc flu hosp","quantile","0.025",1.99274844579895
"02",2026-10-03,2,2026-10-17,"wk inc flu hosp","quantile","0.05",2.46532293940095
"02",2026-10-03,2,2026-10-17,"wk inc flu hosp","quantile","0.1",4.06322723400651
"02",2026-10-03,2,2026-10-17,"wk inc flu hosp","quantile","0.15",5.85176080460958
"02",2026-10-03,2,2026-10-17,"wk inc flu hosp","quantile","0.2",7.50723096528407
"02",2026-10-03,2,2026-10-17,"wk inc flu hosp","quantile","0.25",8.83474475536461
"02",2026-10-03,2,2026-10-17,"wk inc flu hosp","quantile","0.3",10.0660589400236
"02",2026-10-03,2,2026-10-17,"wk inc flu hosp","quantile","0.35",11.2217857308524
"02",2026-10-03,2,2026-10-17,"wk inc flu hosp","quantile","0.4",12.5447714097725
"02",2026-10-03,2,2026-10-17,"wk inc flu hosp","quantile","0.45",13.7340484145583
"02",2026-10-03,2,2026-10-17,"wk inc flu hosp","quantile","0.5",14.9232373465785
"02",2026-10-03,2,2026-10-17,"wk inc flu hosp","quantile","0.55",16.3884756728457
"02",2026-10-03,2,2026-10-17,"wk inc flu hosp","quantile","0.6",18.3775141929476
"02",2026-10-03,2,2026-10-17,"wk inc flu hosp","quantile","0.65",19.8792560577924
"02",2026-10-03,2,2026-10-17,"wk inc flu hosp","quantile","0.7",22.0781715512312
"02",2026-10-03,2,2026-10-17,"wk inc flu hosp","quantile","0.75",24.735491708361
"02",2026-10-03,2,2026-10-17,"wk inc flu hosp","quantile","0.8",28.1091901030282
"02",2026-10-03,2,2026-10-17,"wk inc flu hosp","quantile","0.85",32.2982224709422
"02",2026-10-03,2,2026-10-17,"wk inc flu hosp","quantile","0.9",38.9537550941038
"02",2026-10-03,2,2026-10-17,"wk inc flu hosp","quantile","0.95",47.0410723174921
"02",2026-10-03,2,2026-10-17,"wk inc flu hosp","quantile","0.975",55.5273415173832
"02",2026-10-03,2,2026-10-17,"wk inc flu hosp","quantile","0.99",70.625787548282
"02",2026-10-03,3,2026-10-24,"wk inc flu hosp","quantile","0.01",1.50298634051022
"02",2026-10-03,3,2026-10-24,"wk inc flu hosp","quantile","0.025",1.8004150410253
"02",2026-10-03,3,2026-10-24,"wk inc flu hosp","quantile","0.05",2.29301445571145
"02",2026-10-03,3,2026-10-24,"wk inc flu hosp","quantile","0.1",3.29072207987275
"02",2026-10-03,3,2026-10-24,"wk inc flu hosp","quantile","0.15",4.75819721371077
"02",2026-10-03,3,2026-10-24,"wk inc flu hosp","quantile","0.2",6.18795580613415
"02",2026-10-03,3,2026-10-24,"wk inc flu hosp","quantile","0.25",7.58655441629363
"02",2026-10-03,3,2026-10-24,"wk inc flu hosp","quantile","0.3",8.91583912835615
"02",2026-10-03,3,2026-10-24,"wk inc flu hosp","quantile","0.35",10.2354318973902
"02",2026-10-03,3,2026-10-24,"wk inc flu hosp","quantile","0.4",11.7300247915954
"02",2026-10-03,3,2026-10-24,"wk inc flu hosp","quantile","0.45",13.2518218311182
"02",2026-10-03,3,2026-10-24,"wk inc flu hosp","quantile","0.5",14.7166904960887
"02",2026-10-03,3,2026-10-24,"wk inc flu hosp","quantile","0.55",16.392180801818
"02",2026-10-03,3,2026-10-24,"wk inc flu hosp","quantile","0.6",18.2944422565145
"02",2026-10-03,3,2026-10-24,"wk inc flu hosp","quantile","0.65",20.0232669186021
"02",2026-10-03,3,2026-10-24,"wk inc flu hosp","quantile","0.7",22.4868891923878
"02",2026-10-03,3,2026-10-24,"wk inc flu hosp","quantile","0.75",25.748615227768
"02",2026-10-03,3,2026-10-24,"wk inc flu hosp","quantile","0.8",29.5738634664169
"02",2026-10-03,3,2026-10-24,"wk inc flu hosp","quantile","0.85",33.9819934948264
"02",2026-10-03,3,2026-10-24,"wk inc flu hosp","quantile","0.9",42.6942111016843
"02",2026-10-03,3,2026-10-24,"wk inc flu hosp","quantile","0.95",55.1759902659957
"02",2026-10-03,3,2026-10-24,"wk inc flu hosp","quantile","0.975",68.1734705846261
"02",2026-10-03,3,2026-10-24,"wk inc flu hosp","quantile","0.99",89.7418198489313
"04",2026-10-03,0,2026-10-03,"wk inc flu hosp","quantile","0.01",7.03831450217217
"04",2026-10-03,0,2026-10-03,"wk inc flu hosp","quantile","0.025",10.1157213358413
"04",2026-10-03,0,2026-10-03,"wk inc flu hosp","quantile","0.05",12.2042951694094
"04",2026-10-03,0,2026-10-03,"wk inc flu hosp","quantile","0.1",15.5654629513442
"04",2026-10-03,0,2026-10-03,"wk inc flu hosp","quantile","0.15",18.1523059705339
"04",2026-10-03,0,2026-10-03,"wk inc flu hosp","quantile","0.2",21.0786939240395
"04",2026-10-03,0,2026-10-03,"wk inc flu hosp","quantile","0.25",23.1436346429144
"04",2026-10-03,0,2026-10-03,"wk inc flu hosp","quantile","0.3",25.17105782753
"04",2026-10-03,0,2026-10-03,"wk inc flu hosp","quantile","0.35",27.1655506576104
"04",2026-10-03,0,2026-10-03,"wk inc flu hosp","quantile","0.4",29.0675743924387
"04",2026-10-03,0,2026-10-03,"wk inc flu hosp","quantile","0.45",30.97291699268
"04",2026-10-03,0,2026-10-03,"wk inc flu hosp","quantile","0.5",32.9661224795342
"04",2026-10-03,0,2026-10-03,"wk inc flu hosp","quantile","0.55",34.9204077104127
"04",2026-10-03,0,2026-10-03,"wk inc flu hosp","quantile","0.6",37.5097499664985
"04",2026-10-03,0,2026-10-03,"wk inc flu hosp","quantile","0.65",39.6457763224318
"04",2026-10-03,0,2026-10-03,"wk inc flu hosp","quantile","0.7",42.7588667097234
"04",2026-10-03,0,2026-10-03,"wk inc flu hosp","quantile","0.75",44.9747630907077
"04",2026-10-03,0,2026-10-03,"wk inc flu hosp","quantile","0.8",48.537083415809
"04",2026-10-03,0,2026-10-03,"wk inc flu hosp","quantile","0.85",52.5098642745201
"04",2026-10-03,0,2026-10-03,"wk inc flu hosp","quantile","0.9",58.1671609856786
"04",2026-10-03,0,2026-10-03,"wk inc flu hosp","quantile","0.95",68.9524493869406
"04",2026-10-03,0,2026-10-03,"wk inc flu hosp","quantile","0.975",80.0119682543504
"04",2026-10-03,0,2026-10-03,"wk inc flu hosp","quantile","0.99",99.1354250166822
"04",2026-10-03,1,2026-10-10,"wk inc flu hosp","quantile","0.01",7.01428281102161
"04",2026-10-03,1,2026-10-10,"wk inc flu hosp","quantile","0.025",8.71759079894864
"04",2026-10-03,1,2026-10-10,"wk inc flu hosp","quantile","0.05",9.74864318482716
"04",2026-10-03,1,2026-10-10,"wk inc flu hosp","quantile","0.1",13.326396766218
"04",2026-10-03,1,2026-10-10,"wk inc flu hosp","quantile","0.15",17.1214718923411
"04",2026-10-03,1,2026-10-10,"wk inc flu hosp","quantile","0.2",21.3588887943404
"04",2026-10-03,1,2026-10-10,"wk inc flu hosp","quantile","0.25",24.2938810827283
"04",2026-10-03,1,2026-10-10,"wk inc flu hosp","quantile","0.3",26.97598194652
"04",2026-10-03,1,2026-10-10,"wk inc flu hosp","quantile","0.35",30.1744674819183
"04",2026-10-03,1,2026-10-10,"wk inc flu hosp","quantile","0.4",33.2209781691888
"04",2026-10-03,1,2026-10-10,"wk inc flu hosp","quantile","0.45",35.8514361005012
"04",2026-10-03,1,2026-10-10,"wk inc flu hosp","quantile","0.5",38.1147432100784
"04",2026-10-03,1,2026-10-10,"wk inc flu hosp","quantile","0.55",41.4677469821182
"04",2026-10-03,1,2026-10-10,"wk inc flu hosp","quantile","0.6",45.5134722567717
"04",2026-10-03,1,2026-10-10,"wk inc flu hosp","quantile","0.65",49.7820531772451
"04",2026-10-03,1,2026-10-10,"wk inc flu hosp","quantile","0.7",54.3539815631962
"04",2026-10-03,1,2026-10-10,"wk inc flu hosp","quantile","0.75",58.8929681596597
"04",2026-10-03,1,2026-10-10,"wk inc flu hosp","quantile","0.8",65.4739542020848
"04",2026-10-03,1,2026-10-10,"wk inc flu hosp","quantile","0.85",72.2581615774708
"04",2026-10-03,1,2026-10-10,"wk inc flu hosp","quantile","0.9",82.4712052789398
"04",2026-10-03,1,2026-10-10,"wk inc flu hosp","quantile","0.95",99.106081507274
"04",2026-10-03,1,2026-10-10,"wk inc flu hosp","quantile","0.975",116.724763880884
"04",2026-10-03,1,2026-10-10,"wk inc flu hosp","quantile","0.99",148.289868688988
"04",2026-10-03,2,2026-10-17,"wk inc flu hosp","quantile","0.01",6.89538564903537
"04",2026-10-03,2,2026-10-17,"wk inc flu hosp","quantile","0.025",8.76236136707804
"04",2026-10-03,2,2026-10-17,"wk inc flu hosp","quantile","0.05",9.42890251542921
"04",2026-10-03,2,2026-10-17,"wk inc flu hosp","quantile","0.1",12.692946000118
"04",2026-10-03,2,2026-10-17,"wk inc flu hosp","quantile","0.15",16.7365399049687
"04",2026-10-03,2,2026-10-17,"wk inc flu hosp","quantile","0.2",21.2179334601854
"04",2026-10-03,2,2026-10-17,"wk inc flu hosp","quantile","0.25",25.4062606223118
"04",2026-10-03,2,2026-10-17,"wk inc flu hosp","quantile","0.3",29.5110641337131
"04",2026-10-03,2,2026-10-17,"wk inc flu hosp","quantile","0.35",33.2509205956431
"04",2026-10-03,2,2026-10-17,"wk inc flu hosp","quantile","0.4",37.8688174052938
"04",2026-10-03,2,2026-10-17,"wk inc flu hosp","quantile","0.45",42.3498219883648
"04",2026-10-03,2,2026-10-17,"wk inc flu hosp","quantile","0.5",46.3716423127177
"04",2026-10-03,2,2026-10-17,"wk inc flu hosp","quantile","0.55",50.1101146805708
"04",2026-10-03,2,2026-10-17,"wk inc flu hosp","quantile","0.6",55.1842138705133
"04",2026-10-03,2,2026-10-17,"wk inc flu hosp","quantile","0.65",61.1231734833137
"04",2026-10-03,2,2026-10-17,"wk inc flu hosp","quantile","0.7",68.438764506232
"04",2026-10-03,2,2026-10-17,"wk inc flu hosp","quantile","0.75",74.3631480453269
"04",2026-10-03,2,2026-10-17,"wk inc flu hosp","quantile","0.8",84.4428683082557
"04",2026-10-03,2,2026-10-17,"wk inc flu hosp","quantile","0.85",96.5433717356173
"04",2026-10-03,2,2026-10-17,"wk inc flu hosp","quantile","0.9",111.775158185942
"04",2026-10-03,2,2026-10-17,"wk inc flu hosp","quantile","0.95",140.270239665041
"04",2026-10-03,2,2026-10-17,"wk inc flu hosp","quantile","0.975",167.821044979383
"04",2026-10-03,2,2026-10-17,"wk inc flu hosp","quantile","0.99",211.967615996851
"04",2026-10-03,3,2026-10-24,"wk inc flu hosp","quantile","0.01",6.93557028379703
"04",2026-10-03,3,2026-10-24,"wk inc flu hosp","quantile","0.025",8.77334473676914
"04",2026-10-03,3,2026-10-24,"wk inc flu hosp","quantile","0.05",9.43413560578158
"04",2026-10-03,3,2026-10-24,"wk inc flu hosp","quantile","0.1",12.171597166732
"04",2026-10-03,3,2026-10-24,"wk inc flu hosp","quantile","0.15",17.3442745585597
"04",2026-10-03,3,2026-10-24,"wk inc flu hosp","quantile","0.2",23.1064730264352
"04",2026-10-03,3,2026-10-24,"wk inc flu hosp","quantile","0.25",28.1477506522096
"04",2026-10-03,3,2026-10-24,"wk inc flu hosp","quantile","0.3",33.0522187456556
"04",2026-10-03,3,2026-10-24,"wk inc flu hosp","quantile","0.35",37.5403676544948
"04",2026-10-03,3,2026-10-24,"wk inc flu hosp","quantile","0.4",43.601907054762
"04",2026-10-03,3,2026-10-24,"wk inc flu hosp","quantile","0.45",49.542486499856
"04",2026-10-03,3,2026-10-24,"wk inc flu hosp","quantile","0.5",54.8360408888811
"04",2026-10-03,3,2026-10-24,"wk inc flu hosp","quantile","0.55",61.0811842134593
"04",2026-10-03,3,2026-10-24,"wk inc flu hosp","quantile","0.6",66.7832762814468
"04",2026-10-03,3,2026-10-24,"wk inc flu hosp","quantile","0.65",75.3747440277325
"04",2026-10-03,3,2026-10-24,"wk inc flu hosp","quantile","0.7",84.2035053751821
"04",2026-10-03,3,2026-10-24,"wk inc flu hosp","quantile","0.75",93.1414804969527
"04",2026-10-03,3,2026-10-24,"wk inc flu hosp","quantile","0.8",106.452168294487
"04",2026-10-03,3,2026-10-24,"wk inc flu hosp","quantile","0.85",121.637483938859
"04",2026-10-03,3,2026-10-24,"wk inc flu hosp","quantile","0.9",143.494466417751
"04",2026-10-03,3,2026-10-24,"wk inc flu hosp","quantile","0.95",185.579715948548
"04",2026-10-03,3,2026-10-24,"wk inc flu hosp","quantile","0.975",228.76293813772
"04",2026-10-03,3,2026-10-24,"wk inc flu hosp","quantile","0.99",292.086721145588
"05",2026-10-03,0,2026-10-03,"wk inc flu hosp","quantile","0.01",1.61882869031623
"05",2026-10-03,0,2026-10-03,"wk inc flu hosp","quantile","0.025",2.4386218670388
"05",2026-10-03,0,2026-10-03,"wk inc flu hosp","quantile","0.05",3.32026210637688
"05",2026-10-03,0,2026-10-03,"wk inc flu hosp","quantile","0.1",4.64540429913307
"05",2026-10-03,0,2026-10-03,"wk inc flu hosp","quantile","0.15",5.57518269001392
"05",2026-10-03,0,2026-10-03,"wk inc flu hosp","quantile","0.2",6.54061363643131
"05",2026-10-03,0,2026-10-03,"wk inc flu hosp","quantile","0.25",7.39117415382866
"05",2026-10-03,0,2026-10-03,"wk inc flu hosp","quantile","0.3",8.19889694972301
"05",2026-10-03,0,2026-10-03,"wk inc flu hosp","quantile","0.35",9.0816558103708
"05",2026-10-03,0,2026-10-03,"wk inc flu hosp","quantile","0.4",9.86963835404323
"05",2026-10-03,0,2026-10-03,"wk inc flu hosp","quantile","0.45",10.79260800331
"05",2026-10-03,0,2026-10-03,"wk inc flu hosp","quantile","0.5",11.7734617108508
"05",2026-10-03,0,2026-10-03,"wk inc flu hosp","quantile","0.55",12.5789909605537
"05",2026-10-03,0,2026-10-03,"wk inc flu hosp","quantile","0.6",13.4125171614296
"05",2026-10-03,0,2026-10-03,"wk inc flu hosp","quantile","0.65",14.3342727891464
"05",2026-10-03,0,2026-10-03,"wk inc flu hosp","quantile","0.7",15.4125329530813
"05",2026-10-03,0,2026-10-03,"wk inc flu hosp","quantile","0.75",16.68143383752
"05",2026-10-03,0,2026-10-03,"wk inc flu hosp","quantile","0.8",18.2219070210858
"05",2026-10-03,0,2026-10-03,"wk inc flu hosp","quantile","0.85",20.0498786972791
"05",2026-10-03,0,2026-10-03,"wk inc flu hosp","quantile","0.9",21.9888267256765
"05",2026-10-03,0,2026-10-03,"wk inc flu hosp","quantile","0.95",26.2648127530189
"05",2026-10-03,0,2026-10-03,"wk inc flu hosp","quantile","0.975",31.2296603451298
"05",2026-10-03,0,2026-10-03,"wk inc flu hosp","quantile","0.99",39.9934933260138
"05",2026-10-03,1,2026-10-10,"wk inc flu hosp","quantile","0.01",1.59770218923231
"05",2026-10-03,1,2026-10-10,"wk inc flu hosp","quantile","0.025",2.15831541212978
"05",2026-10-03,1,2026-10-10,"wk inc flu hosp","quantile","0.05",2.35298970896962
"05",2026-10-03,1,2026-10-10,"wk inc flu hosp","quantile","0.1",3.92101858754959
"05",2026-10-03,1,2026-10-10,"wk inc flu hosp","quantile","0.15",5.12981356379913
"05",2026-10-03,1,2026-10-10,"wk inc flu hosp","quantile","0.2",6.50947319245744
"05",2026-10-03,1,2026-10-10,"wk inc flu hosp","quantile","0.25",7.71646571732655
"05",2026-10-03,1,2026-10-10,"wk inc flu hosp","quantile","0.3",9.10132393352102
"05",2026-10-03,1,2026-10-10,"wk inc flu hosp","quantile","0.35",10.415675788715
"05",2026-10-03,1,2026-10-10,"wk inc flu hosp","quantile","0.4",11.551733812459
"05",2026-10-03,1,2026-10-10,"wk inc flu hosp","quantile","0.45",12.7979716264467
"05",2026-10-03,1,2026-10-10,"wk inc flu hosp","quantile","0.5",14.3530525159561
"05",2026-10-03,1,2026-10-10,"wk inc flu hosp","quantile","0.55",15.6052122069022
"05",2026-10-03,1,2026-10-10,"wk inc flu hosp","quantile","0.6",16.8596715890289
"05",2026-10-03,1,2026-10-10,"wk inc flu hosp","quantile","0.65",18.4460312951434
"05",2026-10-03,1,2026-10-10,"wk inc flu hosp","quantile","0.7",20.2597242213146
"05",2026-10-03,1,2026-10-10,"wk inc flu hosp","quantile","0.75",22.4070636803659
"05",2026-10-03,1,2026-10-10,"wk inc flu hosp","quantile","0.8",24.927076659182
"05",2026-10-03,1,2026-10-10,"wk inc flu hosp","quantile","0.85",27.7779240066076
"05",2026-10-03,1,2026-10-10,"wk inc flu hosp","quantile","0.9",31.6141008384314
"05",2026-10-03,1,2026-10-10,"wk inc flu hosp","quantile","0.95",39.4413497323474
"05",2026-10-03,1,2026-10-10,"wk inc flu hosp","quantile","0.975",47.9817770837962
"05",2026-10-03,1,2026-10-10,"wk inc flu hosp","quantile","0.99",60.8202550410028
"05",2026-10-03,2,2026-10-17,"wk inc flu hosp","quantile","0.01",1.55457635343416
"05",2026-10-03,2,2026-10-17,"wk inc flu hosp","quantile","0.025",2.12110002263141
"05",2026-10-03,2,2026-10-17,"wk inc flu hosp","quantile","0.05",2.39830446707409
"05",2026-10-03,2,2026-10-17,"wk inc flu hosp","quantile","0.1",3.47560695767757
"05",2026-10-03,2,2026-10-17,"wk inc flu hosp","quantile","0.15",5.26961152781852
"05",2026-10-03,2,2026-10-17,"wk inc flu hosp","quantile","0.2",6.87040465911076
"05",2026-10-03,2,2026-10-17,"wk inc flu hosp","quantile","0.25",8.46080637259353
"05",2026-10-03,2,2026-10-17,"wk inc flu hosp","quantile","0.3",10.1265033210297
"05",2026-10-03,2,2026-10-17,"wk inc flu hosp","quantile","0.35",11.8775480034424
"05",2026-10-03,2,2026-10-17,"wk inc flu hosp","quantile","0.4",13.6350215790895
"05",2026-10-03,2,2026-10-17,"wk inc flu hosp","quantile","0.45",15.4167328590033
"05",2026-10-03,2,2026-10-17,"wk inc flu hosp","quantile","0.5",17.3257922409028
"05",2026-10-03,2,2026-10-17,"wk inc flu hosp","quantile","0.55",18.8351873763489
"05",2026-10-03,2,2026-10-17,"wk inc flu hosp","quantile","0.6",20.8121496672555
"05",2026-10-03,2,2026-10-17,"wk inc flu hosp","quantile","0.65",22.7771042053033
"05",2026-10-03,2,2026-10-17,"wk inc flu hosp","quantile","0.7",25.5675845971229
"05",2026-10-03,2,2026-10-17,"wk inc flu hosp","quantile","0.75",28.5222920801582
"05",2026-10-03,2,2026-10-17,"wk inc flu hosp","quantile","0.8",32.1952409542107
"05",2026-10-03,2,2026-10-17,"wk inc flu hosp","quantile","0.85",37.6490523637337
"05",2026-10-03,2,2026-10-17,"wk inc flu hosp","quantile","0.9",45.6302578348004
"05",2026-10-03,2,2026-10-17,"wk inc flu hosp","quantile","0.95",59.2535760056405
"05",2026-10-03,2,2026-10-17,"wk inc flu hosp","quantile","0.975",70.8475559143698
"05",2026-10-03,2,2026-10-17,"wk inc flu hosp","quantile","0.99",88.7254808499221
"05",2026-10-03,3,2026-10-24,"wk inc flu hosp","quantile","0.01",1.55700186439783
"05",2026-10-03,3,2026-10-24,"wk inc flu hosp","quantile","0.025",2.09597070711108
"05",2026-10-03,3,2026-10-24,"wk inc flu hosp","quantile","0.05",2.38985468822928
"05",2026-10-03,3,2026-10-24,"wk inc flu hosp","quantile","0.1",3.43840740952073
"05",2026-10-03,3,2026-10-24,"wk inc flu hosp","quantile","0.15",5.55947687549398
"05",2026-10-03,3,2026-10-24,"wk inc flu hosp","quantile","0.2",7.67937331419606
"05",2026-10-03,3,2026-10-24,"wk inc flu hosp","quantile","0.25",9.38665934115751
"05",2026-10-03,3,2026-10-24,"wk inc flu hosp","quantile","0.3",11.6616046196692
"05",2026-10-03,3,2026-10-24,"wk inc flu hosp","quantile","0.35",13.8858436054494
"05",2026-10-03,3,2026-10-24,"wk inc flu hosp","quantile","0.4",15.9049929749447
"05",2026-10-03,3,2026-10-24,"wk inc flu hosp","quantile","0.45",18.1618804792213
"05",2026-10-03,3,2026-10-24,"wk inc flu hosp","quantile","0.5",21.0876261938298
"05",2026-10-03,3,2026-10-24,"wk inc flu hosp","quantile","0.55",23.5550252671533
"05",2026-10-03,3,2026-10-24,"wk inc flu hosp","quantile","0.6",26.0467302227223
"05",2026-10-03,3,2026-10-24,"wk inc flu hosp","quantile","0.65",29.3917083578853
"05",2026-10-03,3,2026-10-24,"wk inc flu hosp","quantile","0.7",33.204999371817
"05",2026-10-03,3,2026-10-24,"wk inc flu hosp","quantile","0.75",37.216109650348
"05",2026-10-03,3,2026-10-24,"wk inc flu hosp","quantile","0.8",42.1476219277175
"05",2026-10-03,3,2026-10-24,"wk inc flu hosp","quantile","0.85",48.8202400644163
"05",2026-10-03,3,2026-10-24,"wk inc flu hosp","quantile","0.9",60.6349894446871
"05",2026-10-03,3,2026-10-24,"wk inc flu hosp","quantile","0.95",79.3028892572538
"05",2026-10-03,3,2026-10-24,"wk inc flu hosp","quantile","0.975",103.509733594708
"05",2026-10-03,3,2026-10-24,"wk inc flu hosp","quantile","0.99",127.373892130805
"06",2026-10-03,0,2026-10-03,"wk inc flu hosp","quantile","0.01",246.888793371584
"06",2026-10-03,0,2026-10-03,"wk inc flu hosp","quantile","0.025",275.369180434571
"06",2026-10-03,0,2026-10-03,"wk inc flu hosp","quantile","0.05",301.988479061174
"06",2026-10-03,0,2026-10-03,"wk inc flu hosp","quantile","0.1",326.254128818986
"06",2026-10-03,0,2026-10-03,"wk inc flu hosp","quantile","0.15",346.031479839273
"06",2026-10-03,0,2026-10-03,"wk inc flu hosp","quantile","0.2",363.225988875834
"06",2026-10-03,0,2026-10-03,"wk inc flu hosp","quantile","0.25",374.754062886163
"06",2026-10-03,0,2026-10-03,"wk inc flu hosp","quantile","0.3",387.44642565266
"06",2026-10-03,0,2026-10-03,"wk inc flu hosp","quantile","0.35",400.816988481467
"06",2026-10-03,0,2026-10-03,"wk inc flu hosp","quantile","0.4",409.101369238143
"06",2026-10-03,0,2026-10-03,"wk inc flu hosp","quantile","0.45",415.805570990548
"06",2026-10-03,0,2026-10-03,"wk inc flu hosp","quantile","0.5",427.621242941253
"06",2026-10-03,0,2026-10-03,"wk inc flu hosp","quantile","0.55",439.92672929784
"06",2026-10-03,0,2026-10-03,"wk inc flu hosp","quantile","0.6",456.406195071299
"06",2026-10-03,0,2026-10-03,"wk inc flu hosp","quantile","0.65",466.254718323832
"06",2026-10-03,0,2026-10-03,"wk inc flu hosp","quantile","0.7",481.391652785
"06",2026-10-03,0,2026-10-03,"wk inc flu hosp","quantile","0.75",505.726230582137
"06",2026-10-03,0,2026-10-03,"wk inc flu hosp","quantile","0.8",524.802552574761
"06",2026-10-03,0,2026-10-03,"wk inc flu hosp","quantile","0.85",554.412330475632
"06",2026-10-03,0,2026-10-03,"wk inc flu hosp","quantile","0.9",583.25964766805
"06",2026-10-03,0,2026-10-03,"wk inc flu hosp","quantile","0.95",641.471806410237
"06",2026-10-03,0,2026-10-03,"wk inc flu hosp","quantile","0.975",696.026700349982
"06",2026-10-03,0,2026-10-03,"wk inc flu hosp","quantile","0.99",778.01606558884
"06",2026-10-03,1,2026-10-10,"wk inc flu hosp","quantile","0.01",211.91572368082
"06",2026-10-03,1,2026-10-10,"wk inc flu hosp","quantile","0.025",251.1651863909
"06",2026-10-03,1,2026-10-10,"wk inc flu hosp","quantile","0.05",284.719367781018
"06",2026-10-03,1,2026-10-10,"wk inc flu hosp","quantile","0.1",317.29608797768
"06",2026-10-03,1,2026-10-10,"wk inc flu hosp","quantile","0.15",348.526611436596
"06",2026-10-03,1,2026-10-10,"wk inc flu hosp","quantile","0.2",371.559640319361
"06",2026-10-03,1,2026-10-10,"wk inc flu hosp","quantile","0.25",392.457297401182
"06",2026-10-03,1,2026-10-10,"wk inc flu hosp","quantile","0.3",412.706934351203
"06",2026-10-03,1,2026-10-10,"wk inc flu hosp","quantile","0.35",423.605255665485
"06",2026-10-03,1,2026-10-10,"wk inc flu hosp","quantile","0.4",436.151229967762
"06",2026-10-03,1,2026-10-10,"wk inc flu hosp","quantile","0.45",454.603197974589
"06",2026-10-03,1,2026-10-10,"wk inc flu hosp","quantile","0.5",464.152245098633
"06",2026-10-03,1,2026-10-10,"wk inc flu hosp","quantile","0.55",482.018396384334
"06",2026-10-03,1,2026-10-10,"wk inc flu hosp","quantile","0.6",510.050742048793
"06",2026-10-03,1,2026-10-10,"wk inc flu hosp","quantile","0.65",527.220939482409
"06",2026-10-03,1,2026-10-10,"wk inc flu hosp","quantile","0.7",548.815696229089
"06",2026-10-03,1,2026-10-10,"wk inc flu hosp","quantile","0.75",584.027652291756
"06",2026-10-03,1,2026-10-10,"wk inc flu hosp","quantile","0.8",618.259648805244
"06",2026-10-03,1,2026-10-10,"wk inc flu hosp","quantile","0.85",681.353898141273
"06",2026-10-03,1,2026-10-10,"wk inc flu hosp","quantile","0.9",735.521059388716
"06",2026-10-03,1,2026-10-10,"wk inc flu hosp","quantile","0.95",841.75667678591
"06",2026-10-03,1,2026-10-10,"wk inc flu hosp","quantile","0.975",928.390784063186
"06",2026-10-03,1,2026-10-10,"wk inc flu hosp","quantile","0.99",1019.64833289952
"06",2026-10-03,2,2026-10-17,"wk inc flu hosp","quantile","0.01",189.15582875546
"06",2026-10-03,2,2026-10-17,"wk inc flu hosp","quantile","0.025",232.6738044227
"06",2026-10-03,2,2026-10-17,"wk inc flu hosp","quantile","0.05",275.273382772558
"06",2026-10-03,2,2026-10-17,"wk inc flu hosp","quantile","0.1",312.406251742887
"06",2026-10-03,2,2026-10-17,"wk inc flu hosp","quantile","0.15",349.723312020922
"06",2026-10-03,2,2026-10-17,"wk inc flu hosp","quantile","0.2",381.679521543036
"06",2026-10-03,2,2026-10-17,"wk inc flu hosp","quantile","0.25",400.66091236673
"06",2026-10-03,2,2026-10-17,"wk inc flu hosp","quantile","0.3",428.800623275973
"06",2026-10-03,2,2026-10-17,"wk inc flu hosp","quantile","0.35",442.074454995875
"06",2026-10-03,2,2026-10-17,"wk inc flu hosp","quantile","0.4",463.468020494476
"06",2026-10-03,2,2026-10-17,"wk inc flu hosp","quantile","0.45",485.421153761662
"06",2026-10-03,2,2026-10-17,"wk inc flu hosp","quantile","0.5",501.490062082723
"06",2026-10-03,2,2026-10-17,"wk inc flu hosp","quantile","0.55",521.700871081964
"06",2026-10-03,2,2026-10-17,"wk inc flu hosp","quantile","0.6",552.041148051126
"06",2026-10-03,2,2026-10-17,"wk inc flu hosp","quantile","0.65",575.760102734144
"06",2026-10-03,2,2026-10-17,"wk inc flu hosp","quantile","0.7",604.539706522844
"06",2026-10-03,2,2026-10-17,"wk inc flu hosp","quantile","0.75",640.006615757335
"06",2026-10-03,2,2026-10-17,"wk inc flu hosp","quantile","0.8",680.190736803002
"06",2026-10-03,2,2026-10-17,"wk inc flu hosp","quantile","0.85",736.437914673314
"06",2026-10-03,2,2026-10-17,"wk inc flu hosp","quantile","0.9",829.152125310661
"06",2026-10-03,2,2026-10-17,"wk inc flu hosp","quantile","0.95",1041.03703280872
"06",2026-10-03,2,2026-10-17,"wk inc flu hosp","quantile","0.975",1146.00111464555
"06",2026-10-03,2,2026-10-17,"wk inc flu hosp","quantile","0.99",1313.6725152271
"06",2026-10-03,3,2026-10-24,"wk inc flu hosp","quantile","0.01",169.034140748095
"06",2026-10-03,3,2026-10-24,"wk inc flu hosp","quantile","0.025",216.771222106762
"06",2026-10-03,3,2026-10-24,"wk inc flu hosp","quantile","0.05",257.560953503361
"06",2026-10-03,3,2026-10-24,"wk inc flu hosp","quantile","0.1",307.287967861349
"06",2026-10-03,3,2026-10-24,"wk inc flu hosp","quantile","0.15",350.77768230938
"06",2026-10-03,3,2026-10-24,"wk inc flu hosp","quantile","0.2",385.049819935177
"06",2026-10-03,3,2026-10-24,"wk inc flu hosp","quantile","0.25",412.143146920873
"06",2026-10-03,3,2026-10-24,"wk inc flu hosp","quantile","0.3",445.577287391108
"06",2026-10-03,3,2026-10-24,"wk inc flu hosp","quantile","0.35",465.277393427398
"06",2026-10-03,3,2026-10-24,"wk inc flu hosp","quantile","0.4",489.54431318454
"06",2026-10-03,3,2026-10-24,"wk inc flu hosp","quantile","0.45",515.114824988786
"06",2026-10-03,3,2026-10-24,"wk inc flu hosp","quantile","0.5",549.515418831508
"06",2026-10-03,3,2026-10-24,"wk inc flu hosp","quantile","0.55",570.6004158876
"06",2026-10-03,3,2026-10-24,"wk inc flu hosp","quantile","0.6",596.616804260169
"06",2026-10-03,3,2026-10-24,"wk inc flu hosp","quantile","0.65",634.342445701778
"06",2026-10-03,3,2026-10-24,"wk inc flu hosp","quantile","0.7",662.008285399262
"06",2026-10-03,3,2026-10-24,"wk inc flu hosp","quantile","0.75",697.198507045526
"06",2026-10-03,3,2026-10-24,"wk inc flu hosp","quantile","0.8",757.512734896203
"06",2026-10-03,3,2026-10-24,"wk inc flu hosp","quantile","0.85",817.831555015857
"06",2026-10-03,3,2026-10-24,"wk inc flu hosp","quantile","0.9",934.435390855207
"06",2026-10-03,3,2026-10-24,"wk inc flu hosp","quantile","0.95",1141.44111404452
"06",2026-10-03,3,2026-10-24,"wk inc flu hosp","quantile","0.975",1323.49876875352
"06",2026-10-03,3,2026-10-24,"wk inc flu hosp","quantile","0.99",1541.28383763074
"08",2026-10-03,0,2026-10-03,"wk inc flu hosp","quantile","0.01",7.63073811053164
"08",2026-10-03,0,2026-10-03,"wk inc flu hosp","quantile","0.025",9.9624548906476
"08",2026-10-03,0,2026-10-03,"wk inc flu hosp","quantile","0.05",11.7989930639783
"08",2026-10-03,0,2026-10-03,"wk inc flu hosp","quantile","0.1",14.9747226064583
"08",2026-10-03,0,2026-10-03,"wk inc flu hosp","quantile","0.15",16.7661609516356
"08",2026-10-03,0,2026-10-03,"wk inc flu hosp","quantile","0.2",19.0062653322325
"08",2026-10-03,0,2026-10-03,"wk inc flu hosp","quantile","0.25",21.0473499896936
"08",2026-10-03,0,2026-10-03,"wk inc flu hosp","quantile","0.3",23.0631302321916
"08",2026-10-03,0,2026-10-03,"wk inc flu hosp","quantile","0.35",24.6024950905165
"08",2026-10-03,0,2026-10-03,"wk inc flu hosp","quantile","0.4",26.2259842429854
"08",2026-10-03,0,2026-10-03,"wk inc flu hosp","quantile","0.45",27.3261043415675
"08",2026-10-03,0,2026-10-03,"wk inc flu hosp","quantile","0.5",28.2945483897037
"08",2026-10-03,0,2026-10-03,"wk inc flu hosp","quantile","0.55",29.5362330818677
"08",2026-10-03,0,2026-10-03,"wk inc flu hosp","quantile","0.6",30.9235147732633
"08",2026-10-03,0,2026-10-03,"wk inc flu hosp","quantile","0.65",32.2954276441832
"08",2026-10-03,0,2026-10-03,"wk inc flu hosp","quantile","0.7",34.2557002553513
"08",2026-10-03,0,2026-10-03,"wk inc flu hosp","quantile","0.75",36.0796457703251
"08",2026-10-03,0,2026-10-03,"wk inc flu hosp","quantile","0.8",38.4629459431508
"08",2026-10-03,0,2026-10-03,"wk inc flu hosp","quantile","0.85",41.4000390203942
"08",2026-10-03,0,2026-10-03,"wk inc flu hosp","quantile","0.9",45.0169776795948
"08",2026-10-03,0,2026-10-03,"wk inc flu hosp","quantile","0.95",51.9695543313744
"08",2026-10-03,0,2026-10-03,"wk inc flu hosp","quantile","0.975",60.7553436219116
"08",2026-10-03,0,2026-10-03,"wk inc flu hosp","quantile","0.99",74.2645550960174
"08",2026-10-03,1,2026-10-10,"wk inc flu hosp","quantile","0.01",4.36091406619902
"08",2026-10-03,1,2026-10-10,"wk inc flu hosp","quantile","0.025",7.62015908282376
"08",2026-10-03,1,2026-10-10,"wk inc flu hosp","quantile","0.05",9.9669443031273
"08",2026-10-03,1,2026-10-10,"wk inc flu hosp","quantile","0.1",14.094678873974
"08",2026-10-03,1,2026-10-10,"wk inc flu hosp","quantile","0.15",16.9118897753066
"08",2026-10-03,1,2026-10-10,"wk inc flu hosp","quantile","0.2",20.0143857699994
"08",2026-10-03,1,2026-10-10,"wk inc flu hosp","quantile","0.25",22.8296584828621
"08",2026-10-03,1,2026-10-10,"wk inc flu hosp","quantile","0.3",25.5042861522289
"08",2026-10-03,1,2026-10-10,"wk inc flu hosp","quantile","0.35",27.7085497392178
"08",2026-10-03,1,2026-10-10,"wk inc flu hosp","quantile","0.4",30.2959795404175
"08",2026-10-03,1,2026-10-10,"wk inc flu hosp","quantile","0.45",32.5784706490059
"08",2026-10-03,1,2026-10-10,"wk inc flu hosp","quantile","0.5",34.2319378598397
"08",2026-10-03,1,2026-10-10,"wk inc flu hosp","quantile","0.55",36.2284487998376
"08",2026-10-03,1,2026-10-10,"wk inc flu hosp","quantile","0.6",38.3458050012216
"08",2026-10-03,1,2026-10-10,"wk inc flu hosp","quantile","0.65",41.0507184122925
"08",2026-10-03,1,2026-10-10,"wk inc flu hosp","quantile","0.7",44.0502508795946
"08",2026-10-03,1,2026-10-10,"wk inc flu hosp","quantile","0.75",47.3807982665308
"08",2026-10-03,1,2026-10-10,"wk inc flu hosp","quantile","0.8",51.316014163837
"08",2026-10-03,1,2026-10-10,"wk inc flu hosp","quantile","0.85",55.9042063258315
"08",2026-10-03,1,2026-10-10,"wk inc flu hosp","quantile","0.9",62.8174377100814
"08",2026-10-03,1,2026-10-10,"wk inc flu hosp","quantile","0.95",71.7160138115012
"08",2026-10-03,1,2026-10-10,"wk inc flu hosp","quantile","0.975",85.8677438849406
"08",2026-10-03,1,2026-10-10,"wk inc flu hosp","quantile","0.99",102.674248597943
"08",2026-10-03,2,2026-10-17,"wk inc flu hosp","quantile","0.01",4.26902867610759
"08",2026-10-03,2,2026-10-17,"wk inc flu hosp","quantile","0.025",5.22029782524035
"08",2026-10-03,2,2026-10-17,"wk inc flu hosp","quantile","0.05",8.44462875817784
"08",2026-10-03,2,2026-10-17,"wk inc flu hosp","quantile","0.1",13.049426710267
"08",2026-10-03,2,2026-10-17,"wk inc flu hosp","quantile","0.15",17.043160475126
"08",2026-10-03,2,2026-10-17,"wk inc flu hosp","quantile","0.2",20.7507311279134
"08",2026-10-03,2,2026-10-17,"wk inc flu hosp","quantile","0.25",24.1667950528579
"08",2026-10-03,2,2026-10-17,"wk inc flu hosp","quantile","0.3",27.9740501302165
"08",2026-10-03,2,2026-10-17,"wk inc flu hosp","quantile","0.35",30.3081780587739
"08",2026-10-03,2,2026-10-17,"wk inc flu hosp","quantile","0.4",33.3858162445844
"08",2026-10-03,2,2026-10-17,"wk inc flu hosp","quantile","0.45",36.6900663481233
"08",2026-10-03,2,2026-10-17,"wk inc flu hosp","quantile","0.5",39.7511650003336
"08",2026-10-03,2,2026-10-17,"wk inc flu hosp","quantile","0.55",42.3701974804905
"08",2026-10-03,2,2026-10-17,"wk inc flu hosp","quantile","0.6",45.5743555733143
"08",2026-10-03,2,2026-10-17,"wk inc flu hosp","quantile","0.65",48.8168215106111
"08",2026-10-03,2,2026-10-17,"wk inc flu hosp","quantile","0.7",53.2293078152824
"08",2026-10-03,2,2026-10-17,"wk inc flu hosp","quantile","0.75",57.8883448211696
"08",2026-10-03,2,2026-10-17,"wk inc flu hosp","quantile","0.8",63.3306604040814
"08",2026-10-03,2,2026-10-17,"wk inc flu hosp","quantile","0.85",70.8976403589091
"08",2026-10-03,2,2026-10-17,"wk inc flu hosp","quantile","0.9",81.5364752575699
"08",2026-10-03,2,2026-10-17,"wk inc flu hosp","quantile","0.95",101.565808842588
"08",2026-10-03,2,2026-10-17,"wk inc flu hosp","quantile","0.975",119.389817365866
"08",2026-10-03,2,2026-10-17,"wk inc flu hosp","quantile","0.99",142.839235003957
"08",2026-10-03,3,2026-10-24,"wk inc flu hosp","quantile","0.01",4.16546902872631
"08",2026-10-03,3,2026-10-24,"wk inc flu hosp","quantile","0.025",5.00390543518049
"08",2026-10-03,3,2026-10-24,"wk inc flu hosp","quantile","0.05",7.62575023788219
"08",2026-10-03,3,2026-10-24,"wk inc flu hosp","quantile","0.1",12.8752468832646
"08",2026-10-03,3,2026-10-24,"wk inc flu hosp","quantile","0.15",17.1621576001305
"08",2026-10-03,3,2026-10-24,"wk inc flu hosp","quantile","0.2",21.3793188240221
"08",2026-10-03,3,2026-10-24,"wk inc flu hosp","quantile","0.25",25.9092308581746
"08",2026-10-03,3,2026-10-24,"wk inc flu hosp","quantile","0.3",30.4955249553782
"08",2026-10-03,3,2026-10-24,"wk inc flu hosp","quantile","0.35",33.8308327716148
"08",2026-10-03,3,2026-10-24,"wk inc flu hosp","quantile","0.4",37.8156315566723
"08",2026-10-03,3,2026-10-24,"wk inc flu hosp","quantile","0.45",41.6539699237282
"08",2026-10-03,3,2026-10-24,"wk inc flu hosp","quantile","0.5",45.5836981224198
"08",2026-10-03,3,2026-10-24,"wk inc flu hosp","quantile","0.55",50.1740742594136
"08",2026-10-03,3,2026-10-24,"wk inc flu hosp","quantile","0.6",53.9426038429175
"08",2026-10-03,3,2026-10-24,"wk inc flu hosp","quantile","0.65",59.8802281119759
"08",2026-10-03,3,2026-10-24,"wk inc flu hosp","quantile","0.7",65.084856320993
"08",2026-10-03,3,2026-10-24,"wk inc flu hosp","quantile","0.75",69.6095313098825
"08",2026-10-03,3,2026-10-24,"wk inc flu hosp","quantile","0.8",76.9363616647237
"08",2026-10-03,3,2026-10-24,"wk inc flu hosp","quantile","0.85",87.543413364497
"08",2026-10-03,3,2026-10-24,"wk inc flu hosp","quantile","0.9",103.293879237261
"08",2026-10-03,3,2026-10-24,"wk inc flu hosp","quantile","0.95",130.008400283597
"08",2026-10-03,3,2026-10-24,"wk inc flu hosp","quantile","0.975",156.217823644578
"08",2026-10-03,3,2026-10-24,"wk inc flu hosp","quantile","0.99",192.773910513157
"09",2026-10-03,0,2026-10-03,"wk inc flu hosp","quantile","0.01",0.612575401894407
"09",2026-10-03,0,2026-10-03,"wk inc flu hosp","quantile","0.025",1.12655222449389
"09",2026-10-03,0,2026-10-03,"wk inc flu hosp","quantile","0.05",1.63729678191288
"09",2026-10-03,0,2026-10-03,"wk inc flu hosp","quantile","0.1",2.76456975722631
"09",2026-10-03,0,2026-10-03,"wk inc flu hosp","quantile","0.15",3.83764737714695
"09",2026-10-03,0,2026-10-03,"wk inc flu hosp","quantile","0.2",4.9940685109813
"09",2026-10-03,0,2026-10-03,"wk inc flu hosp","quantile","0.25",5.93613569242682
"09",2026-10-03,0,2026-10-03,"wk inc flu hosp","quantile","0.3",6.73387991234282
"09",2026-10-03,0,2026-10-03,"wk inc flu hosp","quantile","0.35",7.5838212784241
"09",2026-10-03,0,2026-10-03,"wk inc flu hosp","quantile","0.4",8.49877915793586
"09",2026-10-03,0,2026-10-03,"wk inc flu hosp","quantile","0.45",9.31336042599063
"09",2026-10-03,0,2026-10-03,"wk inc flu hosp","quantile","0.5",10.2443372320884
"09",2026-10-03,0,2026-10-03,"wk inc flu hosp","quantile","0.55",11.0177173034788
"09",2026-10-03,0,2026-10-03,"wk inc flu hosp","quantile","0.6",11.8873703595294
"09",2026-10-03,0,2026-10-03,"wk inc flu hosp","quantile","0.65",12.994079383089
"09",2026-10-03,0,2026-10-03,"wk inc flu hosp","quantile","0.7",14.10525678438
"09",2026-10-03,0,2026-10-03,"wk inc flu hosp","quantile","0.75",15.2734629363157
"09",2026-10-03,0,2026-10-03,"wk inc flu hosp","quantile","0.8",16.5610064282887
"09",2026-10-03,0,2026-10-03,"wk inc flu hosp","quantile","0.85",18.0095950063899
"09",2026-10-03,0,2026-10-03,"wk inc flu hosp","quantile","0.9",19.994968805323
"09",2026-10-03,0,2026-10-03,"wk inc flu hosp","quantile","0.95",23.7178504282081
"09",2026-10-03,0,2026-10-03,"wk inc flu hosp","quantile","0.975",28.6026869871377
"09",2026-10-03,0,2026-10-03,"wk inc flu hosp","quantile","0.99",36.4184410895882
"09",2026-10-03,1,2026-10-10,"wk inc flu hosp","quantile","0.01",0.570759254319373
"09",2026-10-03,1,2026-10-10,"wk inc flu hosp","quantile","0.025",1.11955935379381
"09",2026-10-03,1,2026-10-10,"wk inc flu hosp","quantile","0.05",1.2815325457096
"09",2026-10-03,1,2026-10-10,"wk inc flu hosp","quantile","0.1",1.72658521031549
"09",2026-10-03,1,2026-10-10,"wk inc flu hosp","quantile","0.15",2.95767941990864
"09",2026-10-03,1,2026-10-10,"wk inc flu hosp","quantile","0.2",4.48307793402782
"09",2026-10-03,1,2026-10-10,"wk inc flu hosp","quantile","0.25",5.55551386441672
"09",2026-10-03,1,2026-10-10,"wk inc flu hosp","quantile","0.3",6.7800980249114
"09",2026-10-03,1,2026-10-10,"wk inc flu hosp","quantile","0.35",7.92319783465587
"09",2026-10-03,1,2026-10-10,"wk inc flu hosp","quantile","0.4",9.07136593238603
"09",2026-10-03,1,2026-10-10,"wk inc flu hosp","quantile","0.45",10.4511667797766
"09",2026-10-03,1,2026-10-10,"wk inc flu hosp","quantile","0.5",11.6960491841786
"09",2026-10-03,1,2026-10-10,"wk inc flu hosp","quantile","0.55",12.9800292796025
"09",2026-10-03,1,2026-10-10,"wk inc flu hosp","quantile","0.6",14.3789932639398
"09",2026-10-03,1,2026-10-10,"wk inc flu hosp","quantile","0.65",15.8068943598165
"09",2026-10-03,1,2026-10-10,"wk inc flu hosp","quantile","0.7",17.6173655390043
"09",2026-10-03,1,2026-10-10,"wk inc flu hosp","quantile","0.75",19.5962269360224
"09",2026-10-03,1,2026-10-10,"wk inc flu hosp","quantile","0.8",21.7406213636261
"09",2026-10-03,1,2026-10-10,"wk inc flu hosp","quantile","0.85",24.5529217638357
"09",2026-10-03,1,2026-10-10,"wk inc flu hosp","quantile","0.9",28.4620789926211
"09",2026-10-03,1,2026-10-10,"wk inc flu hosp","quantile","0.95",34.2091415925082
"09",2026-10-03,1,2026-10-10,"wk inc flu hosp","quantile","0.975",42.1640490222659
"09",2026-10-03,1,2026-10-10,"wk inc flu hosp","quantile","0.99",54.2149855180209
"09",2026-10-03,2,2026-10-17,"wk inc flu hosp","quantile","0.01",0.487332651267168
"09",2026-10-03,2,2026-10-17,"wk inc flu hosp","quantile","0.025",1.08477756107211
"09",2026-10-03,2,2026-10-17,"wk inc flu hosp","quantile","0.05",1.29267260867919
"09",2026-10-03,2,2026-10-17,"wk inc flu hosp","quantile","0.1",1.48499461028643
"09",2026-10-03,2,2026-10-17,"wk inc flu hosp","quantile","0.15",2.72979878331098
"09",2026-10-03,2,2026-10-17,"wk inc flu hosp","quantile","0.2",4.48269872265138
"09",2026-10-03,2,2026-10-17,"wk inc flu hosp","quantile","0.25",5.86677205765691
"09",2026-10-03,2,2026-10-17,"wk inc flu hosp","quantile","0.3",7.28958994447134
"09",2026-10-03,2,2026-10-17,"wk inc flu hosp","quantile","0.35",9.03159430722432
"09",2026-10-03,2,2026-10-17,"wk inc flu hosp","quantile","0.4",10.6238371568717
"09",2026-10-03,2,2026-10-17,"wk inc flu hosp","quantile","0.45",12.1304030029275
"09",2026-10-03,2,2026-10-17,"wk inc flu hosp","quantile","0.5",13.7502789155688
"09",2026-10-03,2,2026-10-17,"wk inc flu hosp","quantile","0.55",15.7451274683626
"09",2026-10-03,2,2026-10-17,"wk inc flu hosp","quantile","0.6",17.206731007584
"09",2026-10-03,2,2026-10-17,"wk inc flu hosp","quantile","0.65",19.069776176792
"09",2026-10-03,2,2026-10-17,"wk inc flu hosp","quantile","0.7",21.4124011265739
"09",2026-10-03,2,2026-10-17,"wk inc flu hosp","quantile","0.75",24.4014029595057
"09",2026-10-03,2,2026-10-17,"wk inc flu hosp","quantile","0.8",28.0007165920962
"09",2026-10-03,2,2026-10-17,"wk inc flu hosp","quantile","0.85",32.621748511006
"09",2026-10-03,2,2026-10-17,"wk inc flu hosp","quantile","0.9",38.5484340958166
"09",2026-10-03,2,2026-10-17,"wk inc flu hosp","quantile","0.95",49.7940315185288
"09",2026-10-03,2,2026-10-17,"wk inc flu hosp","quantile","0.975",58.8256951013828
"09",2026-10-03,2,2026-10-17,"wk inc flu hosp","quantile","0.99",75.965672966138
"09",2026-10-03,3,2026-10-24,"wk inc flu hosp","quantile","0.01",0.5019860590724
"09",2026-10-03,3,2026-10-24,"wk inc flu hosp","quantile","0.025",1.05431988684127
"09",2026-10-03,3,2026-10-24,"wk inc flu hosp","quantile","0.05",1.30231287051379
"09",2026-10-03,3,2026-10-24,"wk inc flu hosp","quantile","0.1",1.56975298112981
"09",2026-10-03,3,2026-10-24,"wk inc flu hosp","quantile","0.15",2.71242832111021
"09",2026-10-03,3,2026-10-24,"wk inc flu hosp","quantile","0.2",4.93884774075917
"09",2026-10-03,3,2026-10-24,"wk inc flu hosp","quantile","0.25",6.95495266205404
"09",2026-10-03,3,2026-10-24,"wk inc flu hosp","quantile","0.3",8.70190926743314
"09",2026-10-03,3,2026-10-24,"wk inc flu hosp","quantile","0.35",10.6156462390748
"09",2026-10-03,3,2026-10-24,"wk inc flu hosp","quantile","0.4",12.5450021687156
"09",2026-10-03,3,2026-10-24,"wk inc flu hosp","quantile","0.45",14.6380513640431
"09",2026-10-03,3,2026-10-24,"wk inc flu hosp","quantile","0.5",16.8006316088619
"09",2026-10-03,3,2026-10-24,"wk inc flu hosp","quantile","0.55",18.9777757417742
"09",2026-10-03,3,2026-10-24,"wk inc flu hosp","quantile","0.6",21.2181633016872
"09",2026-10-03,3,2026-10-24,"wk inc flu hosp","quantile","0.65",24.0358637978138
"09",2026-10-03,3,2026-10-24,"wk inc flu hosp","quantile","0.7",27.7037685538077
"09",2026-10-03,3,2026-10-24,"wk inc flu hosp","quantile","0.75",31.6114541159659
"09",2026-10-03,3,2026-10-24,"wk inc flu hosp","quantile","0.8",36.1589093757229
"09",2026-10-03,3,2026-10-24,"wk inc flu hosp","quantile","0.85",41.832783617039
"09",2026-10-03,3,2026-10-24,"wk inc flu hosp","quantile","0.9",50.6462067370981
"09",2026-10-03,3,2026-10-24,"wk inc flu hosp","quantile","0.95",64.8880753262803
"09",2026-10-03,3,2026-10-24,"wk inc flu hosp","quantile","0.975",81.022600769694
"09",2026-10-03,3,2026-10-24,"wk inc flu hosp","quantile","0.99",106.159325643148
"10",2026-10-03,0,2026-10-03,"wk inc flu hosp","quantile","0.01",0
"10",2026-10-03,0,2026-10-03,"wk inc flu hosp","quantile","0.025",0
"10",2026-10-03,0,2026-10-03,"wk inc flu hosp","quantile","0.05",0
"10",2026-10-03,0,2026-10-03,"wk inc flu hosp","quantile","0.1",0
"10",2026-10-03,0,2026-10-03,"wk inc flu hosp","quantile","0.15",0
"10",2026-10-03,0,2026-10-03,"wk inc flu hosp","quantile","0.2",0
"10",2026-10-03,0,2026-10-03,"wk inc flu hosp","quantile","0.25",0
"10",2026-10-03,0,2026-10-03,"wk inc flu hosp","quantile","0.3",0
"10",2026-10-03,0,2026-10-03,"wk inc flu hosp","quantile","0.35",0
"10",2026-10-03,0,2026-10-03,"wk inc flu hosp","quantile","0.4",0
"10",2026-10-03,0,2026-10-03,"wk inc flu hosp","quantile","0.45",0.0252973490133393
"10",2026-10-03,0,2026-10-03,"wk inc flu hosp","quantile","0.5",0.225349488596553
"10",2026-10-03,0,2026-10-03,"wk inc flu hosp","quantile","0.55",0.425928220619823
"10",2026-10-03,0,2026-10-03,"wk inc flu hosp","quantile","0.6",0.683086770328625
"10",2026-10-03,0,2026-10-03,"wk inc flu hosp","quantile","0.65",0.980071860031029
"10",2026-10-03,0,2026-10-03,"wk inc flu hosp","quantile","0.7",1.26329373058766
"10",2026-10-03,0,2026-10-03,"wk inc flu hosp","quantile","0.75",1.61350843573423
"10",2026-10-03,0,2026-10-03,"wk inc flu hosp","quantile","0.8",2.10096137895994
"10",2026-10-03,0,2026-10-03,"wk inc flu hosp","quantile","0.85",2.52281826665544
"10",2026-10-03,0,2026-10-03,"wk inc flu hosp","quantile","0.9",3.12205648675924
"10",2026-10-03,0,2026-10-03,"wk inc flu hosp","quantile","0.95",4.44471707161382
"10",2026-10-03,0,2026-10-03,"wk inc flu hosp","quantile","0.975",5.92536782738375
"10",2026-10-03,0,2026-10-03,"wk inc flu hosp","quantile","0.99",8.7967783850716
"10",2026-10-03,1,2026-10-10,"wk inc flu hosp","quantile","0.01",0
"10",2026-10-03,1,2026-10-10,"wk inc flu hosp","quantile","0.025",0
"10",2026-10-03,1,2026-10-10,"wk inc flu hosp","quantile","0.05",0
"10",2026-10-03,1,2026-10-10,"wk inc flu hosp","quantile","0.1",0
"10",2026-10-03,1,2026-10-10,"wk inc flu hosp","quantile","0.15",0
"10",2026-10-03,1,2026-10-10,"wk inc flu hosp","quantile","0.2",0
"10",2026-10-03,1,2026-10-10,"wk inc flu hosp","quantile","0.25",0
"10",2026-10-03,1,2026-10-10,"wk inc flu hosp","quantile","0.3",0
"10",2026-10-03,1,2026-10-10,"wk inc flu hosp","quantile","0.35",0
"10",2026-10-03,1,2026-10-10,"wk inc flu hosp","quantile","0.4",0
"10",2026-10-03,1,2026-10-10,"wk inc flu hosp","quantile","0.45",0.0659097796413475
"10",2026-10-03,1,2026-10-10,"wk inc flu hosp","quantile","0.5",0.366422181122202
"10",2026-10-03,1,2026-10-10,"wk inc flu hosp","quantile","0.55",0.732537954544652
"10",2026-10-03,1,2026-10-10,"wk inc flu hosp","quantile","0.6",1.11050568836121
"10",2026-10-03,1,2026-10-10,"wk inc flu hosp","quantile","0.65",1.53346882040586
"10",2026-10-03,1,2026-10-10,"wk inc flu hosp","quantile","0.7",2.02683136465716
"10",2026-10-03,1,2026-10-10,"wk inc flu hosp","quantile","0.75",2.60409469623964
"10",2026-10-03,1,2026-10-10,"wk inc flu hosp","quantile","0.8",3.34400882798184
"10",2026-10-03,1,2026-10-10,"wk inc flu hosp","quantile","0.85",4.07629981000526
"10",2026-10-03,1,2026-10-10,"wk inc flu hosp","quantile","0.9",5.18138856532408
"10",2026-10-03,1,2026-10-10,"wk inc flu hosp","quantile","0.95",7.52532920234581
"10",2026-10-03,1,2026-10-10,"wk inc flu hosp","quantile","0.975",10.6335333968299
"10",2026-10-03,1,2026-10-10,"wk inc flu hosp","quantile","0.99",15.9608547468038
"10",2026-10-03,2,2026-10-17,"wk inc flu hosp","quantile","0.01",0
"10",2026-10-03,2,2026-10-17,"wk inc flu hosp","quantile","0.025",0
"10",2026-10-03,2,2026-10-17,"wk inc flu hosp","quantile","0.05",0
"10",2026-10-03,2,2026-10-17,"wk inc flu hosp","quantile","0.1",0
"10",2026-10-03,2,2026-10-17,"wk inc flu hosp","quantile","0.15",0
"10",2026-10-03,2,2026-10-17,"wk inc flu hosp","quantile","0.2",0
"10",2026-10-03,2,2026-10-17,"wk inc flu hosp","quantile","0.25",0
"10",2026-10-03,2,2026-10-17,"wk inc flu hosp","quantile","0.3",0
"10",2026-10-03,2,2026-10-17,"wk inc flu hosp","quantile","0.35",0.00157188784842206
"10",2026-10-03,2,2026-10-17,"wk inc flu hosp","quantile","0.4",0.0502453876804765
"10",2026-10-03,2,2026-10-17,"wk inc flu hosp","quantile","0.45",0.339693289084632
"10",2026-10-03,2,2026-10-17,"wk inc flu hosp","quantile","0.5",0.721101075806083
"10",2026-10-03,2,2026-10-17,"wk inc flu hosp","quantile","0.55",1.10532670944243
"10",2026-10-03,2,2026-10-17,"wk inc flu hosp","quantile","0.6",1.61143889919315
"10",2026-10-03,2,2026-10-17,"wk inc flu hosp","quantile","0.65",2.15484087539329
"10",2026-10-03,2,2026-10-17,"wk inc flu hosp","quantile","0.7",2.97375081292683
"10",2026-10-03,2,2026-10-17,"wk inc flu hosp","quantile","0.75",3.83703953787845
"10",2026-10-03,2,2026-10-17,"wk inc flu hosp","quantile","0.8",4.81832696260268
"10",2026-10-03,2,2026-10-17,"wk inc flu hosp","quantile","0.85",6.34674939136425
"10",2026-10-03,2,2026-10-17,"wk inc flu hosp","quantile","0.9",8.34588447939913
"10",2026-10-03,2,2026-10-17,"wk inc flu hosp","quantile","0.95",11.6565920433055
"10",2026-10-03,2,2026-10-17,"wk inc flu hosp","quantile","0.975",16.1315672762795
"10",2026-10-03,2,2026-10-17,"wk inc flu hosp","quantile","0.99",21.8515708447656
"10",2026-10-03,3,2026-10-24,"wk inc flu hosp","quantile","0.01",0
"10",2026-10-03,3,2026-10-24,"wk inc flu hosp","quantile","0.025",0
"10",2026-10-03,3,2026-10-24,"wk inc flu hosp","quantile","0.05",0
"10",2026-10-03,3,2026-10-24,"wk inc flu hosp","quantile","0.1",0
"10",2026-10-03,3,2026-10-24,"wk inc flu hosp","quantile","0.15",0
"10",2026-10-03,3,2026-10-24,"wk inc flu hosp","quantile","0.2",0
"10",2026-10-03,3,2026-10-24,"wk inc flu hosp","quantile","0.25",0
"10",2026-10-03,3,2026-10-24,"wk inc flu hosp","quantile","0.3",0.022357438416255
"10",2026-10-03,3,2026-10-24,"wk inc flu hosp","quantile","0.35",0.0632951911692177
"10",2026-10-03,3,2026-10-24,"wk inc flu hosp","quantile","0.4",0.199309848009464
"10",2026-10-03,3,2026-10-24,"wk inc flu hosp","quantile","0.45",0.67143759195517
"10",2026-10-03,3,2026-10-24,"wk inc flu hosp","quantile","0.5",1.26101564986853
"10",2026-10-03,3,2026-10-24,"wk inc flu hosp","quantile","0.55",1.91497409261475
"10",2026-10-03,3,2026-10-24,"wk inc flu hosp","quantile","0.6",2.53582208722297
"10",2026-10-03,3,2026-10-24,"wk inc flu hosp","quantile","0.65",3.36136807204793
"10",2026-10-03,3,2026-10-24,"wk inc flu hosp","quantile","0.7",4.34619118146441
"10",2026-10-03,3,2026-10-24,"wk inc flu hosp","quantile","0.75",5.56825377484396
"10",2026-10-03,3,2026-10-24,"wk inc flu hosp","quantile","0.8",7.15566645401581
"10",2026-10-03,3,2026-10-24,"wk inc flu hosp","quantile","0.85",9.31948262121792
"10",2026-10-03,3,2026-10-24,"wk inc flu hosp","quantile","0.9",11.960989792625
"10",2026-10-03,3,2026-10-24,"wk inc flu hosp","quantile","0.95",17.4326486702562
"10",2026-10-03,3,2026-10-24,"wk inc flu hosp","quantile","0.975",23.74167145024
"10",2026-10-03,3,2026-10-24,"wk inc flu hosp","quantile","0.99",33.1385326692499
"11",2026-10-03,0,2026-10-03,"wk inc flu hosp","quantile","0.01",0
"11",2026-10-03,0,2026-10-03,"wk inc flu hosp","quantile","0.025",0.0816392410656709
"11",2026-10-03,0,2026-10-03,"wk inc flu hosp","quantile","0.05",0.16093057141102
"11",2026-10-03,0,2026-10-03,"wk inc flu hosp","quantile","0.1",0.628603728850005
"11",2026-10-03,0,2026-10-03,"wk inc flu hosp","quantile","0.15",1.02238537010656
"11",2026-10-03,0,2026-10-03,"wk inc flu hosp","quantile","0.2",1.47295394729938
"11",2026-10-03,0,2026-10-03,"wk inc flu hosp","quantile","0.25",1.81356455316339
"11",2026-10-03,0,2026-10-03,"wk inc flu hosp","quantile","0.3",2.13146260196602
"11",2026-10-03,0,2026-10-03,"wk inc flu hosp","quantile","0.35",2.46666988382985
"11",2026-10-03,0,2026-10-03,"wk inc flu hosp","quantile","0.4",2.81263445154791
"11",2026-10-03,0,2026-10-03,"wk inc flu hosp","quantile","0.45",3.17092069112497
"11",2026-10-03,0,2026-10-03,"wk inc flu hosp","quantile","0.5",3.49346606736709
"11",2026-10-03,0,2026-10-03,"wk inc flu hosp","quantile","0.55",3.86278263768934
"11",2026-10-03,0,2026-10-03,"wk inc flu hosp","quantile","0.6",4.21667928931531
"11",2026-10-03,0,2026-10-03,"wk inc flu hosp","quantile","0.65",4.49500095848302
"11",2026-10-03,0,2026-10-03,"wk inc flu hosp","quantile","0.7",4.9511009894363
"11",2026-10-03,0,2026-10-03,"wk inc flu hosp","quantile","0.75",5.51698289360523
"11",2026-10-03,0,2026-10-03,"wk inc flu hosp","quantile","0.8",6.15691697219163
"11",2026-10-03,0,2026-10-03,"wk inc flu hosp","quantile","0.85",6.93927655659236
"11",2026-10-03,0,2026-10-03,"wk inc flu hosp","quantile","0.9",7.84874941675377
"11",2026-10-03,0,2026-10-03,"wk inc flu hosp","quantile","0.95",9.90684168402252
"11",2026-10-03,0,2026-10-03,"wk inc flu hosp","quantile","0.975",12.1517904634518
"11",2026-10-03,0,2026-10-03,"wk inc flu hosp","quantile","0.99",15.8095637518471
"11",2026-10-03,1,2026-10-10,"wk inc flu hosp","quantile","0.01",0
"11",2026-10-03,1,2026-10-10,"wk inc flu hosp","quantile","0.025",0.0822831888595423
"11",2026-10-03,1,2026-10-10,"wk inc flu hosp","quantile","0.05",0.168386331839862
"11",2026-10-03,1,2026-10-10,"wk inc flu hosp","quantile","0.1",0.353542192675287
"11",2026-10-03,1,2026-10-10,"wk inc flu hosp","quantile","0.15",0.738483049773509
"11",2026-10-03,1,2026-10-10,"wk inc flu hosp","quantile","0.2",1.29567599282314
"11",2026-10-03,1,2026-10-10,"wk inc flu hosp","quantile","0.25",1.74233891956937
"11",2026-10-03,1,2026-10-10,"wk inc flu hosp","quantile","0.3",2.17473995311854
"11",2026-10-03,1,2026-10-10,"wk inc flu hosp","quantile","0.35",2.64189850925643
"11",2026-10-03,1,2026-10-10,"wk inc flu hosp","quantile","0.4",3.16755433467604
"11",2026-10-03,1,2026-10-10,"wk inc flu hosp","quantile","0.45",3.69618461435669
"11",2026-10-03,1,2026-10-10,"wk inc flu hosp","quantile","0.5",4.13374910713124
"11",2026-10-03,1,2026-10-10,"wk inc flu hosp","quantile","0.55",4.69303333778755
"11",2026-10-03,1,2026-10-10,"wk inc flu hosp","quantile","0.6",5.30798632155464
"11",2026-10-03,1,2026-10-10,"wk inc flu hosp","quantile","0.65",5.92808572264894
"11",2026-10-03,1,2026-10-10,"wk inc flu hosp","quantile","0.7",6.72724078969796
"11",2026-10-03,1,2026-10-10,"wk inc flu hosp","quantile","0.75",7.67380608524372
"11",2026-10-03,1,2026-10-10,"wk inc flu hosp","quantile","0.8",8.72606774709503
"11",2026-10-03,1,2026-10-10,"wk inc flu hosp","quantile","0.85",10.1704362407303
"11",2026-10-03,1,2026-10-10,"wk inc flu hosp","quantile","0.9",11.8635780957796
"11",2026-10-03,1,2026-10-10,"wk inc flu hosp","quantile","0.95",15.9383514644161
"11",2026-10-03,1,2026-10-10,"wk inc flu hosp","quantile","0.975",19.9155811591673
"11",2026-10-03,1,2026-10-10,"wk inc flu hosp","quantile","0.99",26.5267668309729
"11",2026-10-03,2,2026-10-17,"wk inc flu hosp","quantile","0.01",0
"11",2026-10-03,2,2026-10-17,"wk inc flu hosp","quantile","0.025",0.0870113923571761
"11",2026-10-03,2,2026-10-17,"wk inc flu hosp","quantile","0.05",0.174471496355624
"11",2026-10-03,2,2026-10-17,"wk inc flu hosp","quantile","0.1",0.35890258512382
"11",2026-10-03,2,2026-10-17,"wk inc flu hosp","quantile","0.15",0.523611121264391
"11",2026-10-03,2,2026-10-17,"wk inc flu hosp","quantile","0.2",1.14661118082673
"11",2026-10-03,2,2026-10-17,"wk inc flu hosp","quantile","0.25",1.58195496732366
"11",2026-10-03,2,2026-10-17,"wk inc flu hosp","quantile","0.3",2.07747339655219
"11",2026-10-03,2,2026-10-17,"wk inc flu hosp","quantile","0.35",2.78266926587966
"11",2026-10-03,2,2026-10-17,"wk inc flu hosp","quantile","0.4",3.44118381382769
"11",2026-10-03,2,2026-10-17,"wk inc flu hosp","quantile","0.45",4.0776727063287
"11",2026-10-03,2,2026-10-17,"wk inc flu hosp","quantile","0.5",4.80783393442847
"11",2026-10-03,2,2026-10-17,"wk inc flu hosp","quantile","0.55",5.61904362287871
"11",2026-10-03,2,2026-10-17,"wk inc flu hosp","quantile","0.6",6.42693682588966
"11",2026-10-03,2,2026-10-17,"wk inc flu hosp","quantile","0.65",7.22532074961329
"11",2026-10-03,2,2026-10-17,"wk inc flu hosp","quantile","0.7",8.71734968832657
"11",2026-10-03,2,2026-10-17,"wk inc flu hosp","quantile","0.75",10.0120943102709
"11",2026-10-03,2,2026-10-17,"wk inc flu hosp","quantile","0.8",11.7332589626437
"11",2026-10-03,2,2026-10-17,"wk inc flu hosp","quantile","0.85",14.1172234530159
"11",2026-10-03,2,2026-10-17,"wk inc flu hosp","quantile","0.9",16.7732251432036
"11",2026-10-03,2,2026-10-17,"wk inc flu hosp","quantile","0.95",22.8508704452857
"11",2026-10-03,2,2026-10-17,"wk inc flu hosp","quantile","0.975",28.9627637319809
"11",2026-10-03,2,2026-10-17,"wk inc flu hosp","quantile","0.99",37.3517130912694
"11",2026-10-03,3,2026-10-24,"wk inc flu hosp","quantile","0.01",0
"11",2026-10-03,3,2026-10-24,"wk inc flu hosp","quantile","0.025",0.0841833350202285
"11",2026-10-03,3,2026-10-24,"wk inc flu hosp","quantile","0.05",0.174471496355624
"11",2026-10-03,3,2026-10-24,"wk inc flu hosp","quantile","0.1",0.372546420564446
"11",2026-10-03,3,2026-10-24,"wk inc flu hosp","quantile","0.15",0.553920456509142
"11",2026-10-03,3,2026-10-24,"wk inc flu hosp","quantile","0.2",1.02115683529762
"11",2026-10-03,3,2026-10-24,"wk inc flu hosp","quantile","0.25",1.58283697694021
"11",2026-10-03,3,2026-10-24,"wk inc flu hosp","quantile","0.3",2.24059000803965
"11",2026-10-03,3,2026-10-24,"wk inc flu hosp","quantile","0.35",2.98314240528427
"11",2026-10-03,3,2026-10-24,"wk inc flu hosp","quantile","0.4",3.78282652158773
"11",2026-10-03,3,2026-10-24,"wk inc flu hosp","quantile","0.45",4.56552370787545
"11",2026-10-03,3,2026-10-24,"wk inc flu hosp","quantile","0.5",5.42659261990813
"11",2026-10-03,3,2026-10-24,"wk inc flu hosp","quantile","0.55",6.55148951516604
"11",2026-10-03,3,2026-10-24,"wk inc flu hosp","quantile","0.6",7.52635945187123
"11",2026-10-03,3,2026-10-24,"wk inc flu hosp","quantile","0.65",8.9350364985946
"11",2026-10-03,3,2026-10-24,"wk inc flu hosp","quantile","0.7",10.1951384019376
"11",2026-10-03,3,2026-10-24,"wk inc flu hosp","quantile","0.75",12.4003760776589
"11",2026-10-03,3,2026-10-24,"wk inc flu hosp","quantile","0.8",15.2478193052908
"11",2026-10-03,3,2026-10-24,"wk inc flu hosp","quantile","0.85",18.3330792212992
"11",2026-10-03,3,2026-10-24,"wk inc flu hosp","quantile","0.9",22.7585691280866
"11",2026-10-03,3,2026-10-24,"wk inc flu hosp","quantile","0.95",30.4511738947469
"11",2026-10-03,3,2026-10-24,"wk inc flu hosp","quantile","0.975",39.5800141490549
"11",2026-10-03,3,2026-10-24,"wk inc flu hosp","quantile","0.99",55.4309438211445
"12",2026-10-03,0,2026-10-03,"wk inc flu hosp","quantile","0.01",272.68173427914
"12",2026-10-03,0,2026-10-03,"wk inc flu hosp","quantile","0.025",296.154320293476
"12",2026-10-03,0,2026-10-03,"wk inc flu hosp","quantile","0.05",315.662959857825
"12",2026-10-03,0,2026-10-03,"wk inc flu hosp","quantile","0.1",344.56657456257
"12",2026-10-03,0,2026-10-03,"wk inc flu hosp","quantile","0.15",365.248998350434
"12",2026-10-03,0,2026-10-03,"wk inc flu hosp","quantile","0.2",378.567882208107
"12",2026-10-03,0,2026-10-03,"wk inc flu hosp","quantile","0.25",390.164253355833
"12",2026-10-03,0,2026-10-03,"wk inc flu hosp","quantile","0.3",404.099916068124
"12",2026-10-03,0,2026-10-03,"wk inc flu hosp","quantile","0.35",422.393321243608
"12",2026-10-03,0,2026-10-03,"wk inc flu hosp","quantile","0.4",431.715186516431
"12",2026-10-03,0,2026-10-03,"wk inc flu hosp","quantile","0.45",438.573324208486
"12",2026-10-03,0,2026-10-03,"wk inc flu hosp","quantile","0.5",446.497213229005
"12",2026-10-03,0,2026-10-03,"wk inc flu hosp","quantile","0.55",457.718112949819
"12",2026-10-03,0,2026-10-03,"wk inc flu hosp","quantile","0.6",472.001823636189
"12",2026-10-03,0,2026-10-03,"wk inc flu hosp","quantile","0.65",484.792822293999
"12",2026-10-03,0,2026-10-03,"wk inc flu hosp","quantile","0.7",502.460044160931
"12",2026-10-03,0,2026-10-03,"wk inc flu hosp","quantile","0.75",526.145391001193
"12",2026-10-03,0,2026-10-03,"wk inc flu hosp","quantile","0.8",548.777485746742
"12",2026-10-03,0,2026-10-03,"wk inc flu hosp","quantile","0.85",580.449868998216
"12",2026-10-03,0,2026-10-03,"wk inc flu hosp","quantile","0.9",627.165879079595
"12",2026-10-03,0,2026-10-03,"wk inc flu hosp","quantile","0.95",666.403269711998
"12",2026-10-03,0,2026-10-03,"wk inc flu hosp","quantile","0.975",714.421783467055
"12",2026-10-03,0,2026-10-03,"wk inc flu hosp","quantile","0.99",795.367035057995
"12",2026-10-03,1,2026-10-10,"wk inc flu hosp","quantile","0.01",245.711062719984
"12",2026-10-03,1,2026-10-10,"wk inc flu hosp","quantile","0.025",275.868138303053
"12",2026-10-03,1,2026-10-10,"wk inc flu hosp","quantile","0.05",306.558562723055
"12",2026-10-03,1,2026-10-10,"wk inc flu hosp","quantile","0.1",343.770518399524
"12",2026-10-03,1,2026-10-10,"wk inc flu hosp","quantile","0.15",373.672247785098
"12",2026-10-03,1,2026-10-10,"wk inc flu hosp","quantile","0.2",399.217904819275
"12",2026-10-03,1,2026-10-10,"wk inc flu hosp","quantile","0.25",418.338575145746
"12",2026-10-03,1,2026-10-10,"wk inc flu hosp","quantile","0.3",439.236321424687
"12",2026-10-03,1,2026-10-10,"wk inc flu hosp","quantile","0.35",454.869482078096
"12",2026-10-03,1,2026-10-10,"wk inc flu hosp","quantile","0.4",467.45053256481
"12",2026-10-03,1,2026-10-10,"wk inc flu hosp","quantile","0.45",479.126892596473
"12",2026-10-03,1,2026-10-10,"wk inc flu hosp","quantile","0.5",492.949951959494
"12",2026-10-03,1,2026-10-10,"wk inc flu hosp","quantile","0.55",506.373323569713
"12",2026-10-03,1,2026-10-10,"wk inc flu hosp","quantile","0.6",531.314910490054
"12",2026-10-03,1,2026-10-10,"wk inc flu hosp","quantile","0.65",553.939987169489
"12",2026-10-03,1,2026-10-10,"wk inc flu hosp","quantile","0.7",577.141442949146
"12",2026-10-03,1,2026-10-10,"wk inc flu hosp","quantile","0.75",614.483400894401
"12",2026-10-03,1,2026-10-10,"wk inc flu hosp","quantile","0.8",653.535147331956
"12",2026-10-03,1,2026-10-10,"wk inc flu hosp","quantile","0.85",718.653872719231
"12",2026-10-03,1,2026-10-10,"wk inc flu hosp","quantile","0.9",805.016916877031
"12",2026-10-03,1,2026-10-10,"wk inc flu hosp","quantile","0.95",916.210300807853
"12",2026-10-03,1,2026-10-10,"wk inc flu hosp","quantile","0.975",979.240079373416
"12",2026-10-03,1,2026-10-10,"wk inc flu hosp","quantile","0.99",1085.78600426842
"12",2026-10-03,2,2026-10-17,"wk inc flu hosp","quantile","0.01",221.522264287057
"12",2026-10-03,2,2026-10-17,"wk inc flu hosp","quantile","0.025",263.101875641782
"12",2026-10-03,2,2026-10-17,"wk inc flu hosp","quantile","0.05",297.942688005022
"12",2026-10-03,2,2026-10-17,"wk inc flu hosp","quantile","0.1",343.985683591997
"12",2026-10-03,2,2026-10-17,"wk inc flu hosp","quantile","0.15",380.942312788776
"12",2026-10-03,2,2026-10-17,"wk inc flu hosp","quantile","0.2",416.37857683423
"12",2026-10-03,2,2026-10-17,"wk inc flu hosp","quantile","0.25",441.865440552636
"12",2026-10-03,2,2026-10-17,"wk inc flu hosp","quantile","0.3",463.895130414339
"12",2026-10-03,2,2026-10-17,"wk inc flu hosp","quantile","0.35",488.312924531561
"12",2026-10-03,2,2026-10-17,"wk inc flu hosp","quantile","0.4",505.329735469503
"12",2026-10-03,2,2026-10-17,"wk inc flu hosp","quantile","0.45",519.197287662976
"12",2026-10-03,2,2026-10-17,"wk inc flu hosp","quantile","0.5",537.912796355043
"12",2026-10-03,2,2026-10-17,"wk inc flu hosp","quantile","0.55",557.945973965847
"12",2026-10-03,2,2026-10-17,"wk inc flu hosp","quantile","0.6",583.084554772819
"12",2026-10-03,2,2026-10-17,"wk inc flu hosp","quantile","0.65",613.87273993877
"12",2026-10-03,2,2026-10-17,"wk inc flu hosp","quantile","0.7",642.955217497553
"12",2026-10-03,2,2026-10-17,"wk inc flu hosp","quantile","0.75",676.050091397325
"12",2026-10-03,2,2026-10-17,"wk inc flu hosp","quantile","0.8",726.554409677535
"12",2026-10-03,2,2026-10-17,"wk inc flu hosp","quantile","0.85",781.036200066707
"12",2026-10-03,2,2026-10-17,"wk inc flu hosp","quantile","0.9",880.336590752418
"12",2026-10-03,2,2026-10-17,"wk inc flu hosp","quantile","0.95",1074.53484998152
"12",2026-10-03,2,2026-10-17,"wk inc flu hosp","quantile","0.975",1204.52833255238
"12",2026-10-03,2,2026-10-17,"wk inc flu hosp","quantile","0.99",1378.82173385361
"12",2026-10-03,3,2026-10-24,"wk inc flu hosp","quantile","0.01",209.722545951205
"12",2026-10-03,3,2026-10-24,"wk inc flu hosp","quantile","0.025",252.419113702285
"12",2026-10-03,3,2026-10-24,"wk inc flu hosp","quantile","0.05",287.594553323535
"12",2026-10-03,3,2026-10-24,"wk inc flu hosp","quantile","0.1",341.138904647307
"12",2026-10-03,3,2026-10-24,"wk inc flu hosp","quantile","0.15",383.498459371946
"12",2026-10-03,3,2026-10-24,"wk inc flu hosp","quantile","0.2",426.014054347549
"12",2026-10-03,3,2026-10-24,"wk inc flu hosp","quantile","0.25",457.421416173226
"12",2026-10-03,3,2026-10-24,"wk inc flu hosp","quantile","0.3",483.86456751164
"12",2026-10-03,3,2026-10-24,"wk inc flu hosp","quantile","0.35",509.200999947578
"12",2026-10-03,3,2026-10-24,"wk inc flu hosp","quantile","0.4",535.44789645311
"12",2026-10-03,3,2026-10-24,"wk inc flu hosp","quantile","0.45",553.505374437908
"12",2026-10-03,3,2026-10-24,"wk inc flu hosp","quantile","0.5",587.015479280791
"12",2026-10-03,3,2026-10-24,"wk inc flu hosp","quantile","0.55",614.381048633226
"12",2026-10-03,3,2026-10-24,"wk inc flu hosp","quantile","0.6",648.798638540437
"12",2026-10-03,3,2026-10-24,"wk inc flu hosp","quantile","0.65",684.419181551655
"12",2026-10-03,3,2026-10-24,"wk inc flu hosp","quantile","0.7",721.621704962366
"12",2026-10-03,3,2026-10-24,"wk inc flu hosp","quantile","0.75",759.323422947849
"12",2026-10-03,3,2026-10-24,"wk inc flu hosp","quantile","0.8",808.521564123381
"12",2026-10-03,3,2026-10-24,"wk inc flu hosp","quantile","0.85",882.653011515005
"12",2026-10-03,3,2026-10-24,"wk inc flu hosp","quantile","0.9",1002.42132062033
"12",2026-10-03,3,2026-10-24,"wk inc flu hosp","quantile","0.95",1214.00424553764
"12",2026-10-03,3,2026-10-24,"wk inc flu hosp","quantile","0.975",1384.7260842398
"12",2026-10-03,3,2026-10-24,"wk inc flu hosp","quantile","0.99",1607.57152373266
"13",2026-10-03,0,2026-10-03,"wk inc flu hosp","quantile","0.01",4.92741658568734
"13",2026-10-03,0,2026-10-03,"wk inc flu hosp","quantile","0.025",6.73768942638963
"13",2026-10-03,0,2026-10-03,"wk inc flu hosp","quantile","0.05",10.6211419082436
"13",2026-10-03,0,2026-10-03,"wk inc flu hosp","quantile","0.1",14.2459581287503
"13",2026-10-03,0,2026-10-03,"wk inc flu hosp","quantile","0.15",16.8399712814138
"13",2026-10-03,0,2026-10-03,"wk inc flu hosp","quantile","0.2",19.4596035324809
"13",2026-10-03,0,2026-10-03,"wk inc flu hosp","quantile","0.25",21.9284213080759
"13",2026-10-03,0,2026-10-03,"wk inc flu hosp","quantile","0.3",24.1543636400354
"13",2026-10-03,0,2026-10-03,"wk inc flu hosp","quantile","0.35",26.7183789717981
"13",2026-10-03,0,2026-10-03,"wk inc flu hosp","quantile","0.4",28.4992182253466
"13",2026-10-03,0,2026-10-03,"wk inc flu hosp","quantile","0.45",30.573522607293
"13",2026-10-03,0,2026-10-03,"wk inc flu hosp","quantile","0.5",32.3916429036461
"13",2026-10-03,0,2026-10-03,"wk inc flu hosp","quantile","0.55",34.1723605485521
"13",2026-10-03,0,2026-10-03,"wk inc flu hosp","quantile","0.6",36.0632647099829
"13",2026-10-03,0,2026-10-03,"wk inc flu hosp","quantile","0.65",37.4035207835804
"13",2026-10-03,0,2026-10-03,"wk inc flu hosp","quantile","0.7",39.3933502933364
"13",2026-10-03,0,2026-10-03,"wk inc flu hosp","quantile","0.75",41.7030353855077
"13",2026-10-03,0,2026-10-03,"wk inc flu hosp","quantile","0.8",45.0110043605914
"13",2026-10-03,0,2026-10-03,"wk inc flu hosp","quantile","0.85",49.0920178518294
"13",2026-10-03,0,2026-10-03,"wk inc flu hosp","quantile","0.9",54.4423338302322
"13",2026-10-03,0,2026-10-03,"wk inc flu hosp","quantile","0.95",65.5239888085154
"13",2026-10-03,0,2026-10-03,"wk inc flu hosp","quantile","0.975",76.9733197061322
"13",2026-10-03,0,2026-10-03,"wk inc flu hosp","quantile","0.99",97.875764480924
"13",2026-10-03,1,2026-10-10,"wk inc flu hosp","quantile","0.01",4.75134103996416
"13",2026-10-03,1,2026-10-10,"wk inc flu hosp","quantile","0.025",6.68118687233986
"13",2026-10-03,1,2026-10-10,"wk inc flu hosp","quantile","0.05",8.36535231662241
"13",2026-10-03,1,2026-10-10,"wk inc flu hosp","quantile","0.1",10.8936879353466
"13",2026-10-03,1,2026-10-10,"wk inc flu hosp","quantile","0.15",14.8595063037867
"13",2026-10-03,1,2026-10-10,"wk inc flu hosp","quantile","0.2",18.5480674303345
"13",2026-10-03,1,2026-10-10,"wk inc flu hosp","quantile","0.25",21.5998575831611
"13",2026-10-03,1,2026-10-10,"wk inc flu hosp","quantile","0.3",24.6001183610438
"13",2026-10-03,1,2026-10-10,"wk inc flu hosp","quantile","0.35",28.0447955870104
"13",2026-10-03,1,2026-10-10,"wk inc flu hosp","quantile","0.4",30.7870354432659
"13",2026-10-03,1,2026-10-10,"wk inc flu hosp","quantile","0.45",33.8623204108121
"13",2026-10-03,1,2026-10-10,"wk inc flu hosp","quantile","0.5",36.1539699367952
"13",2026-10-03,1,2026-10-10,"wk inc flu hosp","quantile","0.55",39.4367599724005
"13",2026-10-03,1,2026-10-10,"wk inc flu hosp","quantile","0.6",43.1644259952336
"13",2026-10-03,1,2026-10-10,"wk inc flu hosp","quantile","0.65",46.6540768815194
"13",2026-10-03,1,2026-10-10,"wk inc flu hosp","quantile","0.7",50.3676069332785
"13",2026-10-03,1,2026-10-10,"wk inc flu hosp","quantile","0.75",54.4418721131929
"13",2026-10-03,1,2026-10-10,"wk inc flu hosp","quantile","0.8",59.0566572891283
"13",2026-10-03,1,2026-10-10,"wk inc flu hosp","quantile","0.85",64.7884172861751
"13",2026-10-03,1,2026-10-10,"wk inc flu hosp","quantile","0.9",75.1181340907674
"13",2026-10-03,1,2026-10-10,"wk inc flu hosp","quantile","0.95",95.4164748053498
"13",2026-10-03,1,2026-10-10,"wk inc flu hosp","quantile","0.975",111.998344930086
"13",2026-10-03,1,2026-10-10,"wk inc flu hosp","quantile","0.99",140.278616552152
"13",2026-10-03,2,2026-10-17,"wk inc flu hosp","quantile","0.01",4.76025246636249
"13",2026-10-03,2,2026-10-17,"wk inc flu hosp","quantile","0.025",6.71093842449577
"13",2026-10-03,2,2026-10-17,"wk inc flu hosp","quantile","0.05",8.50675529807843
"13",2026-10-03,2,2026-10-17,"wk inc flu hosp","quantile","0.1",9.8952186317592
"13",2026-10-03,2,2026-10-17,"wk inc flu hosp","quantile","0.15",14.1492210128865
"13",2026-10-03,2,2026-10-17,"wk inc flu hosp","quantile","0.2",18.3957278201078
"13",2026-10-03,2,2026-10-17,"wk inc flu hosp","quantile","0.25",22.2043162870619
"13",2026-10-03,2,2026-10-17,"wk inc flu hosp","quantile","0.3",26.6093826861129
"13",2026-10-03,2,2026-10-17,"wk inc flu hosp","quantile","0.35",30.5384740090068
"13",2026-10-03,2,2026-10-17,"wk inc flu hosp","quantile","0.4",34.1339909778233
"13",2026-10-03,2,2026-10-17,"wk inc flu hosp","quantile","0.45",38.1953536909717
"13",2026-10-03,2,2026-10-17,"wk inc flu hosp","quantile","0.5",41.5948713333618
"13",2026-10-03,2,2026-10-17,"wk inc flu hosp","quantile","0.55",45.7503034639823
"13",2026-10-03,2,2026-10-17,"wk inc flu hosp","quantile","0.6",49.4775028675404
"13",2026-10-03,2,2026-10-17,"wk inc flu hosp","quantile","0.65",54.8101887585449
"13",2026-10-03,2,2026-10-17,"wk inc flu hosp","quantile","0.7",61.2724241003523
"13",2026-10-03,2,2026-10-17,"wk inc flu hosp","quantile","0.75",67.626525968657
"13",2026-10-03,2,2026-10-17,"wk inc flu hosp","quantile","0.8",74.6156856054306
"13",2026-10-03,2,2026-10-17,"wk inc flu hosp","quantile","0.85",83.7617112383155
"13",2026-10-03,2,2026-10-17,"wk inc flu hosp","quantile","0.9",99.5839558264299
"13",2026-10-03,2,2026-10-17,"wk inc flu hosp","quantile","0.95",129.081171671043
"13",2026-10-03,2,2026-10-17,"wk inc flu hosp","quantile","0.975",152.592279688961
"13",2026-10-03,2,2026-10-17,"wk inc flu hosp","quantile","0.99",195.270561428884
"13",2026-10-03,3,2026-10-24,"wk inc flu hosp","quantile","0.01",4.76551287311985
"13",2026-10-03,3,2026-10-24,"wk inc flu hosp","quantile","0.025",6.72275248925263
"13",2026-10-03,3,2026-10-24,"wk inc flu hosp","quantile","0.05",8.50675529807843
"13",2026-10-03,3,2026-10-24,"wk inc flu hosp","quantile","0.1",10.1371292716513
"13",2026-10-03,3,2026-10-24,"wk inc flu hosp","quantile","0.15",14.1162714766776
"13",2026-10-03,3,2026-10-24,"wk inc flu hosp","quantile","0.2",19.7709403109991
"13",2026-10-03,3,2026-10-24,"wk inc flu hosp","quantile","0.25",24.668042383296
"13",2026-10-03,3,2026-10-24,"wk inc flu hosp","quantile","0.3",28.9741584467419
"13",2026-10-03,3,2026-10-24,"wk inc flu hosp","quantile","0.35",33.3206693314297
"13",2026-10-03,3,2026-10-24,"wk inc flu hosp","quantile","0.4",38.4223953967905
"13",2026-10-03,3,2026-10-24,"wk inc flu hosp","quantile","0.45",44.4408859739982
"13",2026-10-03,3,2026-10-24,"wk inc flu hosp","quantile","0.5",49.0851956430043
"13",2026-10-03,3,2026-10-24,"wk inc flu hosp","quantile","0.55",53.8482768704708
"13",2026-10-03,3,2026-10-24,"wk inc flu hosp","quantile","0.6",59.3836652412926
"13",2026-10-03,3,2026-10-24,"wk inc flu hosp","quantile","0.65",66.3404410848429
"13",2026-10-03,3,2026-10-24,"wk inc flu hosp","quantile","0.7",72.7737329345871
"13",2026-10-03,3,2026-10-24,"wk inc flu hosp","quantile","0.75",81.8266302422123
"13",2026-10-03,3,2026-10-24,"wk inc flu hosp","quantile","0.8",93.3124265268877
"13",2026-10-03,3,2026-10-24,"wk inc flu hosp","quantile","0.85",104.192332620161
"13",2026-10-03,3,2026-10-24,"wk inc flu hosp","quantile","0.9",124.152453140141
"13",2026-10-03,3,2026-10-24,"wk inc flu hosp","quantile","0.95",162.538499207522
"13",2026-10-03,3,2026-10-24,"wk inc flu hosp","quantile","0.975",201.066169391461
"13",2026-10-03,3,2026-10-24,"wk inc flu hosp","quantile","0.99",253.835867309334
"15",2026-10-03,0,2026-10-03,"wk inc flu hosp","quantile","0.01",10.14099773519
"15",2026-10-03,0,2026-10-03,"wk inc flu hosp","quantile","0.025",11.7556067313817
"15",2026-10-03,0,2026-10-03,"wk inc flu hosp","quantile","0.05",13.7099467986854
"15",2026-10-03,0,2026-10-03,"wk inc flu hosp","quantile","0.1",16.0963883045009
"15",2026-10-03,0,2026-10-03,"wk inc flu hosp","quantile","0.15",17.9893113607923
"15",2026-10-03,0,2026-10-03,"wk inc flu hosp","quantile","0.2",20.6213125413832
"15",2026-10-03,0,2026-10-03,"wk inc flu hosp","quantile","0.25",22.362789628412
"15",2026-10-03,0,2026-10-03,"wk inc flu hosp","quantile","0.3",24.7555296463066
"15",2026-10-03,0,2026-10-03,"wk inc flu hosp","quantile","0.35",26.5503589701672
"15",2026-10-03,0,2026-10-03,"wk inc flu hosp","quantile","0.4",28.1226283577887
"15",2026-10-03,0,2026-10-03,"wk inc flu hosp","quantile","0.45",29.6552807684955
"15",2026-10-03,0,2026-10-03,"wk inc flu hosp","quantile","0.5",30.8628762497461
"15",2026-10-03,0,2026-10-03,"wk inc flu hosp","quantile","0.55",32.0318634696886
"15",2026-10-03,0,2026-10-03,"wk inc flu hosp","quantile","0.6",33.5213691775916
"15",2026-10-03,0,2026-10-03,"wk inc flu hosp","quantile","0.65",34.6541246046769
"15",2026-10-03,0,2026-10-03,"wk inc flu hosp","quantile","0.7",36.2261532265434
"15",2026-10-03,0,2026-10-03,"wk inc flu hosp","quantile","0.75",38.427803508897
"15",2026-10-03,0,2026-10-03,"wk inc flu hosp","quantile","0.8",41.1668992944318
"15",2026-10-03,0,2026-10-03,"wk inc flu hosp","quantile","0.85",44.2232640832249
"15",2026-10-03,0,2026-10-03,"wk inc flu hosp","quantile","0.9",47.6482068075318
"15",2026-10-03,0,2026-10-03,"wk inc flu hosp","quantile","0.95",52.7519499502303
"15",2026-10-03,0,2026-10-03,"wk inc flu hosp","quantile","0.975",57.7779798338835
"15",2026-10-03,0,2026-10-03,"wk inc flu hosp","quantile","0.99",66.5416884608598
"15",2026-10-03,1,2026-10-10,"wk inc flu hosp","quantile","0.01",7.29487876220419
"15",2026-10-03,1,2026-10-10,"wk inc flu hosp","quantile","0.025",8.90384309182879
"15",2026-10-03,1,2026-10-10,"wk inc flu hosp","quantile","0.05",11.0158423025651
"15",2026-10-03,1,2026-10-10,"wk inc flu hosp","quantile","0.1",13.8151837713774
"15",2026-10-03,1,2026-10-10,"wk inc flu hosp","quantile","0.15",16.7942910703721
"15",2026-10-03,1,2026-10-10,"wk inc flu hosp","quantile","0.2",20.039076240398
"15",2026-10-03,1,2026-10-10,"wk inc flu hosp","quantile","0.25",22.4626692780529
"15",2026-10-03,1,2026-10-10,"wk inc flu hosp","quantile","0.3",25.2687990048443
"15",2026-10-03,1,2026-10-10,"wk inc flu hosp","quantile","0.35",27.2738021255202
"15",2026-10-03,1,2026-10-10,"wk inc flu hosp","quantile","0.4",29.5335582803902
"15",2026-10-03,1,2026-10-10,"wk inc flu hosp","quantile","0.45",31.7361413250265
"15",2026-10-03,1,2026-10-10,"wk inc flu hosp","quantile","0.5",33.1631935796967
"15",2026-10-03,1,2026-10-10,"wk inc flu hosp","quantile","0.55",35.073462921795
"15",2026-10-03,1,2026-10-10,"wk inc flu hosp","quantile","0.6",37.6946714289519
"15",2026-10-03,1,2026-10-10,"wk inc flu hosp","quantile","0.65",39.7908702619376
"15",2026-10-03,1,2026-10-10,"wk inc flu hosp","quantile","0.7",42.0866343513054
"15",2026-10-03,1,2026-10-10,"wk inc flu hosp","quantile","0.75",45.3612752463312
"15",2026-10-03,1,2026-10-10,"wk inc flu hosp","quantile","0.8",49.6473578284665
"15",2026-10-03,1,2026-10-10,"wk inc flu hosp","quantile","0.85",55.20823278131
"15",2026-10-03,1,2026-10-10,"wk inc flu hosp","quantile","0.9",62.7215138179433
"15",2026-10-03,1,2026-10-10,"wk inc flu hosp","quantile","0.95",73.9779145708634
"15",2026-10-03,1,2026-10-10,"wk inc flu hosp","quantile","0.975",80.2362738553121
"15",2026-10-03,1,2026-10-10,"wk inc flu hosp","quantile","0.99",94.9669787588543
"15",2026-10-03,2,2026-10-17,"wk inc flu hosp","quantile","0.01",4.88334533593611
"15",2026-10-03,2,2026-10-17,"wk inc flu hosp","quantile","0.025",6.681980337746
"15",2026-10-03,2,2026-10-17,"wk inc flu hosp","quantile","0.05",8.75350026366365
"15",2026-10-03,2,2026-10-17,"wk inc flu hosp","quantile","0.1",12.450930246734
"15",2026-10-03,2,2026-10-17,"wk inc flu hosp","quantile","0.15",15.4449330159623
"15",2026-10-03,2,2026-10-17,"wk inc flu hosp","quantile","0.2",19.0110478981561
"15",2026-10-03,2,2026-10-17,"wk inc flu hosp","quantile","0.25",22.0521324910338
"15",2026-10-03,2,2026-10-17,"wk inc flu hosp","quantile","0.3",25.6824738964748
"15",2026-10-03,2,2026-10-17,"wk inc flu hosp","quantile","0.35",28.1236911247075
"15",2026-10-03,2,2026-10-17,"wk inc flu hosp","quantile","0.4",31.2285384814277
"15",2026-10-03,2,2026-10-17,"wk inc flu hosp","quantile","0.45",33.4877793849104
"15",2026-10-03,2,2026-10-17,"wk inc flu hosp","quantile","0.5",35.9946535883098
"15",2026-10-03,2,2026-10-17,"wk inc flu hosp","quantile","0.55",38.5924062368068
"15",2026-10-03,2,2026-10-17,"wk inc flu hosp","quantile","0.6",41.4085795391811
"15",2026-10-03,2,2026-10-17,"wk inc flu hosp","quantile","0.65",44.3552034512033
"15",2026-10-03,2,2026-10-17,"wk inc flu hosp","quantile","0.7",47.9652432167066
"15",2026-10-03,2,2026-10-17,"wk inc flu hosp","quantile","0.75",52.5766889991181
"15",2026-10-03,2,2026-10-17,"wk inc flu hosp","quantile","0.8",57.712456516941
"15",2026-10-03,2,2026-10-17,"wk inc flu hosp","quantile","0.85",63.4812784453858
"15",2026-10-03,2,2026-10-17,"wk inc flu hosp","quantile","0.9",73.0877511688547
"15",2026-10-03,2,2026-10-17,"wk inc flu hosp","quantile","0.95",92.6006432233231
"15",2026-10-03,2,2026-10-17,"wk inc flu hosp","quantile","0.975",106.296344696595
"15",2026-10-03,2,2026-10-17,"wk inc flu hosp","quantile","0.99",124.980061676036
"15",2026-10-03,3,2026-10-24,"wk inc flu hosp","quantile","0.01",4.47859646855689
"15",2026-10-03,3,2026-10-24,"wk inc flu hosp","quantile","0.025",5.50401647836254
"15",2026-10-03,3,2026-10-24,"wk inc flu hosp","quantile","0.05",7.47832161641294
"15",2026-10-03,3,2026-10-24,"wk inc flu hosp","quantile","0.1",11.0412932427813
"15",2026-10-03,3,2026-10-24,"wk inc flu hosp","quantile","0.15",14.1863015538316
"15",2026-10-03,3,2026-10-24,"wk inc flu hosp","quantile","0.2",18.0778545281545
"15",2026-10-03,3,2026-10-24,"wk inc flu hosp","quantile","0.25",21.5409763751695
"15",2026-10-03,3,2026-10-24,"wk inc flu hosp","quantile","0.3",25.6222864419842
"15",2026-10-03,3,2026-10-24,"wk inc flu hosp","quantile","0.35",28.5773354359581
"15",2026-10-03,3,2026-10-24,"wk inc flu hosp","quantile","0.4",31.9446976660475
"15",2026-10-03,3,2026-10-24,"wk inc flu hosp","quantile","0.45",35.8368129507539
"15",2026-10-03,3,2026-10-24,"wk inc flu hosp","quantile","0.5",38.970469956561
"15",2026-10-03,3,2026-10-24,"wk inc flu hosp","quantile","0.55",41.9065974267871
"15",2026-10-03,3,2026-10-24,"wk inc flu hosp","quantile","0.6",45.4061883829648
"15",2026-10-03,3,2026-10-24,"wk inc flu hosp","quantile","0.65",49.3986916932267
"15",2026-10-03,3,2026-10-24,"wk inc flu hosp","quantile","0.7",53.3918873613405
"15",2026-10-03,3,2026-10-24,"wk inc flu hosp","quantile","0.75",58.2133300106167
"15",2026-10-03,3,2026-10-24,"wk inc flu hosp","quantile","0.8",65.4761479774232
"15",2026-10-03,3,2026-10-24,"wk inc flu hosp","quantile","0.85",72.7444433407888
"15",2026-10-03,3,2026-10-24,"wk inc flu hosp","quantile","0.9",86.2037701180361
"15",2026-10-03,3,2026-10-24,"wk inc flu hosp","quantile","0.95",110.201578634955
"15",2026-10-03,3,2026-10-24,"wk inc flu hosp","quantile","0.975",130.39177113048
"15",2026-10-03,3,2026-10-24,"wk inc flu hosp","quantile","0.99",168.60685312353
"16",2026-10-03,0,2026-10-03,"wk inc flu hosp","quantile","0.01",3.33883671573343
"16",2026-10-03,0,2026-10-03,"wk inc flu hosp","quantile","0.025",4.37844863675988
"16",2026-10-03,0,2026-10-03,"wk inc flu hosp","quantile","0.05",5.10534067779174
"16",2026-10-03,0,2026-10-03,"wk inc flu hosp","quantile","0.1",6.34539427857
"16",2026-10-03,0,2026-10-03,"wk inc flu hosp","quantile","0.15",7.57147648427297
"16",2026-10-03,0,2026-10-03,"wk inc flu hosp","quantile","0.2",8.82717064176976
"16",2026-10-03,0,2026-10-03,"wk inc flu hosp","quantile","0.25",9.63676089113699
"16",2026-10-03,0,2026-10-03,"wk inc flu hosp","quantile","0.3",10.3850009358322
"16",2026-10-03,0,2026-10-03,"wk inc flu hosp","quantile","0.35",11.3732970413085
"16",2026-10-03,0,2026-10-03,"wk inc flu hosp","quantile","0.4",12.2482740403758
"16",2026-10-03,0,2026-10-03,"wk inc flu hosp","quantile","0.45",13.2148368581988
"16",2026-10-03,0,2026-10-03,"wk inc flu hosp","quantile","0.5",13.9588791075058
"16",2026-10-03,0,2026-10-03,"wk inc flu hosp","quantile","0.55",14.7601263632148
"16",2026-10-03,0,2026-10-03,"wk inc flu hosp","quantile","0.6",15.5832622226553
"16",2026-10-03,0,2026-10-03,"wk inc flu hosp","quantile","0.65",16.3894024950623
"16",2026-10-03,0,2026-10-03,"wk inc flu hosp","quantile","0.7",17.4806110806739
"16",2026-10-03,0,2026-10-03,"wk inc flu hosp","quantile","0.75",18.7164300899353
"16",2026-10-03,0,2026-10-03,"wk inc flu hosp","quantile","0.8",20.0816272274402
"16",2026-10-03,0,2026-10-03,"wk inc flu hosp","quantile","0.85",21.8155612094069
"16",2026-10-03,0,2026-10-03,"wk inc flu hosp","quantile","0.9",24.0787376841408
"16",2026-10-03,0,2026-10-03,"wk inc flu hosp","quantile","0.95",28.0902320477809
"16",2026-10-03,0,2026-10-03,"wk inc flu hosp","quantile","0.975",32.9750017996783
"16",2026-10-03,0,2026-10-03,"wk inc flu hosp","quantile","0.99",39.7415471177105
"16",2026-10-03,1,2026-10-10,"wk inc flu hosp","quantile","0.01",2.21281835563129
"16",2026-10-03,1,2026-10-10,"wk inc flu hosp","quantile","0.025",2.78762074043339
"16",2026-10-03,1,2026-10-10,"wk inc flu hosp","quantile","0.05",3.99941576744579
"16",2026-10-03,1,2026-10-10,"wk inc flu hosp","quantile","0.1",5.6472080049993
"16",2026-10-03,1,2026-10-10,"wk inc flu hosp","quantile","0.15",7.04269276713804
"16",2026-10-03,1,2026-10-10,"wk inc flu hosp","quantile","0.2",8.5870761789743
"16",2026-10-03,1,2026-10-10,"wk inc flu hosp","quantile","0.25",10.0881980471401
"16",2026-10-03,1,2026-10-10,"wk inc flu hosp","quantile","0.3",11.1281915043164
"16",2026-10-03,1,2026-10-10,"wk inc flu hosp","quantile","0.35",12.4676151363491
"16",2026-10-03,1,2026-10-10,"wk inc flu hosp","quantile","0.4",13.81117881185
"16",2026-10-03,1,2026-10-10,"wk inc flu hosp","quantile","0.45",15.1030578688264
"16",2026-10-03,1,2026-10-10,"wk inc flu hosp","quantile","0.5",16.0778841728494
"16",2026-10-03,1,2026-10-10,"wk inc flu hosp","quantile","0.55",17.1836546291948
"16",2026-10-03,1,2026-10-10,"wk inc flu hosp","quantile","0.6",18.7589184364565
"16",2026-10-03,1,2026-10-10,"wk inc flu hosp","quantile","0.65",20.1450150728781
"16",2026-10-03,1,2026-10-10,"wk inc flu hosp","quantile","0.7",21.8175633800206
"16",2026-10-03,1,2026-10-10,"wk inc flu hosp","quantile","0.75",23.7740766362515
"16",2026-10-03,1,2026-10-10,"wk inc flu hosp","quantile","0.8",26.2165776032405
"16",2026-10-03,1,2026-10-10,"wk inc flu hosp","quantile","0.85",29.3947826355469
"16",2026-10-03,1,2026-10-10,"wk inc flu hosp","quantile","0.9",33.0900460485832
"16",2026-10-03,1,2026-10-10,"wk inc flu hosp","quantile","0.95",39.7815008352803
"16",2026-10-03,1,2026-10-10,"wk inc flu hosp","quantile","0.975",49.6175697134948
"16",2026-10-03,1,2026-10-10,"wk inc flu hosp","quantile","0.99",57.8246096015532
"16",2026-10-03,2,2026-10-17,"wk inc flu hosp","quantile","0.01",2.17715356700362
"16",2026-10-03,2,2026-10-17,"wk inc flu hosp","quantile","0.025",2.55108107129996
"16",2026-10-03,2,2026-10-17,"wk inc flu hosp","quantile","0.05",3.03791322800786
"16",2026-10-03,2,2026-10-17,"wk inc flu hosp","quantile","0.1",4.821558471194
"16",2026-10-03,2,2026-10-17,"wk inc flu hosp","quantile","0.15",6.51983587740145
"16",2026-10-03,2,2026-10-17,"wk inc flu hosp","quantile","0.2",8.31338900569425
"16",2026-10-03,2,2026-10-17,"wk inc flu hosp","quantile","0.25",9.9246567621462
"16",2026-10-03,2,2026-10-17,"wk inc flu hosp","quantile","0.3",11.4962404685306
"16",2026-10-03,2,2026-10-17,"wk inc flu hosp","quantile","0.35",13.2204598647455
"16",2026-10-03,2,2026-10-17,"wk inc flu hosp","quantile","0.4",14.7401105861858
"16",2026-10-03,2,2026-10-17,"wk inc flu hosp","quantile","0.45",16.5872985745145
"16",2026-10-03,2,2026-10-17,"wk inc flu hosp","quantile","0.5",17.9703458122907
"16",2026-10-03,2,2026-10-17,"wk inc flu hosp","quantile","0.55",19.6757710847999
"16",2026-10-03,2,2026-10-17,"wk inc flu hosp","quantile","0.6",21.5612260891588
"16",2026-10-03,2,2026-10-17,"wk inc flu hosp","quantile","0.65",23.5427983717916
"16",2026-10-03,2,2026-10-17,"wk inc flu hosp","quantile","0.7",25.8729798861602
"16",2026-10-03,2,2026-10-17,"wk inc flu hosp","quantile","0.75",28.3088108165711
"16",2026-10-03,2,2026-10-17,"wk inc flu hosp","quantile","0.8",31.958072453663
"16",2026-10-03,2,2026-10-17,"wk inc flu hosp","quantile","0.85",36.8003870513356
"16",2026-10-03,2,2026-10-17,"wk inc flu hosp","quantile","0.9",43.6003190789873
"16",2026-10-03,2,2026-10-17,"wk inc flu hosp","quantile","0.95",56.1233622024574
"16",2026-10-03,2,2026-10-17,"wk inc flu hosp","quantile","0.975",67.3010972025305
"16",2026-10-03,2,2026-10-17,"wk inc flu hosp","quantile","0.99",82.8787047818851
"16",2026-10-03,3,2026-10-24,"wk inc flu hosp","quantile","0.01",2.1890440119065
"16",2026-10-03,3,2026-10-24,"wk inc flu hosp","quantile","0.025",2.55334652216996
"16",2026-10-03,3,2026-10-24,"wk inc flu hosp","quantile","0.05",2.69398375979224
"16",2026-10-03,3,2026-10-24,"wk inc flu hosp","quantile","0.1",4.57033593230883
"16",2026-10-03,3,2026-10-24,"wk inc flu hosp","quantile","0.15",6.53034580757765
"16",2026-10-03,3,2026-10-24,"wk inc flu hosp","quantile","0.2",8.56493769209075
"16",2026-10-03,3,2026-10-24,"wk inc flu hosp","quantile","0.25",10.4386159737977
"16",2026-10-03,3,2026-10-24,"wk inc flu hosp","quantile","0.3",12.2419198147698
"16",2026-10-03,3,2026-10-24,"wk inc flu hosp","quantile","0.35",14.0290750603233
"16",2026-10-03,3,2026-10-24,"wk inc flu hosp","quantile","0.4",15.6507824769999
"16",2026-10-03,3,2026-10-24,"wk inc flu hosp","quantile","0.45",18.0370178582307
"16",2026-10-03,3,2026-10-24,"wk inc flu hosp","quantile","0.5",20.2278102885807
"16",2026-10-03,3,2026-10-24,"wk inc flu hosp","quantile","0.55",22.6070791991012
"16",2026-10-03,3,2026-10-24,"wk inc flu hosp","quantile","0.6",24.8597436876322
"16",2026-10-03,3,2026-10-24,"wk inc flu hosp","quantile","0.65",27.6382687979184
"16",2026-10-03,3,2026-10-24,"wk inc flu hosp","quantile","0.7",30.790601700564
"16",2026-10-03,3,2026-10-24,"wk inc flu hosp","quantile","0.75",33.9408602072938
"16",2026-10-03,3,2026-10-24,"wk inc flu hosp","quantile","0.8",38.2316776370367
"16",2026-10-03,3,2026-10-24,"wk inc flu hosp","quantile","0.85",45.414312699006
"16",2026-10-03,3,2026-10-24,"wk inc flu hosp","quantile","0.9",53.6092351533695
"16",2026-10-03,3,2026-10-24,"wk inc flu hosp","quantile","0.95",71.1725009310167
"16",2026-10-03,3,2026-10-24,"wk inc flu hosp","quantile","0.975",85.8359518968916
"16",2026-10-03,3,2026-10-24,"wk inc flu hosp","quantile","0.99",109.471217627355
"17",2026-10-03,0,2026-10-03,"wk inc flu hosp","quantile","0.01",18.0366089268944
"17",2026-10-03,0,2026-10-03,"wk inc flu hosp","quantile","0.025",22.8875532402267
"17",2026-10-03,0,2026-10-03,"wk inc flu hosp","quantile","0.05",29.0976580018153
"17",2026-10-03,0,2026-10-03,"wk inc flu hosp","quantile","0.1",37.0517188091798
"17",2026-10-03,0,2026-10-03,"wk inc flu hosp","quantile","0.15",44.3321519547319
"17",2026-10-03,0,2026-10-03,"wk inc flu hosp","quantile","0.2",50.2972104749966
"17",2026-10-03,0,2026-10-03,"wk inc flu hosp","quantile","0.25",54.1400118414123
"17",2026-10-03,0,2026-10-03,"wk inc flu hosp","quantile","0.3",58.4703321650176
"17",2026-10-03,0,2026-10-03,"wk inc flu hosp","quantile","0.35",62.0032850098449
"17",2026-10-03,0,2026-10-03,"wk inc flu hosp","quantile","0.4",67.021003684919
"17",2026-10-03,0,2026-10-03,"wk inc flu hosp","quantile","0.45",69.2196962018123
"17",2026-10-03,0,2026-10-03,"wk inc flu hosp","quantile","0.5",72.0329241265497
"17",2026-10-03,0,2026-10-03,"wk inc flu hosp","quantile","0.55",75.4765949533687
"17",2026-10-03,0,2026-10-03,"wk inc flu hosp","quantile","0.6",79.6739164797921
"17",2026-10-03,0,2026-10-03,"wk inc flu hosp","quantile","0.65",83.5125478107634
"17",2026-10-03,0,2026-10-03,"wk inc flu hosp","quantile","0.7",87.5262954793238
"17",2026-10-03,0,2026-10-03,"wk inc flu hosp","quantile","0.75",93.8971367525874
"17",2026-10-03,0,2026-10-03,"wk inc flu hosp","quantile","0.8",100.640688344781
"17",2026-10-03,0,2026-10-03,"wk inc flu hosp","quantile","0.85",108.638065829257
"17",2026-10-03,0,2026-10-03,"wk inc flu hosp","quantile","0.9",117.15882268095
"17",2026-10-03,0,2026-10-03,"wk inc flu hosp","quantile","0.95",134.796747186823
"17",2026-10-03,0,2026-10-03,"wk inc flu hosp","quantile","0.975",153.123677145051
"17",2026-10-03,0,2026-10-03,"wk inc flu hosp","quantile","0.99",180.488122383559
"17",2026-10-03,1,2026-10-10,"wk inc flu hosp","quantile","0.01",9.86335033037944
"17",2026-10-03,1,2026-10-10,"wk inc flu hosp","quantile","0.025",15.6240754943517
"17",2026-10-03,1,2026-10-10,"wk inc flu hosp","quantile","0.05",23.9790553230017
"17",2026-10-03,1,2026-10-10,"wk inc flu hosp","quantile","0.1",35.2299181442548
"17",2026-10-03,1,2026-10-10,"wk inc flu hosp","quantile","0.15",43.4431554733597
"17",2026-10-03,1,2026-10-10,"wk inc flu hosp","quantile","0.2",52.1293716732271
"17",2026-10-03,1,2026-10-10,"wk inc flu hosp","quantile","0.25",58.1153617894099
"17",2026-10-03,1,2026-10-10,"wk inc flu hosp","quantile","0.3",63.1117442235407
"17",2026-10-03,1,2026-10-10,"wk inc flu hosp","quantile","0.35",67.9842301376549
"17",2026-10-03,1,2026-10-10,"wk inc flu hosp","quantile","0.4",74.6241251372992
"17",2026-10-03,1,2026-10-10,"wk inc flu hosp","quantile","0.45",78.8062936234139
"17",2026-10-03,1,2026-10-10,"wk inc flu hosp","quantile","0.5",84.3892682764495
"17",2026-10-03,1,2026-10-10,"wk inc flu hosp","quantile","0.55",88.6940780792325
"17",2026-10-03,1,2026-10-10,"wk inc flu hosp","quantile","0.6",96.2485587598916
"17",2026-10-03,1,2026-10-10,"wk inc flu hosp","quantile","0.65",102.38810792221
"17",2026-10-03,1,2026-10-10,"wk inc flu hosp","quantile","0.7",109.715815596267
"17",2026-10-03,1,2026-10-10,"wk inc flu hosp","quantile","0.75",119.505608349087
"17",2026-10-03,1,2026-10-10,"wk inc flu hosp","quantile","0.8",128.847981044911
"17",2026-10-03,1,2026-10-10,"wk inc flu hosp","quantile","0.85",141.207931159471
"17",2026-10-03,1,2026-10-10,"wk inc flu hosp","quantile","0.9",156.031795884549
"17",2026-10-03,1,2026-10-10,"wk inc flu hosp","quantile","0.95",183.548377332001
"17",2026-10-03,1,2026-10-10,"wk inc flu hosp","quantile","0.975",212.41241026083
"17",2026-10-03,1,2026-10-10,"wk inc flu hosp","quantile","0.99",263.160013957551
"17",2026-10-03,2,2026-10-17,"wk inc flu hosp","quantile","0.01",8.84960575227252
"17",2026-10-03,2,2026-10-17,"wk inc flu hosp","quantile","0.025",10.5947665912094
"17",2026-10-03,2,2026-10-17,"wk inc flu hosp","quantile","0.05",17.8963075825101
"17",2026-10-03,2,2026-10-17,"wk inc flu hosp","quantile","0.1",29.1226700606342
"17",2026-10-03,2,2026-10-17,"wk inc flu hosp","quantile","0.15",40.0933274275655
"17",2026-10-03,2,2026-10-17,"wk inc flu hosp","quantile","0.2",49.6066562847061
"17",2026-10-03,2,2026-10-17,"wk inc flu hosp","quantile","0.25",56.9524651453727
"17",2026-10-03,2,2026-10-17,"wk inc flu hosp","quantile","0.3",64.952386055338
"17",2026-10-03,2,2026-10-17,"wk inc flu hosp","quantile","0.35",70.994538196762
"17",2026-10-03,2,2026-10-17,"wk inc flu hosp","quantile","0.4",80.4053570184862
"17",2026-10-03,2,2026-10-17,"wk inc flu hosp","quantile","0.45",86.7476346740655
"17",2026-10-03,2,2026-10-17,"wk inc flu hosp","quantile","0.5",92.1449673327788
"17",2026-10-03,2,2026-10-17,"wk inc flu hosp","quantile","0.55",99.4833395956402
"17",2026-10-03,2,2026-10-17,"wk inc flu hosp","quantile","0.6",106.177591915356
"17",2026-10-03,2,2026-10-17,"wk inc flu hosp","quantile","0.65",113.9289106007
"17",2026-10-03,2,2026-10-17,"wk inc flu hosp","quantile","0.7",124.167091576159
"17",2026-10-03,2,2026-10-17,"wk inc flu hosp","quantile","0.75",136.910620500438
"17",2026-10-03,2,2026-10-17,"wk inc flu hosp","quantile","0.8",151.004543919904
"17",2026-10-03,2,2026-10-17,"wk inc flu hosp","quantile","0.85",169.765452151428
"17",2026-10-03,2,2026-10-17,"wk inc flu hosp","quantile","0.9",187.309448205471
"17",2026-10-03,2,2026-10-17,"wk inc flu hosp","quantile","0.95",238.210938831862
"17",2026-10-03,2,2026-10-17,"wk inc flu hosp","quantile","0.975",279.743083466127
"17",2026-10-03,2,2026-10-17,"wk inc flu hosp","quantile","0.99",353.840576794434
"17",2026-10-03,3,2026-10-24,"wk inc flu hosp","quantile","0.01",8.69903065942804
"17",2026-10-03,3,2026-10-24,"wk inc flu hosp","quantile","0.025",10.4064257467397
"17",2026-10-03,3,2026-10-24,"wk inc flu hosp","quantile","0.05",13.7190196394346
"17",2026-10-03,3,2026-10-24,"wk inc flu hosp","quantile","0.1",26.8519770989189
"17",2026-10-03,3,2026-10-24,"wk inc flu hosp","quantile","0.15",39.4674559460138
"17",2026-10-03,3,2026-10-24,"wk inc flu hosp","quantile","0.2",49.3249049483674
"17",2026-10-03,3,2026-10-24,"wk inc flu hosp","quantile","0.25",60.7155856077753
"17",2026-10-03,3,2026-10-24,"wk inc flu hosp","quantile","0.3",68.6276834805561
"17",2026-10-03,3,2026-10-24,"wk inc flu hosp","quantile","0.35",76.3836772058998
"17",2026-10-03,3,2026-10-24,"wk inc flu hosp","quantile","0.4",86.9799779593756
"17",2026-10-03,3,2026-10-24,"wk inc flu hosp","quantile","0.45",95.0640377759172
"17",2026-10-03,3,2026-10-24,"wk inc flu hosp","quantile","0.5",102.75829569292
"17",2026-10-03,3,2026-10-24,"wk inc flu hosp","quantile","0.55",112.247712540644
"17",2026-10-03,3,2026-10-24,"wk inc flu hosp","quantile","0.6",120.690634972365
"17",2026-10-03,3,2026-10-24,"wk inc flu hosp","quantile","0.65",132.904278764573
"17",2026-10-03,3,2026-10-24,"wk inc flu hosp","quantile","0.7",144.686037945207
"17",2026-10-03,3,2026-10-24,"wk inc flu hosp","quantile","0.75",161.235531895566
"17",2026-10-03,3,2026-10-24,"wk inc flu hosp","quantile","0.8",178.688715482799
"17",2026-10-03,3,2026-10-24,"wk inc flu hosp","quantile","0.85",198.551009799161
"17",2026-10-03,3,2026-10-24,"wk inc flu hosp","quantile","0.9",226.90259446455
"17",2026-10-03,3,2026-10-24,"wk inc flu hosp","quantile","0.95",295.778572068922
"17",2026-10-03,3,2026-10-24,"wk inc flu hosp","quantile","0.975",357.438063506089
"17",2026-10-03,3,2026-10-24,"wk inc flu hosp","quantile","0.99",444.478773708152
"18",2026-10-03,0,2026-10-03,"wk inc flu hosp","quantile","0.01",12.4233048582034
"18",2026-10-03,0,2026-10-03,"wk inc flu hosp","quantile","0.025",14.605720906441
"18",2026-10-03,0,2026-10-03,"wk inc flu hosp","quantile","0.05",17.5826234791782
"18",2026-10-03,0,2026-10-03,"wk inc flu hosp","quantile","0.1",21.7072805577134
"18",2026-10-03,0,2026-10-03,"wk inc flu hosp","quantile","0.15",24.3864461222591
"18",2026-10-03,0,2026-10-03,"wk inc flu hosp","quantile","0.2",27.0117191966332
"18",2026-10-03,0,2026-10-03,"wk inc flu hosp","quantile","0.25",29.267196700017
"18",2026-10-03,0,2026-10-03,"wk inc flu hosp","quantile","0.3",31.482731282942
"18",2026-10-03,0,2026-10-03,"wk inc flu hosp","quantile","0.35",33.7607477877376
"18",2026-10-03,0,2026-10-03,"wk inc flu hosp","quantile","0.4",35.5718158641359
"18",2026-10-03,0,2026-10-03,"wk inc flu hosp","quantile","0.45",36.8872827912722
"18",2026-10-03,0,2026-10-03,"wk inc flu hosp","quantile","0.5",38.758913799265
"18",2026-10-03,0,2026-10-03,"wk inc flu hosp","quantile","0.55",40.5268962105997
"18",2026-10-03,0,2026-10-03,"wk inc flu hosp","quantile","0.6",42.7377938641924
"18",2026-10-03,0,2026-10-03,"wk inc flu hosp","quantile","0.65",44.7030928473921
"18",2026-10-03,0,2026-10-03,"wk inc flu hosp","quantile","0.7",47.2256515588943
"18",2026-10-03,0,2026-10-03,"wk inc flu hosp","quantile","0.75",50.1116441113324
"18",2026-10-03,0,2026-10-03,"wk inc flu hosp","quantile","0.8",53.8854028204639
"18",2026-10-03,0,2026-10-03,"wk inc flu hosp","quantile","0.85",57.8325201054984
"18",2026-10-03,0,2026-10-03,"wk inc flu hosp","quantile","0.9",62.3061042014614
"18",2026-10-03,0,2026-10-03,"wk inc flu hosp","quantile","0.95",74.1057789098481
"18",2026-10-03,0,2026-10-03,"wk inc flu hosp","quantile","0.975",85.0685284579425
"18",2026-10-03,0,2026-10-03,"wk inc flu hosp","quantile","0.99",104.237405061298
"18",2026-10-03,1,2026-10-10,"wk inc flu hosp","quantile","0.01",8.18682556104992
"18",2026-10-03,1,2026-10-10,"wk inc flu hosp","quantile","0.025",11.5461586141656
"18",2026-10-03,1,2026-10-10,"wk inc flu hosp","quantile","0.05",15.2464057667287
"18",2026-10-03,1,2026-10-10,"wk inc flu hosp","quantile","0.1",21.546265864632
"18",2026-10-03,1,2026-10-10,"wk inc flu hosp","quantile","0.15",25.1386112794231
"18",2026-10-03,1,2026-10-10,"wk inc flu hosp","quantile","0.2",28.8774243604518
"18",2026-10-03,1,2026-10-10,"wk inc flu hosp","quantile","0.25",31.9644336181285
"18",2026-10-03,1,2026-10-10,"wk inc flu hosp","quantile","0.3",35.0339271008849
"18",2026-10-03,1,2026-10-10,"wk inc flu hosp","quantile","0.35",38.3902003969251
"18",2026-10-03,1,2026-10-10,"wk inc flu hosp","quantile","0.4",41.1522637114922
"18",2026-10-03,1,2026-10-10,"wk inc flu hosp","quantile","0.45",43.2097454741987
"18",2026-10-03,1,2026-10-10,"wk inc flu hosp","quantile","0.5",45.1143352774571
"18",2026-10-03,1,2026-10-10,"wk inc flu hosp","quantile","0.55",48.5941705682511
"18",2026-10-03,1,2026-10-10,"wk inc flu hosp","quantile","0.6",52.4794703201339
"18",2026-10-03,1,2026-10-10,"wk inc flu hosp","quantile","0.65",56.1526156861487
"18",2026-10-03,1,2026-10-10,"wk inc flu hosp","quantile","0.7",60.3765322455438
"18",2026-10-03,1,2026-10-10,"wk inc flu hosp","quantile","0.75",64.69956180742
"18",2026-10-03,1,2026-10-10,"wk inc flu hosp","quantile","0.8",71.3355948119367
"18",2026-10-03,1,2026-10-10,"wk inc flu hosp","quantile","0.85",78.8872103715695
"18",2026-10-03,1,2026-10-10,"wk inc flu hosp","quantile","0.9",88.4998952676162
"18",2026-10-03,1,2026-10-10,"wk inc flu hosp","quantile","0.95",105.050497492859
"18",2026-10-03,1,2026-10-10,"wk inc flu hosp","quantile","0.975",129.52949558135
"18",2026-10-03,1,2026-10-10,"wk inc flu hosp","quantile","0.99",157.479030824542
"18",2026-10-03,2,2026-10-17,"wk inc flu hosp","quantile","0.01",6.80270051262746
"18",2026-10-03,2,2026-10-17,"wk inc flu hosp","quantile","0.025",8.8549090117907
"18",2026-10-03,2,2026-10-17,"wk inc flu hosp","quantile","0.05",13.7620159968769
"18",2026-10-03,2,2026-10-17,"wk inc flu hosp","quantile","0.1",20.466956613758
"18",2026-10-03,2,2026-10-17,"wk inc flu hosp","quantile","0.15",25.1386540893622
"18",2026-10-03,2,2026-10-17,"wk inc flu hosp","quantile","0.2",30.2935291454888
"18",2026-10-03,2,2026-10-17,"wk inc flu hosp","quantile","0.25",34.73415507268
"18",2026-10-03,2,2026-10-17,"wk inc flu hosp","quantile","0.3",38.949500844825
"18",2026-10-03,2,2026-10-17,"wk inc flu hosp","quantile","0.35",43.440999880316
"18",2026-10-03,2,2026-10-17,"wk inc flu hosp","quantile","0.4",47.1085990824068
"18",2026-10-03,2,2026-10-17,"wk inc flu hosp","quantile","0.45",50.9710258572993
"18",2026-10-03,2,2026-10-17,"wk inc flu hosp","quantile","0.5",54.2146236863369
"18",2026-10-03,2,2026-10-17,"wk inc flu hosp","quantile","0.55",57.74746404149
"18",2026-10-03,2,2026-10-17,"wk inc flu hosp","quantile","0.6",62.2422606632013
"18",2026-10-03,2,2026-10-17,"wk inc flu hosp","quantile","0.65",67.7695192085267
"18",2026-10-03,2,2026-10-17,"wk inc flu hosp","quantile","0.7",73.6177819592234
"18",2026-10-03,2,2026-10-17,"wk inc flu hosp","quantile","0.75",80.2699469667053
"18",2026-10-03,2,2026-10-17,"wk inc flu hosp","quantile","0.8",89.5462946924359
"18",2026-10-03,2,2026-10-17,"wk inc flu hosp","quantile","0.85",99.3953795724003
"18",2026-10-03,2,2026-10-17,"wk inc flu hosp","quantile","0.9",116.398085915069
"18",2026-10-03,2,2026-10-17,"wk inc flu hosp","quantile","0.95",149.155859305971
"18",2026-10-03,2,2026-10-17,"wk inc flu hosp","quantile","0.975",184.999058519908
"18",2026-10-03,2,2026-10-17,"wk inc flu hosp","quantile","0.99",218.680301295861
"18",2026-10-03,3,2026-10-24,"wk inc flu hosp","quantile","0.01",6.77148977484728
"18",2026-10-03,3,2026-10-24,"wk inc flu hosp","quantile","0.025",7.78213684861938
"18",2026-10-03,3,2026-10-24,"wk inc flu hosp","quantile","0.05",12.6343733009339
"18",2026-10-03,3,2026-10-24,"wk inc flu hosp","quantile","0.1",20.6651006500867
"18",2026-10-03,3,2026-10-24,"wk inc flu hosp","quantile","0.15",26.4511496678905
"18",2026-10-03,3,2026-10-24,"wk inc flu hosp","quantile","0.2",32.7111534931362
"18",2026-10-03,3,2026-10-24,"wk inc flu hosp","quantile","0.25",38.0063426220469
"18",2026-10-03,3,2026-10-24,"wk inc flu hosp","quantile","0.3",42.9818219350369
"18",2026-10-03,3,2026-10-24,"wk inc flu hosp","quantile","0.35",48.2938688701512
"18",2026-10-03,3,2026-10-24,"wk inc flu hosp","quantile","0.4",53.1463619047128
"18",2026-10-03,3,2026-10-24,"wk inc flu hosp","quantile","0.45",59.1032454278279
"18",2026-10-03,3,2026-10-24,"wk inc flu hosp","quantile","0.5",63.3538709041577
"18",2026-10-03,3,2026-10-24,"wk inc flu hosp","quantile","0.55",69.7204121822754
"18",2026-10-03,3,2026-10-24,"wk inc flu hosp","quantile","0.6",74.8188876684048
"18",2026-10-03,3,2026-10-24,"wk inc flu hosp","quantile","0.65",82.0431715023252
"18",2026-10-03,3,2026-10-24,"wk inc flu hosp","quantile","0.7",89.731606479124
"18",2026-10-03,3,2026-10-24,"wk inc flu hosp","quantile","0.75",97.9805510130276
"18",2026-10-03,3,2026-10-24,"wk inc flu hosp","quantile","0.8",109.253349217438
"18",2026-10-03,3,2026-10-24,"wk inc flu hosp","quantile","0.85",125.752008796852
"18",2026-10-03,3,2026-10-24,"wk inc flu hosp","quantile","0.9",146.96016935156
"18",2026-10-03,3,2026-10-24,"wk inc flu hosp","quantile","0.95",193.860080776468
"18",2026-10-03,3,2026-10-24,"wk inc flu hosp","quantile","0.975",237.569009808044
"18",2026-10-03,3,2026-10-24,"wk inc flu hosp","quantile","0.99",289.669227472995
"19",2026-10-03,0,2026-10-03,"wk inc flu hosp","quantile","0.01",0
"19",2026-10-03,0,2026-10-03,"wk inc flu hosp","quantile","0.025",0.180448335722806
"19",2026-10-03,0,2026-10-03,"wk inc flu hosp","quantile","0.05",0.353292203545412
"19",2026-10-03,0,2026-10-03,"wk inc flu hosp","quantile","0.1",1.44709724645962
"19",2026-10-03,0,2026-10-03,"wk inc flu hosp","quantile","0.15",2.48881261918557
"19",2026-10-03,0,2026-10-03,"wk inc flu hosp","quantile","0.2",3.39023934507579
"19",2026-10-03,0,2026-10-03,"wk inc flu hosp","quantile","0.25",4.30231220492668
"19",2026-10-03,0,2026-10-03,"wk inc flu hosp","quantile","0.3",5.14229894487677
"19",2026-10-03,0,2026-10-03,"wk inc flu hosp","quantile","0.35",5.86146212241925
"19",2026-10-03,0,2026-10-03,"wk inc flu hosp","quantile","0.4",6.34648848738959
"19",2026-10-03,0,2026-10-03,"wk inc flu hosp","quantile","0.45",7.07874254740006
"19",2026-10-03,0,2026-10-03,"wk inc flu hosp","quantile","0.5",8.0859034612235
"19",2026-10-03,0,2026-10-03,"wk inc flu hosp","quantile","0.55",8.75169465789447
"19",2026-10-03,0,2026-10-03,"wk inc flu hosp","quantile","0.6",9.52235585289317
"19",2026-10-03,0,2026-10-03,"wk inc flu hosp","quantile","0.65",10.4197714158183
"19",2026-10-03,0,2026-10-03,"wk inc flu hosp","quantile","0.7",11.502493680987
"19",2026-10-03,0,2026-10-03,"wk inc flu hosp","quantile","0.75",12.6569836937434
"19",2026-10-03,0,2026-10-03,"wk inc flu hosp","quantile","0.8",14.1886846200336
"19",2026-10-03,0,2026-10-03,"wk inc flu hosp","quantile","0.85",15.3659432649012
"19",2026-10-03,0,2026-10-03,"wk inc flu hosp","quantile","0.9",17.3456099455999
"19",2026-10-03,0,2026-10-03,"wk inc flu hosp","quantile","0.95",21.2181698439267
"19",2026-10-03,0,2026-10-03,"wk inc flu hosp","quantile","0.975",25.5276723184129
"19",2026-10-03,0,2026-10-03,"wk inc flu hosp","quantile","0.99",32.2568644492986
"19",2026-10-03,1,2026-10-10,"wk inc flu hosp","quantile","0.01",0
"19",2026-10-03,1,2026-10-10,"wk inc flu hosp","quantile","0.025",0.157099189374609
"19",2026-10-03,1,2026-10-10,"wk inc flu hosp","quantile","0.05",0.342876454310092
"19",2026-10-03,1,2026-10-10,"wk inc flu hosp","quantile","0.1",0.671507094684407
"19",2026-10-03,1,2026-10-10,"wk inc flu hosp","quantile","0.15",1.5655233438814
"19",2026-10-03,1,2026-10-10,"wk inc flu hosp","quantile","0.2",2.77032939699812
"19",2026-10-03,1,2026-10-10,"wk inc flu hosp","quantile","0.25",3.93197080218856
"19",2026-10-03,1,2026-10-10,"wk inc flu hosp","quantile","0.3",4.86040676026046
"19",2026-10-03,1,2026-10-10,"wk inc flu hosp","quantile","0.35",5.70103837871164
"19",2026-10-03,1,2026-10-10,"wk inc flu hosp","quantile","0.4",6.46864099568327
"19",2026-10-03,1,2026-10-10,"wk inc flu hosp","quantile","0.45",7.6274729591456
"19",2026-10-03,1,2026-10-10,"wk inc flu hosp","quantile","0.5",8.71430191147628
"19",2026-10-03,1,2026-10-10,"wk inc flu hosp","quantile","0.55",9.6838597442747
"19",2026-10-03,1,2026-10-10,"wk inc flu hosp","quantile","0.6",10.8487166876799
"19",2026-10-03,1,2026-10-10,"wk inc flu hosp","quantile","0.65",12.1578332490028
"19",2026-10-03,1,2026-10-10,"wk inc flu hosp","quantile","0.7",13.7542489861322
"19",2026-10-03,1,2026-10-10,"wk inc flu hosp","quantile","0.75",15.7284994538146
"19",2026-10-03,1,2026-10-10,"wk inc flu hosp","quantile","0.8",17.9347006573422
"19",2026-10-03,1,2026-10-10,"wk inc flu hosp","quantile","0.85",20.3763497994134
"19",2026-10-03,1,2026-10-10,"wk inc flu hosp","quantile","0.9",24.0635470044898
"19",2026-10-03,1,2026-10-10,"wk inc flu hosp","quantile","0.95",29.8125371031084
"19",2026-10-03,1,2026-10-10,"wk inc flu hosp","quantile","0.975",36.2472255245782
"19",2026-10-03,1,2026-10-10,"wk inc flu hosp","quantile","0.99",46.1734051501869
"19",2026-10-03,2,2026-10-17,"wk inc flu hosp","quantile","0.01",0
"19",2026-10-03,2,2026-10-17,"wk inc flu hosp","quantile","0.025",0.154625676775853
"19",2026-10-03,2,2026-10-17,"wk inc flu hosp","quantile","0.05",0.360786432235858
"19",2026-10-03,2,2026-10-17,"wk inc flu hosp","quantile","0.1",0.753585860873222
"19",2026-10-03,2,2026-10-17,"wk inc flu hosp","quantile","0.15",1.45617350554594
"19",2026-10-03,2,2026-10-17,"wk inc flu hosp","quantile","0.2",2.80845557360021
"19",2026-10-03,2,2026-10-17,"wk inc flu hosp","quantile","0.25",4.19865175226574
"19",2026-10-03,2,2026-10-17,"wk inc flu hosp","quantile","0.3",5.59024189347173
"19",2026-10-03,2,2026-10-17,"wk inc flu hosp","quantile","0.35",6.74147233069648
"19",2026-10-03,2,2026-10-17,"wk inc flu hosp","quantile","0.4",7.82625933801885
"19",2026-10-03,2,2026-10-17,"wk inc flu hosp","quantile","0.45",9.13663149483072
"19",2026-10-03,2,2026-10-17,"wk inc flu hosp","quantile","0.5",10.7278603469111
"19",2026-10-03,2,2026-10-17,"wk inc flu hosp","quantile","0.55",12.0794674792166
"19",2026-10-03,2,2026-10-17,"wk inc flu hosp","quantile","0.6",13.5374327556629
"19",2026-10-03,2,2026-10-17,"wk inc flu hosp","quantile","0.65",15.2114266421377
"19",2026-10-03,2,2026-10-17,"wk inc flu hosp","quantile","0.7",17.3462501239531
"19",2026-10-03,2,2026-10-17,"wk inc flu hosp","quantile","0.75",19.9863389201743
"19",2026-10-03,2,2026-10-17,"wk inc flu hosp","quantile","0.8",23.1352491324411
"19",2026-10-03,2,2026-10-17,"wk inc flu hosp","quantile","0.85",26.6818487655024
"19",2026-10-03,2,2026-10-17,"wk inc flu hosp","quantile","0.9",32.3853024826696
"19",2026-10-03,2,2026-10-17,"wk inc flu hosp","quantile","0.95",41.9873773266801
"19",2026-10-03,2,2026-10-17,"wk inc flu hosp","quantile","0.975",50.6949753190668
"19",2026-10-03,2,2026-10-17,"wk inc flu hosp","quantile","0.99",65.0820011908457
"19",2026-10-03,3,2026-10-24,"wk inc flu hosp","quantile","0.01",0
"19",2026-10-03,3,2026-10-24,"wk inc flu hosp","quantile","0.025",0.154625676775853
"19",2026-10-03,3,2026-10-24,"wk inc flu hosp","quantile","0.05",0.360890275509698
"19",2026-10-03,3,2026-10-24,"wk inc flu hosp","quantile","0.1",0.787758741151288
"19",2026-10-03,3,2026-10-24,"wk inc flu hosp","quantile","0.15",1.89334453532044
"19",2026-10-03,3,2026-10-24,"wk inc flu hosp","quantile","0.2",3.57003251102208
"19",2026-10-03,3,2026-10-24,"wk inc flu hosp","quantile","0.25",5.32377288710753
"19",2026-10-03,3,2026-10-24,"wk inc flu hosp","quantile","0.3",6.90277419644286
"19",2026-10-03,3,2026-10-24,"wk inc flu hosp","quantile","0.35",8.24994168651622
"19",2026-10-03,3,2026-10-24,"wk inc flu hosp","quantile","0.4",9.63666369468914
"19",2026-10-03,3,2026-10-24,"wk inc flu hosp","quantile","0.45",11.1357851998967
"19",2026-10-03,3,2026-10-24,"wk inc flu hosp","quantile","0.5",12.9395724563332
"19",2026-10-03,3,2026-10-24,"wk inc flu hosp","quantile","0.55",15.2187268148324
"19",2026-10-03,3,2026-10-24,"wk inc flu hosp","quantile","0.6",16.9932632272162
"19",2026-10-03,3,2026-10-24,"wk inc flu hosp","quantile","0.65",19.4042536819859
"19",2026-10-03,3,2026-10-24,"wk inc flu hosp","quantile","0.7",22.4020097442573
"19",2026-10-03,3,2026-10-24,"wk inc flu hosp","quantile","0.75",25.717486628917
"19",2026-10-03,3,2026-10-24,"wk inc flu hosp","quantile","0.8",30.1396210605782
"19",2026-10-03,3,2026-10-24,"wk inc flu hosp","quantile","0.85",34.5732383049219
"19",2026-10-03,3,2026-10-24,"wk inc flu hosp","quantile","0.9",42.294299361171
"19",2026-10-03,3,2026-10-24,"wk inc flu hosp","quantile","0.95",56.7939709512156
"19",2026-10-03,3,2026-10-24,"wk inc flu hosp","quantile","0.975",69.5882481232881
"19",2026-10-03,3,2026-10-24,"wk inc flu hosp","quantile","0.99",91.8918172163975
"20",2026-10-03,0,2026-10-03,"wk inc flu hosp","quantile","0.01",0.280692358258223
"20",2026-10-03,0,2026-10-03,"wk inc flu hosp","quantile","0.025",1.20018942668138
"20",2026-10-03,0,2026-10-03,"wk inc flu hosp","quantile","0.05",1.42223193756808
"20",2026-10-03,0,2026-10-03,"wk inc flu hosp","quantile","0.1",2.2025396365143
"20",2026-10-03,0,2026-10-03,"wk inc flu hosp","quantile","0.15",2.91996962300776
"20",2026-10-03,0,2026-10-03,"wk inc flu hosp","quantile","0.2",3.37020340069967
"20",2026-10-03,0,2026-10-03,"wk inc flu hosp","quantile","0.25",3.90680778267817
"20",2026-10-03,0,2026-10-03,"wk inc flu hosp","quantile","0.3",4.40176158704373
"20",2026-10-03,0,2026-10-03,"wk inc flu hosp","quantile","0.35",4.91646631796023
"20",2026-10-03,0,2026-10-03,"wk inc flu hosp","quantile","0.4",5.51402846719595
"20",2026-10-03,0,2026-10-03,"wk inc flu hosp","quantile","0.45",6.16328753696986
"20",2026-10-03,0,2026-10-03,"wk inc flu hosp","quantile","0.5",6.85250850527069
"20",2026-10-03,0,2026-10-03,"wk inc flu hosp","quantile","0.55",7.46708211285789
"20",2026-10-03,0,2026-10-03,"wk inc flu hosp","quantile","0.6",8.01514258187782
"20",2026-10-03,0,2026-10-03,"wk inc flu hosp","quantile","0.65",8.65223946534312
"20",2026-10-03,0,2026-10-03,"wk inc flu hosp","quantile","0.7",9.44346811695945
"20",2026-10-03,0,2026-10-03,"wk inc flu hosp","quantile","0.75",10.2977360055942
"20",2026-10-03,0,2026-10-03,"wk inc flu hosp","quantile","0.8",11.1380936309574
"20",2026-10-03,0,2026-10-03,"wk inc flu hosp","quantile","0.85",12.1596249537102
"20",2026-10-03,0,2026-10-03,"wk inc flu hosp","quantile","0.9",13.3808371507766
"20",2026-10-03,0,2026-10-03,"wk inc flu hosp","quantile","0.95",16.0022691051809
"20",2026-10-03,0,2026-10-03,"wk inc flu hosp","quantile","0.975",19.2937415687254
"20",2026-10-03,0,2026-10-03,"wk inc flu hosp","quantile","0.99",24.7895324147095
"20",2026-10-03,1,2026-10-10,"wk inc flu hosp","quantile","0.01",0.268660901242506
"20",2026-10-03,1,2026-10-10,"wk inc flu hosp","quantile","0.025",1.19534775102115
"20",2026-10-03,1,2026-10-10,"wk inc flu hosp","quantile","0.05",1.45330271010355
"20",2026-10-03,1,2026-10-10,"wk inc flu hosp","quantile","0.1",1.65140970408817
"20",2026-10-03,1,2026-10-10,"wk inc flu hosp","quantile","0.15",2.26973632514129
"20",2026-10-03,1,2026-10-10,"wk inc flu hosp","quantile","0.2",2.90359711068181
"20",2026-10-03,1,2026-10-10,"wk inc flu hosp","quantile","0.25",3.85553044926993
"20",2026-10-03,1,2026-10-10,"wk inc flu hosp","quantile","0.3",4.56601611543455
"20",2026-10-03,1,2026-10-10,"wk inc flu hosp","quantile","0.35",5.2493422040268
"20",2026-10-03,1,2026-10-10,"wk inc flu hosp","quantile","0.4",5.99874956047231
"20",2026-10-03,1,2026-10-10,"wk inc flu hosp","quantile","0.45",6.80851643457187
"20",2026-10-03,1,2026-10-10,"wk inc flu hosp","quantile","0.5",7.66913648783892
"20",2026-10-03,1,2026-10-10,"wk inc flu hosp","quantile","0.55",8.55363662764736
"20",2026-10-03,1,2026-10-10,"wk inc flu hosp","quantile","0.6",9.41293009732565
"20",2026-10-03,1,2026-10-10,"wk inc flu hosp","quantile","0.65",10.5280518758355
"20",2026-10-03,1,2026-10-10,"wk inc flu hosp","quantile","0.7",11.705962921735
"20",2026-10-03,1,2026-10-10,"wk inc flu hosp","quantile","0.75",13.1427423718341
"20",2026-10-03,1,2026-10-10,"wk inc flu hosp","quantile","0.8",14.5758172381967
"20",2026-10-03,1,2026-10-10,"wk inc flu hosp","quantile","0.85",16.5876604993982
"20",2026-10-03,1,2026-10-10,"wk inc flu hosp","quantile","0.9",19.2761587214388
"20",2026-10-03,1,2026-10-10,"wk inc flu hosp","quantile","0.95",23.1201484119528
"20",2026-10-03,1,2026-10-10,"wk inc flu hosp","quantile","0.975",28.4684433328853
"20",2026-10-03,1,2026-10-10,"wk inc flu hosp","quantile","0.99",37.15189555461
"20",2026-10-03,2,2026-10-17,"wk inc flu hosp","quantile","0.01",0.26496815977419
"20",2026-10-03,2,2026-10-17,"wk inc flu hosp","quantile","0.025",1.18056729070716
"20",2026-10-03,2,2026-10-17,"wk inc flu hosp","quantile","0.05",1.49060253042098
"20",2026-10-03,2,2026-10-17,"wk inc flu hosp","quantile","0.1",1.72846804921446
"20",2026-10-03,2,2026-10-17,"wk inc flu hosp","quantile","0.15",1.92075437672454
"20",2026-10-03,2,2026-10-17,"wk inc flu hosp","quantile","0.2",2.88537858467594
"20",2026-10-03,2,2026-10-17,"wk inc flu hosp","quantile","0.25",3.81273196851839
"20",2026-10-03,2,2026-10-17,"wk inc flu hosp","quantile","0.3",5.07846584220938
"20",2026-10-03,2,2026-10-17,"wk inc flu hosp","quantile","0.35",6.04234277790667
"20",2026-10-03,2,2026-10-17,"wk inc flu hosp","quantile","0.4",7.05959424199117
"20",2026-10-03,2,2026-10-17,"wk inc flu hosp","quantile","0.45",8.03804818967635
"20",2026-10-03,2,2026-10-17,"wk inc flu hosp","quantile","0.5",9.0352585459695
"20",2026-10-03,2,2026-10-17,"wk inc flu hosp","quantile","0.55",10.2363246970106
"20",2026-10-03,2,2026-10-17,"wk inc flu hosp","quantile","0.6",11.3922868608305
"20",2026-10-03,2,2026-10-17,"wk inc flu hosp","quantile","0.65",12.8412167395502
"20",2026-10-03,2,2026-10-17,"wk inc flu hosp","quantile","0.7",14.4381306136839
"20",2026-10-03,2,2026-10-17,"wk inc flu hosp","quantile","0.75",16.5129871173581
"20",2026-10-03,2,2026-10-17,"wk inc flu hosp","quantile","0.8",18.6318361863077
"20",2026-10-03,2,2026-10-17,"wk inc flu hosp","quantile","0.85",21.7685754532756
"20",2026-10-03,2,2026-10-17,"wk inc flu hosp","quantile","0.9",25.7757329160409
"20",2026-10-03,2,2026-10-17,"wk inc flu hosp","quantile","0.95",33.1383287459002
"20",2026-10-03,2,2026-10-17,"wk inc flu hosp","quantile","0.975",40.8448436927813
"20",2026-10-03,2,2026-10-17,"wk inc flu hosp","quantile","0.99",52.1359308386651
"20",2026-10-03,3,2026-10-24,"wk inc flu hosp","quantile","0.01",0.25931021398225
"20",2026-10-03,3,2026-10-24,"wk inc flu hosp","quantile","0.025",1.17650394966698
"20",2026-10-03,3,2026-10-24,"wk inc flu hosp","quantile","0.05",1.49820504524356
"20",2026-10-03,3,2026-10-24,"wk inc flu hosp","quantile","0.1",1.77927683630354
"20",2026-10-03,3,2026-10-24,"wk inc flu hosp","quantile","0.15",2.0455292981583
"20",2026-10-03,3,2026-10-24,"wk inc flu hosp","quantile","0.2",3.26330346095765
"20",2026-10-03,3,2026-10-24,"wk inc flu hosp","quantile","0.25",4.36173202952063
"20",2026-10-03,3,2026-10-24,"wk inc flu hosp","quantile","0.3",5.44976143228417
"20",2026-10-03,3,2026-10-24,"wk inc flu hosp","quantile","0.35",6.68241486024682
"20",2026-10-03,3,2026-10-24,"wk inc flu hosp","quantile","0.4",8.13092660336302
"20",2026-10-03,3,2026-10-24,"wk inc flu hosp","quantile","0.45",9.49160660524637
"20",2026-10-03,3,2026-10-24,"wk inc flu hosp","quantile","0.5",11.015983369456
"20",2026-10-03,3,2026-10-24,"wk inc flu hosp","quantile","0.55",12.650392927899
"20",2026-10-03,3,2026-10-24,"wk inc flu hosp","quantile","0.6",14.333160119174
"20",2026-10-03,3,2026-10-24,"wk inc flu hosp","quantile","0.65",16.3592534317217
"20",2026-10-03,3,2026-10-24,"wk inc flu hosp","quantile","0.7",18.1107081578195
"20",2026-10-03,3,2026-10-24,"wk inc flu hosp","quantile","0.75",20.5191529153746
"20",2026-10-03,3,2026-10-24,"wk inc flu hosp","quantile","0.8",23.782642700251
"20",2026-10-03,3,2026-10-24,"wk inc flu hosp","quantile","0.85",28.5273925048051
"20",2026-10-03,3,2026-10-24,"wk inc flu hosp","quantile","0.9",34.6598172281369
"20",2026-10-03,3,2026-10-24,"wk inc flu hosp","quantile","0.95",45.729697927122
"20",2026-10-03,3,2026-10-24,"wk inc flu hosp","quantile","0.975",57.9228218981744
"20",2026-10-03,3,2026-10-24,"wk inc flu hosp","quantile","0.99",77.774044553844
"21",2026-10-03,0,2026-10-03,"wk inc flu hosp","quantile","0.01",1.71375654407222
"21",2026-10-03,0,2026-10-03,"wk inc flu hosp","quantile","0.025",3.12833570904711
"21",2026-10-03,0,2026-10-03,"wk inc flu hosp","quantile","0.05",3.80253628922167
"21",2026-10-03,0,2026-10-03,"wk inc flu hosp","quantile","0.1",5.29759452860118
"21",2026-10-03,0,2026-10-03,"wk inc flu hosp","quantile","0.15",6.55183990405625
"21",2026-10-03,0,2026-10-03,"wk inc flu hosp","quantile","0.2",7.91702367767769
"21",2026-10-03,0,2026-10-03,"wk inc flu hosp","quantile","0.25",8.90997065384408
"21",2026-10-03,0,2026-10-03,"wk inc flu hosp","quantile","0.3",9.8927772860191
"21",2026-10-03,0,2026-10-03,"wk inc flu hosp","quantile","0.35",11.0154645713651
"21",2026-10-03,0,2026-10-03,"wk inc flu hosp","quantile","0.4",12.2456931194752
"21",2026-10-03,0,2026-10-03,"wk inc flu hosp","quantile","0.45",13.2607790470118
"21",2026-10-03,0,2026-10-03,"wk inc flu hosp","quantile","0.5",14.5685352464136
"21",2026-10-03,0,2026-10-03,"wk inc flu hosp","quantile","0.55",15.9187695410989
"21",2026-10-03,0,2026-10-03,"wk inc flu hosp","quantile","0.6",17.3790596032926
"21",2026-10-03,0,2026-10-03,"wk inc flu hosp","quantile","0.65",18.7742867909855
"21",2026-10-03,0,2026-10-03,"wk inc flu hosp","quantile","0.7",20.7014691005349
"21",2026-10-03,0,2026-10-03,"wk inc flu hosp","quantile","0.75",22.5834358514846
"21",2026-10-03,0,2026-10-03,"wk inc flu hosp","quantile","0.8",24.8655985085704
"21",2026-10-03,0,2026-10-03,"wk inc flu hosp","quantile","0.85",27.0122256620742
"21",2026-10-03,0,2026-10-03,"wk inc flu hosp","quantile","0.9",29.1291355378336
"21",2026-10-03,0,2026-10-03,"wk inc flu hosp","quantile","0.95",35.6305436662873
"21",2026-10-03,0,2026-10-03,"wk inc flu hosp","quantile","0.975",41.1986916084744
"21",2026-10-03,0,2026-10-03,"wk inc flu hosp","quantile","0.99",52.547684468168
"21",2026-10-03,1,2026-10-10,"wk inc flu hosp","quantile","0.01",1.68666043038603
"21",2026-10-03,1,2026-10-10,"wk inc flu hosp","quantile","0.025",3.14094121255518
"21",2026-10-03,1,2026-10-10,"wk inc flu hosp","quantile","0.05",3.86128397424155
"21",2026-10-03,1,2026-10-10,"wk inc flu hosp","quantile","0.1",4.30175168270271
"21",2026-10-03,1,2026-10-10,"wk inc flu hosp","quantile","0.15",5.44876181886246
"21",2026-10-03,1,2026-10-10,"wk inc flu hosp","quantile","0.2",7.20497090689197
"21",2026-10-03,1,2026-10-10,"wk inc flu hosp","quantile","0.25",8.26657758289607
"21",2026-10-03,1,2026-10-10,"wk inc flu hosp","quantile","0.3",9.58055034177325
"21",2026-10-03,1,2026-10-10,"wk inc flu hosp","quantile","0.35",11.1145426919605
"21",2026-10-03,1,2026-10-10,"wk inc flu hosp","quantile","0.4",12.9384507785879
"21",2026-10-03,1,2026-10-10,"wk inc flu hosp","quantile","0.45",14.3564277232596
"21",2026-10-03,1,2026-10-10,"wk inc flu hosp","quantile","0.5",15.515971778055
"21",2026-10-03,1,2026-10-10,"wk inc flu hosp","quantile","0.55",17.5157218128596
"21",2026-10-03,1,2026-10-10,"wk inc flu hosp","quantile","0.6",19.6393486391723
"21",2026-10-03,1,2026-10-10,"wk inc flu hosp","quantile","0.65",22.04108349144
"21",2026-10-03,1,2026-10-10,"wk inc flu hosp","quantile","0.7",24.8967622323663
"21",2026-10-03,1,2026-10-10,"wk inc flu hosp","quantile","0.75",28.3045877562552
"21",2026-10-03,1,2026-10-10,"wk inc flu hosp","quantile","0.8",31.725680779101
"21",2026-10-03,1,2026-10-10,"wk inc flu hosp","quantile","0.85",36.1787534067274
"21",2026-10-03,1,2026-10-10,"wk inc flu hosp","quantile","0.9",41.0235823298461
"21",2026-10-03,1,2026-10-10,"wk inc flu hosp","quantile","0.95",49.041102807705
"21",2026-10-03,1,2026-10-10,"wk inc flu hosp","quantile","0.975",60.0694348276295
"21",2026-10-03,1,2026-10-10,"wk inc flu hosp","quantile","0.99",75.8817705571296
"21",2026-10-03,2,2026-10-17,"wk inc flu hosp","quantile","0.01",1.67035502957596
"21",2026-10-03,2,2026-10-17,"wk inc flu hosp","quantile","0.025",3.14178414869459
"21",2026-10-03,2,2026-10-17,"wk inc flu hosp","quantile","0.05",3.88302294015921
"21",2026-10-03,2,2026-10-17,"wk inc flu hosp","quantile","0.1",4.49739473961866
"21",2026-10-03,2,2026-10-17,"wk inc flu hosp","quantile","0.15",5.6352360427018
"21",2026-10-03,2,2026-10-17,"wk inc flu hosp","quantile","0.2",7.65148044162712
"21",2026-10-03,2,2026-10-17,"wk inc flu hosp","quantile","0.25",9.30457462646248
"21",2026-10-03,2,2026-10-17,"wk inc flu hosp","quantile","0.3",11.0307123649868
"21",2026-10-03,2,2026-10-17,"wk inc flu hosp","quantile","0.35",12.9012436728909
"21",2026-10-03,2,2026-10-17,"wk inc flu hosp","quantile","0.4",15.274541197488
"21",2026-10-03,2,2026-10-17,"wk inc flu hosp","quantile","0.45",16.7724231772676
"21",2026-10-03,2,2026-10-17,"wk inc flu hosp","quantile","0.5",18.9915871439012
"21",2026-10-03,2,2026-10-17,"wk inc flu hosp","quantile","0.55",20.8068119017084
"21",2026-10-03,2,2026-10-17,"wk inc flu hosp","quantile","0.6",23.0018719640875
"21",2026-10-03,2,2026-10-17,"wk inc flu hosp","quantile","0.65",25.3555798687539
"21",2026-10-03,2,2026-10-17,"wk inc flu hosp","quantile","0.7",28.9038627432094
"21",2026-10-03,2,2026-10-17,"wk inc flu hosp","quantile","0.75",32.9692701750958
"21",2026-10-03,2,2026-10-17,"wk inc flu hosp","quantile","0.8",39.2853308412904
"21",2026-10-03,2,2026-10-17,"wk inc flu hosp","quantile","0.85",46.1808512820522
"21",2026-10-03,2,2026-10-17,"wk inc flu hosp","quantile","0.9",54.9784898971732
"21",2026-10-03,2,2026-10-17,"wk inc flu hosp","quantile","0.95",70.0768400359291
"21",2026-10-03,2,2026-10-17,"wk inc flu hosp","quantile","0.975",84.6883615510414
"21",2026-10-03,2,2026-10-17,"wk inc flu hosp","quantile","0.99",106.863124553827
"21",2026-10-03,3,2026-10-24,"wk inc flu hosp","quantile","0.01",1.6799207857296
"21",2026-10-03,3,2026-10-24,"wk inc flu hosp","quantile","0.025",3.15558009049252
"21",2026-10-03,3,2026-10-24,"wk inc flu hosp","quantile","0.05",3.88302294015921
"21",2026-10-03,3,2026-10-24,"wk inc flu hosp","quantile","0.1",4.63239376213645
"21",2026-10-03,3,2026-10-24,"wk inc flu hosp","quantile","0.15",5.30223005394532
"21",2026-10-03,3,2026-10-24,"wk inc flu hosp","quantile","0.2",7.99033021088317
"21",2026-10-03,3,2026-10-24,"wk inc flu hosp","quantile","0.25",10.0746176728435
"21",2026-10-03,3,2026-10-24,"wk inc flu hosp","quantile","0.3",12.4190836135311
"21",2026-10-03,3,2026-10-24,"wk inc flu hosp","quantile","0.35",14.5919279267805
"21",2026-10-03,3,2026-10-24,"wk inc flu hosp","quantile","0.4",17.2090443346711
"21",2026-10-03,3,2026-10-24,"wk inc flu hosp","quantile","0.45",19.6788542319948
"21",2026-10-03,3,2026-10-24,"wk inc flu hosp","quantile","0.5",21.8515617103393
"21",2026-10-03,3,2026-10-24,"wk inc flu hosp","quantile","0.55",24.6029717824153
"21",2026-10-03,3,2026-10-24,"wk inc flu hosp","quantile","0.6",27.3926591562802
"21",2026-10-03,3,2026-10-24,"wk inc flu hosp","quantile","0.65",31.1619182841603
"21",2026-10-03,3,2026-10-24,"wk inc flu hosp","quantile","0.7",35.1902102186215
"21",2026-10-03,3,2026-10-24,"wk inc flu hosp","quantile","0.75",40.2960786758516
"21",2026-10-03,3,2026-10-24,"wk inc flu hosp","quantile","0.8",47.9545661197531
"21",2026-10-03,3,2026-10-24,"wk inc flu hosp","quantile","0.85",56.42276102325
"21",2026-10-03,3,2026-10-24,"wk inc flu hosp","quantile","0.9",69.9085892887555
"21",2026-10-03,3,2026-10-24,"wk inc flu hosp","quantile","0.95",90.1504916699558
"21",2026-10-03,3,2026-10-24,"wk inc flu hosp","quantile","0.975",110.80011736673
"21",2026-10-03,3,2026-10-24,"wk inc flu hosp","quantile","0.99",142.660485895705
"22",2026-10-03,0,2026-10-03,"wk inc flu hosp","quantile","0.01",24.0508347013102
"22",2026-10-03,0,2026-10-03,"wk inc flu hosp","quantile","0.025",29.3777732918913
"22",2026-10-03,0,2026-10-03,"wk inc flu hosp","quantile","0.05",32.9766757081042
"22",2026-10-03,0,2026-10-03,"wk inc flu hosp","quantile","0.1",36.7698120874674
"22",2026-10-03,0,2026-10-03,"wk inc flu hosp","quantile","0.15",40.9678060191201
"22",2026-10-03,0,2026-10-03,"wk inc flu hosp","quantile","0.2",44.3081517032946
"22",2026-10-03,0,2026-10-03,"wk inc flu hosp","quantile","0.25",46.4863655007066
"22",2026-10-03,0,2026-10-03,"wk inc flu hosp","quantile","0.3",49.1261534328586
"22",2026-10-03,0,2026-10-03,"wk inc flu hosp","quantile","0.35",51.5470634654794
"22",2026-10-03,0,2026-10-03,"wk inc flu hosp","quantile","0.4",53.9895988946905
"22",2026-10-03,0,2026-10-03,"wk inc flu hosp","quantile","0.45",55.6491388389834
"22",2026-10-03,0,2026-10-03,"wk inc flu hosp","quantile","0.5",57.8702558731632
"22",2026-10-03,0,2026-10-03,"wk inc flu hosp","quantile","0.55",59.4970030107646
"22",2026-10-03,0,2026-10-03,"wk inc flu hosp","quantile","0.6",62.0181842408966
"22",2026-10-03,0,2026-10-03,"wk inc flu hosp","quantile","0.65",64.2243246153945
"22",2026-10-03,0,2026-10-03,"wk inc flu hosp","quantile","0.7",67.7807125227024
"22",2026-10-03,0,2026-10-03,"wk inc flu hosp","quantile","0.75",70.5885794881103
"22",2026-10-03,0,2026-10-03,"wk inc flu hosp","quantile","0.8",73.8418488856203
"22",2026-10-03,0,2026-10-03,"wk inc flu hosp","quantile","0.85",78.145393959562
"22",2026-10-03,0,2026-10-03,"wk inc flu hosp","quantile","0.9",82.3322598170592
"22",2026-10-03,0,2026-10-03,"wk inc flu hosp","quantile","0.95",93.5816680832953
"22",2026-10-03,0,2026-10-03,"wk inc flu hosp","quantile","0.975",105.641993794363
"22",2026-10-03,0,2026-10-03,"wk inc flu hosp","quantile","0.99",124.828688705495
"22",2026-10-03,1,2026-10-10,"wk inc flu hosp","quantile","0.01",18.3546469690403
"22",2026-10-03,1,2026-10-10,"wk inc flu hosp","quantile","0.025",23.8450683528696
"22",2026-10-03,1,2026-10-10,"wk inc flu hosp","quantile","0.05",28.2508585581362
"22",2026-10-03,1,2026-10-10,"wk inc flu hosp","quantile","0.1",34.5306459494657
"22",2026-10-03,1,2026-10-10,"wk inc flu hosp","quantile","0.15",40.37261207703
"22",2026-10-03,1,2026-10-10,"wk inc flu hosp","quantile","0.2",45.0123616949577
"22",2026-10-03,1,2026-10-10,"wk inc flu hosp","quantile","0.25",49.1067185936786
"22",2026-10-03,1,2026-10-10,"wk inc flu hosp","quantile","0.3",52.6696965012076
"22",2026-10-03,1,2026-10-10,"wk inc flu hosp","quantile","0.35",55.3486411841348
"22",2026-10-03,1,2026-10-10,"wk inc flu hosp","quantile","0.4",57.7492012626049
"22",2026-10-03,1,2026-10-10,"wk inc flu hosp","quantile","0.45",61.0775084339629
"22",2026-10-03,1,2026-10-10,"wk inc flu hosp","quantile","0.5",63.3268660692066
"22",2026-10-03,1,2026-10-10,"wk inc flu hosp","quantile","0.55",66.3524835421832
"22",2026-10-03,1,2026-10-10,"wk inc flu hosp","quantile","0.6",71.3372271714524
"22",2026-10-03,1,2026-10-10,"wk inc flu hosp","quantile","0.65",75.687551831948
"22",2026-10-03,1,2026-10-10,"wk inc flu hosp","quantile","0.7",80.2659594211172
"22",2026-10-03,1,2026-10-10,"wk inc flu hosp","quantile","0.75",85.9115328137497
"22",2026-10-03,1,2026-10-10,"wk inc flu hosp","quantile","0.8",91.3034209818145
"22",2026-10-03,1,2026-10-10,"wk inc flu hosp","quantile","0.85",98.3009075168705
"22",2026-10-03,1,2026-10-10,"wk inc flu hosp","quantile","0.9",106.581040350804
"22",2026-10-03,1,2026-10-10,"wk inc flu hosp","quantile","0.95",126.069520846821
"22",2026-10-03,1,2026-10-10,"wk inc flu hosp","quantile","0.975",151.56789306984
"22",2026-10-03,1,2026-10-10,"wk inc flu hosp","quantile","0.99",176.237884707297
"22",2026-10-03,2,2026-10-17,"wk inc flu hosp","quantile","0.01",15.5458232255644
"22",2026-10-03,2,2026-10-17,"wk inc flu hosp","quantile","0.025",21.2501665193514
"22",2026-10-03,2,2026-10-17,"wk inc flu hosp","quantile","0.05",25.4981179162956
"22",2026-10-03,2,2026-10-17,"wk inc flu hosp","quantile","0.1",33.4744978716303
"22",2026-10-03,2,2026-10-17,"wk inc flu hosp","quantile","0.15",40.049877519175
"22",2026-10-03,2,2026-10-17,"wk inc flu hosp","quantile","0.2",45.3784948657441
"22",2026-10-03,2,2026-10-17,"wk inc flu hosp","quantile","0.25",50.0448738284526
"22",2026-10-03,2,2026-10-17,"wk inc flu hosp","quantile","0.3",55.5036793720626
"22",2026-10-03,2,2026-10-17,"wk inc flu hosp","quantile","0.35",58.9668837104746
"22",2026-10-03,2,2026-10-17,"wk inc flu hosp","quantile","0.4",63.2938363157867
"22",2026-10-03,2,2026-10-17,"wk inc flu hosp","quantile","0.45",67.4981987711421
"22",2026-10-03,2,2026-10-17,"wk inc flu hosp","quantile","0.5",71.197165250757
"22",2026-10-03,2,2026-10-17,"wk inc flu hosp","quantile","0.55",75.5120108219693
"22",2026-10-03,2,2026-10-17,"wk inc flu hosp","quantile","0.6",80.4622706421751
"22",2026-10-03,2,2026-10-17,"wk inc flu hosp","quantile","0.65",85.9290710830796
"22",2026-10-03,2,2026-10-17,"wk inc flu hosp","quantile","0.7",91.2302331251811
"22",2026-10-03,2,2026-10-17,"wk inc flu hosp","quantile","0.75",98.632010214043
"22",2026-10-03,2,2026-10-17,"wk inc flu hosp","quantile","0.8",107.029634202961
"22",2026-10-03,2,2026-10-17,"wk inc flu hosp","quantile","0.85",116.94020115053
"22",2026-10-03,2,2026-10-17,"wk inc flu hosp","quantile","0.9",131.429887096948
"22",2026-10-03,2,2026-10-17,"wk inc flu hosp","quantile","0.95",166.537503079595
"22",2026-10-03,2,2026-10-17,"wk inc flu hosp","quantile","0.975",204.00165471799
"22",2026-10-03,2,2026-10-17,"wk inc flu hosp","quantile","0.99",235.458955978697
"22",2026-10-03,3,2026-10-24,"wk inc flu hosp","quantile","0.01",13.4725440926072
"22",2026-10-03,3,2026-10-24,"wk inc flu hosp","quantile","0.025",18.8365022276056
"22",2026-10-03,3,2026-10-24,"wk inc flu hosp","quantile","0.05",24.2201793181419
"22",2026-10-03,3,2026-10-24,"wk inc flu hosp","quantile","0.1",31.9844209699813
"22",2026-10-03,3,2026-10-24,"wk inc flu hosp","quantile","0.15",39.6638440489397
"22",2026-10-03,3,2026-10-24,"wk inc flu hosp","quantile","0.2",46.2763862042682
"22",2026-10-03,3,2026-10-24,"wk inc flu hosp","quantile","0.25",51.8970284767723
"22",2026-10-03,3,2026-10-24,"wk inc flu hosp","quantile","0.3",57.9775283625353
"22",2026-10-03,3,2026-10-24,"wk inc flu hosp","quantile","0.35",62.0411152495929
"22",2026-10-03,3,2026-10-24,"wk inc flu hosp","quantile","0.4",67.6592480005834
"22",2026-10-03,3,2026-10-24,"wk inc flu hosp","quantile","0.45",73.8684455096738
"22",2026-10-03,3,2026-10-24,"wk inc flu hosp","quantile","0.5",79.830880497079
"22",2026-10-03,3,2026-10-24,"wk inc flu hosp","quantile","0.55",86.1964408974821
"22",2026-10-03,3,2026-10-24,"wk inc flu hosp","quantile","0.6",92.0768171314656
"22",2026-10-03,3,2026-10-24,"wk inc flu hosp","quantile","0.65",99.3024989442788
"22",2026-10-03,3,2026-10-24,"wk inc flu hosp","quantile","0.7",104.630038579041
"22",2026-10-03,3,2026-10-24,"wk inc flu hosp","quantile","0.75",112.316290399502
"22",2026-10-03,3,2026-10-24,"wk inc flu hosp","quantile","0.8",123.865256687343
"22",2026-10-03,3,2026-10-24,"wk inc flu hosp","quantile","0.85",141.248429564634
"22",2026-10-03,3,2026-10-24,"wk inc flu hosp","quantile","0.9",162.466048368452
"22",2026-10-03,3,2026-10-24,"wk inc flu hosp","quantile","0.95",205.435660429539
"22",2026-10-03,3,2026-10-24,"wk inc flu hosp","quantile","0.975",249.974659251817
"22",2026-10-03,3,2026-10-24,"wk inc flu hosp","quantile","0.99",300.766516528644
"23",2026-10-03,0,2026-10-03,"wk inc flu hosp","quantile","0.01",0.0830455560839927
"23",2026-10-03,0,2026-10-03,"wk inc flu hosp","quantile","0.025",0.466624612601732
"23",2026-10-03,0,2026-10-03,"wk inc flu hosp","quantile","0.05",0.63612244551981
"23",2026-10-03,0,2026-10-03,"wk inc flu hosp","quantile","0.1",1.28862634951293
"23",2026-10-03,0,2026-10-03,"wk inc flu hosp","quantile","0.15",2.00897861676763
"23",2026-10-03,0,2026-10-03,"wk inc flu hosp","quantile","0.2",2.70096107442719
"23",2026-10-03,0,2026-10-03,"wk inc flu hosp","quantile","0.25",3.23206014491015
"23",2026-10-03,0,2026-10-03,"wk inc flu hosp","quantile","0.3",3.80210647447934
"23",2026-10-03,0,2026-10-03,"wk inc flu hosp","quantile","0.35",4.33000729486545
"23",2026-10-03,0,2026-10-03,"wk inc flu hosp","quantile","0.4",4.78561089739093
"23",2026-10-03,0,2026-10-03,"wk inc flu hosp","quantile","0.45",5.29876388542672
"23",2026-10-03,0,2026-10-03,"wk inc flu hosp","quantile","0.5",5.82124834808886
"23",2026-10-03,0,2026-10-03,"wk inc flu hosp","quantile","0.55",6.26520155141707
"23",2026-10-03,0,2026-10-03,"wk inc flu hosp","quantile","0.6",6.90521467258831
"23",2026-10-03,0,2026-10-03,"wk inc flu hosp","quantile","0.65",7.27434580173983
"23",2026-10-03,0,2026-10-03,"wk inc flu hosp","quantile","0.7",7.97567103221867
"23",2026-10-03,0,2026-10-03,"wk inc flu hosp","quantile","0.75",8.73596338439678
"23",2026-10-03,0,2026-10-03,"wk inc flu hosp","quantile","0.8",9.56409206530643
"23",2026-10-03,0,2026-10-03,"wk inc flu hosp","quantile","0.85",10.7044255684872
"23",2026-10-03,0,2026-10-03,"wk inc flu hosp","quantile","0.9",12.0007076793862
"23",2026-10-03,0,2026-10-03,"wk inc flu hosp","quantile","0.95",15.2968502202904
"23",2026-10-03,0,2026-10-03,"wk inc flu hosp","quantile","0.975",17.5890693517143
"23",2026-10-03,0,2026-10-03,"wk inc flu hosp","quantile","0.99",21.9473747719475
"23",2026-10-03,1,2026-10-10,"wk inc flu hosp","quantile","0.01",0.0494085116346955
"23",2026-10-03,1,2026-10-10,"wk inc flu hosp","quantile","0.025",0.450288010629308
"23",2026-10-03,1,2026-10-10,"wk inc flu hosp","quantile","0.05",0.553924339100988
"23",2026-10-03,1,2026-10-10,"wk inc flu hosp","quantile","0.1",0.673733537050166
"23",2026-10-03,1,2026-10-10,"wk inc flu hosp","quantile","0.15",1.4841584416814
"23",2026-10-03,1,2026-10-10,"wk inc flu hosp","quantile","0.2",2.40125600104738
"23",2026-10-03,1,2026-10-10,"wk inc flu hosp","quantile","0.25",3.15328960446592
"23",2026-10-03,1,2026-10-10,"wk inc flu hosp","quantile","0.3",3.8076197546764
"23",2026-10-03,1,2026-10-10,"wk inc flu hosp","quantile","0.35",4.42786606093578
"23",2026-10-03,1,2026-10-10,"wk inc flu hosp","quantile","0.4",5.09991611957292
"23",2026-10-03,1,2026-10-10,"wk inc flu hosp","quantile","0.45",5.7539630089306
"23",2026-10-03,1,2026-10-10,"wk inc flu hosp","quantile","0.5",6.42818189275225
"23",2026-10-03,1,2026-10-10,"wk inc flu hosp","quantile","0.55",7.14313791664805
"23",2026-10-03,1,2026-10-10,"wk inc flu hosp","quantile","0.6",8.02793790449104
"23",2026-10-03,1,2026-10-10,"wk inc flu hosp","quantile","0.65",8.83815130438684
"23",2026-10-03,1,2026-10-10,"wk inc flu hosp","quantile","0.7",9.92679844653486
"23",2026-10-03,1,2026-10-10,"wk inc flu hosp","quantile","0.75",10.9877869275248
"23",2026-10-03,1,2026-10-10,"wk inc flu hosp","quantile","0.8",12.3006603138983
"23",2026-10-03,1,2026-10-10,"wk inc flu hosp","quantile","0.85",14.0177655180503
"23",2026-10-03,1,2026-10-10,"wk inc flu hosp","quantile","0.9",16.2853385690858
"23",2026-10-03,1,2026-10-10,"wk inc flu hosp","quantile","0.95",21.2699337501577
"23",2026-10-03,1,2026-10-10,"wk inc flu hosp","quantile","0.975",26.7888226195761
"23",2026-10-03,1,2026-10-10,"wk inc flu hosp","quantile","0.99",33.6146730539628
"23",2026-10-03,2,2026-10-17,"wk inc flu hosp","quantile","0.01",0.0496411750800564
"23",2026-10-03,2,2026-10-17,"wk inc flu hosp","quantile","0.025",0.455657582492935
"23",2026-10-03,2,2026-10-17,"wk inc flu hosp","quantile","0.05",0.557190024497098
"23",2026-10-03,2,2026-10-17,"wk inc flu hosp","quantile","0.1",0.698711745942203
"23",2026-10-03,2,2026-10-17,"wk inc flu hosp","quantile","0.15",1.35050713138696
"23",2026-10-03,2,2026-10-17,"wk inc flu hosp","quantile","0.2",2.37937412346407
"23",2026-10-03,2,2026-10-17,"wk inc flu hosp","quantile","0.25",3.21130458270407
"23",2026-10-03,2,2026-10-17,"wk inc flu hosp","quantile","0.3",4.07752151848495
"23",2026-10-03,2,2026-10-17,"wk inc flu hosp","quantile","0.35",4.9029672820551
"23",2026-10-03,2,2026-10-17,"wk inc flu hosp","quantile","0.4",5.88123514060164
"23",2026-10-03,2,2026-10-17,"wk inc flu hosp","quantile","0.45",6.7330751883135
"23",2026-10-03,2,2026-10-17,"wk inc flu hosp","quantile","0.5",7.55219627906602
"23",2026-10-03,2,2026-10-17,"wk inc flu hosp","quantile","0.55",8.54386953843451
"23",2026-10-03,2,2026-10-17,"wk inc flu hosp","quantile","0.6",9.71695062455717
"23",2026-10-03,2,2026-10-17,"wk inc flu hosp","quantile","0.65",10.9356329659644
"23",2026-10-03,2,2026-10-17,"wk inc flu hosp","quantile","0.7",12.1829437294692
"23",2026-10-03,2,2026-10-17,"wk inc flu hosp","quantile","0.75",13.689819224526
"23",2026-10-03,2,2026-10-17,"wk inc flu hosp","quantile","0.8",15.7350585416308
"23",2026-10-03,2,2026-10-17,"wk inc flu hosp","quantile","0.85",18.183877551323
"23",2026-10-03,2,2026-10-17,"wk inc flu hosp","quantile","0.9",22.0690735871439
"23",2026-10-03,2,2026-10-17,"wk inc flu hosp","quantile","0.95",30.3382098602242
"23",2026-10-03,2,2026-10-17,"wk inc flu hosp","quantile","0.975",38.7273581641519
"23",2026-10-03,2,2026-10-17,"wk inc flu hosp","quantile","0.99",48.2460978567885
"23",2026-10-03,3,2026-10-24,"wk inc flu hosp","quantile","0.01",0.0492652820755563
"23",2026-10-03,3,2026-10-24,"wk inc flu hosp","quantile","0.025",0.45847126899339
"23",2026-10-03,3,2026-10-24,"wk inc flu hosp","quantile","0.05",0.573338800309923
"23",2026-10-03,3,2026-10-24,"wk inc flu hosp","quantile","0.1",0.71150930700355
"23",2026-10-03,3,2026-10-24,"wk inc flu hosp","quantile","0.15",1.17963493453919
"23",2026-10-03,3,2026-10-24,"wk inc flu hosp","quantile","0.2",2.46407668501076
"23",2026-10-03,3,2026-10-24,"wk inc flu hosp","quantile","0.25",3.4544625641092
"23",2026-10-03,3,2026-10-24,"wk inc flu hosp","quantile","0.3",4.58657524937687
"23",2026-10-03,3,2026-10-24,"wk inc flu hosp","quantile","0.35",5.55431600946199
"23",2026-10-03,3,2026-10-24,"wk inc flu hosp","quantile","0.4",6.65158832977419
"23",2026-10-03,3,2026-10-24,"wk inc flu hosp","quantile","0.45",7.90130039490507
"23",2026-10-03,3,2026-10-24,"wk inc flu hosp","quantile","0.5",8.94716985812224
"23",2026-10-03,3,2026-10-24,"wk inc flu hosp","quantile","0.55",10.247173701462
"23",2026-10-03,3,2026-10-24,"wk inc flu hosp","quantile","0.6",11.6536622656027
"23",2026-10-03,3,2026-10-24,"wk inc flu hosp","quantile","0.65",13.3085294854462
"23",2026-10-03,3,2026-10-24,"wk inc flu hosp","quantile","0.7",14.7614605834712
"23",2026-10-03,3,2026-10-24,"wk inc flu hosp","quantile","0.75",17.0959223272432
"23",2026-10-03,3,2026-10-24,"wk inc flu hosp","quantile","0.8",19.6333246677615
"23",2026-10-03,3,2026-10-24,"wk inc flu hosp","quantile","0.85",23.5308028783248
"23",2026-10-03,3,2026-10-24,"wk inc flu hosp","quantile","0.9",28.4885648110661
"23",2026-10-03,3,2026-10-24,"wk inc flu hosp","quantile","0.95",38.3072741333612
"23",2026-10-03,3,2026-10-24,"wk inc flu hosp","quantile","0.975",48.992009593235
"23",2026-10-03,3,2026-10-24,"wk inc flu hosp","quantile","0.99",64.7356970684874
"24",2026-10-03,0,2026-10-03,"wk inc flu hosp","quantile","0.01",4.30026260988416
"24",2026-10-03,0,2026-10-03,"wk inc flu hosp","quantile","0.025",6.43188808638414
"24",2026-10-03,0,2026-10-03,"wk inc flu hosp","quantile","0.05",7.94177512753752
"24",2026-10-03,0,2026-10-03,"wk inc flu hosp","quantile","0.1",10.2005101773268
"24",2026-10-03,0,2026-10-03,"wk inc flu hosp","quantile","0.15",12.6742951289808
"24",2026-10-03,0,2026-10-03,"wk inc flu hosp","quantile","0.2",15.2074142971863
"24",2026-10-03,0,2026-10-03,"wk inc flu hosp","quantile","0.25",16.5994218022581
"24",2026-10-03,0,2026-10-03,"wk inc flu hosp","quantile","0.3",18.4312214031689
"24",2026-10-03,0,2026-10-03,"wk inc flu hosp","quantile","0.35",20.0585307616175
"24",2026-10-03,0,2026-10-03,"wk inc flu hosp","quantile","0.4",21.3851573076455
"24",2026-10-03,0,2026-10-03,"wk inc flu hosp","quantile","0.45",22.322859940332
"24",2026-10-03,0,2026-10-03,"wk inc flu hosp","quantile","0.5",23.74765272748
"24",2026-10-03,0,2026-10-03,"wk inc flu hosp","quantile","0.55",25.0716714938787
"24",2026-10-03,0,2026-10-03,"wk inc flu hosp","quantile","0.6",26.0123795005897
"24",2026-10-03,0,2026-10-03,"wk inc flu hosp","quantile","0.65",27.6043531033029
"24",2026-10-03,0,2026-10-03,"wk inc flu hosp","quantile","0.7",29.447554599858
"24",2026-10-03,0,2026-10-03,"wk inc flu hosp","quantile","0.75",30.945166347335
"24",2026-10-03,0,2026-10-03,"wk inc flu hosp","quantile","0.8",33.2931875299823
"24",2026-10-03,0,2026-10-03,"wk inc flu hosp","quantile","0.85",35.4807512218029
"24",2026-10-03,0,2026-10-03,"wk inc flu hosp","quantile","0.9",38.3671866138847
"24",2026-10-03,0,2026-10-03,"wk inc flu hosp","quantile","0.95",46.5857557014265
"24",2026-10-03,0,2026-10-03,"wk inc flu hosp","quantile","0.975",53.2523710462551
"24",2026-10-03,0,2026-10-03,"wk inc flu hosp","quantile","0.99",65.0379989573972
"24",2026-10-03,1,2026-10-10,"wk inc flu hosp","quantile","0.01",2.99679740601035
"24",2026-10-03,1,2026-10-10,"wk inc flu hosp","quantile","0.025",4.09319893987989
"24",2026-10-03,1,2026-10-10,"wk inc flu hosp","quantile","0.05",4.96016372184952
"24",2026-10-03,1,2026-10-10,"wk inc flu hosp","quantile","0.1",8.23509297005724
"24",2026-10-03,1,2026-10-10,"wk inc flu hosp","quantile","0.15",11.5319364290278
"24",2026-10-03,1,2026-10-10,"wk inc flu hosp","quantile","0.2",14.5781252351563
"24",2026-10-03,1,2026-10-10,"wk inc flu hosp","quantile","0.25",17.1119634400517
"24",2026-10-03,1,2026-10-10,"wk inc flu hosp","quantile","0.3",19.3494683054271
"24",2026-10-03,1,2026-10-10,"wk inc flu hosp","quantile","0.35",21.2513749242174
"24",2026-10-03,1,2026-10-10,"wk inc flu hosp","quantile","0.4",23.3517273339693
"24",2026-10-03,1,2026-10-10,"wk inc flu hosp","quantile","0.45",25.164503028406
"24",2026-10-03,1,2026-10-10,"wk inc flu hosp","quantile","0.5",26.6891269121239
"24",2026-10-03,1,2026-10-10,"wk inc flu hosp","quantile","0.55",28.7199785672353
"24",2026-10-03,1,2026-10-10,"wk inc flu hosp","quantile","0.6",30.9106939605972
"24",2026-10-03,1,2026-10-10,"wk inc flu hosp","quantile","0.65",33.2827138696294
"24",2026-10-03,1,2026-10-10,"wk inc flu hosp","quantile","0.7",36.1418826312794
"24",2026-10-03,1,2026-10-10,"wk inc flu hosp","quantile","0.75",39.6044898179972
"24",2026-10-03,1,2026-10-10,"wk inc flu hosp","quantile","0.8",42.8480032844566
"24",2026-10-03,1,2026-10-10,"wk inc flu hosp","quantile","0.85",46.9749187898591
"24",2026-10-03,1,2026-10-10,"wk inc flu hosp","quantile","0.9",52.3042384489395
"24",2026-10-03,1,2026-10-10,"wk inc flu hosp","quantile","0.95",63.4305766504756
"24",2026-10-03,1,2026-10-10,"wk inc flu hosp","quantile","0.975",75.8141150666368
"24",2026-10-03,1,2026-10-10,"wk inc flu hosp","quantile","0.99",91.958432876056
"24",2026-10-03,2,2026-10-17,"wk inc flu hosp","quantile","0.01",2.91633208213042
"24",2026-10-03,2,2026-10-17,"wk inc flu hosp","quantile","0.025",4.04586203908921
"24",2026-10-03,2,2026-10-17,"wk inc flu hosp","quantile","0.05",4.62277157051385
"24",2026-10-03,2,2026-10-17,"wk inc flu hosp","quantile","0.1",7.32964100996632
"24",2026-10-03,2,2026-10-17,"wk inc flu hosp","quantile","0.15",10.8892738263676
"24",2026-10-03,2,2026-10-17,"wk inc flu hosp","quantile","0.2",15.1118936140888
"24",2026-10-03,2,2026-10-17,"wk inc flu hosp","quantile","0.25",18.1903824486583
"24",2026-10-03,2,2026-10-17,"wk inc flu hosp","quantile","0.3",20.6499847353909
"24",2026-10-03,2,2026-10-17,"wk inc flu hosp","quantile","0.35",22.9736247567344
"24",2026-10-03,2,2026-10-17,"wk inc flu hosp","quantile","0.4",25.4151162000503
"24",2026-10-03,2,2026-10-17,"wk inc flu hosp","quantile","0.45",28.287813284621
"24",2026-10-03,2,2026-10-17,"wk inc flu hosp","quantile","0.5",30.3081306344987
"24",2026-10-03,2,2026-10-17,"wk inc flu hosp","quantile","0.55",32.7573906902149
"24",2026-10-03,2,2026-10-17,"wk inc flu hosp","quantile","0.6",35.8951955347487
"24",2026-10-03,2,2026-10-17,"wk inc flu hosp","quantile","0.65",39.081491921547
"24",2026-10-03,2,2026-10-17,"wk inc flu hosp","quantile","0.7",42.7742945422632
"24",2026-10-03,2,2026-10-17,"wk inc flu hosp","quantile","0.75",46.9845122229453
"24",2026-10-03,2,2026-10-17,"wk inc flu hosp","quantile","0.8",52.3379042311705
"24",2026-10-03,2,2026-10-17,"wk inc flu hosp","quantile","0.85",59.3173551382715
"24",2026-10-03,2,2026-10-17,"wk inc flu hosp","quantile","0.9",68.1568009912671
"24",2026-10-03,2,2026-10-17,"wk inc flu hosp","quantile","0.95",87.7036018466785
"24",2026-10-03,2,2026-10-17,"wk inc flu hosp","quantile","0.975",102.759910162764
"24",2026-10-03,2,2026-10-17,"wk inc flu hosp","quantile","0.99",127.464819945894
"24",2026-10-03,3,2026-10-24,"wk inc flu hosp","quantile","0.01",2.97315064294758
"24",2026-10-03,3,2026-10-24,"wk inc flu hosp","quantile","0.025",4.10370929000863
"24",2026-10-03,3,2026-10-24,"wk inc flu hosp","quantile","0.05",4.66719141507245
"24",2026-10-03,3,2026-10-24,"wk inc flu hosp","quantile","0.1",7.02631218623445
"24",2026-10-03,3,2026-10-24,"wk inc flu hosp","quantile","0.15",11.3043614458566
"24",2026-10-03,3,2026-10-24,"wk inc flu hosp","quantile","0.2",15.9080100225904
"24",2026-10-03,3,2026-10-24,"wk inc flu hosp","quantile","0.25",19.3835809577321
"24",2026-10-03,3,2026-10-24,"wk inc flu hosp","quantile","0.3",23.4056875859391
"24",2026-10-03,3,2026-10-24,"wk inc flu hosp","quantile","0.35",26.343022743207
"24",2026-10-03,3,2026-10-24,"wk inc flu hosp","quantile","0.4",29.87903217024
"24",2026-10-03,3,2026-10-24,"wk inc flu hosp","quantile","0.45",32.8503591425197
"24",2026-10-03,3,2026-10-24,"wk inc flu hosp","quantile","0.5",36.1341266398017
"24",2026-10-03,3,2026-10-24,"wk inc flu hosp","quantile","0.55",39.7732363852077
"24",2026-10-03,3,2026-10-24,"wk inc flu hosp","quantile","0.6",42.9954830115991
"24",2026-10-03,3,2026-10-24,"wk inc flu hosp","quantile","0.65",48.0770833581565
"24",2026-10-03,3,2026-10-24,"wk inc flu hosp","quantile","0.7",51.1911598155434
"24",2026-10-03,3,2026-10-24,"wk inc flu hosp","quantile","0.75",57.0787719373952
"24",2026-10-03,3,2026-10-24,"wk inc flu hosp","quantile","0.8",63.3056526173061
"24",2026-10-03,3,2026-10-24,"wk inc flu hosp","quantile","0.85",71.5330371105527
"24",2026-10-03,3,2026-10-24,"wk inc flu hosp","quantile","0.9",84.4143277871363
"24",2026-10-03,3,2026-10-24,"wk inc flu hosp","quantile","0.95",110.470102709843
"24",2026-10-03,3,2026-10-24,"wk inc flu hosp","quantile","0.975",135.713909803334
"24",2026-10-03,3,2026-10-24,"wk inc flu hosp","quantile","0.99",171.731697642291
"25",2026-10-03,0,2026-10-03,"wk inc flu hosp","quantile","0.01",0.523234447498446
"25",2026-10-03,0,2026-10-03,"wk inc flu hosp","quantile","0.025",1.6120799885502
"25",2026-10-03,0,2026-10-03,"wk inc flu hosp","quantile","0.05",1.66641669705711
"25",2026-10-03,0,2026-10-03,"wk inc flu hosp","quantile","0.1",2.60038094931099
"25",2026-10-03,0,2026-10-03,"wk inc flu hosp","quantile","0.15",3.71748509684637
"25",2026-10-03,0,2026-10-03,"wk inc flu hosp","quantile","0.2",4.94217912906992
"25",2026-10-03,0,2026-10-03,"wk inc flu hosp","quantile","0.25",5.93437533350295
"25",2026-10-03,0,2026-10-03,"wk inc flu hosp","quantile","0.3",7.05551760706225
"25",2026-10-03,0,2026-10-03,"wk inc flu hosp","quantile","0.35",8.06538727893073
"25",2026-10-03,0,2026-10-03,"wk inc flu hosp","quantile","0.4",9.19582854755443
"25",2026-10-03,0,2026-10-03,"wk inc flu hosp","quantile","0.45",10.1905380937527
"25",2026-10-03,0,2026-10-03,"wk inc flu hosp","quantile","0.5",11.2856552784897
"25",2026-10-03,0,2026-10-03,"wk inc flu hosp","quantile","0.55",12.2648334344727
"25",2026-10-03,0,2026-10-03,"wk inc flu hosp","quantile","0.6",13.5259479037197
"25",2026-10-03,0,2026-10-03,"wk inc flu hosp","quantile","0.65",14.7853188183325
"25",2026-10-03,0,2026-10-03,"wk inc flu hosp","quantile","0.7",16.119167560645
"25",2026-10-03,0,2026-10-03,"wk inc flu hosp","quantile","0.75",17.7176986055527
"25",2026-10-03,0,2026-10-03,"wk inc flu hosp","quantile","0.8",19.1329989832968
"25",2026-10-03,0,2026-10-03,"wk inc flu hosp","quantile","0.85",21.0630124774059
"25",2026-10-03,0,2026-10-03,"wk inc flu hosp","quantile","0.9",23.3584707691829
"25",2026-10-03,0,2026-10-03,"wk inc flu hosp","quantile","0.95",28.4130435630662
"25",2026-10-03,0,2026-10-03,"wk inc flu hosp","quantile","0.975",35.445382311771
"25",2026-10-03,0,2026-10-03,"wk inc flu hosp","quantile","0.99",50.6726381007804
"25",2026-10-03,1,2026-10-10,"wk inc flu hosp","quantile","0.01",0.515211673579077
"25",2026-10-03,1,2026-10-10,"wk inc flu hosp","quantile","0.025",1.6751138641215
"25",2026-10-03,1,2026-10-10,"wk inc flu hosp","quantile","0.05",1.83818070666423
"25",2026-10-03,1,2026-10-10,"wk inc flu hosp","quantile","0.1",2.13766537767438
"25",2026-10-03,1,2026-10-10,"wk inc flu hosp","quantile","0.15",3.84681764088421
"25",2026-10-03,1,2026-10-10,"wk inc flu hosp","quantile","0.2",5.45388999609995
"25",2026-10-03,1,2026-10-10,"wk inc flu hosp","quantile","0.25",6.97329341841872
"25",2026-10-03,1,2026-10-10,"wk inc flu hosp","quantile","0.3",8.65311484128305
"25",2026-10-03,1,2026-10-10,"wk inc flu hosp","quantile","0.35",10.2466136288242
"25",2026-10-03,1,2026-10-10,"wk inc flu hosp","quantile","0.4",11.8714250927647
"25",2026-10-03,1,2026-10-10,"wk inc flu hosp","quantile","0.45",13.4183110646927
"25",2026-10-03,1,2026-10-10,"wk inc flu hosp","quantile","0.5",14.8738505175109
"25",2026-10-03,1,2026-10-10,"wk inc flu hosp","quantile","0.55",16.461192144622
"25",2026-10-03,1,2026-10-10,"wk inc flu hosp","quantile","0.6",18.4259627755196
"25",2026-10-03,1,2026-10-10,"wk inc flu hosp","quantile","0.65",20.5283891432334
"25",2026-10-03,1,2026-10-10,"wk inc flu hosp","quantile","0.7",22.9768303491326
"25",2026-10-03,1,2026-10-10,"wk inc flu hosp","quantile","0.75",25.2199455216324
"25",2026-10-03,1,2026-10-10,"wk inc flu hosp","quantile","0.8",28.6632849190903
"25",2026-10-03,1,2026-10-10,"wk inc flu hosp","quantile","0.85",32.1513317712726
"25",2026-10-03,1,2026-10-10,"wk inc flu hosp","quantile","0.9",36.8354933364952
"25",2026-10-03,1,2026-10-10,"wk inc flu hosp","quantile","0.95",47.3449859017527
"25",2026-10-03,1,2026-10-10,"wk inc flu hosp","quantile","0.975",56.8501392747168
"25",2026-10-03,1,2026-10-10,"wk inc flu hosp","quantile","0.99",76.8114340339087
"25",2026-10-03,2,2026-10-17,"wk inc flu hosp","quantile","0.01",0.451053693169926
"25",2026-10-03,2,2026-10-17,"wk inc flu hosp","quantile","0.025",1.72377464279848
"25",2026-10-03,2,2026-10-17,"wk inc flu hosp","quantile","0.05",2.01858961667769
"25",2026-10-03,2,2026-10-17,"wk inc flu hosp","quantile","0.1",2.02272974327095
"25",2026-10-03,2,2026-10-17,"wk inc flu hosp","quantile","0.15",4.30707337819461
"25",2026-10-03,2,2026-10-17,"wk inc flu hosp","quantile","0.2",6.21857661846494
"25",2026-10-03,2,2026-10-17,"wk inc flu hosp","quantile","0.25",8.7027561965728
"25",2026-10-03,2,2026-10-17,"wk inc flu hosp","quantile","0.3",10.8763543472977
"25",2026-10-03,2,2026-10-17,"wk inc flu hosp","quantile","0.35",13.0194543805147
"25",2026-10-03,2,2026-10-17,"wk inc flu hosp","quantile","0.4",15.0400641619671
"25",2026-10-03,2,2026-10-17,"wk inc flu hosp","quantile","0.45",17.4867237792738
"25",2026-10-03,2,2026-10-17,"wk inc flu hosp","quantile","0.5",19.6968507535402
"25",2026-10-03,2,2026-10-17,"wk inc flu hosp","quantile","0.55",22.0908404452388
"25",2026-10-03,2,2026-10-17,"wk inc flu hosp","quantile","0.6",24.28779401979
"25",2026-10-03,2,2026-10-17,"wk inc flu hosp","quantile","0.65",26.748516865122
"25",2026-10-03,2,2026-10-17,"wk inc flu hosp","quantile","0.7",29.7254806395609
"25",2026-10-03,2,2026-10-17,"wk inc flu hosp","quantile","0.75",33.5389634977489
"25",2026-10-03,2,2026-10-17,"wk inc flu hosp","quantile","0.8",38.6382134235067
"25",2026-10-03,2,2026-10-17,"wk inc flu hosp","quantile","0.85",44.811521034048
"25",2026-10-03,2,2026-10-17,"wk inc flu hosp","quantile","0.9",52.742479179309
"25",2026-10-03,2,2026-10-17,"wk inc flu hosp","quantile","0.95",65.5315544758081
"25",2026-10-03,2,2026-10-17,"wk inc flu hosp","quantile","0.975",85.0834056302984
"25",2026-10-03,2,2026-10-17,"wk inc flu hosp","quantile","0.99",111.455267996646
"25",2026-10-03,3,2026-10-24,"wk inc flu hosp","quantile","0.01",0.498323172204655
"25",2026-10-03,3,2026-10-24,"wk inc flu hosp","quantile","0.025",1.70884462453133
"25",2026-10-03,3,2026-10-24,"wk inc flu hosp","quantile","0.05",2.04681635853001
"25",2026-10-03,3,2026-10-24,"wk inc flu hosp","quantile","0.1",2.13028189934366
"25",2026-10-03,3,2026-10-24,"wk inc flu hosp","quantile","0.15",4.40938697216634
"25",2026-10-03,3,2026-10-24,"wk inc flu hosp","quantile","0.2",7.22014186906089
"25",2026-10-03,3,2026-10-24,"wk inc flu hosp","quantile","0.25",10.1535462217276
"25",2026-10-03,3,2026-10-24,"wk inc flu hosp","quantile","0.3",13.1403614534463
"25",2026-10-03,3,2026-10-24,"wk inc flu hosp","quantile","0.35",16.2864035010563
"25",2026-10-03,3,2026-10-24,"wk inc flu hosp","quantile","0.4",18.9748060522455
"25",2026-10-03,3,2026-10-24,"wk inc flu hosp","quantile","0.45",22.2452661742451
"25",2026-10-03,3,2026-10-24,"wk inc flu hosp","quantile","0.5",25.1220164177799
"25",2026-10-03,3,2026-10-24,"wk inc flu hosp","quantile","0.55",28.2307698228683
"25",2026-10-03,3,2026-10-24,"wk inc flu hosp","quantile","0.6",31.4980756390236
"25",2026-10-03,3,2026-10-24,"wk inc flu hosp","quantile","0.65",35.4484054778913
"25",2026-10-03,3,2026-10-24,"wk inc flu hosp","quantile","0.7",39.7809103021943
"25",2026-10-03,3,2026-10-24,"wk inc flu hosp","quantile","0.75",45.2617095283665
"25",2026-10-03,3,2026-10-24,"wk inc flu hosp","quantile","0.8",51.009719972206
"25",2026-10-03,3,2026-10-24,"wk inc flu hosp","quantile","0.85",59.8367352377648
"25",2026-10-03,3,2026-10-24,"wk inc flu hosp","quantile","0.9",70.4685137378061
"25",2026-10-03,3,2026-10-24,"wk inc flu hosp","quantile","0.95",91.6554043217892
"25",2026-10-03,3,2026-10-24,"wk inc flu hosp","quantile","0.975",115.039769138723
"25",2026-10-03,3,2026-10-24,"wk inc flu hosp","quantile","0.99",156.058277648145
"26",2026-10-03,0,2026-10-03,"wk inc flu hosp","quantile","0.01",6.53752722606071
"26",2026-10-03,0,2026-10-03,"wk inc flu hosp","quantile","0.025",9.01345953068257
"26",2026-10-03,0,2026-10-03,"wk inc flu hosp","quantile","0.05",11.9457439540065
"26",2026-10-03,0,2026-10-03,"wk inc flu hosp","quantile","0.1",16.1397801812385
"26",2026-10-03,0,2026-10-03,"wk inc flu hosp","quantile","0.15",19.7262598838031
"26",2026-10-03,0,2026-10-03,"wk inc flu hosp","quantile","0.2",23.8103676043862
"26",2026-10-03,0,2026-10-03,"wk inc flu hosp","quantile","0.25",26.6890469647401
"26",2026-10-03,0,2026-10-03,"wk inc flu hosp","quantile","0.3",29.691628419288
"26",2026-10-03,0,2026-10-03,"wk inc flu hosp","quantile","0.35",32.9810526145766
"26",2026-10-03,0,2026-10-03,"wk inc flu hosp","quantile","0.4",34.8454434063545
"26",2026-10-03,0,2026-10-03,"wk inc flu hosp","quantile","0.45",36.9513609952742
"26",2026-10-03,0,2026-10-03,"wk inc flu hosp","quantile","0.5",39.2842276558802
"26",2026-10-03,0,2026-10-03,"wk inc flu hosp","quantile","0.55",42.361518207316
"26",2026-10-03,0,2026-10-03,"wk inc flu hosp","quantile","0.6",44.6793641135855
"26",2026-10-03,0,2026-10-03,"wk inc flu hosp","quantile","0.65",47.5845572214572
"26",2026-10-03,0,2026-10-03,"wk inc flu hosp","quantile","0.7",50.6513846406483
"26",2026-10-03,0,2026-10-03,"wk inc flu hosp","quantile","0.75",54.0599911162109
"26",2026-10-03,0,2026-10-03,"wk inc flu hosp","quantile","0.8",57.3469933340094
"26",2026-10-03,0,2026-10-03,"wk inc flu hosp","quantile","0.85",61.8148914827811
"26",2026-10-03,0,2026-10-03,"wk inc flu hosp","quantile","0.9",67.3199220757698
"26",2026-10-03,0,2026-10-03,"wk inc flu hosp","quantile","0.95",78.3594999983209
"26",2026-10-03,0,2026-10-03,"wk inc flu hosp","quantile","0.975",91.8578240436492
"26",2026-10-03,0,2026-10-03,"wk inc flu hosp","quantile","0.99",116.462703401663
"26",2026-10-03,1,2026-10-10,"wk inc flu hosp","quantile","0.01",4.17484905061512
"26",2026-10-03,1,2026-10-10,"wk inc flu hosp","quantile","0.025",4.66975174870599
"26",2026-10-03,1,2026-10-10,"wk inc flu hosp","quantile","0.05",8.49095695501036
"26",2026-10-03,1,2026-10-10,"wk inc flu hosp","quantile","0.1",14.5113535201551
"26",2026-10-03,1,2026-10-10,"wk inc flu hosp","quantile","0.15",19.6678410787327
"26",2026-10-03,1,2026-10-10,"wk inc flu hosp","quantile","0.2",24.4299227487785
"26",2026-10-03,1,2026-10-10,"wk inc flu hosp","quantile","0.25",28.170994096766
"26",2026-10-03,1,2026-10-10,"wk inc flu hosp","quantile","0.3",31.7991966887668
"26",2026-10-03,1,2026-10-10,"wk inc flu hosp","quantile","0.35",36.2028139615636
"26",2026-10-03,1,2026-10-10,"wk inc flu hosp","quantile","0.4",38.847704255907
"26",2026-10-03,1,2026-10-10,"wk inc flu hosp","quantile","0.45",41.8587662266195
"26",2026-10-03,1,2026-10-10,"wk inc flu hosp","quantile","0.5",45.4900717947715
"26",2026-10-03,1,2026-10-10,"wk inc flu hosp","quantile","0.55",49.1100918640874
"26",2026-10-03,1,2026-10-10,"wk inc flu hosp","quantile","0.6",53.2222427688283
"26",2026-10-03,1,2026-10-10,"wk inc flu hosp","quantile","0.65",57.9686298081249
"26",2026-10-03,1,2026-10-10,"wk inc flu hosp","quantile","0.7",62.854887867452
"26",2026-10-03,1,2026-10-10,"wk inc flu hosp","quantile","0.75",67.5020321880795
"26",2026-10-03,1,2026-10-10,"wk inc flu hosp","quantile","0.8",73.9904214105175
"26",2026-10-03,1,2026-10-10,"wk inc flu hosp","quantile","0.85",82.4381436056219
"26",2026-10-03,1,2026-10-10,"wk inc flu hosp","quantile","0.9",92.2345447621504
"26",2026-10-03,1,2026-10-10,"wk inc flu hosp","quantile","0.95",109.715361795859
"26",2026-10-03,1,2026-10-10,"wk inc flu hosp","quantile","0.975",128.94501276375
"26",2026-10-03,1,2026-10-10,"wk inc flu hosp","quantile","0.99",164.637192841518
"26",2026-10-03,2,2026-10-17,"wk inc flu hosp","quantile","0.01",4.13385320526749
"26",2026-10-03,2,2026-10-17,"wk inc flu hosp","quantile","0.025",4.60090921678276
"26",2026-10-03,2,2026-10-17,"wk inc flu hosp","quantile","0.05",5.52669895179232
"26",2026-10-03,2,2026-10-17,"wk inc flu hosp","quantile","0.1",12.977159155997
"26",2026-10-03,2,2026-10-17,"wk inc flu hosp","quantile","0.15",19.2299022096673
"26",2026-10-03,2,2026-10-17,"wk inc flu hosp","quantile","0.2",24.994905912814
"26",2026-10-03,2,2026-10-17,"wk inc flu hosp","quantile","0.25",30.2481887806493
"26",2026-10-03,2,2026-10-17,"wk inc flu hosp","quantile","0.3",34.284334987562
"26",2026-10-03,2,2026-10-17,"wk inc flu hosp","quantile","0.35",39.4064932961712
"26",2026-10-03,2,2026-10-17,"wk inc flu hosp","quantile","0.4",43.122022549317
"26",2026-10-03,2,2026-10-17,"wk inc flu hosp","quantile","0.45",47.3490968977583
"26",2026-10-03,2,2026-10-17,"wk inc flu hosp","quantile","0.5",52.6454169111126
"26",2026-10-03,2,2026-10-17,"wk inc flu hosp","quantile","0.55",57.3767311356999
"26",2026-10-03,2,2026-10-17,"wk inc flu hosp","quantile","0.6",61.4039429290978
"26",2026-10-03,2,2026-10-17,"wk inc flu hosp","quantile","0.65",67.6634663469047
"26",2026-10-03,2,2026-10-17,"wk inc flu hosp","quantile","0.7",74.8859678710013
"26",2026-10-03,2,2026-10-17,"wk inc flu hosp","quantile","0.75",82.7571397312304
"26",2026-10-03,2,2026-10-17,"wk inc flu hosp","quantile","0.8",91.1294150288173
"26",2026-10-03,2,2026-10-17,"wk inc flu hosp","quantile","0.85",103.231452052765
"26",2026-10-03,2,2026-10-17,"wk inc flu hosp","quantile","0.9",122.064386987028
"26",2026-10-03,2,2026-10-17,"wk inc flu hosp","quantile","0.95",149.086725314956
"26",2026-10-03,2,2026-10-17,"wk inc flu hosp","quantile","0.975",181.727959961411
"26",2026-10-03,2,2026-10-17,"wk inc flu hosp","quantile","0.99",226.2954151238
"26",2026-10-03,3,2026-10-24,"wk inc flu hosp","quantile","0.01",3.99625911212455
"26",2026-10-03,3,2026-10-24,"wk inc flu hosp","quantile","0.025",4.68065727880158
"26",2026-10-03,3,2026-10-24,"wk inc flu hosp","quantile","0.05",4.80380977495028
"26",2026-10-03,3,2026-10-24,"wk inc flu hosp","quantile","0.1",12.7484540660273
"26",2026-10-03,3,2026-10-24,"wk inc flu hosp","quantile","0.15",19.5811697177905
"26",2026-10-03,3,2026-10-24,"wk inc flu hosp","quantile","0.2",25.9884488114846
"26",2026-10-03,3,2026-10-24,"wk inc flu hosp","quantile","0.25",32.0055196962553
"26",2026-10-03,3,2026-10-24,"wk inc flu hosp","quantile","0.3",38.8295251508297
"26",2026-10-03,3,2026-10-24,"wk inc flu hosp","quantile","0.35",45.1465570405939
"26",2026-10-03,3,2026-10-24,"wk inc flu hosp","quantile","0.4",50.2414771890455
"26",2026-10-03,3,2026-10-24,"wk inc flu hosp","quantile","0.45",55.5446184867444
"26",2026-10-03,3,2026-10-24,"wk inc flu hosp","quantile","0.5",62.5993002203298
"26",2026-10-03,3,2026-10-24,"wk inc flu hosp","quantile","0.55",69.3999058824632
"26",2026-10-03,3,2026-10-24,"wk inc flu hosp","quantile","0.6",74.5382394733076
"26",2026-10-03,3,2026-10-24,"wk inc flu hosp","quantile","0.65",83.2455572366285
"26",2026-10-03,3,2026-10-24,"wk inc flu hosp","quantile","0.7",92.031522875084
"26",2026-10-03,3,2026-10-24,"wk inc flu hosp","quantile","0.75",103.7866787475
"26",2026-10-03,3,2026-10-24,"wk inc flu hosp","quantile","0.8",114.624979070916
"26",2026-10-03,3,2026-10-24,"wk inc flu hosp","quantile","0.85",130.073847471583
"26",2026-10-03,3,2026-10-24,"wk inc flu hosp","quantile","0.9",156.373772610984
"26",2026-10-03,3,2026-10-24,"wk inc flu hosp","quantile","0.95",196.466112901794
"26",2026-10-03,3,2026-10-24,"wk inc flu hosp","quantile","0.975",235.687435421933
"26",2026-10-03,3,2026-10-24,"wk inc flu hosp","quantile","0.99",290.067327058206
"27",2026-10-03,0,2026-10-03,"wk inc flu hosp","quantile","0.01",3.65214469478279
"27",2026-10-03,0,2026-10-03,"wk inc flu hosp","quantile","0.025",5.49024379384561
"27",2026-10-03,0,2026-10-03,"wk inc flu hosp","quantile","0.05",7.70288288950434
"27",2026-10-03,0,2026-10-03,"wk inc flu hosp","quantile","0.1",10.157785834729
"27",2026-10-03,0,2026-10-03,"wk inc flu hosp","quantile","0.15",12.5694520111222
"27",2026-10-03,0,2026-10-03,"wk inc flu hosp","quantile","0.2",14.8956639286727
"27",2026-10-03,0,2026-10-03,"wk inc flu hosp","quantile","0.25",16.6890749566117
"27",2026-10-03,0,2026-10-03,"wk inc flu hosp","quantile","0.3",18.5524998856892
"27",2026-10-03,0,2026-10-03,"wk inc flu hosp","quantile","0.35",20.2689719477458
"27",2026-10-03,0,2026-10-03,"wk inc flu hosp","quantile","0.4",21.9312311035059
"27",2026-10-03,0,2026-10-03,"wk inc flu hosp","quantile","0.45",23.406045814456
"27",2026-10-03,0,2026-10-03,"wk inc flu hosp","quantile","0.5",24.8022460163764
"27",2026-10-03,0,2026-10-03,"wk inc flu hosp","quantile","0.55",26.2327751680874
"27",2026-10-03,0,2026-10-03,"wk inc flu hosp","quantile","0.6",27.3600559072785
"27",2026-10-03,0,2026-10-03,"wk inc flu hosp","quantile","0.65",28.7904259036782
"27",2026-10-03,0,2026-10-03,"wk inc flu hosp","quantile","0.7",30.9251679622654
"27",2026-10-03,0,2026-10-03,"wk inc flu hosp","quantile","0.75",32.9572933508997
"27",2026-10-03,0,2026-10-03,"wk inc flu hosp","quantile","0.8",35.8066807321595
"27",2026-10-03,0,2026-10-03,"wk inc flu hosp","quantile","0.85",38.7893298098049
"27",2026-10-03,0,2026-10-03,"wk inc flu hosp","quantile","0.9",42.0072467731928
"27",2026-10-03,0,2026-10-03,"wk inc flu hosp","quantile","0.95",50.1448537525059
"27",2026-10-03,0,2026-10-03,"wk inc flu hosp","quantile","0.975",59.6867178682718
"27",2026-10-03,0,2026-10-03,"wk inc flu hosp","quantile","0.99",74.9332549815981
"27",2026-10-03,1,2026-10-10,"wk inc flu hosp","quantile","0.01",3.22957243939444
"27",2026-10-03,1,2026-10-10,"wk inc flu hosp","quantile","0.025",4.11139296349895
"27",2026-10-03,1,2026-10-10,"wk inc flu hosp","quantile","0.05",4.95820355030616
"27",2026-10-03,1,2026-10-10,"wk inc flu hosp","quantile","0.1",8.36466590796164
"27",2026-10-03,1,2026-10-10,"wk inc flu hosp","quantile","0.15",11.3585039234807
"27",2026-10-03,1,2026-10-10,"wk inc flu hosp","quantile","0.2",14.4196969902592
"27",2026-10-03,1,2026-10-10,"wk inc flu hosp","quantile","0.25",16.9557630249827
"27",2026-10-03,1,2026-10-10,"wk inc flu hosp","quantile","0.3",19.6033805370048
"27",2026-10-03,1,2026-10-10,"wk inc flu hosp","quantile","0.35",21.8799347549509
"27",2026-10-03,1,2026-10-10,"wk inc flu hosp","quantile","0.4",24.4209595657312
"27",2026-10-03,1,2026-10-10,"wk inc flu hosp","quantile","0.45",26.5570949688648
"27",2026-10-03,1,2026-10-10,"wk inc flu hosp","quantile","0.5",28.6050016055655
"27",2026-10-03,1,2026-10-10,"wk inc flu hosp","quantile","0.55",30.942381818887
"27",2026-10-03,1,2026-10-10,"wk inc flu hosp","quantile","0.6",33.4728924518219
"27",2026-10-03,1,2026-10-10,"wk inc flu hosp","quantile","0.65",35.8572089987355
"27",2026-10-03,1,2026-10-10,"wk inc flu hosp","quantile","0.7",39.2757613234975
"27",2026-10-03,1,2026-10-10,"wk inc flu hosp","quantile","0.75",43.1844551395987
"27",2026-10-03,1,2026-10-10,"wk inc flu hosp","quantile","0.8",48.2910154088662
"27",2026-10-03,1,2026-10-10,"wk inc flu hosp","quantile","0.85",52.9978191665945
"27",2026-10-03,1,2026-10-10,"wk inc flu hosp","quantile","0.9",59.2175495645051
"27",2026-10-03,1,2026-10-10,"wk inc flu hosp","quantile","0.95",72.5612584344065
"27",2026-10-03,1,2026-10-10,"wk inc flu hosp","quantile","0.975",86.2741891193085
"27",2026-10-03,1,2026-10-10,"wk inc flu hosp","quantile","0.99",107.15399820537
"27",2026-10-03,2,2026-10-17,"wk inc flu hosp","quantile","0.01",3.21356260841097
"27",2026-10-03,2,2026-10-17,"wk inc flu hosp","quantile","0.025",4.06747828309332
"27",2026-10-03,2,2026-10-17,"wk inc flu hosp","quantile","0.05",4.86205865642227
"27",2026-10-03,2,2026-10-17,"wk inc flu hosp","quantile","0.1",7.25532901980717
"27",2026-10-03,2,2026-10-17,"wk inc flu hosp","quantile","0.15",10.9144477274883
"27",2026-10-03,2,2026-10-17,"wk inc flu hosp","quantile","0.2",14.2273640507336
"27",2026-10-03,2,2026-10-17,"wk inc flu hosp","quantile","0.25",17.8145712175498
"27",2026-10-03,2,2026-10-17,"wk inc flu hosp","quantile","0.3",20.8741064724328
"27",2026-10-03,2,2026-10-17,"wk inc flu hosp","quantile","0.35",24.0797199376719
"27",2026-10-03,2,2026-10-17,"wk inc flu hosp","quantile","0.4",27.3082596735157
"27",2026-10-03,2,2026-10-17,"wk inc flu hosp","quantile","0.45",30.4266815767758
"27",2026-10-03,2,2026-10-17,"wk inc flu hosp","quantile","0.5",33.4855274027388
"27",2026-10-03,2,2026-10-17,"wk inc flu hosp","quantile","0.55",36.8038644892055
"27",2026-10-03,2,2026-10-17,"wk inc flu hosp","quantile","0.6",40.0121528371437
"27",2026-10-03,2,2026-10-17,"wk inc flu hosp","quantile","0.65",43.891518970113
"27",2026-10-03,2,2026-10-17,"wk inc flu hosp","quantile","0.7",48.3084596192395
"27",2026-10-03,2,2026-10-17,"wk inc flu hosp","quantile","0.75",54.1162465538716
"27",2026-10-03,2,2026-10-17,"wk inc flu hosp","quantile","0.8",60.724379231723
"27",2026-10-03,2,2026-10-17,"wk inc flu hosp","quantile","0.85",68.3876729961241
"27",2026-10-03,2,2026-10-17,"wk inc flu hosp","quantile","0.9",78.7132547581048
"27",2026-10-03,2,2026-10-17,"wk inc flu hosp","quantile","0.95",100.6844589591
"27",2026-10-03,2,2026-10-17,"wk inc flu hosp","quantile","0.975",119.82514795981
"27",2026-10-03,2,2026-10-17,"wk inc flu hosp","quantile","0.99",155.431581571324
"27",2026-10-03,3,2026-10-24,"wk inc flu hosp","quantile","0.01",3.20449678850473
"27",2026-10-03,3,2026-10-24,"wk inc flu hosp","quantile","0.025",4.10446567658821
"27",2026-10-03,3,2026-10-24,"wk inc flu hosp","quantile","0.05",4.90612452803934
"27",2026-10-03,3,2026-10-24,"wk inc flu hosp","quantile","0.1",6.37343176814129
"27",2026-10-03,3,2026-10-24,"wk inc flu hosp","quantile","0.15",10.2469964560046
"27",2026-10-03,3,2026-10-24,"wk inc flu hosp","quantile","0.2",14.4568342674061
"27",2026-10-03,3,2026-10-24,"wk inc flu hosp","quantile","0.25",18.7424735037856
"27",2026-10-03,3,2026-10-24,"wk inc flu hosp","quantile","0.3",22.7783751822954
"27",2026-10-03,3,2026-10-24,"wk inc flu hosp","quantile","0.35",26.3503981147055
"27",2026-10-03,3,2026-10-24,"wk inc flu hosp","quantile","0.4",30.4340449766708
"27",2026-10-03,3,2026-10-24,"wk inc flu hosp","quantile","0.45",34.6707115063928
"27",2026-10-03,3,2026-10-24,"wk inc flu hosp","quantile","0.5",39.0211032967066
"27",2026-10-03,3,2026-10-24,"wk inc flu hosp","quantile","0.55",43.4756091031065
"27",2026-10-03,3,2026-10-24,"wk inc flu hosp","quantile","0.6",47.5573241750334
"27",2026-10-03,3,2026-10-24,"wk inc flu hosp","quantile","0.65",53.9812529321139
"27",2026-10-03,3,2026-10-24,"wk inc flu hosp","quantile","0.7",59.4735895141493
"27",2026-10-03,3,2026-10-24,"wk inc flu hosp","quantile","0.75",66.2942955281569
"27",2026-10-03,3,2026-10-24,"wk inc flu hosp","quantile","0.8",74.8300228745956
"27",2026-10-03,3,2026-10-24,"wk inc flu hosp","quantile","0.85",85.5314155517953
"27",2026-10-03,3,2026-10-24,"wk inc flu hosp","quantile","0.9",100.587361042517
"27",2026-10-03,3,2026-10-24,"wk inc flu hosp","quantile","0.95",135.718686997061
"27",2026-10-03,3,2026-10-24,"wk inc flu hosp","quantile","0.975",160.431928048335
"27",2026-10-03,3,2026-10-24,"wk inc flu hosp","quantile","0.99",210.765542197665
"28",2026-10-03,0,2026-10-03,"wk inc flu hosp","quantile","0.01",6.51334340127273
"28",2026-10-03,0,2026-10-03,"wk inc flu hosp","quantile","0.025",8.30593478785419
"28",2026-10-03,0,2026-10-03,"wk inc flu hosp","quantile","0.05",9.39790553898715
"28",2026-10-03,0,2026-10-03,"wk inc flu hosp","quantile","0.1",11.6775228670683
"28",2026-10-03,0,2026-10-03,"wk inc flu hosp","quantile","0.15",13.5533343701276
"28",2026-10-03,0,2026-10-03,"wk inc flu hosp","quantile","0.2",15.3894130276847
"28",2026-10-03,0,2026-10-03,"wk inc flu hosp","quantile","0.25",16.8180086188509
"28",2026-10-03,0,2026-10-03,"wk inc flu hosp","quantile","0.3",18.1934733437317
"28",2026-10-03,0,2026-10-03,"wk inc flu hosp","quantile","0.35",19.610623595069
"28",2026-10-03,0,2026-10-03,"wk inc flu hosp","quantile","0.4",21.0034672986091
"28",2026-10-03,0,2026-10-03,"wk inc flu hosp","quantile","0.45",22.1143840572097
"28",2026-10-03,0,2026-10-03,"wk inc flu hosp","quantile","0.5",23.7096911258278
"28",2026-10-03,0,2026-10-03,"wk inc flu hosp","quantile","0.55",24.9359001532931
"28",2026-10-03,0,2026-10-03,"wk inc flu hosp","quantile","0.6",26.1428834643208
"28",2026-10-03,0,2026-10-03,"wk inc flu hosp","quantile","0.65",27.253392484832
"28",2026-10-03,0,2026-10-03,"wk inc flu hosp","quantile","0.7",28.4962103578288
"28",2026-10-03,0,2026-10-03,"wk inc flu hosp","quantile","0.75",30.0216485248275
"28",2026-10-03,0,2026-10-03,"wk inc flu hosp","quantile","0.8",32.1878013302105
"28",2026-10-03,0,2026-10-03,"wk inc flu hosp","quantile","0.85",34.6218156869493
"28",2026-10-03,0,2026-10-03,"wk inc flu hosp","quantile","0.9",37.5502751117213
"28",2026-10-03,0,2026-10-03,"wk inc flu hosp","quantile","0.95",42.9065976580685
"28",2026-10-03,0,2026-10-03,"wk inc flu hosp","quantile","0.975",49.2579256010458
"28",2026-10-03,0,2026-10-03,"wk inc flu hosp","quantile","0.99",58.737838025451
"28",2026-10-03,1,2026-10-10,"wk inc flu hosp","quantile","0.01",3.95844806321905
"28",2026-10-03,1,2026-10-10,"wk inc flu hosp","quantile","0.025",5.96541485252186
"28",2026-10-03,1,2026-10-10,"wk inc flu hosp","quantile","0.05",7.60979007689951
"28",2026-10-03,1,2026-10-10,"wk inc flu hosp","quantile","0.1",10.533856786291
"28",2026-10-03,1,2026-10-10,"wk inc flu hosp","quantile","0.15",12.9056172515543
"28",2026-10-03,1,2026-10-10,"wk inc flu hosp","quantile","0.2",15.2910662629
"28",2026-10-03,1,2026-10-10,"wk inc flu hosp","quantile","0.25",17.0726345578796
"28",2026-10-03,1,2026-10-10,"wk inc flu hosp","quantile","0.3",18.6785141629554
"28",2026-10-03,1,2026-10-10,"wk inc flu hosp","quantile","0.35",21.0512589281579
"28",2026-10-03,1,2026-10-10,"wk inc flu hosp","quantile","0.4",22.730786595254
"28",2026-10-03,1,2026-10-10,"wk inc flu hosp","quantile","0.45",24.6209127705273
"28",2026-10-03,1,2026-10-10,"wk inc flu hosp","quantile","0.5",26.3191601329688
"28",2026-10-03,1,2026-10-10,"wk inc flu hosp","quantile","0.55",28.4084642176861
"28",2026-10-03,1,2026-10-10,"wk inc flu hosp","quantile","0.6",30.1980062530201
"28",2026-10-03,1,2026-10-10,"wk inc flu hosp","quantile","0.65",31.939016355511
"28",2026-10-03,1,2026-10-10,"wk inc flu hosp","quantile","0.7",33.666671907871
"28",2026-10-03,1,2026-10-10,"wk inc flu hosp","quantile","0.75",36.2825035691443
"28",2026-10-03,1,2026-10-10,"wk inc flu hosp","quantile","0.8",39.3765867829645
"28",2026-10-03,1,2026-10-10,"wk inc flu hosp","quantile","0.85",43.7845418427766
"28",2026-10-03,1,2026-10-10,"wk inc flu hosp","quantile","0.9",49.0253562535753
"28",2026-10-03,1,2026-10-10,"wk inc flu hosp","quantile","0.95",58.5640258551719
"28",2026-10-03,1,2026-10-10,"wk inc flu hosp","quantile","0.975",68.1302162826994
"28",2026-10-03,1,2026-10-10,"wk inc flu hosp","quantile","0.99",82.2013239253788
"28",2026-10-03,2,2026-10-17,"wk inc flu hosp","quantile","0.01",2.8816945214213
"28",2026-10-03,2,2026-10-17,"wk inc flu hosp","quantile","0.025",4.55205079444573
"28",2026-10-03,2,2026-10-17,"wk inc flu hosp","quantile","0.05",6.00645804107386
"28",2026-10-03,2,2026-10-17,"wk inc flu hosp","quantile","0.1",9.28400828307114
"28",2026-10-03,2,2026-10-17,"wk inc flu hosp","quantile","0.15",12.3786359293623
"28",2026-10-03,2,2026-10-17,"wk inc flu hosp","quantile","0.2",15.2179044940532
"28",2026-10-03,2,2026-10-17,"wk inc flu hosp","quantile","0.25",17.2517579962836
"28",2026-10-03,2,2026-10-17,"wk inc flu hosp","quantile","0.3",19.3515733484206
"28",2026-10-03,2,2026-10-17,"wk inc flu hosp","quantile","0.35",21.6960090476332
"28",2026-10-03,2,2026-10-17,"wk inc flu hosp","quantile","0.4",24.2635660083926
"28",2026-10-03,2,2026-10-17,"wk inc flu hosp","quantile","0.45",26.4767652725719
"28",2026-10-03,2,2026-10-17,"wk inc flu hosp","quantile","0.5",28.8269943076078
"28",2026-10-03,2,2026-10-17,"wk inc flu hosp","quantile","0.55",30.9327394233095
"28",2026-10-03,2,2026-10-17,"wk inc flu hosp","quantile","0.6",33.3393857693199
"28",2026-10-03,2,2026-10-17,"wk inc flu hosp","quantile","0.65",35.850348716236
"28",2026-10-03,2,2026-10-17,"wk inc flu hosp","quantile","0.7",39.1826863402048
"28",2026-10-03,2,2026-10-17,"wk inc flu hosp","quantile","0.75",42.8069226585673
"28",2026-10-03,2,2026-10-17,"wk inc flu hosp","quantile","0.8",47.2415519582666
"28",2026-10-03,2,2026-10-17,"wk inc flu hosp","quantile","0.85",53.0861198552275
"28",2026-10-03,2,2026-10-17,"wk inc flu hosp","quantile","0.9",60.905717571425
"28",2026-10-03,2,2026-10-17,"wk inc flu hosp","quantile","0.95",77.678526387228
"28",2026-10-03,2,2026-10-17,"wk inc flu hosp","quantile","0.975",89.3112216784141
"28",2026-10-03,2,2026-10-17,"wk inc flu hosp","quantile","0.99",112.053123673164
"28",2026-10-03,3,2026-10-24,"wk inc flu hosp","quantile","0.01",2.85943903819681
"28",2026-10-03,3,2026-10-24,"wk inc flu hosp","quantile","0.025",3.33835766524397
"28",2026-10-03,3,2026-10-24,"wk inc flu hosp","quantile","0.05",5.60941786906059
"28",2026-10-03,3,2026-10-24,"wk inc flu hosp","quantile","0.1",9.17134242834797
"28",2026-10-03,3,2026-10-24,"wk inc flu hosp","quantile","0.15",12.3234024971251
"28",2026-10-03,3,2026-10-24,"wk inc flu hosp","quantile","0.2",15.3564144394105
"28",2026-10-03,3,2026-10-24,"wk inc flu hosp","quantile","0.25",18.0901060169316
"28",2026-10-03,3,2026-10-24,"wk inc flu hosp","quantile","0.3",20.8524529171515
"28",2026-10-03,3,2026-10-24,"wk inc flu hosp","quantile","0.35",23.7863102196376
"28",2026-10-03,3,2026-10-24,"wk inc flu hosp","quantile","0.4",26.4295590181325
"28",2026-10-03,3,2026-10-24,"wk inc flu hosp","quantile","0.45",29.6747777162653
"28",2026-10-03,3,2026-10-24,"wk inc flu hosp","quantile","0.5",33.034659231409
"28",2026-10-03,3,2026-10-24,"wk inc flu hosp","quantile","0.55",35.6281353816593
"28",2026-10-03,3,2026-10-24,"wk inc flu hosp","quantile","0.6",39.0264727402595
"28",2026-10-03,3,2026-10-24,"wk inc flu hosp","quantile","0.65",42.2771861354537
"28",2026-10-03,3,2026-10-24,"wk inc flu hosp","quantile","0.7",46.7438669779997
"28",2026-10-03,3,2026-10-24,"wk inc flu hosp","quantile","0.75",51.3494488668967
"28",2026-10-03,3,2026-10-24,"wk inc flu hosp","quantile","0.8",57.2493140465717
"28",2026-10-03,3,2026-10-24,"wk inc flu hosp","quantile","0.85",65.4186932019972
"28",2026-10-03,3,2026-10-24,"wk inc flu hosp","quantile","0.9",76.993847183111
"28",2026-10-03,3,2026-10-24,"wk inc flu hosp","quantile","0.95",96.4843347605187
"28",2026-10-03,3,2026-10-24,"wk inc flu hosp","quantile","0.975",116.438982246487
"28",2026-10-03,3,2026-10-24,"wk inc flu hosp","quantile","0.99",141.804224944009
"29",2026-10-03,0,2026-10-03,"wk inc flu hosp","quantile","0.01",11.8152796636025
"29",2026-10-03,0,2026-10-03,"wk inc flu hosp","quantile","0.025",15.1436518156336
"29",2026-10-03,0,2026-10-03,"wk inc flu hosp","quantile","0.05",17.5525971801762
"29",2026-10-03,0,2026-10-03,"wk inc flu hosp","quantile","0.1",20.678898359067
"29",2026-10-03,0,2026-10-03,"wk inc flu hosp","quantile","0.15",24.1841878515822
"29",2026-10-03,0,2026-10-03,"wk inc flu hosp","quantile","0.2",26.7249240649209
"29",2026-10-03,0,2026-10-03,"wk inc flu hosp","quantile","0.25",29.2303382863973
"29",2026-10-03,0,2026-10-03,"wk inc flu hosp","quantile","0.3",30.9152391741354
"29",2026-10-03,0,2026-10-03,"wk inc flu hosp","quantile","0.35",33.3356425800995
"29",2026-10-03,0,2026-10-03,"wk inc flu hosp","quantile","0.4",35.5089155456924
"29",2026-10-03,0,2026-10-03,"wk inc flu hosp","quantile","0.45",37.8197375198002
"29",2026-10-03,0,2026-10-03,"wk inc flu hosp","quantile","0.5",39.207740737088
"29",2026-10-03,0,2026-10-03,"wk inc flu hosp","quantile","0.55",41.3176197490571
"29",2026-10-03,0,2026-10-03,"wk inc flu hosp","quantile","0.6",43.2621992787137
"29",2026-10-03,0,2026-10-03,"wk inc flu hosp","quantile","0.65",45.0549349194524
"29",2026-10-03,0,2026-10-03,"wk inc flu hosp","quantile","0.7",47.4969608621209
"29",2026-10-03,0,2026-10-03,"wk inc flu hosp","quantile","0.75",50.2683155334665
"29",2026-10-03,0,2026-10-03,"wk inc flu hosp","quantile","0.8",53.8714665898139
"29",2026-10-03,0,2026-10-03,"wk inc flu hosp","quantile","0.85",57.9329535018023
"29",2026-10-03,0,2026-10-03,"wk inc flu hosp","quantile","0.9",63.3406544665716
"29",2026-10-03,0,2026-10-03,"wk inc flu hosp","quantile","0.95",73.5774934478329
"29",2026-10-03,0,2026-10-03,"wk inc flu hosp","quantile","0.975",83.1569745471607
"29",2026-10-03,0,2026-10-03,"wk inc flu hosp","quantile","0.99",102.449988561718
"29",2026-10-03,1,2026-10-10,"wk inc flu hosp","quantile","0.01",7.6112829663694
"29",2026-10-03,1,2026-10-10,"wk inc flu hosp","quantile","0.025",10.2421599635519
"29",2026-10-03,1,2026-10-10,"wk inc flu hosp","quantile","0.05",13.7802989913528
"29",2026-10-03,1,2026-10-10,"wk inc flu hosp","quantile","0.1",18.110938266382
"29",2026-10-03,1,2026-10-10,"wk inc flu hosp","quantile","0.15",22.6831073727052
"29",2026-10-03,1,2026-10-10,"wk inc flu hosp","quantile","0.2",25.8524818709674
"29",2026-10-03,1,2026-10-10,"wk inc flu hosp","quantile","0.25",29.1134030052034
"29",2026-10-03,1,2026-10-10,"wk inc flu hosp","quantile","0.3",31.9253430739494
"29",2026-10-03,1,2026-10-10,"wk inc flu hosp","quantile","0.35",35.2500274165864
"29",2026-10-03,1,2026-10-10,"wk inc flu hosp","quantile","0.4",38.3489645928772
"29",2026-10-03,1,2026-10-10,"wk inc flu hosp","quantile","0.45",41.2270714812026
"29",2026-10-03,1,2026-10-10,"wk inc flu hosp","quantile","0.5",43.7305608556407
"29",2026-10-03,1,2026-10-10,"wk inc flu hosp","quantile","0.55",46.3135705478283
"29",2026-10-03,1,2026-10-10,"wk inc flu hosp","quantile","0.6",49.4512183844975
"29",2026-10-03,1,2026-10-10,"wk inc flu hosp","quantile","0.65",52.5509943440784
"29",2026-10-03,1,2026-10-10,"wk inc flu hosp","quantile","0.7",56.5522777274339
"29",2026-10-03,1,2026-10-10,"wk inc flu hosp","quantile","0.75",61.7110704672218
"29",2026-10-03,1,2026-10-10,"wk inc flu hosp","quantile","0.8",67.5066654429983
"29",2026-10-03,1,2026-10-10,"wk inc flu hosp","quantile","0.85",74.8515767605039
"29",2026-10-03,1,2026-10-10,"wk inc flu hosp","quantile","0.9",84.1214780230237
"29",2026-10-03,1,2026-10-10,"wk inc flu hosp","quantile","0.95",99.7075784164807
"29",2026-10-03,1,2026-10-10,"wk inc flu hosp","quantile","0.975",115.584777203291
"29",2026-10-03,1,2026-10-10,"wk inc flu hosp","quantile","0.99",139.574044842745
"29",2026-10-03,2,2026-10-17,"wk inc flu hosp","quantile","0.01",7.59524369107629
"29",2026-10-03,2,2026-10-17,"wk inc flu hosp","quantile","0.025",8.97357624121546
"29",2026-10-03,2,2026-10-17,"wk inc flu hosp","quantile","0.05",12.6040167729659
"29",2026-10-03,2,2026-10-17,"wk inc flu hosp","quantile","0.1",17.4771639709458
"29",2026-10-03,2,2026-10-17,"wk inc flu hosp","quantile","0.15",22.6286567963423
"29",2026-10-03,2,2026-10-17,"wk inc flu hosp","quantile","0.2",26.6881537445091
"29",2026-10-03,2,2026-10-17,"wk inc flu hosp","quantile","0.25",31.0063821447287
"29",2026-10-03,2,2026-10-17,"wk inc flu hosp","quantile","0.3",34.9264176215629
"29",2026-10-03,2,2026-10-17,"wk inc flu hosp","quantile","0.35",38.6868702475629
"29",2026-10-03,2,2026-10-17,"wk inc flu hosp","quantile","0.4",42.7038060531566
"29",2026-10-03,2,2026-10-17,"wk inc flu hosp","quantile","0.45",47.1836233452064
"29",2026-10-03,2,2026-10-17,"wk inc flu hosp","quantile","0.5",50.6082392544289
"29",2026-10-03,2,2026-10-17,"wk inc flu hosp","quantile","0.55",54.1522458916004
"29",2026-10-03,2,2026-10-17,"wk inc flu hosp","quantile","0.6",58.0805094034522
"29",2026-10-03,2,2026-10-17,"wk inc flu hosp","quantile","0.65",63.4179734141027
"29",2026-10-03,2,2026-10-17,"wk inc flu hosp","quantile","0.7",69.1182476329402
"29",2026-10-03,2,2026-10-17,"wk inc flu hosp","quantile","0.75",74.9638476324674
"29",2026-10-03,2,2026-10-17,"wk inc flu hosp","quantile","0.8",83.8995393836989
"29",2026-10-03,2,2026-10-17,"wk inc flu hosp","quantile","0.85",93.3602902797948
"29",2026-10-03,2,2026-10-17,"wk inc flu hosp","quantile","0.9",106.97870461339
"29",2026-10-03,2,2026-10-17,"wk inc flu hosp","quantile","0.95",131.717065182628
"29",2026-10-03,2,2026-10-17,"wk inc flu hosp","quantile","0.975",158.285858732246
"29",2026-10-03,2,2026-10-17,"wk inc flu hosp","quantile","0.99",194.185220712913
"29",2026-10-03,3,2026-10-24,"wk inc flu hosp","quantile","0.01",7.63337904085816
"29",2026-10-03,3,2026-10-24,"wk inc flu hosp","quantile","0.025",9.00777129716933
"29",2026-10-03,3,2026-10-24,"wk inc flu hosp","quantile","0.05",10.9050818214577
"29",2026-10-03,3,2026-10-24,"wk inc flu hosp","quantile","0.1",17.126768230912
"29",2026-10-03,3,2026-10-24,"wk inc flu hosp","quantile","0.15",22.5765481200562
"29",2026-10-03,3,2026-10-24,"wk inc flu hosp","quantile","0.2",27.586517017026
"29",2026-10-03,3,2026-10-24,"wk inc flu hosp","quantile","0.25",33.1031372910264
"29",2026-10-03,3,2026-10-24,"wk inc flu hosp","quantile","0.3",37.3062774703339
"29",2026-10-03,3,2026-10-24,"wk inc flu hosp","quantile","0.35",42.3769308386421
"29",2026-10-03,3,2026-10-24,"wk inc flu hosp","quantile","0.4",48.7322057442988
"29",2026-10-03,3,2026-10-24,"wk inc flu hosp","quantile","0.45",53.8742355831364
"29",2026-10-03,3,2026-10-24,"wk inc flu hosp","quantile","0.5",58.0284769836534
"29",2026-10-03,3,2026-10-24,"wk inc flu hosp","quantile","0.55",63.3482940683868
"29",2026-10-03,3,2026-10-24,"wk inc flu hosp","quantile","0.6",68.6382629229988
"29",2026-10-03,3,2026-10-24,"wk inc flu hosp","quantile","0.65",75.835313796057
"29",2026-10-03,3,2026-10-24,"wk inc flu hosp","quantile","0.7",82.1305302076307
"29",2026-10-03,3,2026-10-24,"wk inc flu hosp","quantile","0.75",91.4674975851702
"29",2026-10-03,3,2026-10-24,"wk inc flu hosp","quantile","0.8",100.87478951706
"29",2026-10-03,3,2026-10-24,"wk inc flu hosp","quantile","0.85",114.145454537352
"29",2026-10-03,3,2026-10-24,"wk inc flu hosp","quantile","0.9",132.170317622184
"29",2026-10-03,3,2026-10-24,"wk inc flu hosp","quantile","0.95",166.418938339433
"29",2026-10-03,3,2026-10-24,"wk inc flu hosp","quantile","0.975",202.476827917732
"29",2026-10-03,3,2026-10-24,"wk inc flu hosp","quantile","0.99",256.109419544645
"30",2026-10-03,0,2026-10-03,"wk inc flu hosp","quantile","0.01",11.422955855678
"30",2026-10-03,0,2026-10-03,"wk inc flu hosp","quantile","0.025",13.3925125349543
"30",2026-10-03,0,2026-10-03,"wk inc flu hosp","quantile","0.05",14.9523704987651
"30",2026-10-03,0,2026-10-03,"wk inc flu hosp","quantile","0.1",17.5532209269332
"30",2026-10-03,0,2026-10-03,"wk inc flu hosp","quantile","0.15",19.2963210797577
"30",2026-10-03,0,2026-10-03,"wk inc flu hosp","quantile","0.2",21.3441279974206
"30",2026-10-03,0,2026-10-03,"wk inc flu hosp","quantile","0.25",23.61696063331
"30",2026-10-03,0,2026-10-03,"wk inc flu hosp","quantile","0.3",26.2262728549507
"30",2026-10-03,0,2026-10-03,"wk inc flu hosp","quantile","0.35",27.9324434187282
"30",2026-10-03,0,2026-10-03,"wk inc flu hosp","quantile","0.4",29.6585577952949
"30",2026-10-03,0,2026-10-03,"wk inc flu hosp","quantile","0.45",31.3118904597512
"30",2026-10-03,0,2026-10-03,"wk inc flu hosp","quantile","0.5",32.8362462642441
"30",2026-10-03,0,2026-10-03,"wk inc flu hosp","quantile","0.55",33.9048357800097
"30",2026-10-03,0,2026-10-03,"wk inc flu hosp","quantile","0.6",35.7242829794543
"30",2026-10-03,0,2026-10-03,"wk inc flu hosp","quantile","0.65",36.7836248210683
"30",2026-10-03,0,2026-10-03,"wk inc flu hosp","quantile","0.7",38.7772775703859
"30",2026-10-03,0,2026-10-03,"wk inc flu hosp","quantile","0.75",41.4154488564133
"30",2026-10-03,0,2026-10-03,"wk inc flu hosp","quantile","0.8",44.5512329416903
"30",2026-10-03,0,2026-10-03,"wk inc flu hosp","quantile","0.85",47.4556141959151
"30",2026-10-03,0,2026-10-03,"wk inc flu hosp","quantile","0.9",50.9370336293454
"30",2026-10-03,0,2026-10-03,"wk inc flu hosp","quantile","0.95",56.9523010280997
"30",2026-10-03,0,2026-10-03,"wk inc flu hosp","quantile","0.975",62.3779992049031
"30",2026-10-03,0,2026-10-03,"wk inc flu hosp","quantile","0.99",73.8429848879702
"30",2026-10-03,1,2026-10-10,"wk inc flu hosp","quantile","0.01",9.50708658949669
"30",2026-10-03,1,2026-10-10,"wk inc flu hosp","quantile","0.025",11.5091054785739
"30",2026-10-03,1,2026-10-10,"wk inc flu hosp","quantile","0.05",13.7307159374976
"30",2026-10-03,1,2026-10-10,"wk inc flu hosp","quantile","0.1",17.1933860367007
"30",2026-10-03,1,2026-10-10,"wk inc flu hosp","quantile","0.15",19.3783782887181
"30",2026-10-03,1,2026-10-10,"wk inc flu hosp","quantile","0.2",22.720831600095
"30",2026-10-03,1,2026-10-10,"wk inc flu hosp","quantile","0.25",25.4640219108645
"30",2026-10-03,1,2026-10-10,"wk inc flu hosp","quantile","0.3",28.6629005864575
"30",2026-10-03,1,2026-10-10,"wk inc flu hosp","quantile","0.35",31.0209007827986
"30",2026-10-03,1,2026-10-10,"wk inc flu hosp","quantile","0.4",33.6963827099568
"30",2026-10-03,1,2026-10-10,"wk inc flu hosp","quantile","0.45",36.1568484168285
"30",2026-10-03,1,2026-10-10,"wk inc flu hosp","quantile","0.5",38.1478530958406
"30",2026-10-03,1,2026-10-10,"wk inc flu hosp","quantile","0.55",40.3223115738555
"30",2026-10-03,1,2026-10-10,"wk inc flu hosp","quantile","0.6",42.9934639442311
"30",2026-10-03,1,2026-10-10,"wk inc flu hosp","quantile","0.65",45.6534305236381
"30",2026-10-03,1,2026-10-10,"wk inc flu hosp","quantile","0.7",48.5692667119073
"30",2026-10-03,1,2026-10-10,"wk inc flu hosp","quantile","0.75",51.9756140470581
"30",2026-10-03,1,2026-10-10,"wk inc flu hosp","quantile","0.8",56.8200305677333
"30",2026-10-03,1,2026-10-10,"wk inc flu hosp","quantile","0.85",62.6797979635422
"30",2026-10-03,1,2026-10-10,"wk inc flu hosp","quantile","0.9",70.1000995817014
"30",2026-10-03,1,2026-10-10,"wk inc flu hosp","quantile","0.95",83.5049109195239
"30",2026-10-03,1,2026-10-10,"wk inc flu hosp","quantile","0.975",92.045682395772
"30",2026-10-03,1,2026-10-10,"wk inc flu hosp","quantile","0.99",106.404368820547
"30",2026-10-03,2,2026-10-17,"wk inc flu hosp","quantile","0.01",6.98399774841723
"30",2026-10-03,2,2026-10-17,"wk inc flu hosp","quantile","0.025",8.71269794840425
"30",2026-10-03,2,2026-10-17,"wk inc flu hosp","quantile","0.05",11.7607845623701
"30",2026-10-03,2,2026-10-17,"wk inc flu hosp","quantile","0.1",15.9803639786185
"30",2026-10-03,2,2026-10-17,"wk inc flu hosp","quantile","0.15",18.8672050935938
"30",2026-10-03,2,2026-10-17,"wk inc flu hosp","quantile","0.2",22.0594303246536
"30",2026-10-03,2,2026-10-17,"wk inc flu hosp","quantile","0.25",25.3884192690932
"30",2026-10-03,2,2026-10-17,"wk inc flu hosp","quantile","0.3",29.2213151932529
"30",2026-10-03,2,2026-10-17,"wk inc flu hosp","quantile","0.35",32.0050517478205
"30",2026-10-03,2,2026-10-17,"wk inc flu hosp","quantile","0.4",35.3753333897375
"30",2026-10-03,2,2026-10-17,"wk inc flu hosp","quantile","0.45",38.1529294376145
"30",2026-10-03,2,2026-10-17,"wk inc flu hosp","quantile","0.5",41.2433600196942
"30",2026-10-03,2,2026-10-17,"wk inc flu hosp","quantile","0.55",43.8240739312937
"30",2026-10-03,2,2026-10-17,"wk inc flu hosp","quantile","0.6",47.3204957125804
"30",2026-10-03,2,2026-10-17,"wk inc flu hosp","quantile","0.65",50.9066084891695
"30",2026-10-03,2,2026-10-17,"wk inc flu hosp","quantile","0.7",55.662442927928
"30",2026-10-03,2,2026-10-17,"wk inc flu hosp","quantile","0.75",60.2071865751434
"30",2026-10-03,2,2026-10-17,"wk inc flu hosp","quantile","0.8",65.7695952806239
"30",2026-10-03,2,2026-10-17,"wk inc flu hosp","quantile","0.85",72.3304073338025
"30",2026-10-03,2,2026-10-17,"wk inc flu hosp","quantile","0.9",82.8142859692323
"30",2026-10-03,2,2026-10-17,"wk inc flu hosp","quantile","0.95",105.003377485817
"30",2026-10-03,2,2026-10-17,"wk inc flu hosp","quantile","0.975",121.954916950563
"30",2026-10-03,2,2026-10-17,"wk inc flu hosp","quantile","0.99",144.337973873671
"30",2026-10-03,3,2026-10-24,"wk inc flu hosp","quantile","0.01",4.60182430780462
"30",2026-10-03,3,2026-10-24,"wk inc flu hosp","quantile","0.025",7.14622605229926
"30",2026-10-03,3,2026-10-24,"wk inc flu hosp","quantile","0.05",9.81521745937622
"30",2026-10-03,3,2026-10-24,"wk inc flu hosp","quantile","0.1",14.3834716093387
"30",2026-10-03,3,2026-10-24,"wk inc flu hosp","quantile","0.15",17.4138754155856
"30",2026-10-03,3,2026-10-24,"wk inc flu hosp","quantile","0.2",21.1170077457261
"30",2026-10-03,3,2026-10-24,"wk inc flu hosp","quantile","0.25",24.790868639278
"30",2026-10-03,3,2026-10-24,"wk inc flu hosp","quantile","0.3",28.7511845347926
"30",2026-10-03,3,2026-10-24,"wk inc flu hosp","quantile","0.35",32.2693798383642
"30",2026-10-03,3,2026-10-24,"wk inc flu hosp","quantile","0.4",36.1484370658966
"30",2026-10-03,3,2026-10-24,"wk inc flu hosp","quantile","0.45",39.9007718434198
"30",2026-10-03,3,2026-10-24,"wk inc flu hosp","quantile","0.5",43.1528739960022
"30",2026-10-03,3,2026-10-24,"wk inc flu hosp","quantile","0.55",47.10735272365
"30",2026-10-03,3,2026-10-24,"wk inc flu hosp","quantile","0.6",50.9799785101789
"30",2026-10-03,3,2026-10-24,"wk inc flu hosp","quantile","0.65",55.3266047430394
"30",2026-10-03,3,2026-10-24,"wk inc flu hosp","quantile","0.7",59.6406652644256
"30",2026-10-03,3,2026-10-24,"wk inc flu hosp","quantile","0.75",65.1176257296919
"30",2026-10-03,3,2026-10-24,"wk inc flu hosp","quantile","0.8",72.2144422060207
"30",2026-10-03,3,2026-10-24,"wk inc flu hosp","quantile","0.85",82.1843513183754
"30",2026-10-03,3,2026-10-24,"wk inc flu hosp","quantile","0.9",94.5313466113654
"30",2026-10-03,3,2026-10-24,"wk inc flu hosp","quantile","0.95",120.8785518296
"30",2026-10-03,3,2026-10-24,"wk inc flu hosp","quantile","0.975",142.157896322187
"30",2026-10-03,3,2026-10-24,"wk inc flu hosp","quantile","0.99",171.315894565342
"31",2026-10-03,0,2026-10-03,"wk inc flu hosp","quantile","0.01",0
"31",2026-10-03,0,2026-10-03,"wk inc flu hosp","quantile","0.025",0
"31",2026-10-03,0,2026-10-03,"wk inc flu hosp","quantile","0.05",0.0420223300042708
"31",2026-10-03,0,2026-10-03,"wk inc flu hosp","quantile","0.1",0.143773701677182
"31",2026-10-03,0,2026-10-03,"wk inc flu hosp","quantile","0.15",0.287125065715966
"31",2026-10-03,0,2026-10-03,"wk inc flu hosp","quantile","0.2",0.540038885023695
"31",2026-10-03,0,2026-10-03,"wk inc flu hosp","quantile","0.25",0.625404818761159
"31",2026-10-03,0,2026-10-03,"wk inc flu hosp","quantile","0.3",0.946906575050226
"31",2026-10-03,0,2026-10-03,"wk inc flu hosp","quantile","0.35",1.3983463426028
"31",2026-10-03,0,2026-10-03,"wk inc flu hosp","quantile","0.4",1.8987172367147
"31",2026-10-03,0,2026-10-03,"wk inc flu hosp","quantile","0.45",2.20843735007609
"31",2026-10-03,0,2026-10-03,"wk inc flu hosp","quantile","0.5",2.60463448063105
"31",2026-10-03,0,2026-10-03,"wk inc flu hosp","quantile","0.55",3.04530862043319
"31",2026-10-03,0,2026-10-03,"wk inc flu hosp","quantile","0.6",3.55745136776409
"31",2026-10-03,0,2026-10-03,"wk inc flu hosp","quantile","0.65",4.05376611169595
"31",2026-10-03,0,2026-10-03,"wk inc flu hosp","quantile","0.7",4.61285127936992
"31",2026-10-03,0,2026-10-03,"wk inc flu hosp","quantile","0.75",5.39682561823324
"31",2026-10-03,0,2026-10-03,"wk inc flu hosp","quantile","0.8",6.16920697615686
"31",2026-10-03,0,2026-10-03,"wk inc flu hosp","quantile","0.85",6.9851345274653
"31",2026-10-03,0,2026-10-03,"wk inc flu hosp","quantile","0.9",7.88527164868298
"31",2026-10-03,0,2026-10-03,"wk inc flu hosp","quantile","0.95",10.1153704153604
"31",2026-10-03,0,2026-10-03,"wk inc flu hosp","quantile","0.975",12.0945386967635
"31",2026-10-03,0,2026-10-03,"wk inc flu hosp","quantile","0.99",15.6966020907136
"31",2026-10-03,1,2026-10-10,"wk inc flu hosp","quantile","0.01",0
"31",2026-10-03,1,2026-10-10,"wk inc flu hosp","quantile","0.025",0
"31",2026-10-03,1,2026-10-10,"wk inc flu hosp","quantile","0.05",0.048988980766817
"31",2026-10-03,1,2026-10-10,"wk inc flu hosp","quantile","0.1",0.16068654384293
"31",2026-10-03,1,2026-10-10,"wk inc flu hosp","quantile","0.15",0.336237859374533
"31",2026-10-03,1,2026-10-10,"wk inc flu hosp","quantile","0.2",0.572250191944772
"31",2026-10-03,1,2026-10-10,"wk inc flu hosp","quantile","0.25",0.687084501899231
"31",2026-10-03,1,2026-10-10,"wk inc flu hosp","quantile","0.3",0.913545245797966
"31",2026-10-03,1,2026-10-10,"wk inc flu hosp","quantile","0.35",1.43592686488067
"31",2026-10-03,1,2026-10-10,"wk inc flu hosp","quantile","0.4",2.02691722735078
"31",2026-10-03,1,2026-10-10,"wk inc flu hosp","quantile","0.45",2.56872154546782
"31",2026-10-03,1,2026-10-10,"wk inc flu hosp","quantile","0.5",2.94642464518919
"31",2026-10-03,1,2026-10-10,"wk inc flu hosp","quantile","0.55",3.60057671695953
"31",2026-10-03,1,2026-10-10,"wk inc flu hosp","quantile","0.6",4.15325043597968
"31",2026-10-03,1,2026-10-10,"wk inc flu hosp","quantile","0.65",5.00615247769106
"31",2026-10-03,1,2026-10-10,"wk inc flu hosp","quantile","0.7",5.74971906485254
"31",2026-10-03,1,2026-10-10,"wk inc flu hosp","quantile","0.75",6.88063026472125
"31",2026-10-03,1,2026-10-10,"wk inc flu hosp","quantile","0.8",8.142903717509
"31",2026-10-03,1,2026-10-10,"wk inc flu hosp","quantile","0.85",9.76729526777852
"31",2026-10-03,1,2026-10-10,"wk inc flu hosp","quantile","0.9",11.7477546799676
"31",2026-10-03,1,2026-10-10,"wk inc flu hosp","quantile","0.95",15.4682413993615
"31",2026-10-03,1,2026-10-10,"wk inc flu hosp","quantile","0.975",19.6086497884794
"31",2026-10-03,1,2026-10-10,"wk inc flu hosp","quantile","0.99",26.4964887698242
"31",2026-10-03,2,2026-10-17,"wk inc flu hosp","quantile","0.01",0
"31",2026-10-03,2,2026-10-17,"wk inc flu hosp","quantile","0.025",0
"31",2026-10-03,2,2026-10-17,"wk inc flu hosp","quantile","0.05",0.0360089707393791
"31",2026-10-03,2,2026-10-17,"wk inc flu hosp","quantile","0.1",0.185301824004433
"31",2026-10-03,2,2026-10-17,"wk inc flu hosp","quantile","0.15",0.405378233623197
"31",2026-10-03,2,2026-10-17,"wk inc flu hosp","quantile","0.2",0.652388990186436
"31",2026-10-03,2,2026-10-17,"wk inc flu hosp","quantile","0.25",0.746544893351378
"31",2026-10-03,2,2026-10-17,"wk inc flu hosp","quantile","0.3",1.10964684284979
"31",2026-10-03,2,2026-10-17,"wk inc flu hosp","quantile","0.35",1.87941000522847
"31",2026-10-03,2,2026-10-17,"wk inc flu hosp","quantile","0.4",2.52894445610289
"31",2026-10-03,2,2026-10-17,"wk inc flu hosp","quantile","0.45",3.13278281708389
"31",2026-10-03,2,2026-10-17,"wk inc flu hosp","quantile","0.5",3.74655895085938
"31",2026-10-03,2,2026-10-17,"wk inc flu hosp","quantile","0.55",4.46044502207015
"31",2026-10-03,2,2026-10-17,"wk inc flu hosp","quantile","0.6",5.36690573867581
"31",2026-10-03,2,2026-10-17,"wk inc flu hosp","quantile","0.65",6.30254612336165
"31",2026-10-03,2,2026-10-17,"wk inc flu hosp","quantile","0.7",7.58167158448431
"31",2026-10-03,2,2026-10-17,"wk inc flu hosp","quantile","0.75",8.9235132817414
"31",2026-10-03,2,2026-10-17,"wk inc flu hosp","quantile","0.8",10.885102837449
"31",2026-10-03,2,2026-10-17,"wk inc flu hosp","quantile","0.85",13.4335465985855
"31",2026-10-03,2,2026-10-17,"wk inc flu hosp","quantile","0.9",17.2252151166797
"31",2026-10-03,2,2026-10-17,"wk inc flu hosp","quantile","0.95",23.8346308231478
"31",2026-10-03,2,2026-10-17,"wk inc flu hosp","quantile","0.975",29.7086358992363
"31",2026-10-03,2,2026-10-17,"wk inc flu hosp","quantile","0.99",38.1693383761336
"31",2026-10-03,3,2026-10-24,"wk inc flu hosp","quantile","0.01",0
"31",2026-10-03,3,2026-10-24,"wk inc flu hosp","quantile","0.025",0
"31",2026-10-03,3,2026-10-24,"wk inc flu hosp","quantile","0.05",0.0504165708174876
"31",2026-10-03,3,2026-10-24,"wk inc flu hosp","quantile","0.1",0.219772838678
"31",2026-10-03,3,2026-10-24,"wk inc flu hosp","quantile","0.15",0.476119393491344
"31",2026-10-03,3,2026-10-24,"wk inc flu hosp","quantile","0.2",0.751129752682191
"31",2026-10-03,3,2026-10-24,"wk inc flu hosp","quantile","0.25",0.905815875850907
"31",2026-10-03,3,2026-10-24,"wk inc flu hosp","quantile","0.3",1.44232222827776
"31",2026-10-03,3,2026-10-24,"wk inc flu hosp","quantile","0.35",2.29134265118039
"31",2026-10-03,3,2026-10-24,"wk inc flu hosp","quantile","0.4",3.11711850595456
"31",2026-10-03,3,2026-10-24,"wk inc flu hosp","quantile","0.45",3.94675440946681
"31",2026-10-03,3,2026-10-24,"wk inc flu hosp","quantile","0.5",4.89796588493025
"31",2026-10-03,3,2026-10-24,"wk inc flu hosp","quantile","0.55",5.87119949079161
"31",2026-10-03,3,2026-10-24,"wk inc flu hosp","quantile","0.6",6.94805385603099
"31",2026-10-03,3,2026-10-24,"wk inc flu hosp","quantile","0.65",8.2927471788503
"31",2026-10-03,3,2026-10-24,"wk inc flu hosp","quantile","0.7",9.61665053087441
"31",2026-10-03,3,2026-10-24,"wk inc flu hosp","quantile","0.75",11.6668882440866
"31",2026-10-03,3,2026-10-24,"wk inc flu hosp","quantile","0.8",14.7598435988739
"31",2026-10-03,3,2026-10-24,"wk inc flu hosp","quantile","0.85",18.0150503871961
"31",2026-10-03,3,2026-10-24,"wk inc flu hosp","quantile","0.9",23.1249895473592
"31",2026-10-03,3,2026-10-24,"wk inc flu hosp","quantile","0.95",32.9803586547946
"31",2026-10-03,3,2026-10-24,"wk inc flu hosp","quantile","0.975",42.2867829313941
"31",2026-10-03,3,2026-10-24,"wk inc flu hosp","quantile","0.99",54.0490829825864
"32",2026-10-03,0,2026-10-03,"wk inc flu hosp","quantile","0.01",17.2619148256429
"32",2026-10-03,0,2026-10-03,"wk inc flu hosp","quantile","0.025",21.1269901041623
"32",2026-10-03,0,2026-10-03,"wk inc flu hosp","quantile","0.05",23.7841395333686
"32",2026-10-03,0,2026-10-03,"wk inc flu hosp","quantile","0.1",26.3123883077976
"32",2026-10-03,0,2026-10-03,"wk inc flu hosp","quantile","0.15",28.6610695573012
"32",2026-10-03,0,2026-10-03,"wk inc flu hosp","quantile","0.2",31.1828365440988
"32",2026-10-03,0,2026-10-03,"wk inc flu hosp","quantile","0.25",34.6578786566034
"32",2026-10-03,0,2026-10-03,"wk inc flu hosp","quantile","0.3",38.1093736715858
"32",2026-10-03,0,2026-10-03,"wk inc flu hosp","quantile","0.35",40.4195998135134
"32",2026-10-03,0,2026-10-03,"wk inc flu hosp","quantile","0.4",42.1743699115795
"32",2026-10-03,0,2026-10-03,"wk inc flu hosp","quantile","0.45",43.5351903667497
"32",2026-10-03,0,2026-10-03,"wk inc flu hosp","quantile","0.5",44.4680865745751
"32",2026-10-03,0,2026-10-03,"wk inc flu hosp","quantile","0.55",46.2019109927086
"32",2026-10-03,0,2026-10-03,"wk inc flu hosp","quantile","0.6",48.0742559058414
"32",2026-10-03,0,2026-10-03,"wk inc flu hosp","quantile","0.65",49.4868754914869
"32",2026-10-03,0,2026-10-03,"wk inc flu hosp","quantile","0.7",51.3930906000463
"32",2026-10-03,0,2026-10-03,"wk inc flu hosp","quantile","0.75",53.6476371368261
"32",2026-10-03,0,2026-10-03,"wk inc flu hosp","quantile","0.8",57.0022922773315
"32",2026-10-03,0,2026-10-03,"wk inc flu hosp","quantile","0.85",60.2636286548933
"32",2026-10-03,0,2026-10-03,"wk inc flu hosp","quantile","0.9",64.2736831663915
"32",2026-10-03,0,2026-10-03,"wk inc flu hosp","quantile","0.95",71.568467611721
"32",2026-10-03,0,2026-10-03,"wk inc flu hosp","quantile","0.975",80.0858004755097
"32",2026-10-03,0,2026-10-03,"wk inc flu hosp","quantile","0.99",94.8996710642336
"32",2026-10-03,1,2026-10-10,"wk inc flu hosp","quantile","0.01",13.9550730148886
"32",2026-10-03,1,2026-10-10,"wk inc flu hosp","quantile","0.025",18.1680576014949
"32",2026-10-03,1,2026-10-10,"wk inc flu hosp","quantile","0.05",21.5030018688269
"32",2026-10-03,1,2026-10-10,"wk inc flu hosp","quantile","0.1",24.8496983539211
"32",2026-10-03,1,2026-10-10,"wk inc flu hosp","quantile","0.15",28.473430836334
"32",2026-10-03,1,2026-10-10,"wk inc flu hosp","quantile","0.2",32.2831240276729
"32",2026-10-03,1,2026-10-10,"wk inc flu hosp","quantile","0.25",36.5547313386436
"32",2026-10-03,1,2026-10-10,"wk inc flu hosp","quantile","0.3",40.5775029199744
"32",2026-10-03,1,2026-10-10,"wk inc flu hosp","quantile","0.35",43.4447289622267
"32",2026-10-03,1,2026-10-10,"wk inc flu hosp","quantile","0.4",45.8936923261631
"32",2026-10-03,1,2026-10-10,"wk inc flu hosp","quantile","0.45",47.8963783660553
"32",2026-10-03,1,2026-10-10,"wk inc flu hosp","quantile","0.5",49.6149762236299
"32",2026-10-03,1,2026-10-10,"wk inc flu hosp","quantile","0.55",51.8317721847462
"32",2026-10-03,1,2026-10-10,"wk inc flu hosp","quantile","0.6",55.2852101636233
"32",2026-10-03,1,2026-10-10,"wk inc flu hosp","quantile","0.65",57.8984229771158
"32",2026-10-03,1,2026-10-10,"wk inc flu hosp","quantile","0.7",61.3931864852493
"32",2026-10-03,1,2026-10-10,"wk inc flu hosp","quantile","0.75",64.9078376052947
"32",2026-10-03,1,2026-10-10,"wk inc flu hosp","quantile","0.8",69.463758441238
"32",2026-10-03,1,2026-10-10,"wk inc flu hosp","quantile","0.85",76.2758756891446
"32",2026-10-03,1,2026-10-10,"wk inc flu hosp","quantile","0.9",83.779608847334
"32",2026-10-03,1,2026-10-10,"wk inc flu hosp","quantile","0.95",97.6360300263952
"32",2026-10-03,1,2026-10-10,"wk inc flu hosp","quantile","0.975",116.119278137956
"32",2026-10-03,1,2026-10-10,"wk inc flu hosp","quantile","0.99",133.926143825665
"32",2026-10-03,2,2026-10-17,"wk inc flu hosp","quantile","0.01",11.4864222606316
"32",2026-10-03,2,2026-10-17,"wk inc flu hosp","quantile","0.025",15.0325987486413
"32",2026-10-03,2,2026-10-17,"wk inc flu hosp","quantile","0.05",18.9715776325182
"32",2026-10-03,2,2026-10-17,"wk inc flu hosp","quantile","0.1",23.106002797313
"32",2026-10-03,2,2026-10-17,"wk inc flu hosp","quantile","0.15",27.8780002227037
"32",2026-10-03,2,2026-10-17,"wk inc flu hosp","quantile","0.2",32.6193249924716
"32",2026-10-03,2,2026-10-17,"wk inc flu hosp","quantile","0.25",37.6477541278934
"32",2026-10-03,2,2026-10-17,"wk inc flu hosp","quantile","0.3",42.1078527330903
"32",2026-10-03,2,2026-10-17,"wk inc flu hosp","quantile","0.35",45.4404550341188
"32",2026-10-03,2,2026-10-17,"wk inc flu hosp","quantile","0.4",48.6456937042244
"32",2026-10-03,2,2026-10-17,"wk inc flu hosp","quantile","0.45",51.5643789083928
"32",2026-10-03,2,2026-10-17,"wk inc flu hosp","quantile","0.5",54.5523384646278
"32",2026-10-03,2,2026-10-17,"wk inc flu hosp","quantile","0.55",57.7491587925079
"32",2026-10-03,2,2026-10-17,"wk inc flu hosp","quantile","0.6",61.8694261503568
"32",2026-10-03,2,2026-10-17,"wk inc flu hosp","quantile","0.65",65.6282094618376
"32",2026-10-03,2,2026-10-17,"wk inc flu hosp","quantile","0.7",69.90707070218
"32",2026-10-03,2,2026-10-17,"wk inc flu hosp","quantile","0.75",74.5001632289026
"32",2026-10-03,2,2026-10-17,"wk inc flu hosp","quantile","0.8",80.0014955617642
"32",2026-10-03,2,2026-10-17,"wk inc flu hosp","quantile","0.85",87.5015391104041
"32",2026-10-03,2,2026-10-17,"wk inc flu hosp","quantile","0.9",99.7819597529334
"32",2026-10-03,2,2026-10-17,"wk inc flu hosp","quantile","0.95",123.990147070703
"32",2026-10-03,2,2026-10-17,"wk inc flu hosp","quantile","0.975",144.972266157031
"32",2026-10-03,2,2026-10-17,"wk inc flu hosp","quantile","0.99",174.474144567805
"32",2026-10-03,3,2026-10-24,"wk inc flu hosp","quantile","0.01",9.42237680326451
"32",2026-10-03,3,2026-10-24,"wk inc flu hosp","quantile","0.025",13.4273363093344
"32",2026-10-03,3,2026-10-24,"wk inc flu hosp","quantile","0.05",17.2770128497832
"32",2026-10-03,3,2026-10-24,"wk inc flu hosp","quantile","0.1",22.440311966921
"32",2026-10-03,3,2026-10-24,"wk inc flu hosp","quantile","0.15",27.439395276177
"32",2026-10-03,3,2026-10-24,"wk inc flu hosp","quantile","0.2",32.1307613759951
"32",2026-10-03,3,2026-10-24,"wk inc flu hosp","quantile","0.25",37.7407568313351
"32",2026-10-03,3,2026-10-24,"wk inc flu hosp","quantile","0.3",42.6405430878681
"32",2026-10-03,3,2026-10-24,"wk inc flu hosp","quantile","0.35",47.2495759738573
"32",2026-10-03,3,2026-10-24,"wk inc flu hosp","quantile","0.4",51.3798910493602
"32",2026-10-03,3,2026-10-24,"wk inc flu hosp","quantile","0.45",55.079481529657
"32",2026-10-03,3,2026-10-24,"wk inc flu hosp","quantile","0.5",58.9970015598859
"32",2026-10-03,3,2026-10-24,"wk inc flu hosp","quantile","0.55",63.8598130351508
"32",2026-10-03,3,2026-10-24,"wk inc flu hosp","quantile","0.6",68.8385170389311
"32",2026-10-03,3,2026-10-24,"wk inc flu hosp","quantile","0.65",74.4469811400238
"32",2026-10-03,3,2026-10-24,"wk inc flu hosp","quantile","0.7",79.1248665551035
"32",2026-10-03,3,2026-10-24,"wk inc flu hosp","quantile","0.75",85.9260701963924
"32",2026-10-03,3,2026-10-24,"wk inc flu hosp","quantile","0.8",93.0516402473118
"32",2026-10-03,3,2026-10-24,"wk inc flu hosp","quantile","0.85",102.634869856944
"32",2026-10-03,3,2026-10-24,"wk inc flu hosp","quantile","0.9",118.24936125096
"32",2026-10-03,3,2026-10-24,"wk inc flu hosp","quantile","0.95",148.635511966731
"32",2026-10-03,3,2026-10-24,"wk inc flu hosp","quantile","0.975",177.735294822682
"32",2026-10-03,3,2026-10-24,"wk inc flu hosp","quantile","0.99",210.61310339058
"33",2026-10-03,0,2026-10-03,"wk inc flu hosp","quantile","0.01",0
"33",2026-10-03,0,2026-10-03,"wk inc flu hosp","quantile","0.025",0.0284254488568857
"33",2026-10-03,0,2026-10-03,"wk inc flu hosp","quantile","0.05",0.452444901189122
"33",2026-10-03,0,2026-10-03,"wk inc flu hosp","quantile","0.1",0.916883965147406
"33",2026-10-03,0,2026-10-03,"wk inc flu hosp","quantile","0.15",1.39074983125179
"33",2026-10-03,0,2026-10-03,"wk inc flu hosp","quantile","0.2",1.78655555220668
"33",2026-10-03,0,2026-10-03,"wk inc flu hosp","quantile","0.25",2.16384340769661
"33",2026-10-03,0,2026-10-03,"wk inc flu hosp","quantile","0.3",2.63907287622575
"33",2026-10-03,0,2026-10-03,"wk inc flu hosp","quantile","0.35",3.12548059584365
"33",2026-10-03,0,2026-10-03,"wk inc flu hosp","quantile","0.4",3.59221738454804
"33",2026-10-03,0,2026-10-03,"wk inc flu hosp","quantile","0.45",4.11711878082361
"33",2026-10-03,0,2026-10-03,"wk inc flu hosp","quantile","0.5",4.65985603192423
"33",2026-10-03,0,2026-10-03,"wk inc flu hosp","quantile","0.55",5.08177865560276
"33",2026-10-03,0,2026-10-03,"wk inc flu hosp","quantile","0.6",5.50993241318642
"33",2026-10-03,0,2026-10-03,"wk inc flu hosp","quantile","0.65",5.97725824030565
"33",2026-10-03,0,2026-10-03,"wk inc flu hosp","quantile","0.7",6.48879103390745
"33",2026-10-03,0,2026-10-03,"wk inc flu hosp","quantile","0.75",7.12153366911746
"33",2026-10-03,0,2026-10-03,"wk inc flu hosp","quantile","0.8",7.782463875096
"33",2026-10-03,0,2026-10-03,"wk inc flu hosp","quantile","0.85",8.64926486770731
"33",2026-10-03,0,2026-10-03,"wk inc flu hosp","quantile","0.9",9.97023461514553
"33",2026-10-03,0,2026-10-03,"wk inc flu hosp","quantile","0.95",12.3185956035435
"33",2026-10-03,0,2026-10-03,"wk inc flu hosp","quantile","0.975",14.4777545688368
"33",2026-10-03,0,2026-10-03,"wk inc flu hosp","quantile","0.99",18.5348021671444
"33",2026-10-03,1,2026-10-10,"wk inc flu hosp","quantile","0.01",0
"33",2026-10-03,1,2026-10-10,"wk inc flu hosp","quantile","0.025",0
"33",2026-10-03,1,2026-10-10,"wk inc flu hosp","quantile","0.05",0.108290261586306
"33",2026-10-03,1,2026-10-10,"wk inc flu hosp","quantile","0.1",0.616381437080321
"33",2026-10-03,1,2026-10-10,"wk inc flu hosp","quantile","0.15",1.22854795405915
"33",2026-10-03,1,2026-10-10,"wk inc flu hosp","quantile","0.2",1.80151942192435
"33",2026-10-03,1,2026-10-10,"wk inc flu hosp","quantile","0.25",2.27812287989484
"33",2026-10-03,1,2026-10-10,"wk inc flu hosp","quantile","0.3",2.82473842870246
"33",2026-10-03,1,2026-10-10,"wk inc flu hosp","quantile","0.35",3.48674325960607
"33",2026-10-03,1,2026-10-10,"wk inc flu hosp","quantile","0.4",4.1139655091901
"33",2026-10-03,1,2026-10-10,"wk inc flu hosp","quantile","0.45",4.8516977467108
"33",2026-10-03,1,2026-10-10,"wk inc flu hosp","quantile","0.5",5.55562284139867
"33",2026-10-03,1,2026-10-10,"wk inc flu hosp","quantile","0.55",6.26077570784724
"33",2026-10-03,1,2026-10-10,"wk inc flu hosp","quantile","0.6",6.97523902518583
"33",2026-10-03,1,2026-10-10,"wk inc flu hosp","quantile","0.65",7.81256538920645
"33",2026-10-03,1,2026-10-10,"wk inc flu hosp","quantile","0.7",8.66560019797661
"33",2026-10-03,1,2026-10-10,"wk inc flu hosp","quantile","0.75",9.64014350338752
"33",2026-10-03,1,2026-10-10,"wk inc flu hosp","quantile","0.8",11.0311862500264
"33",2026-10-03,1,2026-10-10,"wk inc flu hosp","quantile","0.85",12.6752826347254
"33",2026-10-03,1,2026-10-10,"wk inc flu hosp","quantile","0.9",14.7932652678472
"33",2026-10-03,1,2026-10-10,"wk inc flu hosp","quantile","0.95",18.912490503179
"33",2026-10-03,1,2026-10-10,"wk inc flu hosp","quantile","0.975",22.750996881189
"33",2026-10-03,1,2026-10-10,"wk inc flu hosp","quantile","0.99",29.7716247416933
"33",2026-10-03,2,2026-10-17,"wk inc flu hosp","quantile","0.01",0
"33",2026-10-03,2,2026-10-17,"wk inc flu hosp","quantile","0.025",0
"33",2026-10-03,2,2026-10-17,"wk inc flu hosp","quantile","0.05",0.114263756403586
"33",2026-10-03,2,2026-10-17,"wk inc flu hosp","quantile","0.1",0.380839462257864
"33",2026-10-03,2,2026-10-17,"wk inc flu hosp","quantile","0.15",1.11007053779742
"33",2026-10-03,2,2026-10-17,"wk inc flu hosp","quantile","0.2",1.70174428270615
"33",2026-10-03,2,2026-10-17,"wk inc flu hosp","quantile","0.25",2.36350807839311
"33",2026-10-03,2,2026-10-17,"wk inc flu hosp","quantile","0.3",3.1881803214184
"33",2026-10-03,2,2026-10-17,"wk inc flu hosp","quantile","0.35",3.98528937470529
"33",2026-10-03,2,2026-10-17,"wk inc flu hosp","quantile","0.4",4.90929365382542
"33",2026-10-03,2,2026-10-17,"wk inc flu hosp","quantile","0.45",5.92793975699829
"33",2026-10-03,2,2026-10-17,"wk inc flu hosp","quantile","0.5",6.92450469993621
"33",2026-10-03,2,2026-10-17,"wk inc flu hosp","quantile","0.55",7.89779836721251
"33",2026-10-03,2,2026-10-17,"wk inc flu hosp","quantile","0.6",8.69801216441975
"33",2026-10-03,2,2026-10-17,"wk inc flu hosp","quantile","0.65",9.67802203587393
"33",2026-10-03,2,2026-10-17,"wk inc flu hosp","quantile","0.7",10.8349750683964
"33",2026-10-03,2,2026-10-17,"wk inc flu hosp","quantile","0.75",12.3707554702265
"33",2026-10-03,2,2026-10-17,"wk inc flu hosp","quantile","0.8",14.4437319708958
"33",2026-10-03,2,2026-10-17,"wk inc flu hosp","quantile","0.85",16.8160950147076
"33",2026-10-03,2,2026-10-17,"wk inc flu hosp","quantile","0.9",19.9432659232064
"33",2026-10-03,2,2026-10-17,"wk inc flu hosp","quantile","0.95",26.235108516363
"33",2026-10-03,2,2026-10-17,"wk inc flu hosp","quantile","0.975",33.3622558412759
"33",2026-10-03,2,2026-10-17,"wk inc flu hosp","quantile","0.99",43.4099287202114
"33",2026-10-03,3,2026-10-24,"wk inc flu hosp","quantile","0.01",0
"33",2026-10-03,3,2026-10-24,"wk inc flu hosp","quantile","0.025",0
"33",2026-10-03,3,2026-10-24,"wk inc flu hosp","quantile","0.05",0.108030135826937
"33",2026-10-03,3,2026-10-24,"wk inc flu hosp","quantile","0.1",0.161050941806833
"33",2026-10-03,3,2026-10-24,"wk inc flu hosp","quantile","0.15",0.960425858276603
"33",2026-10-03,3,2026-10-24,"wk inc flu hosp","quantile","0.2",1.77211115321491
"33",2026-10-03,3,2026-10-24,"wk inc flu hosp","quantile","0.25",2.68302324934425
"33",2026-10-03,3,2026-10-24,"wk inc flu hosp","quantile","0.3",3.69368572959323
"33",2026-10-03,3,2026-10-24,"wk inc flu hosp","quantile","0.35",4.60061384029254
"33",2026-10-03,3,2026-10-24,"wk inc flu hosp","quantile","0.4",5.6567228186539
"33",2026-10-03,3,2026-10-24,"wk inc flu hosp","quantile","0.45",6.91544737362019
"33",2026-10-03,3,2026-10-24,"wk inc flu hosp","quantile","0.5",8.14845582684623
"33",2026-10-03,3,2026-10-24,"wk inc flu hosp","quantile","0.55",9.25862231684365
"33",2026-10-03,3,2026-10-24,"wk inc flu hosp","quantile","0.6",10.5118279339457
"33",2026-10-03,3,2026-10-24,"wk inc flu hosp","quantile","0.65",11.8786717366955
"33",2026-10-03,3,2026-10-24,"wk inc flu hosp","quantile","0.7",13.6630657596464
"33",2026-10-03,3,2026-10-24,"wk inc flu hosp","quantile","0.75",15.9758328743669
"33",2026-10-03,3,2026-10-24,"wk inc flu hosp","quantile","0.8",18.3819511961469
"33",2026-10-03,3,2026-10-24,"wk inc flu hosp","quantile","0.85",21.5912479377903
"33",2026-10-03,3,2026-10-24,"wk inc flu hosp","quantile","0.9",26.2197931830475
"33",2026-10-03,3,2026-10-24,"wk inc flu hosp","quantile","0.95",35.0679698365752
"33",2026-10-03,3,2026-10-24,"wk inc flu hosp","quantile","0.975",45.2176441001333
"33",2026-10-03,3,2026-10-24,"wk inc flu hosp","quantile","0.99",59.1610181727265
"34",2026-10-03,0,2026-10-03,"wk inc flu hosp","quantile","0.01",34.0389943469411
"34",2026-10-03,0,2026-10-03,"wk inc flu hosp","quantile","0.025",36.7861479000898
"34",2026-10-03,0,2026-10-03,"wk inc flu hosp","quantile","0.05",41.541324973427
"34",2026-10-03,0,2026-10-03,"wk inc flu hosp","quantile","0.1",48.9736838927361
"34",2026-10-03,0,2026-10-03,"wk inc flu hosp","quantile","0.15",53.7960471564292
"34",2026-10-03,0,2026-10-03,"wk inc flu hosp","quantile","0.2",58.0391593298892
"34",2026-10-03,0,2026-10-03,"wk inc flu hosp","quantile","0.25",62.3088921630888
"34",2026-10-03,0,2026-10-03,"wk inc flu hosp","quantile","0.3",65.8535811184106
"34",2026-10-03,0,2026-10-03,"wk inc flu hosp","quantile","0.35",69.8606330972102
"34",2026-10-03,0,2026-10-03,"wk inc flu hosp","quantile","0.4",72.741359878255
"34",2026-10-03,0,2026-10-03,"wk inc flu hosp","quantile","0.45",76.3572448754422
"34",2026-10-03,0,2026-10-03,"wk inc flu hosp","quantile","0.5",79.4534645060496
"34",2026-10-03,0,2026-10-03,"wk inc flu hosp","quantile","0.55",82.7141781050575
"34",2026-10-03,0,2026-10-03,"wk inc flu hosp","quantile","0.6",86.3501414641496
"34",2026-10-03,0,2026-10-03,"wk inc flu hosp","quantile","0.65",89.9326412612457
"34",2026-10-03,0,2026-10-03,"wk inc flu hosp","quantile","0.7",95.1863038838485
"34",2026-10-03,0,2026-10-03,"wk inc flu hosp","quantile","0.75",98.990880063021
"34",2026-10-03,0,2026-10-03,"wk inc flu hosp","quantile","0.8",104.700035668404
"34",2026-10-03,0,2026-10-03,"wk inc flu hosp","quantile","0.85",109.380455849613
"34",2026-10-03,0,2026-10-03,"wk inc flu hosp","quantile","0.9",119.198903715789
"34",2026-10-03,0,2026-10-03,"wk inc flu hosp","quantile","0.95",137.045010211085
"34",2026-10-03,0,2026-10-03,"wk inc flu hosp","quantile","0.975",154.929491503731
"34",2026-10-03,0,2026-10-03,"wk inc flu hosp","quantile","0.99",185.568418559235
"34",2026-10-03,1,2026-10-10,"wk inc flu hosp","quantile","0.01",27.5800127125393
"34",2026-10-03,1,2026-10-10,"wk inc flu hosp","quantile","0.025",31.8602349236416
"34",2026-10-03,1,2026-10-10,"wk inc flu hosp","quantile","0.05",38.3258818269334
"34",2026-10-03,1,2026-10-10,"wk inc flu hosp","quantile","0.1",48.6178515528598
"34",2026-10-03,1,2026-10-10,"wk inc flu hosp","quantile","0.15",55.9139237339451
"34",2026-10-03,1,2026-10-10,"wk inc flu hosp","quantile","0.2",60.9068122989078
"34",2026-10-03,1,2026-10-10,"wk inc flu hosp","quantile","0.25",66.0878412775611
"34",2026-10-03,1,2026-10-10,"wk inc flu hosp","quantile","0.3",71.2934905365838
"34",2026-10-03,1,2026-10-10,"wk inc flu hosp","quantile","0.35",75.5827414254372
"34",2026-10-03,1,2026-10-10,"wk inc flu hosp","quantile","0.4",79.4989161325866
"34",2026-10-03,1,2026-10-10,"wk inc flu hosp","quantile","0.45",84.519388655998
"34",2026-10-03,1,2026-10-10,"wk inc flu hosp","quantile","0.5",88.4148010535339
"34",2026-10-03,1,2026-10-10,"wk inc flu hosp","quantile","0.55",94.0014224618487
"34",2026-10-03,1,2026-10-10,"wk inc flu hosp","quantile","0.6",99.7506762567378
"34",2026-10-03,1,2026-10-10,"wk inc flu hosp","quantile","0.65",107.179850361464
"34",2026-10-03,1,2026-10-10,"wk inc flu hosp","quantile","0.7",113.363763407441
"34",2026-10-03,1,2026-10-10,"wk inc flu hosp","quantile","0.75",121.316560527908
"34",2026-10-03,1,2026-10-10,"wk inc flu hosp","quantile","0.8",131.171190632669
"34",2026-10-03,1,2026-10-10,"wk inc flu hosp","quantile","0.85",143.054798349806
"34",2026-10-03,1,2026-10-10,"wk inc flu hosp","quantile","0.9",158.800938459268
"34",2026-10-03,1,2026-10-10,"wk inc flu hosp","quantile","0.95",183.753855851487
"34",2026-10-03,1,2026-10-10,"wk inc flu hosp","quantile","0.975",214.450677590014
"34",2026-10-03,1,2026-10-10,"wk inc flu hosp","quantile","0.99",257.319858569578
"34",2026-10-03,2,2026-10-17,"wk inc flu hosp","quantile","0.01",19.7511058794235
"34",2026-10-03,2,2026-10-17,"wk inc flu hosp","quantile","0.025",26.8255668816476
"34",2026-10-03,2,2026-10-17,"wk inc flu hosp","quantile","0.05",36.3080503265254
"34",2026-10-03,2,2026-10-17,"wk inc flu hosp","quantile","0.1",48.2014588984813
"34",2026-10-03,2,2026-10-17,"wk inc flu hosp","quantile","0.15",55.9080037263449
"34",2026-10-03,2,2026-10-17,"wk inc flu hosp","quantile","0.2",62.9525989956543
"34",2026-10-03,2,2026-10-17,"wk inc flu hosp","quantile","0.25",69.7236758855606
"34",2026-10-03,2,2026-10-17,"wk inc flu hosp","quantile","0.3",77.5514746336747
"34",2026-10-03,2,2026-10-17,"wk inc flu hosp","quantile","0.35",82.8908338742569
"34",2026-10-03,2,2026-10-17,"wk inc flu hosp","quantile","0.4",88.7503465284843
"34",2026-10-03,2,2026-10-17,"wk inc flu hosp","quantile","0.45",95.2985442555478
"34",2026-10-03,2,2026-10-17,"wk inc flu hosp","quantile","0.5",100.895420407674
"34",2026-10-03,2,2026-10-17,"wk inc flu hosp","quantile","0.55",107.812461161038
"34",2026-10-03,2,2026-10-17,"wk inc flu hosp","quantile","0.6",114.019118396896
"34",2026-10-03,2,2026-10-17,"wk inc flu hosp","quantile","0.65",122.263414009678
"34",2026-10-03,2,2026-10-17,"wk inc flu hosp","quantile","0.7",132.452324260737
"34",2026-10-03,2,2026-10-17,"wk inc flu hosp","quantile","0.75",142.950534664316
"34",2026-10-03,2,2026-10-17,"wk inc flu hosp","quantile","0.8",157.237887954995
"34",2026-10-03,2,2026-10-17,"wk inc flu hosp","quantile","0.85",174.637950839314
"34",2026-10-03,2,2026-10-17,"wk inc flu hosp","quantile","0.9",201.251921275737
"34",2026-10-03,2,2026-10-17,"wk inc flu hosp","quantile","0.95",252.904168039019
"34",2026-10-03,2,2026-10-17,"wk inc flu hosp","quantile","0.975",289.448496343734
"34",2026-10-03,2,2026-10-17,"wk inc flu hosp","quantile","0.99",354.920984600375
"34",2026-10-03,3,2026-10-24,"wk inc flu hosp","quantile","0.01",16.8276025556542
"34",2026-10-03,3,2026-10-24,"wk inc flu hosp","quantile","0.025",24.3099536238888
"34",2026-10-03,3,2026-10-24,"wk inc flu hosp","quantile","0.05",33.1581704163006
"34",2026-10-03,3,2026-10-24,"wk inc flu hosp","quantile","0.1",45.5754051631161
"34",2026-10-03,3,2026-10-24,"wk inc flu hosp","quantile","0.15",56.2271440928744
"34",2026-10-03,3,2026-10-24,"wk inc flu hosp","quantile","0.2",64.8123689673051
"34",2026-10-03,3,2026-10-24,"wk inc flu hosp","quantile","0.25",73.6790360168451
"34",2026-10-03,3,2026-10-24,"wk inc flu hosp","quantile","0.3",83.0407242896875
"34",2026-10-03,3,2026-10-24,"wk inc flu hosp","quantile","0.35",91.0103265131255
"34",2026-10-03,3,2026-10-24,"wk inc flu hosp","quantile","0.4",97.8186307975507
"34",2026-10-03,3,2026-10-24,"wk inc flu hosp","quantile","0.45",106.955705376319
"34",2026-10-03,3,2026-10-24,"wk inc flu hosp","quantile","0.5",113.598879182608
"34",2026-10-03,3,2026-10-24,"wk inc flu hosp","quantile","0.55",122.838161469964
"34",2026-10-03,3,2026-10-24,"wk inc flu hosp","quantile","0.6",131.330938738266
"34",2026-10-03,3,2026-10-24,"wk inc flu hosp","quantile","0.65",142.440894393186
"34",2026-10-03,3,2026-10-24,"wk inc flu hosp","quantile","0.7",154.391426023253
"34",2026-10-03,3,2026-10-24,"wk inc flu hosp","quantile","0.75",168.259557282018
"34",2026-10-03,3,2026-10-24,"wk inc flu hosp","quantile","0.8",184.348475152083
"34",2026-10-03,3,2026-10-24,"wk inc flu hosp","quantile","0.85",207.664845239039
"34",2026-10-03,3,2026-10-24,"wk inc flu hosp","quantile","0.9",242.740126852964
"34",2026-10-03,3,2026-10-24,"wk inc flu hosp","quantile","0.95",314.574626090637
"34",2026-10-03,3,2026-10-24,"wk inc flu hosp","quantile","0.975",382.152363482624
"34",2026-10-03,3,2026-10-24,"wk inc flu hosp","quantile","0.99",445.292831839761
"35",2026-10-03,0,2026-10-03,"wk inc flu hosp","quantile","0.01",1.40341553372707
"35",2026-10-03,0,2026-10-03,"wk inc flu hosp","quantile","0.025",2.53285655272196
"35",2026-10-03,0,2026-10-03,"wk inc flu hosp","quantile","0.05",3.2486319664879
"35",2026-10-03,0,2026-10-03,"wk inc flu hosp","quantile","0.1",4.13418172220185
"35",2026-10-03,0,2026-10-03,"wk inc flu hosp","quantile","0.15",5.00685549642981
"35",2026-10-03,0,2026-10-03,"wk inc flu hosp","quantile","0.2",5.90758490895187
"35",2026-10-03,0,2026-10-03,"wk inc flu hosp","quantile","0.25",6.56325465671217
"35",2026-10-03,0,2026-10-03,"wk inc flu hosp","quantile","0.3",7.33569034362249
"35",2026-10-03,0,2026-10-03,"wk inc flu hosp","quantile","0.35",7.97566550917959
"35",2026-10-03,0,2026-10-03,"wk inc flu hosp","quantile","0.4",8.5254744368372
"35",2026-10-03,0,2026-10-03,"wk inc flu hosp","quantile","0.45",9.26451266074681
"35",2026-10-03,0,2026-10-03,"wk inc flu hosp","quantile","0.5",10.1635470737824
"35",2026-10-03,0,2026-10-03,"wk inc flu hosp","quantile","0.55",10.9304219183748
"35",2026-10-03,0,2026-10-03,"wk inc flu hosp","quantile","0.6",11.7381820702628
"35",2026-10-03,0,2026-10-03,"wk inc flu hosp","quantile","0.65",12.5643838634858
"35",2026-10-03,0,2026-10-03,"wk inc flu hosp","quantile","0.7",13.5965300585755
"35",2026-10-03,0,2026-10-03,"wk inc flu hosp","quantile","0.75",14.7025399004235
"35",2026-10-03,0,2026-10-03,"wk inc flu hosp","quantile","0.8",16.0828363889649
"35",2026-10-03,0,2026-10-03,"wk inc flu hosp","quantile","0.85",17.7017757277098
"35",2026-10-03,0,2026-10-03,"wk inc flu hosp","quantile","0.9",19.5190883891435
"35",2026-10-03,0,2026-10-03,"wk inc flu hosp","quantile","0.95",23.2867172436652
"35",2026-10-03,0,2026-10-03,"wk inc flu hosp","quantile","0.975",26.9610838205703
"35",2026-10-03,0,2026-10-03,"wk inc flu hosp","quantile","0.99",33.4663001027798
"35",2026-10-03,1,2026-10-10,"wk inc flu hosp","quantile","0.01",1.36402408653511
"35",2026-10-03,1,2026-10-10,"wk inc flu hosp","quantile","0.025",2.1126215729598
"35",2026-10-03,1,2026-10-10,"wk inc flu hosp","quantile","0.05",2.4235358430635
"35",2026-10-03,1,2026-10-10,"wk inc flu hosp","quantile","0.1",3.60345147553319
"35",2026-10-03,1,2026-10-10,"wk inc flu hosp","quantile","0.15",4.69144302662948
"35",2026-10-03,1,2026-10-10,"wk inc flu hosp","quantile","0.2",5.74952687935634
"35",2026-10-03,1,2026-10-10,"wk inc flu hosp","quantile","0.25",6.67342976039473
"35",2026-10-03,1,2026-10-10,"wk inc flu hosp","quantile","0.3",7.78520873469358
"35",2026-10-03,1,2026-10-10,"wk inc flu hosp","quantile","0.35",8.76837522403559
"35",2026-10-03,1,2026-10-10,"wk inc flu hosp","quantile","0.4",9.57021626669151
"35",2026-10-03,1,2026-10-10,"wk inc flu hosp","quantile","0.45",10.6027944940732
"35",2026-10-03,1,2026-10-10,"wk inc flu hosp","quantile","0.5",11.7206024623063
"35",2026-10-03,1,2026-10-10,"wk inc flu hosp","quantile","0.55",12.8172111220686
"35",2026-10-03,1,2026-10-10,"wk inc flu hosp","quantile","0.6",14.1074177705944
"35",2026-10-03,1,2026-10-10,"wk inc flu hosp","quantile","0.65",15.8080547911583
"35",2026-10-03,1,2026-10-10,"wk inc flu hosp","quantile","0.7",17.5581576241465
"35",2026-10-03,1,2026-10-10,"wk inc flu hosp","quantile","0.75",19.5304886356537
"35",2026-10-03,1,2026-10-10,"wk inc flu hosp","quantile","0.8",21.8343480270517
"35",2026-10-03,1,2026-10-10,"wk inc flu hosp","quantile","0.85",24.2871764791314
"35",2026-10-03,1,2026-10-10,"wk inc flu hosp","quantile","0.9",28.3100091171885
"35",2026-10-03,1,2026-10-10,"wk inc flu hosp","quantile","0.95",34.1473761711218
"35",2026-10-03,1,2026-10-10,"wk inc flu hosp","quantile","0.975",40.992669781354
"35",2026-10-03,1,2026-10-10,"wk inc flu hosp","quantile","0.99",51.7891190617757
"35",2026-10-03,2,2026-10-17,"wk inc flu hosp","quantile","0.01",1.32562783714963
"35",2026-10-03,2,2026-10-17,"wk inc flu hosp","quantile","0.025",2.1060997863169
"35",2026-10-03,2,2026-10-17,"wk inc flu hosp","quantile","0.05",2.27183177508527
"35",2026-10-03,2,2026-10-17,"wk inc flu hosp","quantile","0.1",3.12161041763725
"35",2026-10-03,2,2026-10-17,"wk inc flu hosp","quantile","0.15",4.52145207318307
"35",2026-10-03,2,2026-10-17,"wk inc flu hosp","quantile","0.2",5.7813318011156
"35",2026-10-03,2,2026-10-17,"wk inc flu hosp","quantile","0.25",7.26010538013735
"35",2026-10-03,2,2026-10-17,"wk inc flu hosp","quantile","0.3",8.64130723160809
"35",2026-10-03,2,2026-10-17,"wk inc flu hosp","quantile","0.35",9.87699463493328
"35",2026-10-03,2,2026-10-17,"wk inc flu hosp","quantile","0.4",11.2009416227212
"35",2026-10-03,2,2026-10-17,"wk inc flu hosp","quantile","0.45",12.5931143860448
"35",2026-10-03,2,2026-10-17,"wk inc flu hosp","quantile","0.5",13.999511069127
"35",2026-10-03,2,2026-10-17,"wk inc flu hosp","quantile","0.55",15.6192983131826
"35",2026-10-03,2,2026-10-17,"wk inc flu hosp","quantile","0.6",17.4654335799069
"35",2026-10-03,2,2026-10-17,"wk inc flu hosp","quantile","0.65",19.3052392466628
"35",2026-10-03,2,2026-10-17,"wk inc flu hosp","quantile","0.7",21.6291832500409
"35",2026-10-03,2,2026-10-17,"wk inc flu hosp","quantile","0.75",24.5679199009545
"35",2026-10-03,2,2026-10-17,"wk inc flu hosp","quantile","0.8",27.8988862070104
"35",2026-10-03,2,2026-10-17,"wk inc flu hosp","quantile","0.85",31.9199216405251
"35",2026-10-03,2,2026-10-17,"wk inc flu hosp","quantile","0.9",38.9144728298144
"35",2026-10-03,2,2026-10-17,"wk inc flu hosp","quantile","0.95",50.8024874406755
"35",2026-10-03,2,2026-10-17,"wk inc flu hosp","quantile","0.975",61.2049054673962
"35",2026-10-03,2,2026-10-17,"wk inc flu hosp","quantile","0.99",79.5796685025116
"35",2026-10-03,3,2026-10-24,"wk inc flu hosp","quantile","0.01",1.28137812989225
"35",2026-10-03,3,2026-10-24,"wk inc flu hosp","quantile","0.025",2.10871219560082
"35",2026-10-03,3,2026-10-24,"wk inc flu hosp","quantile","0.05",2.27183177508527
"35",2026-10-03,3,2026-10-24,"wk inc flu hosp","quantile","0.1",2.72832952193124
"35",2026-10-03,3,2026-10-24,"wk inc flu hosp","quantile","0.15",4.54339142105807
"35",2026-10-03,3,2026-10-24,"wk inc flu hosp","quantile","0.2",6.23848616805315
"35",2026-10-03,3,2026-10-24,"wk inc flu hosp","quantile","0.25",7.96424435571189
"35",2026-10-03,3,2026-10-24,"wk inc flu hosp","quantile","0.3",9.63364495714043
"35",2026-10-03,3,2026-10-24,"wk inc flu hosp","quantile","0.35",11.3801273117309
"35",2026-10-03,3,2026-10-24,"wk inc flu hosp","quantile","0.4",13.2074104695192
"35",2026-10-03,3,2026-10-24,"wk inc flu hosp","quantile","0.45",15.0243328424552
"35",2026-10-03,3,2026-10-24,"wk inc flu hosp","quantile","0.5",17.1982511448694
"35",2026-10-03,3,2026-10-24,"wk inc flu hosp","quantile","0.55",19.0937604972618
"35",2026-10-03,3,2026-10-24,"wk inc flu hosp","quantile","0.6",21.3282347560519
"35",2026-10-03,3,2026-10-24,"wk inc flu hosp","quantile","0.65",23.8161054041584
"35",2026-10-03,3,2026-10-24,"wk inc flu hosp","quantile","0.7",26.9127258366205
"35",2026-10-03,3,2026-10-24,"wk inc flu hosp","quantile","0.75",30.417617016283
"35",2026-10-03,3,2026-10-24,"wk inc flu hosp","quantile","0.8",34.5338072588371
"35",2026-10-03,3,2026-10-24,"wk inc flu hosp","quantile","0.85",41.1957452996737
"35",2026-10-03,3,2026-10-24,"wk inc flu hosp","quantile","0.9",51.6066850770924
"35",2026-10-03,3,2026-10-24,"wk inc flu hosp","quantile","0.95",69.5370633244637
"35",2026-10-03,3,2026-10-24,"wk inc flu hosp","quantile","0.975",85.2028132133178
"35",2026-10-03,3,2026-10-24,"wk inc flu hosp","quantile","0.99",112.530500747432
"36",2026-10-03,0,2026-10-03,"wk inc flu hosp","quantile","0.01",44.6074587636284
"36",2026-10-03,0,2026-10-03,"wk inc flu hosp","quantile","0.025",52.6554347379537
"36",2026-10-03,0,2026-10-03,"wk inc flu hosp","quantile","0.05",62.2341484206688
"36",2026-10-03,0,2026-10-03,"wk inc flu hosp","quantile","0.1",72.9464258359281
"36",2026-10-03,0,2026-10-03,"wk inc flu hosp","quantile","0.15",80.7020490631047
"36",2026-10-03,0,2026-10-03,"wk inc flu hosp","quantile","0.2",85.993814919286
"36",2026-10-03,0,2026-10-03,"wk inc flu hosp","quantile","0.25",91.1380512652162
"36",2026-10-03,0,2026-10-03,"wk inc flu hosp","quantile","0.3",94.9172076941515
"36",2026-10-03,0,2026-10-03,"wk inc flu hosp","quantile","0.35",100.23194101373
"36",2026-10-03,0,2026-10-03,"wk inc flu hosp","quantile","0.4",104.159079897844
"36",2026-10-03,0,2026-10-03,"wk inc flu hosp","quantile","0.45",108.162725008308
"36",2026-10-03,0,2026-10-03,"wk inc flu hosp","quantile","0.5",110.874518484564
"36",2026-10-03,0,2026-10-03,"wk inc flu hosp","quantile","0.55",114.752063964921
"36",2026-10-03,0,2026-10-03,"wk inc flu hosp","quantile","0.6",118.800484607647
"36",2026-10-03,0,2026-10-03,"wk inc flu hosp","quantile","0.65",123.222453819833
"36",2026-10-03,0,2026-10-03,"wk inc flu hosp","quantile","0.7",128.549598319231
"36",2026-10-03,0,2026-10-03,"wk inc flu hosp","quantile","0.75",134.942528975182
"36",2026-10-03,0,2026-10-03,"wk inc flu hosp","quantile","0.8",143.444437446327
"36",2026-10-03,0,2026-10-03,"wk inc flu hosp","quantile","0.85",151.204729767687
"36",2026-10-03,0,2026-10-03,"wk inc flu hosp","quantile","0.9",162.670027635893
"36",2026-10-03,0,2026-10-03,"wk inc flu hosp","quantile","0.95",183.004925916394
"36",2026-10-03,0,2026-10-03,"wk inc flu hosp","quantile","0.975",210.814058141838
"36",2026-10-03,0,2026-10-03,"wk inc flu hosp","quantile","0.99",244.433225402787
"36",2026-10-03,1,2026-10-10,"wk inc flu hosp","quantile","0.01",37.1004592985741
"36",2026-10-03,1,2026-10-10,"wk inc flu hosp","quantile","0.025",46.9634314626814
"36",2026-10-03,1,2026-10-10,"wk inc flu hosp","quantile","0.05",58.0778242254518
"36",2026-10-03,1,2026-10-10,"wk inc flu hosp","quantile","0.1",72.7191461856719
"36",2026-10-03,1,2026-10-10,"wk inc flu hosp","quantile","0.15",84.1300989418107
"36",2026-10-03,1,2026-10-10,"wk inc flu hosp","quantile","0.2",92.2691662200225
"36",2026-10-03,1,2026-10-10,"wk inc flu hosp","quantile","0.25",97.4881795336322
"36",2026-10-03,1,2026-10-10,"wk inc flu hosp","quantile","0.3",104.978430750305
"36",2026-10-03,1,2026-10-10,"wk inc flu hosp","quantile","0.35",112.022780701119
"36",2026-10-03,1,2026-10-10,"wk inc flu hosp","quantile","0.4",118.686433366351
"36",2026-10-03,1,2026-10-10,"wk inc flu hosp","quantile","0.45",123.02469982313
"36",2026-10-03,1,2026-10-10,"wk inc flu hosp","quantile","0.5",127.650894834296
"36",2026-10-03,1,2026-10-10,"wk inc flu hosp","quantile","0.55",133.746058507993
"36",2026-10-03,1,2026-10-10,"wk inc flu hosp","quantile","0.6",142.60671231633
"36",2026-10-03,1,2026-10-10,"wk inc flu hosp","quantile","0.65",150.511802789933
"36",2026-10-03,1,2026-10-10,"wk inc flu hosp","quantile","0.7",158.726597910584
"36",2026-10-03,1,2026-10-10,"wk inc flu hosp","quantile","0.75",170.023082064719
"36",2026-10-03,1,2026-10-10,"wk inc flu hosp","quantile","0.8",184.207871258422
"36",2026-10-03,1,2026-10-10,"wk inc flu hosp","quantile","0.85",198.423182071248
"36",2026-10-03,1,2026-10-10,"wk inc flu hosp","quantile","0.9",219.933305928548
"36",2026-10-03,1,2026-10-10,"wk inc flu hosp","quantile","0.95",252.911277865476
"36",2026-10-03,1,2026-10-10,"wk inc flu hosp","quantile","0.975",298.327033262005
"36",2026-10-03,1,2026-10-10,"wk inc flu hosp","quantile","0.99",345.314191672068
"36",2026-10-03,2,2026-10-17,"wk inc flu hosp","quantile","0.01",28.3793243441802
"36",2026-10-03,2,2026-10-17,"wk inc flu hosp","quantile","0.025",42.3957791605522
"36",2026-10-03,2,2026-10-17,"wk inc flu hosp","quantile","0.05",56.9407870940555
"36",2026-10-03,2,2026-10-17,"wk inc flu hosp","quantile","0.1",73.8625263677591
"36",2026-10-03,2,2026-10-17,"wk inc flu hosp","quantile","0.15",88.0512920220365
"36",2026-10-03,2,2026-10-17,"wk inc flu hosp","quantile","0.2",99.0110700560177
"36",2026-10-03,2,2026-10-17,"wk inc flu hosp","quantile","0.25",108.281110111604
"36",2026-10-03,2,2026-10-17,"wk inc flu hosp","quantile","0.3",118.062725634639
"36",2026-10-03,2,2026-10-17,"wk inc flu hosp","quantile","0.35",126.464451479658
"36",2026-10-03,2,2026-10-17,"wk inc flu hosp","quantile","0.4",134.496094403004
"36",2026-10-03,2,2026-10-17,"wk inc flu hosp","quantile","0.45",142.002273156035
"36",2026-10-03,2,2026-10-17,"wk inc flu hosp","quantile","0.5",147.625919795778
"36",2026-10-03,2,2026-10-17,"wk inc flu hosp","quantile","0.55",156.188869583993
"36",2026-10-03,2,2026-10-17,"wk inc flu hosp","quantile","0.6",165.269356871398
"36",2026-10-03,2,2026-10-17,"wk inc flu hosp","quantile","0.65",176.650701526843
"36",2026-10-03,2,2026-10-17,"wk inc flu hosp","quantile","0.7",187.132724837878
"36",2026-10-03,2,2026-10-17,"wk inc flu hosp","quantile","0.75",201.108840416679
"36",2026-10-03,2,2026-10-17,"wk inc flu hosp","quantile","0.8",220.806977647273
"36",2026-10-03,2,2026-10-17,"wk inc flu hosp","quantile","0.85",246.002866480202
"36",2026-10-03,2,2026-10-17,"wk inc flu hosp","quantile","0.9",283.915227884944
"36",2026-10-03,2,2026-10-17,"wk inc flu hosp","quantile","0.95",348.584411199401
"36",2026-10-03,2,2026-10-17,"wk inc flu hosp","quantile","0.975",402.233086106034
"36",2026-10-03,2,2026-10-17,"wk inc flu hosp","quantile","0.99",474.714169341141
"36",2026-10-03,3,2026-10-24,"wk inc flu hosp","quantile","0.01",24.7134633846409
"36",2026-10-03,3,2026-10-24,"wk inc flu hosp","quantile","0.025",40.2284804918579
"36",2026-10-03,3,2026-10-24,"wk inc flu hosp","quantile","0.05",55.666958630516
"36",2026-10-03,3,2026-10-24,"wk inc flu hosp","quantile","0.1",74.8343822317517
"36",2026-10-03,3,2026-10-24,"wk inc flu hosp","quantile","0.15",91.5844054598304
"36",2026-10-03,3,2026-10-24,"wk inc flu hosp","quantile","0.2",106.571908686493
"36",2026-10-03,3,2026-10-24,"wk inc flu hosp","quantile","0.25",118.292714930616
"36",2026-10-03,3,2026-10-24,"wk inc flu hosp","quantile","0.3",129.537628123742
"36",2026-10-03,3,2026-10-24,"wk inc flu hosp","quantile","0.35",140.456559371486
"36",2026-10-03,3,2026-10-24,"wk inc flu hosp","quantile","0.4",151.253586225554
"36",2026-10-03,3,2026-10-24,"wk inc flu hosp","quantile","0.45",161.997700236212
"36",2026-10-03,3,2026-10-24,"wk inc flu hosp","quantile","0.5",172.064823200838
"36",2026-10-03,3,2026-10-24,"wk inc flu hosp","quantile","0.55",181.509128780594
"36",2026-10-03,3,2026-10-24,"wk inc flu hosp","quantile","0.6",192.67005149543
"36",2026-10-03,3,2026-10-24,"wk inc flu hosp","quantile","0.65",212.341684168122
"36",2026-10-03,3,2026-10-24,"wk inc flu hosp","quantile","0.7",224.246680285312
"36",2026-10-03,3,2026-10-24,"wk inc flu hosp","quantile","0.75",242.479612380553
"36",2026-10-03,3,2026-10-24,"wk inc flu hosp","quantile","0.8",266.698972681572
"36",2026-10-03,3,2026-10-24,"wk inc flu hosp","quantile","0.85",300.403165622725
"36",2026-10-03,3,2026-10-24,"wk inc flu hosp","quantile","0.9",350.202745635687
"36",2026-10-03,3,2026-10-24,"wk inc flu hosp","quantile","0.95",445.073910562512
"36",2026-10-03,3,2026-10-24,"wk inc flu hosp","quantile","0.975",518.390498970782
"36",2026-10-03,3,2026-10-24,"wk inc flu hosp","quantile","0.99",600.185809706237
"37",2026-10-03,0,2026-10-03,"wk inc flu hosp","quantile","0.01",16.9724567994559
"37",2026-10-03,0,2026-10-03,"wk inc flu hosp","quantile","0.025",20.8748129329338
"37",2026-10-03,0,2026-10-03,"wk inc flu hosp","quantile","0.05",25.6297268061255
"37",2026-10-03,0,2026-10-03,"wk inc flu hosp","quantile","0.1",31.2655087306761
"37",2026-10-03,0,2026-10-03,"wk inc flu hosp","quantile","0.15",35.7559202906652
"37",2026-10-03,0,2026-10-03,"wk inc flu hosp","quantile","0.2",39.6282929617771
"37",2026-10-03,0,2026-10-03,"wk inc flu hosp","quantile","0.25",43.0066493551102
"37",2026-10-03,0,2026-10-03,"wk inc flu hosp","quantile","0.3",48.0973522769694
"37",2026-10-03,0,2026-10-03,"wk inc flu hosp","quantile","0.35",50.778758635851
"37",2026-10-03,0,2026-10-03,"wk inc flu hosp","quantile","0.4",53.3158651174245
"37",2026-10-03,0,2026-10-03,"wk inc flu hosp","quantile","0.45",56.15381561989
"37",2026-10-03,0,2026-10-03,"wk inc flu hosp","quantile","0.5",57.8852013942054
"37",2026-10-03,0,2026-10-03,"wk inc flu hosp","quantile","0.55",59.8536149561871
"37",2026-10-03,0,2026-10-03,"wk inc flu hosp","quantile","0.6",62.9522067534577
"37",2026-10-03,0,2026-10-03,"wk inc flu hosp","quantile","0.65",65.9185171529966
"37",2026-10-03,0,2026-10-03,"wk inc flu hosp","quantile","0.7",69.802235078778
"37",2026-10-03,0,2026-10-03,"wk inc flu hosp","quantile","0.75",74.107550043622
"37",2026-10-03,0,2026-10-03,"wk inc flu hosp","quantile","0.8",79.1051817316105
"37",2026-10-03,0,2026-10-03,"wk inc flu hosp","quantile","0.85",84.1198276331662
"37",2026-10-03,0,2026-10-03,"wk inc flu hosp","quantile","0.9",93.0339832260498
"37",2026-10-03,0,2026-10-03,"wk inc flu hosp","quantile","0.95",109.614867959858
"37",2026-10-03,0,2026-10-03,"wk inc flu hosp","quantile","0.975",127.382239554803
"37",2026-10-03,0,2026-10-03,"wk inc flu hosp","quantile","0.99",154.660215026194
"37",2026-10-03,1,2026-10-10,"wk inc flu hosp","quantile","0.01",10.3499242976463
"37",2026-10-03,1,2026-10-10,"wk inc flu hosp","quantile","0.025",15.7540032441153
"37",2026-10-03,1,2026-10-10,"wk inc flu hosp","quantile","0.05",21.8022731477544
"37",2026-10-03,1,2026-10-10,"wk inc flu hosp","quantile","0.1",29.4251003225863
"37",2026-10-03,1,2026-10-10,"wk inc flu hosp","quantile","0.15",34.5506111222598
"37",2026-10-03,1,2026-10-10,"wk inc flu hosp","quantile","0.2",40.2518654006799
"37",2026-10-03,1,2026-10-10,"wk inc flu hosp","quantile","0.25",45.1381673403059
"37",2026-10-03,1,2026-10-10,"wk inc flu hosp","quantile","0.3",51.6675621609436
"37",2026-10-03,1,2026-10-10,"wk inc flu hosp","quantile","0.35",55.3267245022843
"37",2026-10-03,1,2026-10-10,"wk inc flu hosp","quantile","0.4",59.0518125277239
"37",2026-10-03,1,2026-10-10,"wk inc flu hosp","quantile","0.45",62.0861523777692
"37",2026-10-03,1,2026-10-10,"wk inc flu hosp","quantile","0.5",65.3700592834251
"37",2026-10-03,1,2026-10-10,"wk inc flu hosp","quantile","0.55",69.2139898562912
"37",2026-10-03,1,2026-10-10,"wk inc flu hosp","quantile","0.6",73.8419614320448
"37",2026-10-03,1,2026-10-10,"wk inc flu hosp","quantile","0.65",79.4203750204696
"37",2026-10-03,1,2026-10-10,"wk inc flu hosp","quantile","0.7",84.9995489742262
"37",2026-10-03,1,2026-10-10,"wk inc flu hosp","quantile","0.75",92.7753084815736
"37",2026-10-03,1,2026-10-10,"wk inc flu hosp","quantile","0.8",101.721795990673
"37",2026-10-03,1,2026-10-10,"wk inc flu hosp","quantile","0.85",111.09010744066
"37",2026-10-03,1,2026-10-10,"wk inc flu hosp","quantile","0.9",128.245347542761
"37",2026-10-03,1,2026-10-10,"wk inc flu hosp","quantile","0.95",154.664548455533
"37",2026-10-03,1,2026-10-10,"wk inc flu hosp","quantile","0.975",188.488875636905
"37",2026-10-03,1,2026-10-10,"wk inc flu hosp","quantile","0.99",227.089731010792
"37",2026-10-03,2,2026-10-17,"wk inc flu hosp","quantile","0.01",9.95225420248335
"37",2026-10-03,2,2026-10-17,"wk inc flu hosp","quantile","0.025",11.2208140278549
"37",2026-10-03,2,2026-10-17,"wk inc flu hosp","quantile","0.05",17.9453431806902
"37",2026-10-03,2,2026-10-17,"wk inc flu hosp","quantile","0.1",27.4607567881023
"37",2026-10-03,2,2026-10-17,"wk inc flu hosp","quantile","0.15",35.3999830900987
"37",2026-10-03,2,2026-10-17,"wk inc flu hosp","quantile","0.2",41.7550473784935
"37",2026-10-03,2,2026-10-17,"wk inc flu hosp","quantile","0.25",47.3061389009285
"37",2026-10-03,2,2026-10-17,"wk inc flu hosp","quantile","0.3",55.3697908656208
"37",2026-10-03,2,2026-10-17,"wk inc flu hosp","quantile","0.35",59.9835346367039
"37",2026-10-03,2,2026-10-17,"wk inc flu hosp","quantile","0.4",65.9339904645527
"37",2026-10-03,2,2026-10-17,"wk inc flu hosp","quantile","0.45",70.1438059132667
"37",2026-10-03,2,2026-10-17,"wk inc flu hosp","quantile","0.5",74.3951276827343
"37",2026-10-03,2,2026-10-17,"wk inc flu hosp","quantile","0.55",78.8958077030376
"37",2026-10-03,2,2026-10-17,"wk inc flu hosp","quantile","0.6",85.2185799071128
"37",2026-10-03,2,2026-10-17,"wk inc flu hosp","quantile","0.65",91.6946639948868
"37",2026-10-03,2,2026-10-17,"wk inc flu hosp","quantile","0.7",101.393409867153
"37",2026-10-03,2,2026-10-17,"wk inc flu hosp","quantile","0.75",110.859224166031
"37",2026-10-03,2,2026-10-17,"wk inc flu hosp","quantile","0.8",124.00189337241
"37",2026-10-03,2,2026-10-17,"wk inc flu hosp","quantile","0.85",142.004055120137
"37",2026-10-03,2,2026-10-17,"wk inc flu hosp","quantile","0.9",166.345767411032
"37",2026-10-03,2,2026-10-17,"wk inc flu hosp","quantile","0.95",215.303245932293
"37",2026-10-03,2,2026-10-17,"wk inc flu hosp","quantile","0.975",257.366802851142
"37",2026-10-03,2,2026-10-17,"wk inc flu hosp","quantile","0.99",310.123756725945
"37",2026-10-03,3,2026-10-24,"wk inc flu hosp","quantile","0.01",9.7716686488754
"37",2026-10-03,3,2026-10-24,"wk inc flu hosp","quantile","0.025",11.1383091406266
"37",2026-10-03,3,2026-10-24,"wk inc flu hosp","quantile","0.05",16.1401161271713
"37",2026-10-03,3,2026-10-24,"wk inc flu hosp","quantile","0.1",27.2421034083443
"37",2026-10-03,3,2026-10-24,"wk inc flu hosp","quantile","0.15",35.8372281690064
"37",2026-10-03,3,2026-10-24,"wk inc flu hosp","quantile","0.2",44.072370583863
"37",2026-10-03,3,2026-10-24,"wk inc flu hosp","quantile","0.25",51.3835913755111
"37",2026-10-03,3,2026-10-24,"wk inc flu hosp","quantile","0.3",60.2180376653414
"37",2026-10-03,3,2026-10-24,"wk inc flu hosp","quantile","0.35",66.8739482734049
"37",2026-10-03,3,2026-10-24,"wk inc flu hosp","quantile","0.4",74.0274352705267
"37",2026-10-03,3,2026-10-24,"wk inc flu hosp","quantile","0.45",80.0199744526792
"37",2026-10-03,3,2026-10-24,"wk inc flu hosp","quantile","0.5",86.8038076910618
"37",2026-10-03,3,2026-10-24,"wk inc flu hosp","quantile","0.55",95.3702016698379
"37",2026-10-03,3,2026-10-24,"wk inc flu hosp","quantile","0.6",103.969904311418
"37",2026-10-03,3,2026-10-24,"wk inc flu hosp","quantile","0.65",114.189719455759
"37",2026-10-03,3,2026-10-24,"wk inc flu hosp","quantile","0.7",126.284539343614
"37",2026-10-03,3,2026-10-24,"wk inc flu hosp","quantile","0.75",137.849847699542
"37",2026-10-03,3,2026-10-24,"wk inc flu hosp","quantile","0.8",151.423014892758
"37",2026-10-03,3,2026-10-24,"wk inc flu hosp","quantile","0.85",174.738441941948
"37",2026-10-03,3,2026-10-24,"wk inc flu hosp","quantile","0.9",216.21036235409
"37",2026-10-03,3,2026-10-24,"wk inc flu hosp","quantile","0.95",280.951810097689
"37",2026-10-03,3,2026-10-24,"wk inc flu hosp","quantile","0.975",337.627133599566
"37",2026-10-03,3,2026-10-24,"wk inc flu hosp","quantile","0.99",396.690470803921
"38",2026-10-03,0,2026-10-03,"wk inc flu hosp","quantile","0.01",0.0532186680323345
"38",2026-10-03,0,2026-10-03,"wk inc flu hosp","quantile","0.025",0.597105006098807
"38",2026-10-03,0,2026-10-03,"wk inc flu hosp","quantile","0.05",0.989994849509515
"38",2026-10-03,0,2026-10-03,"wk inc flu hosp","quantile","0.1",1.70316436063517
"38",2026-10-03,0,2026-10-03,"wk inc flu hosp","quantile","0.15",2.26071954657228
"38",2026-10-03,0,2026-10-03,"wk inc flu hosp","quantile","0.2",2.82488740668335
"38",2026-10-03,0,2026-10-03,"wk inc flu hosp","quantile","0.25",3.30924942768154
"38",2026-10-03,0,2026-10-03,"wk inc flu hosp","quantile","0.3",3.85210053784101
"38",2026-10-03,0,2026-10-03,"wk inc flu hosp","quantile","0.35",4.29339566043738
"38",2026-10-03,0,2026-10-03,"wk inc flu hosp","quantile","0.4",4.79128685382185
"38",2026-10-03,0,2026-10-03,"wk inc flu hosp","quantile","0.45",5.21050577197497
"38",2026-10-03,0,2026-10-03,"wk inc flu hosp","quantile","0.5",5.56320344573958
"38",2026-10-03,0,2026-10-03,"wk inc flu hosp","quantile","0.55",5.96583974851168
"38",2026-10-03,0,2026-10-03,"wk inc flu hosp","quantile","0.6",6.36417776826133
"38",2026-10-03,0,2026-10-03,"wk inc flu hosp","quantile","0.65",6.72647153146389
"38",2026-10-03,0,2026-10-03,"wk inc flu hosp","quantile","0.7",7.2034287712198
"38",2026-10-03,0,2026-10-03,"wk inc flu hosp","quantile","0.75",7.83474661460535
"38",2026-10-03,0,2026-10-03,"wk inc flu hosp","quantile","0.8",8.63433307719884
"38",2026-10-03,0,2026-10-03,"wk inc flu hosp","quantile","0.85",9.63922487886966
"38",2026-10-03,0,2026-10-03,"wk inc flu hosp","quantile","0.9",10.9149878723161
"38",2026-10-03,0,2026-10-03,"wk inc flu hosp","quantile","0.95",13.3228669539664
"38",2026-10-03,0,2026-10-03,"wk inc flu hosp","quantile","0.975",15.5730476396832
"38",2026-10-03,0,2026-10-03,"wk inc flu hosp","quantile","0.99",19.3015583588413
"38",2026-10-03,1,2026-10-10,"wk inc flu hosp","quantile","0.01",0
"38",2026-10-03,1,2026-10-10,"wk inc flu hosp","quantile","0.025",0.278812265887361
"38",2026-10-03,1,2026-10-10,"wk inc flu hosp","quantile","0.05",0.431485861811213
"38",2026-10-03,1,2026-10-10,"wk inc flu hosp","quantile","0.1",1.30124972161908
"38",2026-10-03,1,2026-10-10,"wk inc flu hosp","quantile","0.15",2.08753783048243
"38",2026-10-03,1,2026-10-10,"wk inc flu hosp","quantile","0.2",2.81936173490508
"38",2026-10-03,1,2026-10-10,"wk inc flu hosp","quantile","0.25",3.4199153230546
"38",2026-10-03,1,2026-10-10,"wk inc flu hosp","quantile","0.3",4.14424764408296
"38",2026-10-03,1,2026-10-10,"wk inc flu hosp","quantile","0.35",4.78880489047039
"38",2026-10-03,1,2026-10-10,"wk inc flu hosp","quantile","0.4",5.48936163528855
"38",2026-10-03,1,2026-10-10,"wk inc flu hosp","quantile","0.45",6.24615428775614
"38",2026-10-03,1,2026-10-10,"wk inc flu hosp","quantile","0.5",6.71446855783128
"38",2026-10-03,1,2026-10-10,"wk inc flu hosp","quantile","0.55",7.48825667924525
"38",2026-10-03,1,2026-10-10,"wk inc flu hosp","quantile","0.6",8.21199613317467
"38",2026-10-03,1,2026-10-10,"wk inc flu hosp","quantile","0.65",8.91086296955311
"38",2026-10-03,1,2026-10-10,"wk inc flu hosp","quantile","0.7",9.72983723711004
"38",2026-10-03,1,2026-10-10,"wk inc flu hosp","quantile","0.75",10.8136846687029
"38",2026-10-03,1,2026-10-10,"wk inc flu hosp","quantile","0.8",12.217201586614
"38",2026-10-03,1,2026-10-10,"wk inc flu hosp","quantile","0.85",13.962072412818
"38",2026-10-03,1,2026-10-10,"wk inc flu hosp","quantile","0.9",16.1100216556739
"38",2026-10-03,1,2026-10-10,"wk inc flu hosp","quantile","0.95",20.3929983886565
"38",2026-10-03,1,2026-10-10,"wk inc flu hosp","quantile","0.975",24.5454886162558
"38",2026-10-03,1,2026-10-10,"wk inc flu hosp","quantile","0.99",30.6681052042947
"38",2026-10-03,2,2026-10-17,"wk inc flu hosp","quantile","0.01",0
"38",2026-10-03,2,2026-10-17,"wk inc flu hosp","quantile","0.025",0.281636155907321
"38",2026-10-03,2,2026-10-17,"wk inc flu hosp","quantile","0.05",0.436307791858718
"38",2026-10-03,2,2026-10-17,"wk inc flu hosp","quantile","0.1",0.994408850216915
"38",2026-10-03,2,2026-10-17,"wk inc flu hosp","quantile","0.15",1.74293616201965
"38",2026-10-03,2,2026-10-17,"wk inc flu hosp","quantile","0.2",2.62737715379679
"38",2026-10-03,2,2026-10-17,"wk inc flu hosp","quantile","0.25",3.36761307916858
"38",2026-10-03,2,2026-10-17,"wk inc flu hosp","quantile","0.3",4.19851255265605
"38",2026-10-03,2,2026-10-17,"wk inc flu hosp","quantile","0.35",4.93981916437853
"38",2026-10-03,2,2026-10-17,"wk inc flu hosp","quantile","0.4",5.87824207070637
"38",2026-10-03,2,2026-10-17,"wk inc flu hosp","quantile","0.45",6.90526139736456
"38",2026-10-03,2,2026-10-17,"wk inc flu hosp","quantile","0.5",7.60199698667025
"38",2026-10-03,2,2026-10-17,"wk inc flu hosp","quantile","0.55",8.40601156457207
"38",2026-10-03,2,2026-10-17,"wk inc flu hosp","quantile","0.6",9.4935149527598
"38",2026-10-03,2,2026-10-17,"wk inc flu hosp","quantile","0.65",10.4914500497771
"38",2026-10-03,2,2026-10-17,"wk inc flu hosp","quantile","0.7",11.805343943819
"38",2026-10-03,2,2026-10-17,"wk inc flu hosp","quantile","0.75",13.4142199379807
"38",2026-10-03,2,2026-10-17,"wk inc flu hosp","quantile","0.8",15.5595330118667
"38",2026-10-03,2,2026-10-17,"wk inc flu hosp","quantile","0.85",17.9241599274439
"38",2026-10-03,2,2026-10-17,"wk inc flu hosp","quantile","0.9",22.0981438222947
"38",2026-10-03,2,2026-10-17,"wk inc flu hosp","quantile","0.95",28.5343600519048
"38",2026-10-03,2,2026-10-17,"wk inc flu hosp","quantile","0.975",34.4142894246934
"38",2026-10-03,2,2026-10-17,"wk inc flu hosp","quantile","0.99",45.8098741356351
"38",2026-10-03,3,2026-10-24,"wk inc flu hosp","quantile","0.01",0
"38",2026-10-03,3,2026-10-24,"wk inc flu hosp","quantile","0.025",0.287104449898537
"38",2026-10-03,3,2026-10-24,"wk inc flu hosp","quantile","0.05",0.439154563572009
"38",2026-10-03,3,2026-10-24,"wk inc flu hosp","quantile","0.1",0.747296095692364
"38",2026-10-03,3,2026-10-24,"wk inc flu hosp","quantile","0.15",1.46522825131837
"38",2026-10-03,3,2026-10-24,"wk inc flu hosp","quantile","0.2",2.43574900516965
"38",2026-10-03,3,2026-10-24,"wk inc flu hosp","quantile","0.25",3.24844059873506
"38",2026-10-03,3,2026-10-24,"wk inc flu hosp","quantile","0.3",4.14575344659122
"38",2026-10-03,3,2026-10-24,"wk inc flu hosp","quantile","0.35",5.01448197140078
"38",2026-10-03,3,2026-10-24,"wk inc flu hosp","quantile","0.4",6.09354533912379
"38",2026-10-03,3,2026-10-24,"wk inc flu hosp","quantile","0.45",7.41228464386841
"38",2026-10-03,3,2026-10-24,"wk inc flu hosp","quantile","0.5",8.5475257119179
"38",2026-10-03,3,2026-10-24,"wk inc flu hosp","quantile","0.55",9.7386656251157
"38",2026-10-03,3,2026-10-24,"wk inc flu hosp","quantile","0.6",10.9936377420248
"38",2026-10-03,3,2026-10-24,"wk inc flu hosp","quantile","0.65",12.5843710431355
"38",2026-10-03,3,2026-10-24,"wk inc flu hosp","quantile","0.7",14.3944392848797
"38",2026-10-03,3,2026-10-24,"wk inc flu hosp","quantile","0.75",16.3120225218515
"38",2026-10-03,3,2026-10-24,"wk inc flu hosp","quantile","0.8",18.9162061910918
"38",2026-10-03,3,2026-10-24,"wk inc flu hosp","quantile","0.85",22.3395462521115
"38",2026-10-03,3,2026-10-24,"wk inc flu hosp","quantile","0.9",27.1909683326012
"38",2026-10-03,3,2026-10-24,"wk inc flu hosp","quantile","0.95",35.5229469089189
"38",2026-10-03,3,2026-10-24,"wk inc flu hosp","quantile","0.975",46.7512947141764
"38",2026-10-03,3,2026-10-24,"wk inc flu hosp","quantile","0.99",59.8833059777075
"39",2026-10-03,0,2026-10-03,"wk inc flu hosp","quantile","0.01",7.38892800512209
"39",2026-10-03,0,2026-10-03,"wk inc flu hosp","quantile","0.025",9.43235481475215
"39",2026-10-03,0,2026-10-03,"wk inc flu hosp","quantile","0.05",13.5222238470264
"39",2026-10-03,0,2026-10-03,"wk inc flu hosp","quantile","0.1",20.5899747443119
"39",2026-10-03,0,2026-10-03,"wk inc flu hosp","quantile","0.15",24.5069974560629
"39",2026-10-03,0,2026-10-03,"wk inc flu hosp","quantile","0.2",28.5880425119018
"39",2026-10-03,0,2026-10-03,"wk inc flu hosp","quantile","0.25",31.6545167708912
"39",2026-10-03,0,2026-10-03,"wk inc flu hosp","quantile","0.3",34.9655954542679
"39",2026-10-03,0,2026-10-03,"wk inc flu hosp","quantile","0.35",37.9083155537734
"39",2026-10-03,0,2026-10-03,"wk inc flu hosp","quantile","0.4",40.9095947117302
"39",2026-10-03,0,2026-10-03,"wk inc flu hosp","quantile","0.45",43.6777602167698
"39",2026-10-03,0,2026-10-03,"wk inc flu hosp","quantile","0.5",46.8532398042667
"39",2026-10-03,0,2026-10-03,"wk inc flu hosp","quantile","0.55",49.720243780307
"39",2026-10-03,0,2026-10-03,"wk inc flu hosp","quantile","0.6",53.3613457440095
"39",2026-10-03,0,2026-10-03,"wk inc flu hosp","quantile","0.65",57.1456506049285
"39",2026-10-03,0,2026-10-03,"wk inc flu hosp","quantile","0.7",61.3639145239272
"39",2026-10-03,0,2026-10-03,"wk inc flu hosp","quantile","0.75",65.5098968067316
"39",2026-10-03,0,2026-10-03,"wk inc flu hosp","quantile","0.8",71.4981551739979
"39",2026-10-03,0,2026-10-03,"wk inc flu hosp","quantile","0.85",78.3403948562515
"39",2026-10-03,0,2026-10-03,"wk inc flu hosp","quantile","0.9",88.0076796237212
"39",2026-10-03,0,2026-10-03,"wk inc flu hosp","quantile","0.95",102.766893588969
"39",2026-10-03,0,2026-10-03,"wk inc flu hosp","quantile","0.975",123.20315417719
"39",2026-10-03,0,2026-10-03,"wk inc flu hosp","quantile","0.99",157.282745739617
"39",2026-10-03,1,2026-10-10,"wk inc flu hosp","quantile","0.01",7.12841721144997
"39",2026-10-03,1,2026-10-10,"wk inc flu hosp","quantile","0.025",9.35027572475701
"39",2026-10-03,1,2026-10-10,"wk inc flu hosp","quantile","0.05",11.8881936133547
"39",2026-10-03,1,2026-10-10,"wk inc flu hosp","quantile","0.1",15.6901705464728
"39",2026-10-03,1,2026-10-10,"wk inc flu hosp","quantile","0.15",21.6329509392228
"39",2026-10-03,1,2026-10-10,"wk inc flu hosp","quantile","0.2",26.5775764914038
"39",2026-10-03,1,2026-10-10,"wk inc flu hosp","quantile","0.25",30.9828674947646
"39",2026-10-03,1,2026-10-10,"wk inc flu hosp","quantile","0.3",35.453412553307
"39",2026-10-03,1,2026-10-10,"wk inc flu hosp","quantile","0.35",39.1937084636303
"39",2026-10-03,1,2026-10-10,"wk inc flu hosp","quantile","0.4",44.1763569980528
"39",2026-10-03,1,2026-10-10,"wk inc flu hosp","quantile","0.45",48.1916463473738
"39",2026-10-03,1,2026-10-10,"wk inc flu hosp","quantile","0.5",52.7595896481444
"39",2026-10-03,1,2026-10-10,"wk inc flu hosp","quantile","0.55",57.1443924984987
"39",2026-10-03,1,2026-10-10,"wk inc flu hosp","quantile","0.6",63.4264461780035
"39",2026-10-03,1,2026-10-10,"wk inc flu hosp","quantile","0.65",70.2915701616803
"39",2026-10-03,1,2026-10-10,"wk inc flu hosp","quantile","0.7",77.2589477676025
"39",2026-10-03,1,2026-10-10,"wk inc flu hosp","quantile","0.75",86.3964926513929
"39",2026-10-03,1,2026-10-10,"wk inc flu hosp","quantile","0.8",97.4507620977586
"39",2026-10-03,1,2026-10-10,"wk inc flu hosp","quantile","0.85",108.523064737689
"39",2026-10-03,1,2026-10-10,"wk inc flu hosp","quantile","0.9",127.75884944127
"39",2026-10-03,1,2026-10-10,"wk inc flu hosp","quantile","0.95",157.484030170908
"39",2026-10-03,1,2026-10-10,"wk inc flu hosp","quantile","0.975",188.32407462298
"39",2026-10-03,1,2026-10-10,"wk inc flu hosp","quantile","0.99",240.685933911724
"39",2026-10-03,2,2026-10-17,"wk inc flu hosp","quantile","0.01",6.87168614465055
"39",2026-10-03,2,2026-10-17,"wk inc flu hosp","quantile","0.025",9.18214363930583
"39",2026-10-03,2,2026-10-17,"wk inc flu hosp","quantile","0.05",12.040450772372
"39",2026-10-03,2,2026-10-17,"wk inc flu hosp","quantile","0.1",14.6202469296594
"39",2026-10-03,2,2026-10-17,"wk inc flu hosp","quantile","0.15",20.2045311419129
"39",2026-10-03,2,2026-10-17,"wk inc flu hosp","quantile","0.2",26.5076398513602
"39",2026-10-03,2,2026-10-17,"wk inc flu hosp","quantile","0.25",31.3918026104521
"39",2026-10-03,2,2026-10-17,"wk inc flu hosp","quantile","0.3",37.6509706993406
"39",2026-10-03,2,2026-10-17,"wk inc flu hosp","quantile","0.35",41.8623153383731
"39",2026-10-03,2,2026-10-17,"wk inc flu hosp","quantile","0.4",48.2033791032695
"39",2026-10-03,2,2026-10-17,"wk inc flu hosp","quantile","0.45",52.9860482046587
"39",2026-10-03,2,2026-10-17,"wk inc flu hosp","quantile","0.5",59.7727611102592
"39",2026-10-03,2,2026-10-17,"wk inc flu hosp","quantile","0.55",66.7295437355382
"39",2026-10-03,2,2026-10-17,"wk inc flu hosp","quantile","0.6",75.8429870534968
"39",2026-10-03,2,2026-10-17,"wk inc flu hosp","quantile","0.65",84.8842240341539
"39",2026-10-03,2,2026-10-17,"wk inc flu hosp","quantile","0.7",94.458601161528
"39",2026-10-03,2,2026-10-17,"wk inc flu hosp","quantile","0.75",108.877190552552
"39",2026-10-03,2,2026-10-17,"wk inc flu hosp","quantile","0.8",123.916864112026
"39",2026-10-03,2,2026-10-17,"wk inc flu hosp","quantile","0.85",148.519669897869
"39",2026-10-03,2,2026-10-17,"wk inc flu hosp","quantile","0.9",176.225879195787
"39",2026-10-03,2,2026-10-17,"wk inc flu hosp","quantile","0.95",235.780096925376
"39",2026-10-03,2,2026-10-17,"wk inc flu hosp","quantile","0.975",278.172350631891
"39",2026-10-03,2,2026-10-17,"wk inc flu hosp","quantile","0.99",355.390274709523
"39",2026-10-03,3,2026-10-24,"wk inc flu hosp","quantile","0.01",6.75960790375883
"39",2026-10-03,3,2026-10-24,"wk inc flu hosp","quantile","0.025",8.9618679863612
"39",2026-10-03,3,2026-10-24,"wk inc flu hosp","quantile","0.05",11.9240427940886
"39",2026-10-03,3,2026-10-24,"wk inc flu hosp","quantile","0.1",14.8830608956571
"39",2026-10-03,3,2026-10-24,"wk inc flu hosp","quantile","0.15",19.9921883523282
"39",2026-10-03,3,2026-10-24,"wk inc flu hosp","quantile","0.2",27.66242417657
"39",2026-10-03,3,2026-10-24,"wk inc flu hosp","quantile","0.25",34.0191189853562
"39",2026-10-03,3,2026-10-24,"wk inc flu hosp","quantile","0.3",40.4144524055843
"39",2026-10-03,3,2026-10-24,"wk inc flu hosp","quantile","0.35",48.4326548181248
"39",2026-10-03,3,2026-10-24,"wk inc flu hosp","quantile","0.4",55.8316944943852
"39",2026-10-03,3,2026-10-24,"wk inc flu hosp","quantile","0.45",63.2974293712033
"39",2026-10-03,3,2026-10-24,"wk inc flu hosp","quantile","0.5",71.8928330322072
"39",2026-10-03,3,2026-10-24,"wk inc flu hosp","quantile","0.55",80.911779898497
"39",2026-10-03,3,2026-10-24,"wk inc flu hosp","quantile","0.6",91.2514136957944
"39",2026-10-03,3,2026-10-24,"wk inc flu hosp","quantile","0.65",103.673525454922
"39",2026-10-03,3,2026-10-24,"wk inc flu hosp","quantile","0.7",119.452670141822
"39",2026-10-03,3,2026-10-24,"wk inc flu hosp","quantile","0.75",135.864244023985
"39",2026-10-03,3,2026-10-24,"wk inc flu hosp","quantile","0.8",157.965974594863
"39",2026-10-03,3,2026-10-24,"wk inc flu hosp","quantile","0.85",187.473646252336
"39",2026-10-03,3,2026-10-24,"wk inc flu hosp","quantile","0.9",231.820848107956
"39",2026-10-03,3,2026-10-24,"wk inc flu hosp","quantile","0.95",319.315820550897
"39",2026-10-03,3,2026-10-24,"wk inc flu hosp","quantile","0.975",385.804570858537
"39",2026-10-03,3,2026-10-24,"wk inc flu hosp","quantile","0.99",506.881369195577
"40",2026-10-03,0,2026-10-03,"wk inc flu hosp","quantile","0.01",1.05931105598022
"40",2026-10-03,0,2026-10-03,"wk inc flu hosp","quantile","0.025",2.16281921209272
"40",2026-10-03,0,2026-10-03,"wk inc flu hosp","quantile","0.05",2.82173466826697
"40",2026-10-03,0,2026-10-03,"wk inc flu hosp","quantile","0.1",4.70448513801803
"40",2026-10-03,0,2026-10-03,"wk inc flu hosp","quantile","0.15",5.84148493919295
"40",2026-10-03,0,2026-10-03,"wk inc flu hosp","quantile","0.2",6.68926094509885
"40",2026-10-03,0,2026-10-03,"wk inc flu hosp","quantile","0.25",7.86190926520753
"40",2026-10-03,0,2026-10-03,"wk inc flu hosp","quantile","0.3",8.98620912435315
"40",2026-10-03,0,2026-10-03,"wk inc flu hosp","quantile","0.35",10.0975952682907
"40",2026-10-03,0,2026-10-03,"wk inc flu hosp","quantile","0.4",11.1221932338674
"40",2026-10-03,0,2026-10-03,"wk inc flu hosp","quantile","0.45",12.0854830050691
"40",2026-10-03,0,2026-10-03,"wk inc flu hosp","quantile","0.5",13.2903584115767
"40",2026-10-03,0,2026-10-03,"wk inc flu hosp","quantile","0.55",14.5371325289597
"40",2026-10-03,0,2026-10-03,"wk inc flu hosp","quantile","0.6",15.8484811506628
"40",2026-10-03,0,2026-10-03,"wk inc flu hosp","quantile","0.65",17.0946905559902
"40",2026-10-03,0,2026-10-03,"wk inc flu hosp","quantile","0.7",18.3900342697234
"40",2026-10-03,0,2026-10-03,"wk inc flu hosp","quantile","0.75",19.6670416970872
"40",2026-10-03,0,2026-10-03,"wk inc flu hosp","quantile","0.8",21.7754926170477
"40",2026-10-03,0,2026-10-03,"wk inc flu hosp","quantile","0.85",24.0140896862161
"40",2026-10-03,0,2026-10-03,"wk inc flu hosp","quantile","0.9",26.8068834756615
"40",2026-10-03,0,2026-10-03,"wk inc flu hosp","quantile","0.95",31.349986188219
"40",2026-10-03,0,2026-10-03,"wk inc flu hosp","quantile","0.975",37.4372452634145
"40",2026-10-03,0,2026-10-03,"wk inc flu hosp","quantile","0.99",46.3884318595617
"40",2026-10-03,1,2026-10-10,"wk inc flu hosp","quantile","0.01",0.983834587692457
"40",2026-10-03,1,2026-10-10,"wk inc flu hosp","quantile","0.025",2.17134123804222
"40",2026-10-03,1,2026-10-10,"wk inc flu hosp","quantile","0.05",2.83283113448529
"40",2026-10-03,1,2026-10-10,"wk inc flu hosp","quantile","0.1",3.58610604763224
"40",2026-10-03,1,2026-10-10,"wk inc flu hosp","quantile","0.15",5.23882752344476
"40",2026-10-03,1,2026-10-10,"wk inc flu hosp","quantile","0.2",6.54536570231641
"40",2026-10-03,1,2026-10-10,"wk inc flu hosp","quantile","0.25",7.98290251070755
"40",2026-10-03,1,2026-10-10,"wk inc flu hosp","quantile","0.3",9.59629580289477
"40",2026-10-03,1,2026-10-10,"wk inc flu hosp","quantile","0.35",10.9563238488463
"40",2026-10-03,1,2026-10-10,"wk inc flu hosp","quantile","0.4",12.8123614221399
"40",2026-10-03,1,2026-10-10,"wk inc flu hosp","quantile","0.45",14.4923056394938
"40",2026-10-03,1,2026-10-10,"wk inc flu hosp","quantile","0.5",15.9621265105453
"40",2026-10-03,1,2026-10-10,"wk inc flu hosp","quantile","0.55",17.7762778480002
"40",2026-10-03,1,2026-10-10,"wk inc flu hosp","quantile","0.6",19.9048856257055
"40",2026-10-03,1,2026-10-10,"wk inc flu hosp","quantile","0.65",22.0875886529109
"40",2026-10-03,1,2026-10-10,"wk inc flu hosp","quantile","0.7",24.0894242925474
"40",2026-10-03,1,2026-10-10,"wk inc flu hosp","quantile","0.75",26.6857987219895
"40",2026-10-03,1,2026-10-10,"wk inc flu hosp","quantile","0.8",29.1223201718539
"40",2026-10-03,1,2026-10-10,"wk inc flu hosp","quantile","0.85",33.1400223950655
"40",2026-10-03,1,2026-10-10,"wk inc flu hosp","quantile","0.9",39.2197423595266
"40",2026-10-03,1,2026-10-10,"wk inc flu hosp","quantile","0.95",47.6489614177698
"40",2026-10-03,1,2026-10-10,"wk inc flu hosp","quantile","0.975",57.4966061396238
"40",2026-10-03,1,2026-10-10,"wk inc flu hosp","quantile","0.99",74.7877951321548
"40",2026-10-03,2,2026-10-17,"wk inc flu hosp","quantile","0.01",0.937987647900953
"40",2026-10-03,2,2026-10-17,"wk inc flu hosp","quantile","0.025",2.14365240611491
"40",2026-10-03,2,2026-10-17,"wk inc flu hosp","quantile","0.05",2.90921324366283
"40",2026-10-03,2,2026-10-17,"wk inc flu hosp","quantile","0.1",3.54532658854781
"40",2026-10-03,2,2026-10-17,"wk inc flu hosp","quantile","0.15",4.96108167204243
"40",2026-10-03,2,2026-10-17,"wk inc flu hosp","quantile","0.2",7.03769365414566
"40",2026-10-03,2,2026-10-17,"wk inc flu hosp","quantile","0.25",9.13775230029428
"40",2026-10-03,2,2026-10-17,"wk inc flu hosp","quantile","0.3",11.026203579131
"40",2026-10-03,2,2026-10-17,"wk inc flu hosp","quantile","0.35",12.6968893071895
"40",2026-10-03,2,2026-10-17,"wk inc flu hosp","quantile","0.4",15.0456946570273
"40",2026-10-03,2,2026-10-17,"wk inc flu hosp","quantile","0.45",16.9834127926936
"40",2026-10-03,2,2026-10-17,"wk inc flu hosp","quantile","0.5",18.6418011966074
"40",2026-10-03,2,2026-10-17,"wk inc flu hosp","quantile","0.55",20.932861914187
"40",2026-10-03,2,2026-10-17,"wk inc flu hosp","quantile","0.6",23.0051682102771
"40",2026-10-03,2,2026-10-17,"wk inc flu hosp","quantile","0.65",25.8433051654226
"40",2026-10-03,2,2026-10-17,"wk inc flu hosp","quantile","0.7",29.6385738676613
"40",2026-10-03,2,2026-10-17,"wk inc flu hosp","quantile","0.75",33.3719336222037
"40",2026-10-03,2,2026-10-17,"wk inc flu hosp","quantile","0.8",38.3761065967866
"40",2026-10-03,2,2026-10-17,"wk inc flu hosp","quantile","0.85",44.0513451455823
"40",2026-10-03,2,2026-10-17,"wk inc flu hosp","quantile","0.9",53.2335810609449
"40",2026-10-03,2,2026-10-17,"wk inc flu hosp","quantile","0.95",68.9789429639581
"40",2026-10-03,2,2026-10-17,"wk inc flu hosp","quantile","0.975",86.0794922998722
"40",2026-10-03,2,2026-10-17,"wk inc flu hosp","quantile","0.99",114.753756427704
"40",2026-10-03,3,2026-10-24,"wk inc flu hosp","quantile","0.01",1.00508477736457
"40",2026-10-03,3,2026-10-24,"wk inc flu hosp","quantile","0.025",2.14320393586896
"40",2026-10-03,3,2026-10-24,"wk inc flu hosp","quantile","0.05",2.93898686406768
"40",2026-10-03,3,2026-10-24,"wk inc flu hosp","quantile","0.1",3.64805857730929
"40",2026-10-03,3,2026-10-24,"wk inc flu hosp","quantile","0.15",5.1944585758446
"40",2026-10-03,3,2026-10-24,"wk inc flu hosp","quantile","0.2",7.33106919402636
"40",2026-10-03,3,2026-10-24,"wk inc flu hosp","quantile","0.25",9.49926224350269
"40",2026-10-03,3,2026-10-24,"wk inc flu hosp","quantile","0.3",11.7208166338355
"40",2026-10-03,3,2026-10-24,"wk inc flu hosp","quantile","0.35",14.1361153383266
"40",2026-10-03,3,2026-10-24,"wk inc flu hosp","quantile","0.4",16.5445770585352
"40",2026-10-03,3,2026-10-24,"wk inc flu hosp","quantile","0.45",19.1253104060211
"40",2026-10-03,3,2026-10-24,"wk inc flu hosp","quantile","0.5",21.9851641368152
"40",2026-10-03,3,2026-10-24,"wk inc flu hosp","quantile","0.55",25.2115488594739
"40",2026-10-03,3,2026-10-24,"wk inc flu hosp","quantile","0.6",27.7197552825149
"40",2026-10-03,3,2026-10-24,"wk inc flu hosp","quantile","0.65",31.6568366850947
"40",2026-10-03,3,2026-10-24,"wk inc flu hosp","quantile","0.7",35.9155468815662
"40",2026-10-03,3,2026-10-24,"wk inc flu hosp","quantile","0.75",41.2979436752551
"40",2026-10-03,3,2026-10-24,"wk inc flu hosp","quantile","0.8",47.8869158014312
"40",2026-10-03,3,2026-10-24,"wk inc flu hosp","quantile","0.85",55.4453725101166
"40",2026-10-03,3,2026-10-24,"wk inc flu hosp","quantile","0.9",69.5461230443612
"40",2026-10-03,3,2026-10-24,"wk inc flu hosp","quantile","0.95",89.9239698079976
"40",2026-10-03,3,2026-10-24,"wk inc flu hosp","quantile","0.975",115.435324738492
"40",2026-10-03,3,2026-10-24,"wk inc flu hosp","quantile","0.99",148.455340501083
"41",2026-10-03,0,2026-10-03,"wk inc flu hosp","quantile","0.01",11.9428030008776
"41",2026-10-03,0,2026-10-03,"wk inc flu hosp","quantile","0.025",15.2282249918121
"41",2026-10-03,0,2026-10-03,"wk inc flu hosp","quantile","0.05",18.6812314084545
"41",2026-10-03,0,2026-10-03,"wk inc flu hosp","quantile","0.1",22.1448174342736
"41",2026-10-03,0,2026-10-03,"wk inc flu hosp","quantile","0.15",24.6814940810382
"41",2026-10-03,0,2026-10-03,"wk inc flu hosp","quantile","0.2",27.4437755954877
"41",2026-10-03,0,2026-10-03,"wk inc flu hosp","quantile","0.25",29.117183343618
"41",2026-10-03,0,2026-10-03,"wk inc flu hosp","quantile","0.3",31.2921996605018
"41",2026-10-03,0,2026-10-03,"wk inc flu hosp","quantile","0.35",33.5176019310669
"41",2026-10-03,0,2026-10-03,"wk inc flu hosp","quantile","0.4",34.5719570021465
"41",2026-10-03,0,2026-10-03,"wk inc flu hosp","quantile","0.45",36.1536924693004
"41",2026-10-03,0,2026-10-03,"wk inc flu hosp","quantile","0.5",37.7594198610046
"41",2026-10-03,0,2026-10-03,"wk inc flu hosp","quantile","0.55",39.6376075956112
"41",2026-10-03,0,2026-10-03,"wk inc flu hosp","quantile","0.6",40.8691152601983
"41",2026-10-03,0,2026-10-03,"wk inc flu hosp","quantile","0.65",42.8827605045565
"41",2026-10-03,0,2026-10-03,"wk inc flu hosp","quantile","0.7",45.5346638554242
"41",2026-10-03,0,2026-10-03,"wk inc flu hosp","quantile","0.75",47.7870530082453
"41",2026-10-03,0,2026-10-03,"wk inc flu hosp","quantile","0.8",51.1090614991803
"41",2026-10-03,0,2026-10-03,"wk inc flu hosp","quantile","0.85",55.1032126928279
"41",2026-10-03,0,2026-10-03,"wk inc flu hosp","quantile","0.9",59.5920104941987
"41",2026-10-03,0,2026-10-03,"wk inc flu hosp","quantile","0.95",67.1257457068776
"41",2026-10-03,0,2026-10-03,"wk inc flu hosp","quantile","0.975",75.4150527663905
"41",2026-10-03,0,2026-10-03,"wk inc flu hosp","quantile","0.99",92.1061080273418
"41",2026-10-03,1,2026-10-10,"wk inc flu hosp","quantile","0.01",7.90273163070344
"41",2026-10-03,1,2026-10-10,"wk inc flu hosp","quantile","0.025",11.5091431890654
"41",2026-10-03,1,2026-10-10,"wk inc flu hosp","quantile","0.05",15.7109340775129
"41",2026-10-03,1,2026-10-10,"wk inc flu hosp","quantile","0.1",20.9539476390177
"41",2026-10-03,1,2026-10-10,"wk inc flu hosp","quantile","0.15",25.0006779172609
"41",2026-10-03,1,2026-10-10,"wk inc flu hosp","quantile","0.2",28.7736989254047
"41",2026-10-03,1,2026-10-10,"wk inc flu hosp","quantile","0.25",31.3355242667789
"41",2026-10-03,1,2026-10-10,"wk inc flu hosp","quantile","0.3",34.462698473491
"41",2026-10-03,1,2026-10-10,"wk inc flu hosp","quantile","0.35",37.1017698876707
"41",2026-10-03,1,2026-10-10,"wk inc flu hosp","quantile","0.4",39.359100441138
"41",2026-10-03,1,2026-10-10,"wk inc flu hosp","quantile","0.45",41.6436270719009
"41",2026-10-03,1,2026-10-10,"wk inc flu hosp","quantile","0.5",43.3238166667886
"41",2026-10-03,1,2026-10-10,"wk inc flu hosp","quantile","0.55",46.0197194519458
"41",2026-10-03,1,2026-10-10,"wk inc flu hosp","quantile","0.6",48.7185896729207
"41",2026-10-03,1,2026-10-10,"wk inc flu hosp","quantile","0.65",52.1135751133681
"41",2026-10-03,1,2026-10-10,"wk inc flu hosp","quantile","0.7",55.2480120884521
"41",2026-10-03,1,2026-10-10,"wk inc flu hosp","quantile","0.75",59.1511177929566
"41",2026-10-03,1,2026-10-10,"wk inc flu hosp","quantile","0.8",64.8106169717444
"41",2026-10-03,1,2026-10-10,"wk inc flu hosp","quantile","0.85",73.3558577159983
"41",2026-10-03,1,2026-10-10,"wk inc flu hosp","quantile","0.9",82.7721821874133
"41",2026-10-03,1,2026-10-10,"wk inc flu hosp","quantile","0.95",97.8492613870332
"41",2026-10-03,1,2026-10-10,"wk inc flu hosp","quantile","0.975",112.721270650305
"41",2026-10-03,1,2026-10-10,"wk inc flu hosp","quantile","0.99",132.454277895593
"41",2026-10-03,2,2026-10-17,"wk inc flu hosp","quantile","0.01",6.29284165440843
"41",2026-10-03,2,2026-10-17,"wk inc flu hosp","quantile","0.025",9.89703375520917
"41",2026-10-03,2,2026-10-17,"wk inc flu hosp","quantile","0.05",14.4539920426748
"41",2026-10-03,2,2026-10-17,"wk inc flu hosp","quantile","0.1",19.3179261911036
"41",2026-10-03,2,2026-10-17,"wk inc flu hosp","quantile","0.15",24.3585861314057
"41",2026-10-03,2,2026-10-17,"wk inc flu hosp","quantile","0.2",29.4668893624162
"41",2026-10-03,2,2026-10-17,"wk inc flu hosp","quantile","0.25",32.5074767929606
"41",2026-10-03,2,2026-10-17,"wk inc flu hosp","quantile","0.3",36.7531456556669
"41",2026-10-03,2,2026-10-17,"wk inc flu hosp","quantile","0.35",39.7441875564784
"41",2026-10-03,2,2026-10-17,"wk inc flu hosp","quantile","0.4",42.7367336343415
"41",2026-10-03,2,2026-10-17,"wk inc flu hosp","quantile","0.45",45.7148402963734
"41",2026-10-03,2,2026-10-17,"wk inc flu hosp","quantile","0.5",49.750957449789
"41",2026-10-03,2,2026-10-17,"wk inc flu hosp","quantile","0.55",53.6121231915211
"41",2026-10-03,2,2026-10-17,"wk inc flu hosp","quantile","0.6",55.7435408919293
"41",2026-10-03,2,2026-10-17,"wk inc flu hosp","quantile","0.65",59.8199491374437
"41",2026-10-03,2,2026-10-17,"wk inc flu hosp","quantile","0.7",64.4422930530916
"41",2026-10-03,2,2026-10-17,"wk inc flu hosp","quantile","0.75",68.7881092146617
"41",2026-10-03,2,2026-10-17,"wk inc flu hosp","quantile","0.8",74.5982550096373
"41",2026-10-03,2,2026-10-17,"wk inc flu hosp","quantile","0.85",84.1115860209476
"41",2026-10-03,2,2026-10-17,"wk inc flu hosp","quantile","0.9",96.436129016869
"41",2026-10-03,2,2026-10-17,"wk inc flu hosp","quantile","0.95",124.769472409901
"41",2026-10-03,2,2026-10-17,"wk inc flu hosp","quantile","0.975",144.796158548671
"41",2026-10-03,2,2026-10-17,"wk inc flu hosp","quantile","0.99",177.889336283333
"41",2026-10-03,3,2026-10-24,"wk inc flu hosp","quantile","0.01",5.68700208670702
"41",2026-10-03,3,2026-10-24,"wk inc flu hosp","quantile","0.025",8.39209779954658
"41",2026-10-03,3,2026-10-24,"wk inc flu hosp","quantile","0.05",13.1530125797932
"41",2026-10-03,3,2026-10-24,"wk inc flu hosp","quantile","0.1",19.2573197236725
"41",2026-10-03,3,2026-10-24,"wk inc flu hosp","quantile","0.15",24.6896279538407
"41",2026-10-03,3,2026-10-24,"wk inc flu hosp","quantile","0.2",29.7684788615638
"41",2026-10-03,3,2026-10-24,"wk inc flu hosp","quantile","0.25",33.8747323882071
"41",2026-10-03,3,2026-10-24,"wk inc flu hosp","quantile","0.3",38.6103210232752
"41",2026-10-03,3,2026-10-24,"wk inc flu hosp","quantile","0.35",42.8865126265593
"41",2026-10-03,3,2026-10-24,"wk inc flu hosp","quantile","0.4",46.7601653593965
"41",2026-10-03,3,2026-10-24,"wk inc flu hosp","quantile","0.45",50.197548581095
"41",2026-10-03,3,2026-10-24,"wk inc flu hosp","quantile","0.5",55.6054041028176
"41",2026-10-03,3,2026-10-24,"wk inc flu hosp","quantile","0.55",60.471262389514
"41",2026-10-03,3,2026-10-24,"wk inc flu hosp","quantile","0.6",63.8864584197538
"41",2026-10-03,3,2026-10-24,"wk inc flu hosp","quantile","0.65",69.0763036520129
"41",2026-10-03,3,2026-10-24,"wk inc flu hosp","quantile","0.7",73.6206486899699
"41",2026-10-03,3,2026-10-24,"wk inc flu hosp","quantile","0.75",79.7295246928314
"41",2026-10-03,3,2026-10-24,"wk inc flu hosp","quantile","0.8",87.6191511339616
"41",2026-10-03,3,2026-10-24,"wk inc flu hosp","quantile","0.85",99.4494034391224
"41",2026-10-03,3,2026-10-24,"wk inc flu hosp","quantile","0.9",117.239880084873
"41",2026-10-03,3,2026-10-24,"wk inc flu hosp","quantile","0.95",148.587661163743
"41",2026-10-03,3,2026-10-24,"wk inc flu hosp","quantile","0.975",176.325046891729
"41",2026-10-03,3,2026-10-24,"wk inc flu hosp","quantile","0.99",216.453570892189
"42",2026-10-03,0,2026-10-03,"wk inc flu hosp","quantile","0.01",102.33914246997
"42",2026-10-03,0,2026-10-03,"wk inc flu hosp","quantile","0.025",112.267167573526
"42",2026-10-03,0,2026-10-03,"wk inc flu hosp","quantile","0.05",122.867986467198
"42",2026-10-03,0,2026-10-03,"wk inc flu hosp","quantile","0.1",134.87522578369
"42",2026-10-03,0,2026-10-03,"wk inc flu hosp","quantile","0.15",145.350353811073
"42",2026-10-03,0,2026-10-03,"wk inc flu hosp","quantile","0.2",152.606339158969
"42",2026-10-03,0,2026-10-03,"wk inc flu hosp","quantile","0.25",158.813448815231
"42",2026-10-03,0,2026-10-03,"wk inc flu hosp","quantile","0.3",163.462238462411
"42",2026-10-03,0,2026-10-03,"wk inc flu hosp","quantile","0.35",167.370545373449
"42",2026-10-03,0,2026-10-03,"wk inc flu hosp","quantile","0.4",172.539074551722
"42",2026-10-03,0,2026-10-03,"wk inc flu hosp","quantile","0.45",178.20332830923
"42",2026-10-03,0,2026-10-03,"wk inc flu hosp","quantile","0.5",183.128626306448
"42",2026-10-03,0,2026-10-03,"wk inc flu hosp","quantile","0.55",188.000326654002
"42",2026-10-03,0,2026-10-03,"wk inc flu hosp","quantile","0.6",193.059417828127
"42",2026-10-03,0,2026-10-03,"wk inc flu hosp","quantile","0.65",200.799151278937
"42",2026-10-03,0,2026-10-03,"wk inc flu hosp","quantile","0.7",208.030714157458
"42",2026-10-03,0,2026-10-03,"wk inc flu hosp","quantile","0.75",215.68656598595
"42",2026-10-03,0,2026-10-03,"wk inc flu hosp","quantile","0.8",224.922617877153
"42",2026-10-03,0,2026-10-03,"wk inc flu hosp","quantile","0.85",233.511579123071
"42",2026-10-03,0,2026-10-03,"wk inc flu hosp","quantile","0.9",248.343848423607
"42",2026-10-03,0,2026-10-03,"wk inc flu hosp","quantile","0.95",268.8638133988
"42",2026-10-03,0,2026-10-03,"wk inc flu hosp","quantile","0.975",299.97514557683
"42",2026-10-03,0,2026-10-03,"wk inc flu hosp","quantile","0.99",351.379502649283
"42",2026-10-03,1,2026-10-10,"wk inc flu hosp","quantile","0.01",85.9636521029259
"42",2026-10-03,1,2026-10-10,"wk inc flu hosp","quantile","0.025",98.79640437517
"42",2026-10-03,1,2026-10-10,"wk inc flu hosp","quantile","0.05",111.509947291172
"42",2026-10-03,1,2026-10-10,"wk inc flu hosp","quantile","0.1",127.896862055071
"42",2026-10-03,1,2026-10-10,"wk inc flu hosp","quantile","0.15",140.675669748165
"42",2026-10-03,1,2026-10-10,"wk inc flu hosp","quantile","0.2",150.498084448883
"42",2026-10-03,1,2026-10-10,"wk inc flu hosp","quantile","0.25",158.34163303878
"42",2026-10-03,1,2026-10-10,"wk inc flu hosp","quantile","0.3",166.581795108135
"42",2026-10-03,1,2026-10-10,"wk inc flu hosp","quantile","0.35",173.131943439145
"42",2026-10-03,1,2026-10-10,"wk inc flu hosp","quantile","0.4",180.824752205387
"42",2026-10-03,1,2026-10-10,"wk inc flu hosp","quantile","0.45",188.682191263689
"42",2026-10-03,1,2026-10-10,"wk inc flu hosp","quantile","0.5",195.781646304914
"42",2026-10-03,1,2026-10-10,"wk inc flu hosp","quantile","0.55",202.676532247096
"42",2026-10-03,1,2026-10-10,"wk inc flu hosp","quantile","0.6",210.722886486573
"42",2026-10-03,1,2026-10-10,"wk inc flu hosp","quantile","0.65",221.72102402429
"42",2026-10-03,1,2026-10-10,"wk inc flu hosp","quantile","0.7",234.754305779754
"42",2026-10-03,1,2026-10-10,"wk inc flu hosp","quantile","0.75",246.95897135239
"42",2026-10-03,1,2026-10-10,"wk inc flu hosp","quantile","0.8",262.526247839442
"42",2026-10-03,1,2026-10-10,"wk inc flu hosp","quantile","0.85",277.80485477077
"42",2026-10-03,1,2026-10-10,"wk inc flu hosp","quantile","0.9",299.451025456967
"42",2026-10-03,1,2026-10-10,"wk inc flu hosp","quantile","0.95",336.409120538112
"42",2026-10-03,1,2026-10-10,"wk inc flu hosp","quantile","0.975",388.726200778264
"42",2026-10-03,1,2026-10-10,"wk inc flu hosp","quantile","0.99",457.00284907788
"42",2026-10-03,2,2026-10-17,"wk inc flu hosp","quantile","0.01",75.6543104489573
"42",2026-10-03,2,2026-10-17,"wk inc flu hosp","quantile","0.025",88.6598806139573
"42",2026-10-03,2,2026-10-17,"wk inc flu hosp","quantile","0.05",103.226867532962
"42",2026-10-03,2,2026-10-17,"wk inc flu hosp","quantile","0.1",123.605925635353
"42",2026-10-03,2,2026-10-17,"wk inc flu hosp","quantile","0.15",138.783810869979
"42",2026-10-03,2,2026-10-17,"wk inc flu hosp","quantile","0.2",152.021759340585
"42",2026-10-03,2,2026-10-17,"wk inc flu hosp","quantile","0.25",162.177980464025
"42",2026-10-03,2,2026-10-17,"wk inc flu hosp","quantile","0.3",172.642089343093
"42",2026-10-03,2,2026-10-17,"wk inc flu hosp","quantile","0.35",180.891043029405
"42",2026-10-03,2,2026-10-17,"wk inc flu hosp","quantile","0.4",190.863427126985
"42",2026-10-03,2,2026-10-17,"wk inc flu hosp","quantile","0.45",201.395587936756
"42",2026-10-03,2,2026-10-17,"wk inc flu hosp","quantile","0.5",209.204523689871
"42",2026-10-03,2,2026-10-17,"wk inc flu hosp","quantile","0.55",220.431928005147
"42",2026-10-03,2,2026-10-17,"wk inc flu hosp","quantile","0.6",231.067061180453
"42",2026-10-03,2,2026-10-17,"wk inc flu hosp","quantile","0.65",241.920084111616
"42",2026-10-03,2,2026-10-17,"wk inc flu hosp","quantile","0.7",255.064978440175
"42",2026-10-03,2,2026-10-17,"wk inc flu hosp","quantile","0.75",274.448380308477
"42",2026-10-03,2,2026-10-17,"wk inc flu hosp","quantile","0.8",296.35379852236
"42",2026-10-03,2,2026-10-17,"wk inc flu hosp","quantile","0.85",320.926229230349
"42",2026-10-03,2,2026-10-17,"wk inc flu hosp","quantile","0.9",355.756335472765
"42",2026-10-03,2,2026-10-17,"wk inc flu hosp","quantile","0.95",416.797788390395
"42",2026-10-03,2,2026-10-17,"wk inc flu hosp","quantile","0.975",469.336846049324
"42",2026-10-03,2,2026-10-17,"wk inc flu hosp","quantile","0.99",562.733339947499
"42",2026-10-03,3,2026-10-24,"wk inc flu hosp","quantile","0.01",67.2476962972734
"42",2026-10-03,3,2026-10-24,"wk inc flu hosp","quantile","0.025",79.4859328059648
"42",2026-10-03,3,2026-10-24,"wk inc flu hosp","quantile","0.05",98.6029341965304
"42",2026-10-03,3,2026-10-24,"wk inc flu hosp","quantile","0.1",120.461697263925
"42",2026-10-03,3,2026-10-24,"wk inc flu hosp","quantile","0.15",139.84586575881
"42",2026-10-03,3,2026-10-24,"wk inc flu hosp","quantile","0.2",155.997760178792
"42",2026-10-03,3,2026-10-24,"wk inc flu hosp","quantile","0.25",167.456676955203
"42",2026-10-03,3,2026-10-24,"wk inc flu hosp","quantile","0.3",179.311147269634
"42",2026-10-03,3,2026-10-24,"wk inc flu hosp","quantile","0.35",190.066882819722
"42",2026-10-03,3,2026-10-24,"wk inc flu hosp","quantile","0.4",201.938081927142
"42",2026-10-03,3,2026-10-24,"wk inc flu hosp","quantile","0.45",215.746608489851
"42",2026-10-03,3,2026-10-24,"wk inc flu hosp","quantile","0.5",229.66407446494
"42",2026-10-03,3,2026-10-24,"wk inc flu hosp","quantile","0.55",243.988940170326
"42",2026-10-03,3,2026-10-24,"wk inc flu hosp","quantile","0.6",257.578034595384
"42",2026-10-03,3,2026-10-24,"wk inc flu hosp","quantile","0.65",272.453182127034
"42",2026-10-03,3,2026-10-24,"wk inc flu hosp","quantile","0.7",291.868600628258
"42",2026-10-03,3,2026-10-24,"wk inc flu hosp","quantile","0.75",314.094542034013
"42",2026-10-03,3,2026-10-24,"wk inc flu hosp","quantile","0.8",340.856487123305
"42",2026-10-03,3,2026-10-24,"wk inc flu hosp","quantile","0.85",374.693174958429
"42",2026-10-03,3,2026-10-24,"wk inc flu hosp","quantile","0.9",421.639259990446
"42",2026-10-03,3,2026-10-24,"wk inc flu hosp","quantile","0.95",487.304923609981
"42",2026-10-03,3,2026-10-24,"wk inc flu hosp","quantile","0.975",568.21162124295
"42",2026-10-03,3,2026-10-24,"wk inc flu hosp","quantile","0.99",710.385275317781
"44",2026-10-03,0,2026-10-03,"wk inc flu hosp","quantile","0.01",0
"44",2026-10-03,0,2026-10-03,"wk inc flu hosp","quantile","0.025",0
"44",2026-10-03,0,2026-10-03,"wk inc flu hosp","quantile","0.05",0
"44",2026-10-03,0,2026-10-03,"wk inc flu hosp","quantile","0.1",0.374697227215834
"44",2026-10-03,0,2026-10-03,"wk inc flu hosp","quantile","0.15",0.806251570457738
"44",2026-10-03,0,2026-10-03,"wk inc flu hosp","quantile","0.2",1.25699813039312
"44",2026-10-03,0,2026-10-03,"wk inc flu hosp","quantile","0.25",1.70204816487944
"44",2026-10-03,0,2026-10-03,"wk inc flu hosp","quantile","0.3",2.08192525318825
"44",2026-10-03,0,2026-10-03,"wk inc flu hosp","quantile","0.35",2.40062691739563
"44",2026-10-03,0,2026-10-03,"wk inc flu hosp","quantile","0.4",2.75386613256165
"44",2026-10-03,0,2026-10-03,"wk inc flu hosp","quantile","0.45",3.11372965622644
"44",2026-10-03,0,2026-10-03,"wk inc flu hosp","quantile","0.5",3.4240049058321
"44",2026-10-03,0,2026-10-03,"wk inc flu hosp","quantile","0.55",3.77209498697486
"44",2026-10-03,0,2026-10-03,"wk inc flu hosp","quantile","0.6",4.15769675992236
"44",2026-10-03,0,2026-10-03,"wk inc flu hosp","quantile","0.65",4.48254661121224
"44",2026-10-03,0,2026-10-03,"wk inc flu hosp","quantile","0.7",4.96432459056532
"44",2026-10-03,0,2026-10-03,"wk inc flu hosp","quantile","0.75",5.47025702851143
"44",2026-10-03,0,2026-10-03,"wk inc flu hosp","quantile","0.8",6.07342127901
"44",2026-10-03,0,2026-10-03,"wk inc flu hosp","quantile","0.85",6.81847981485071
"44",2026-10-03,0,2026-10-03,"wk inc flu hosp","quantile","0.9",7.62417604074201
"44",2026-10-03,0,2026-10-03,"wk inc flu hosp","quantile","0.95",9.56979052329809
"44",2026-10-03,0,2026-10-03,"wk inc flu hosp","quantile","0.975",11.60432001648
"44",2026-10-03,0,2026-10-03,"wk inc flu hosp","quantile","0.99",14.3025315364719
"44",2026-10-03,1,2026-10-10,"wk inc flu hosp","quantile","0.01",0
"44",2026-10-03,1,2026-10-10,"wk inc flu hosp","quantile","0.025",0
"44",2026-10-03,1,2026-10-10,"wk inc flu hosp","quantile","0.05",0.000364518744821741
"44",2026-10-03,1,2026-10-10,"wk inc flu hosp","quantile","0.1",0.0817069909451609
"44",2026-10-03,1,2026-10-10,"wk inc flu hosp","quantile","0.15",0.556072240540435
"44",2026-10-03,1,2026-10-10,"wk inc flu hosp","quantile","0.2",1.14186274117452
"44",2026-10-03,1,2026-10-10,"wk inc flu hosp","quantile","0.25",1.76884911082999
"44",2026-10-03,1,2026-10-10,"wk inc flu hosp","quantile","0.3",2.24581423315248
"44",2026-10-03,1,2026-10-10,"wk inc flu hosp","quantile","0.35",2.6964121236303
"44",2026-10-03,1,2026-10-10,"wk inc flu hosp","quantile","0.4",3.13310733175615
"44",2026-10-03,1,2026-10-10,"wk inc flu hosp","quantile","0.45",3.66093978600066
"44",2026-10-03,1,2026-10-10,"wk inc flu hosp","quantile","0.5",4.12569404264977
"44",2026-10-03,1,2026-10-10,"wk inc flu hosp","quantile","0.55",4.68129483591159
"44",2026-10-03,1,2026-10-10,"wk inc flu hosp","quantile","0.6",5.31512244405853
"44",2026-10-03,1,2026-10-10,"wk inc flu hosp","quantile","0.65",5.94097423232903
"44",2026-10-03,1,2026-10-10,"wk inc flu hosp","quantile","0.7",6.64524035262992
"44",2026-10-03,1,2026-10-10,"wk inc flu hosp","quantile","0.75",7.57743996325873
"44",2026-10-03,1,2026-10-10,"wk inc flu hosp","quantile","0.8",8.45232337054646
"44",2026-10-03,1,2026-10-10,"wk inc flu hosp","quantile","0.85",9.57156837843569
"44",2026-10-03,1,2026-10-10,"wk inc flu hosp","quantile","0.9",11.4124049372128
"44",2026-10-03,1,2026-10-10,"wk inc flu hosp","quantile","0.95",14.6307084596912
"44",2026-10-03,1,2026-10-10,"wk inc flu hosp","quantile","0.975",17.7436836042327
"44",2026-10-03,1,2026-10-10,"wk inc flu hosp","quantile","0.99",22.6937004629492
"44",2026-10-03,2,2026-10-17,"wk inc flu hosp","quantile","0.01",0
"44",2026-10-03,2,2026-10-17,"wk inc flu hosp","quantile","0.025",0
"44",2026-10-03,2,2026-10-17,"wk inc flu hosp","quantile","0.05",0.019823645231821
"44",2026-10-03,2,2026-10-17,"wk inc flu hosp","quantile","0.1",0.114170377705515
"44",2026-10-03,2,2026-10-17,"wk inc flu hosp","quantile","0.15",0.390905122649993
"44",2026-10-03,2,2026-10-17,"wk inc flu hosp","quantile","0.2",1.04857353122565
"44",2026-10-03,2,2026-10-17,"wk inc flu hosp","quantile","0.25",1.61847634352552
"44",2026-10-03,2,2026-10-17,"wk inc flu hosp","quantile","0.3",2.28336288762108
"44",2026-10-03,2,2026-10-17,"wk inc flu hosp","quantile","0.35",2.87371820281417
"44",2026-10-03,2,2026-10-17,"wk inc flu hosp","quantile","0.4",3.54506837201744
"44",2026-10-03,2,2026-10-17,"wk inc flu hosp","quantile","0.45",4.21843854499956
"44",2026-10-03,2,2026-10-17,"wk inc flu hosp","quantile","0.5",4.91158253779131
"44",2026-10-03,2,2026-10-17,"wk inc flu hosp","quantile","0.55",5.64354765885582
"44",2026-10-03,2,2026-10-17,"wk inc flu hosp","quantile","0.6",6.35782576729294
"44",2026-10-03,2,2026-10-17,"wk inc flu hosp","quantile","0.65",7.15018840138342
"44",2026-10-03,2,2026-10-17,"wk inc flu hosp","quantile","0.7",8.34899372515756
"44",2026-10-03,2,2026-10-17,"wk inc flu hosp","quantile","0.75",9.52771200001465
"44",2026-10-03,2,2026-10-17,"wk inc flu hosp","quantile","0.8",11.0200271061026
"44",2026-10-03,2,2026-10-17,"wk inc flu hosp","quantile","0.85",12.6891010663757
"44",2026-10-03,2,2026-10-17,"wk inc flu hosp","quantile","0.9",15.8692893153115
"44",2026-10-03,2,2026-10-17,"wk inc flu hosp","quantile","0.95",20.8987403741843
"44",2026-10-03,2,2026-10-17,"wk inc flu hosp","quantile","0.975",26.175510716336
"44",2026-10-03,2,2026-10-17,"wk inc flu hosp","quantile","0.99",33.6840957092344
"44",2026-10-03,3,2026-10-24,"wk inc flu hosp","quantile","0.01",0
"44",2026-10-03,3,2026-10-24,"wk inc flu hosp","quantile","0.025",0
"44",2026-10-03,3,2026-10-24,"wk inc flu hosp","quantile","0.05",0.019823645231821
"44",2026-10-03,3,2026-10-24,"wk inc flu hosp","quantile","0.1",0.145786186547961
"44",2026-10-03,3,2026-10-24,"wk inc flu hosp","quantile","0.15",0.331338355167128
"44",2026-10-03,3,2026-10-24,"wk inc flu hosp","quantile","0.2",0.969053079117079
"44",2026-10-03,3,2026-10-24,"wk inc flu hosp","quantile","0.25",1.7182446161706
"44",2026-10-03,3,2026-10-24,"wk inc flu hosp","quantile","0.3",2.44839917839113
"44",2026-10-03,3,2026-10-24,"wk inc flu hosp","quantile","0.35",3.1291141296986
"44",2026-10-03,3,2026-10-24,"wk inc flu hosp","quantile","0.4",3.9622408828269
"44",2026-10-03,3,2026-10-24,"wk inc flu hosp","quantile","0.45",4.734613937741
"44",2026-10-03,3,2026-10-24,"wk inc flu hosp","quantile","0.5",5.59430874313518
"44",2026-10-03,3,2026-10-24,"wk inc flu hosp","quantile","0.55",6.66850730782704
"44",2026-10-03,3,2026-10-24,"wk inc flu hosp","quantile","0.6",7.74175283648474
"44",2026-10-03,3,2026-10-24,"wk inc flu hosp","quantile","0.65",8.82292742372331
"44",2026-10-03,3,2026-10-24,"wk inc flu hosp","quantile","0.7",9.95570822208645
"44",2026-10-03,3,2026-10-24,"wk inc flu hosp","quantile","0.75",11.5263515040552
"44",2026-10-03,3,2026-10-24,"wk inc flu hosp","quantile","0.8",13.8179199172116
"44",2026-10-03,3,2026-10-24,"wk inc flu hosp","quantile","0.85",16.4654073770238
"44",2026-10-03,3,2026-10-24,"wk inc flu hosp","quantile","0.9",20.4745232281718
"44",2026-10-03,3,2026-10-24,"wk inc flu hosp","quantile","0.95",28.9494390471252
"44",2026-10-03,3,2026-10-24,"wk inc flu hosp","quantile","0.975",36.1170621771106
"44",2026-10-03,3,2026-10-24,"wk inc flu hosp","quantile","0.99",47.6639892016398
"45",2026-10-03,0,2026-10-03,"wk inc flu hosp","quantile","0.01",9.83483994218349
"45",2026-10-03,0,2026-10-03,"wk inc flu hosp","quantile","0.025",12.9236486174267
"45",2026-10-03,0,2026-10-03,"wk inc flu hosp","quantile","0.05",15.893642884974
"45",2026-10-03,0,2026-10-03,"wk inc flu hosp","quantile","0.1",19.1431488825081
"45",2026-10-03,0,2026-10-03,"wk inc flu hosp","quantile","0.15",21.4332996228359
"45",2026-10-03,0,2026-10-03,"wk inc flu hosp","quantile","0.2",24.1692653545069
"45",2026-10-03,0,2026-10-03,"wk inc flu hosp","quantile","0.25",26.5727210500024
"45",2026-10-03,0,2026-10-03,"wk inc flu hosp","quantile","0.3",28.79508213897
"45",2026-10-03,0,2026-10-03,"wk inc flu hosp","quantile","0.35",31.0341577749265
"45",2026-10-03,0,2026-10-03,"wk inc flu hosp","quantile","0.4",32.2894625271829
"45",2026-10-03,0,2026-10-03,"wk inc flu hosp","quantile","0.45",33.7801041763321
"45",2026-10-03,0,2026-10-03,"wk inc flu hosp","quantile","0.5",35.3343414018566
"45",2026-10-03,0,2026-10-03,"wk inc flu hosp","quantile","0.55",36.960933038238
"45",2026-10-03,0,2026-10-03,"wk inc flu hosp","quantile","0.6",38.6451600930094
"45",2026-10-03,0,2026-10-03,"wk inc flu hosp","quantile","0.65",40.0587868219387
"45",2026-10-03,0,2026-10-03,"wk inc flu hosp","quantile","0.7",42.4111941911209
"45",2026-10-03,0,2026-10-03,"wk inc flu hosp","quantile","0.75",44.5912092129767
"45",2026-10-03,0,2026-10-03,"wk inc flu hosp","quantile","0.8",47.3165763581193
"45",2026-10-03,0,2026-10-03,"wk inc flu hosp","quantile","0.85",50.9633955165465
"45",2026-10-03,0,2026-10-03,"wk inc flu hosp","quantile","0.9",55.274846940909
"45",2026-10-03,0,2026-10-03,"wk inc flu hosp","quantile","0.95",65.6318525555822
"45",2026-10-03,0,2026-10-03,"wk inc flu hosp","quantile","0.975",77.1303450024675
"45",2026-10-03,0,2026-10-03,"wk inc flu hosp","quantile","0.99",91.828847692078
"45",2026-10-03,1,2026-10-10,"wk inc flu hosp","quantile","0.01",5.98159709631018
"45",2026-10-03,1,2026-10-10,"wk inc flu hosp","quantile","0.025",9.26890998641127
"45",2026-10-03,1,2026-10-10,"wk inc flu hosp","quantile","0.05",12.5476428732751
"45",2026-10-03,1,2026-10-10,"wk inc flu hosp","quantile","0.1",17.3479053720889
"45",2026-10-03,1,2026-10-10,"wk inc flu hosp","quantile","0.15",20.9018472894754
"45",2026-10-03,1,2026-10-10,"wk inc flu hosp","quantile","0.2",24.7968910240356
"45",2026-10-03,1,2026-10-10,"wk inc flu hosp","quantile","0.25",28.3587611483684
"45",2026-10-03,1,2026-10-10,"wk inc flu hosp","quantile","0.3",31.492331781216
"45",2026-10-03,1,2026-10-10,"wk inc flu hosp","quantile","0.35",33.8380751216995
"45",2026-10-03,1,2026-10-10,"wk inc flu hosp","quantile","0.4",36.0496086757746
"45",2026-10-03,1,2026-10-10,"wk inc flu hosp","quantile","0.45",38.8955301348157
"45",2026-10-03,1,2026-10-10,"wk inc flu hosp","quantile","0.5",40.699251868094
"45",2026-10-03,1,2026-10-10,"wk inc flu hosp","quantile","0.55",43.136378784963
"45",2026-10-03,1,2026-10-10,"wk inc flu hosp","quantile","0.6",46.8159731739643
"45",2026-10-03,1,2026-10-10,"wk inc flu hosp","quantile","0.65",49.5000288136436
"45",2026-10-03,1,2026-10-10,"wk inc flu hosp","quantile","0.7",52.8945578425544
"45",2026-10-03,1,2026-10-10,"wk inc flu hosp","quantile","0.75",56.3731748486504
"45",2026-10-03,1,2026-10-10,"wk inc flu hosp","quantile","0.8",60.7680313123855
"45",2026-10-03,1,2026-10-10,"wk inc flu hosp","quantile","0.85",67.0804488147134
"45",2026-10-03,1,2026-10-10,"wk inc flu hosp","quantile","0.9",74.3895559683415
"45",2026-10-03,1,2026-10-10,"wk inc flu hosp","quantile","0.95",91.0388228908455
"45",2026-10-03,1,2026-10-10,"wk inc flu hosp","quantile","0.975",111.448212203703
"45",2026-10-03,1,2026-10-10,"wk inc flu hosp","quantile","0.99",138.086142917307
"45",2026-10-03,2,2026-10-17,"wk inc flu hosp","quantile","0.01",5.9315259280463
"45",2026-10-03,2,2026-10-17,"wk inc flu hosp","quantile","0.025",6.85059077519946
"45",2026-10-03,2,2026-10-17,"wk inc flu hosp","quantile","0.05",10.5256439737874
"45",2026-10-03,2,2026-10-17,"wk inc flu hosp","quantile","0.1",15.8141974387235
"45",2026-10-03,2,2026-10-17,"wk inc flu hosp","quantile","0.15",20.1637048506352
"45",2026-10-03,2,2026-10-17,"wk inc flu hosp","quantile","0.2",24.5875727597549
"45",2026-10-03,2,2026-10-17,"wk inc flu hosp","quantile","0.25",29.0620552851952
"45",2026-10-03,2,2026-10-17,"wk inc flu hosp","quantile","0.3",33.783551314064
"45",2026-10-03,2,2026-10-17,"wk inc flu hosp","quantile","0.35",37.0634076104562
"45",2026-10-03,2,2026-10-17,"wk inc flu hosp","quantile","0.4",40.3226523094915
"45",2026-10-03,2,2026-10-17,"wk inc flu hosp","quantile","0.45",43.8266915348383
"45",2026-10-03,2,2026-10-17,"wk inc flu hosp","quantile","0.5",47.1432285263257
"45",2026-10-03,2,2026-10-17,"wk inc flu hosp","quantile","0.55",50.5509483411159
"45",2026-10-03,2,2026-10-17,"wk inc flu hosp","quantile","0.6",55.079178731752
"45",2026-10-03,2,2026-10-17,"wk inc flu hosp","quantile","0.65",59.5848748784477
"45",2026-10-03,2,2026-10-17,"wk inc flu hosp","quantile","0.7",64.4190249938243
"45",2026-10-03,2,2026-10-17,"wk inc flu hosp","quantile","0.75",69.3510424574272
"45",2026-10-03,2,2026-10-17,"wk inc flu hosp","quantile","0.8",76.3465280327996
"45",2026-10-03,2,2026-10-17,"wk inc flu hosp","quantile","0.85",85.9487289196238
"45",2026-10-03,2,2026-10-17,"wk inc flu hosp","quantile","0.9",100.077159385168
"45",2026-10-03,2,2026-10-17,"wk inc flu hosp","quantile","0.95",127.942200654865
"45",2026-10-03,2,2026-10-17,"wk inc flu hosp","quantile","0.975",156.717414206977
"45",2026-10-03,2,2026-10-17,"wk inc flu hosp","quantile","0.99",198.152063043226
"45",2026-10-03,3,2026-10-24,"wk inc flu hosp","quantile","0.01",5.9315259280463
"45",2026-10-03,3,2026-10-24,"wk inc flu hosp","quantile","0.025",6.78497474125195
"45",2026-10-03,3,2026-10-24,"wk inc flu hosp","quantile","0.05",9.25375598720773
"45",2026-10-03,3,2026-10-24,"wk inc flu hosp","quantile","0.1",15.5137718901946
"45",2026-10-03,3,2026-10-24,"wk inc flu hosp","quantile","0.15",20.8958876376737
"45",2026-10-03,3,2026-10-24,"wk inc flu hosp","quantile","0.2",25.8643281882096
"45",2026-10-03,3,2026-10-24,"wk inc flu hosp","quantile","0.25",31.0712232795642
"45",2026-10-03,3,2026-10-24,"wk inc flu hosp","quantile","0.3",36.0109231320739
"45",2026-10-03,3,2026-10-24,"wk inc flu hosp","quantile","0.35",40.1902425457223
"45",2026-10-03,3,2026-10-24,"wk inc flu hosp","quantile","0.4",44.1984133022348
"45",2026-10-03,3,2026-10-24,"wk inc flu hosp","quantile","0.45",49.0316297859664
"45",2026-10-03,3,2026-10-24,"wk inc flu hosp","quantile","0.5",53.8356568828453
"45",2026-10-03,3,2026-10-24,"wk inc flu hosp","quantile","0.55",59.3704571377271
"45",2026-10-03,3,2026-10-24,"wk inc flu hosp","quantile","0.6",64.8509601051161
"45",2026-10-03,3,2026-10-24,"wk inc flu hosp","quantile","0.65",71.0454477555518
"45",2026-10-03,3,2026-10-24,"wk inc flu hosp","quantile","0.7",77.4010367525162
"45",2026-10-03,3,2026-10-24,"wk inc flu hosp","quantile","0.75",83.7570428450126
"45",2026-10-03,3,2026-10-24,"wk inc flu hosp","quantile","0.8",94.0591642171432
"45",2026-10-03,3,2026-10-24,"wk inc flu hosp","quantile","0.85",106.063016728643
"45",2026-10-03,3,2026-10-24,"wk inc flu hosp","quantile","0.9",129.250390073573
"45",2026-10-03,3,2026-10-24,"wk inc flu hosp","quantile","0.95",166.862413300596
"45",2026-10-03,3,2026-10-24,"wk inc flu hosp","quantile","0.975",203.293110820644
"45",2026-10-03,3,2026-10-24,"wk inc flu hosp","quantile","0.99",243.865082177844
"46",2026-10-03,0,2026-10-03,"wk inc flu hosp","quantile","0.01",0
"46",2026-10-03,0,2026-10-03,"wk inc flu hosp","quantile","0.025",0
"46",2026-10-03,0,2026-10-03,"wk inc flu hosp","quantile","0.05",0.136073233463367
"46",2026-10-03,0,2026-10-03,"wk inc flu hosp","quantile","0.1",0.35517421535701
"46",2026-10-03,0,2026-10-03,"wk inc flu hosp","quantile","0.15",0.4368577081623
"46",2026-10-03,0,2026-10-03,"wk inc flu hosp","quantile","0.2",0.51822655960414
"46",2026-10-03,0,2026-10-03,"wk inc flu hosp","quantile","0.25",0.597378687531128
"46",2026-10-03,0,2026-10-03,"wk inc flu hosp","quantile","0.3",0.621862807759365
"46",2026-10-03,0,2026-10-03,"wk inc flu hosp","quantile","0.35",0.775390712450562
"46",2026-10-03,0,2026-10-03,"wk inc flu hosp","quantile","0.4",1.03332619225449
"46",2026-10-03,0,2026-10-03,"wk inc flu hosp","quantile","0.45",1.28294224426606
"46",2026-10-03,0,2026-10-03,"wk inc flu hosp","quantile","0.5",1.49546240589595
"46",2026-10-03,0,2026-10-03,"wk inc flu hosp","quantile","0.55",1.78802956136174
"46",2026-10-03,0,2026-10-03,"wk inc flu hosp","quantile","0.6",2.05670791795588
"46",2026-10-03,0,2026-10-03,"wk inc flu hosp","quantile","0.65",2.31230231778747
"46",2026-10-03,0,2026-10-03,"wk inc flu hosp","quantile","0.7",2.67225318852618
"46",2026-10-03,0,2026-10-03,"wk inc flu hosp","quantile","0.75",3.13427683190526
"46",2026-10-03,0,2026-10-03,"wk inc flu hosp","quantile","0.8",3.60395274996228
"46",2026-10-03,0,2026-10-03,"wk inc flu hosp","quantile","0.85",4.13681048282903
"46",2026-10-03,0,2026-10-03,"wk inc flu hosp","quantile","0.9",4.63269410244705
"46",2026-10-03,0,2026-10-03,"wk inc flu hosp","quantile","0.95",5.89124099349363
"46",2026-10-03,0,2026-10-03,"wk inc flu hosp","quantile","0.975",7.25888331413102
"46",2026-10-03,0,2026-10-03,"wk inc flu hosp","quantile","0.99",9.93800211229409
"46",2026-10-03,1,2026-10-10,"wk inc flu hosp","quantile","0.01",0
"46",2026-10-03,1,2026-10-10,"wk inc flu hosp","quantile","0.025",0
"46",2026-10-03,1,2026-10-10,"wk inc flu hosp","quantile","0.05",0.141660654858211
"46",2026-10-03,1,2026-10-10,"wk inc flu hosp","quantile","0.1",0.369116836988459
"46",2026-10-03,1,2026-10-10,"wk inc flu hosp","quantile","0.15",0.44624918386048
"46",2026-10-03,1,2026-10-10,"wk inc flu hosp","quantile","0.2",0.529809345195053
"46",2026-10-03,1,2026-10-10,"wk inc flu hosp","quantile","0.25",0.630182078333287
"46",2026-10-03,1,2026-10-10,"wk inc flu hosp","quantile","0.3",0.671042009404978
"46",2026-10-03,1,2026-10-10,"wk inc flu hosp","quantile","0.35",0.827557557183202
"46",2026-10-03,1,2026-10-10,"wk inc flu hosp","quantile","0.4",0.996550298952699
"46",2026-10-03,1,2026-10-10,"wk inc flu hosp","quantile","0.45",1.31559082143967
"46",2026-10-03,1,2026-10-10,"wk inc flu hosp","quantile","0.5",1.61495237645968
"46",2026-10-03,1,2026-10-10,"wk inc flu hosp","quantile","0.55",2.02880061386382
"46",2026-10-03,1,2026-10-10,"wk inc flu hosp","quantile","0.6",2.37707240847767
"46",2026-10-03,1,2026-10-10,"wk inc flu hosp","quantile","0.65",2.81959263021531
"46",2026-10-03,1,2026-10-10,"wk inc flu hosp","quantile","0.7",3.42266973277413
"46",2026-10-03,1,2026-10-10,"wk inc flu hosp","quantile","0.75",4.14339561639184
"46",2026-10-03,1,2026-10-10,"wk inc flu hosp","quantile","0.8",4.84891290642587
"46",2026-10-03,1,2026-10-10,"wk inc flu hosp","quantile","0.85",5.82392846350009
"46",2026-10-03,1,2026-10-10,"wk inc flu hosp","quantile","0.9",7.04304975621975
"46",2026-10-03,1,2026-10-10,"wk inc flu hosp","quantile","0.95",8.79506124851146
"46",2026-10-03,1,2026-10-10,"wk inc flu hosp","quantile","0.975",11.1193358540878
"46",2026-10-03,1,2026-10-10,"wk inc flu hosp","quantile","0.99",15.5805614164654
"46",2026-10-03,2,2026-10-17,"wk inc flu hosp","quantile","0.01",0
"46",2026-10-03,2,2026-10-17,"wk inc flu hosp","quantile","0.025",0
"46",2026-10-03,2,2026-10-17,"wk inc flu hosp","quantile","0.05",0.151322590847848
"46",2026-10-03,2,2026-10-17,"wk inc flu hosp","quantile","0.1",0.383210716133161
"46",2026-10-03,2,2026-10-17,"wk inc flu hosp","quantile","0.15",0.466605846499031
"46",2026-10-03,2,2026-10-17,"wk inc flu hosp","quantile","0.2",0.567109336928202
"46",2026-10-03,2,2026-10-17,"wk inc flu hosp","quantile","0.25",0.674991904673872
"46",2026-10-03,2,2026-10-17,"wk inc flu hosp","quantile","0.3",0.720229869133565
"46",2026-10-03,2,2026-10-17,"wk inc flu hosp","quantile","0.35",0.880437520817128
"46",2026-10-03,2,2026-10-17,"wk inc flu hosp","quantile","0.4",1.08023581268179
"46",2026-10-03,2,2026-10-17,"wk inc flu hosp","quantile","0.45",1.49323457447819
"46",2026-10-03,2,2026-10-17,"wk inc flu hosp","quantile","0.5",1.91358650366184
"46",2026-10-03,2,2026-10-17,"wk inc flu hosp","quantile","0.55",2.41909608687387
"46",2026-10-03,2,2026-10-17,"wk inc flu hosp","quantile","0.6",2.84273659465552
"46",2026-10-03,2,2026-10-17,"wk inc flu hosp","quantile","0.65",3.55400994118998
"46",2026-10-03,2,2026-10-17,"wk inc flu hosp","quantile","0.7",4.19333179339482
"46",2026-10-03,2,2026-10-17,"wk inc flu hosp","quantile","0.75",5.14080169040522
"46",2026-10-03,2,2026-10-17,"wk inc flu hosp","quantile","0.8",6.24955600083146
"46",2026-10-03,2,2026-10-17,"wk inc flu hosp","quantile","0.85",7.68500919741257
"46",2026-10-03,2,2026-10-17,"wk inc flu hosp","quantile","0.9",10.1106901252901
"46",2026-10-03,2,2026-10-17,"wk inc flu hosp","quantile","0.95",13.4955367084284
"46",2026-10-03,2,2026-10-17,"wk inc flu hosp","quantile","0.975",17.4670064284675
"46",2026-10-03,2,2026-10-17,"wk inc flu hosp","quantile","0.99",24.3225873726438
"46",2026-10-03,3,2026-10-24,"wk inc flu hosp","quantile","0.01",0
"46",2026-10-03,3,2026-10-24,"wk inc flu hosp","quantile","0.025",0
"46",2026-10-03,3,2026-10-24,"wk inc flu hosp","quantile","0.05",0.151519078182627
"46",2026-10-03,3,2026-10-24,"wk inc flu hosp","quantile","0.1",0.40683866068131
"46",2026-10-03,3,2026-10-24,"wk inc flu hosp","quantile","0.15",0.501850383622574
"46",2026-10-03,3,2026-10-24,"wk inc flu hosp","quantile","0.2",0.6066798554494
"46",2026-10-03,3,2026-10-24,"wk inc flu hosp","quantile","0.25",0.701716104504732
"46",2026-10-03,3,2026-10-24,"wk inc flu hosp","quantile","0.3",0.761319748106904
"46",2026-10-03,3,2026-10-24,"wk inc flu hosp","quantile","0.35",0.941316986908214
"46",2026-10-03,3,2026-10-24,"wk inc flu hosp","quantile","0.4",1.28306104266702
"46",2026-10-03,3,2026-10-24,"wk inc flu hosp","quantile","0.45",1.73941664356581
"46",2026-10-03,3,2026-10-24,"wk inc flu hosp","quantile","0.5",2.31013754925616
"46",2026-10-03,3,2026-10-24,"wk inc flu hosp","quantile","0.55",2.90956683752183
"46",2026-10-03,3,2026-10-24,"wk inc flu hosp","quantile","0.6",3.48717891383992
"46",2026-10-03,3,2026-10-24,"wk inc flu hosp","quantile","0.65",4.16503081022337
"46",2026-10-03,3,2026-10-24,"wk inc flu hosp","quantile","0.7",5.02466996450637
"46",2026-10-03,3,2026-10-24,"wk inc flu hosp","quantile","0.75",6.29102230269286
"46",2026-10-03,3,2026-10-24,"wk inc flu hosp","quantile","0.8",7.81193075776888
"46",2026-10-03,3,2026-10-24,"wk inc flu hosp","quantile","0.85",9.76696165799864
"46",2026-10-03,3,2026-10-24,"wk inc flu hosp","quantile","0.9",12.8840633761993
"46",2026-10-03,3,2026-10-24,"wk inc flu hosp","quantile","0.95",19.4404022808445
"46",2026-10-03,3,2026-10-24,"wk inc flu hosp","quantile","0.975",26.5393484233746
"46",2026-10-03,3,2026-10-24,"wk inc flu hosp","quantile","0.99",37.2547877740107
"47",2026-10-03,0,2026-10-03,"wk inc flu hosp","quantile","0.01",29.9109172775258
"47",2026-10-03,0,2026-10-03,"wk inc flu hosp","quantile","0.025",33.7652441589554
"47",2026-10-03,0,2026-10-03,"wk inc flu hosp","quantile","0.05",39.3585370220166
"47",2026-10-03,0,2026-10-03,"wk inc flu hosp","quantile","0.1",45.2838866722503
"47",2026-10-03,0,2026-10-03,"wk inc flu hosp","quantile","0.15",49.9588094538485
"47",2026-10-03,0,2026-10-03,"wk inc flu hosp","quantile","0.2",54.7981113633717
"47",2026-10-03,0,2026-10-03,"wk inc flu hosp","quantile","0.25",57.6917613459109
"47",2026-10-03,0,2026-10-03,"wk inc flu hosp","quantile","0.3",61.0630985754842
"47",2026-10-03,0,2026-10-03,"wk inc flu hosp","quantile","0.35",64.0114326530758
"47",2026-10-03,0,2026-10-03,"wk inc flu hosp","quantile","0.4",67.030474332532
"47",2026-10-03,0,2026-10-03,"wk inc flu hosp","quantile","0.45",69.7011950043936
"47",2026-10-03,0,2026-10-03,"wk inc flu hosp","quantile","0.5",72.1273343203315
"47",2026-10-03,0,2026-10-03,"wk inc flu hosp","quantile","0.55",74.2544131383557
"47",2026-10-03,0,2026-10-03,"wk inc flu hosp","quantile","0.6",77.0242423513279
"47",2026-10-03,0,2026-10-03,"wk inc flu hosp","quantile","0.65",78.8713939875736
"47",2026-10-03,0,2026-10-03,"wk inc flu hosp","quantile","0.7",82.4894922100013
"47",2026-10-03,0,2026-10-03,"wk inc flu hosp","quantile","0.75",85.8060647487025
"47",2026-10-03,0,2026-10-03,"wk inc flu hosp","quantile","0.8",90.5481724472657
"47",2026-10-03,0,2026-10-03,"wk inc flu hosp","quantile","0.85",95.6896019023637
"47",2026-10-03,0,2026-10-03,"wk inc flu hosp","quantile","0.9",101.682198760592
"47",2026-10-03,0,2026-10-03,"wk inc flu hosp","quantile","0.95",115.508609312599
"47",2026-10-03,0,2026-10-03,"wk inc flu hosp","quantile","0.975",130.476803619543
"47",2026-10-03,0,2026-10-03,"wk inc flu hosp","quantile","0.99",153.09285564457
"47",2026-10-03,1,2026-10-10,"wk inc flu hosp","quantile","0.01",22.5545769953199
"47",2026-10-03,1,2026-10-10,"wk inc flu hosp","quantile","0.025",27.9443083306912
"47",2026-10-03,1,2026-10-10,"wk inc flu hosp","quantile","0.05",34.249366024269
"47",2026-10-03,1,2026-10-10,"wk inc flu hosp","quantile","0.1",41.3638168197227
"47",2026-10-03,1,2026-10-10,"wk inc flu hosp","quantile","0.15",47.9459835303307
"47",2026-10-03,1,2026-10-10,"wk inc flu hosp","quantile","0.2",55.2175233500313
"47",2026-10-03,1,2026-10-10,"wk inc flu hosp","quantile","0.25",60.640406317315
"47",2026-10-03,1,2026-10-10,"wk inc flu hosp","quantile","0.3",66.2524381591946
"47",2026-10-03,1,2026-10-10,"wk inc flu hosp","quantile","0.35",69.0224992068175
"47",2026-10-03,1,2026-10-10,"wk inc flu hosp","quantile","0.4",73.7631043253436
"47",2026-10-03,1,2026-10-10,"wk inc flu hosp","quantile","0.45",76.6325080044853
"47",2026-10-03,1,2026-10-10,"wk inc flu hosp","quantile","0.5",80.4454289810856
"47",2026-10-03,1,2026-10-10,"wk inc flu hosp","quantile","0.55",83.4496388038232
"47",2026-10-03,1,2026-10-10,"wk inc flu hosp","quantile","0.6",88.5243527650024
"47",2026-10-03,1,2026-10-10,"wk inc flu hosp","quantile","0.65",92.7013534449393
"47",2026-10-03,1,2026-10-10,"wk inc flu hosp","quantile","0.7",97.2929880923304
"47",2026-10-03,1,2026-10-10,"wk inc flu hosp","quantile","0.75",103.629783873032
"47",2026-10-03,1,2026-10-10,"wk inc flu hosp","quantile","0.8",110.767926890353
"47",2026-10-03,1,2026-10-10,"wk inc flu hosp","quantile","0.85",119.394840650219
"47",2026-10-03,1,2026-10-10,"wk inc flu hosp","quantile","0.9",129.042894817139
"47",2026-10-03,1,2026-10-10,"wk inc flu hosp","quantile","0.95",149.497360511088
"47",2026-10-03,1,2026-10-10,"wk inc flu hosp","quantile","0.975",177.050684254777
"47",2026-10-03,1,2026-10-10,"wk inc flu hosp","quantile","0.99",211.339980094213
"47",2026-10-03,2,2026-10-17,"wk inc flu hosp","quantile","0.01",16.7307579992989
"47",2026-10-03,2,2026-10-17,"wk inc flu hosp","quantile","0.025",22.200895589384
"47",2026-10-03,2,2026-10-17,"wk inc flu hosp","quantile","0.05",30.504674427817
"47",2026-10-03,2,2026-10-17,"wk inc flu hosp","quantile","0.1",38.9983165400817
"47",2026-10-03,2,2026-10-17,"wk inc flu hosp","quantile","0.15",46.9012675298354
"47",2026-10-03,2,2026-10-17,"wk inc flu hosp","quantile","0.2",55.4539094287542
"47",2026-10-03,2,2026-10-17,"wk inc flu hosp","quantile","0.25",63.0430511165886
"47",2026-10-03,2,2026-10-17,"wk inc flu hosp","quantile","0.3",69.4323543936115
"47",2026-10-03,2,2026-10-17,"wk inc flu hosp","quantile","0.35",74.1115605392172
"47",2026-10-03,2,2026-10-17,"wk inc flu hosp","quantile","0.4",79.5886178061112
"47",2026-10-03,2,2026-10-17,"wk inc flu hosp","quantile","0.45",84.5454867272931
"47",2026-10-03,2,2026-10-17,"wk inc flu hosp","quantile","0.5",89.192625181396
"47",2026-10-03,2,2026-10-17,"wk inc flu hosp","quantile","0.55",93.7124083947969
"47",2026-10-03,2,2026-10-17,"wk inc flu hosp","quantile","0.6",99.4214808491906
"47",2026-10-03,2,2026-10-17,"wk inc flu hosp","quantile","0.65",104.88678086968
"47",2026-10-03,2,2026-10-17,"wk inc flu hosp","quantile","0.7",112.495998268077
"47",2026-10-03,2,2026-10-17,"wk inc flu hosp","quantile","0.75",121.857908592558
"47",2026-10-03,2,2026-10-17,"wk inc flu hosp","quantile","0.8",132.106532157385
"47",2026-10-03,2,2026-10-17,"wk inc flu hosp","quantile","0.85",144.999810304087
"47",2026-10-03,2,2026-10-17,"wk inc flu hosp","quantile","0.9",163.448752306888
"47",2026-10-03,2,2026-10-17,"wk inc flu hosp","quantile","0.95",201.5053460842
"47",2026-10-03,2,2026-10-17,"wk inc flu hosp","quantile","0.975",236.350130882431
"47",2026-10-03,2,2026-10-17,"wk inc flu hosp","quantile","0.99",284.129161504134
"47",2026-10-03,3,2026-10-24,"wk inc flu hosp","quantile","0.01",16.5153785068577
"47",2026-10-03,3,2026-10-24,"wk inc flu hosp","quantile","0.025",19.2988827986878
"47",2026-10-03,3,2026-10-24,"wk inc flu hosp","quantile","0.05",27.3286651616995
"47",2026-10-03,3,2026-10-24,"wk inc flu hosp","quantile","0.1",37.4897693993105
"47",2026-10-03,3,2026-10-24,"wk inc flu hosp","quantile","0.15",46.6387237667581
"47",2026-10-03,3,2026-10-24,"wk inc flu hosp","quantile","0.2",56.0219140052951
"47",2026-10-03,3,2026-10-24,"wk inc flu hosp","quantile","0.25",64.6324671850334
"47",2026-10-03,3,2026-10-24,"wk inc flu hosp","quantile","0.3",72.1901040662728
"47",2026-10-03,3,2026-10-24,"wk inc flu hosp","quantile","0.35",78.4181429209734
"47",2026-10-03,3,2026-10-24,"wk inc flu hosp","quantile","0.4",84.923405079166
"47",2026-10-03,3,2026-10-24,"wk inc flu hosp","quantile","0.45",91.2991569222847
"47",2026-10-03,3,2026-10-24,"wk inc flu hosp","quantile","0.5",99.2764606519267
"47",2026-10-03,3,2026-10-24,"wk inc flu hosp","quantile","0.55",106.739887868255
"47",2026-10-03,3,2026-10-24,"wk inc flu hosp","quantile","0.6",113.331676651194
"47",2026-10-03,3,2026-10-24,"wk inc flu hosp","quantile","0.65",122.413026025492
"47",2026-10-03,3,2026-10-24,"wk inc flu hosp","quantile","0.7",131.319874996062
"47",2026-10-03,3,2026-10-24,"wk inc flu hosp","quantile","0.75",139.606387762273
"47",2026-10-03,3,2026-10-24,"wk inc flu hosp","quantile","0.8",152.930470695951
"47",2026-10-03,3,2026-10-24,"wk inc flu hosp","quantile","0.85",168.483574816736
"47",2026-10-03,3,2026-10-24,"wk inc flu hosp","quantile","0.9",193.819786773584
"47",2026-10-03,3,2026-10-24,"wk inc flu hosp","quantile","0.95",249.953136258595
"47",2026-10-03,3,2026-10-24,"wk inc flu hosp","quantile","0.975",296.686424260696
"47",2026-10-03,3,2026-10-24,"wk inc flu hosp","quantile","0.99",365.837810884931
"48",2026-10-03,0,2026-10-03,"wk inc flu hosp","quantile","0.01",156.539920633701
"48",2026-10-03,0,2026-10-03,"wk inc flu hosp","quantile","0.025",168.688646235053
"48",2026-10-03,0,2026-10-03,"wk inc flu hosp","quantile","0.05",182.519622542506
"48",2026-10-03,0,2026-10-03,"wk inc flu hosp","quantile","0.1",203.12937097068
"48",2026-10-03,0,2026-10-03,"wk inc flu hosp","quantile","0.15",215.972765055391
"48",2026-10-03,0,2026-10-03,"wk inc flu hosp","quantile","0.2",231.197280627583
"48",2026-10-03,0,2026-10-03,"wk inc flu hosp","quantile","0.25",238.456892022637
"48",2026-10-03,0,2026-10-03,"wk inc flu hosp","quantile","0.3",245.184767990613
"48",2026-10-03,0,2026-10-03,"wk inc flu hosp","quantile","0.35",255.154883883252
"48",2026-10-03,0,2026-10-03,"wk inc flu hosp","quantile","0.4",264.419750994254
"48",2026-10-03,0,2026-10-03,"wk inc flu hosp","quantile","0.45",271.429106690283
"48",2026-10-03,0,2026-10-03,"wk inc flu hosp","quantile","0.5",278.395071226068
"48",2026-10-03,0,2026-10-03,"wk inc flu hosp","quantile","0.55",283.885223381145
"48",2026-10-03,0,2026-10-03,"wk inc flu hosp","quantile","0.6",291.487837784276
"48",2026-10-03,0,2026-10-03,"wk inc flu hosp","quantile","0.65",298.923608139813
"48",2026-10-03,0,2026-10-03,"wk inc flu hosp","quantile","0.7",305.657217866305
"48",2026-10-03,0,2026-10-03,"wk inc flu hosp","quantile","0.75",319.679978008015
"48",2026-10-03,0,2026-10-03,"wk inc flu hosp","quantile","0.8",334.260220496187
"48",2026-10-03,0,2026-10-03,"wk inc flu hosp","quantile","0.85",349.028069352759
"48",2026-10-03,0,2026-10-03,"wk inc flu hosp","quantile","0.9",369.209227090434
"48",2026-10-03,0,2026-10-03,"wk inc flu hosp","quantile","0.95",406.255796875024
"48",2026-10-03,0,2026-10-03,"wk inc flu hosp","quantile","0.975",440.979589484002
"48",2026-10-03,0,2026-10-03,"wk inc flu hosp","quantile","0.99",504.095810312042
"48",2026-10-03,1,2026-10-10,"wk inc flu hosp","quantile","0.01",131.790911916388
"48",2026-10-03,1,2026-10-10,"wk inc flu hosp","quantile","0.025",154.002500444807
"48",2026-10-03,1,2026-10-10,"wk inc flu hosp","quantile","0.05",175.359232759512
"48",2026-10-03,1,2026-10-10,"wk inc flu hosp","quantile","0.1",202.634756122212
"48",2026-10-03,1,2026-10-10,"wk inc flu hosp","quantile","0.15",219.34013826401
"48",2026-10-03,1,2026-10-10,"wk inc flu hosp","quantile","0.2",241.391340607351
"48",2026-10-03,1,2026-10-10,"wk inc flu hosp","quantile","0.25",256.130642466279
"48",2026-10-03,1,2026-10-10,"wk inc flu hosp","quantile","0.3",270.530420225076
"48",2026-10-03,1,2026-10-10,"wk inc flu hosp","quantile","0.35",280.126913777263
"48",2026-10-03,1,2026-10-10,"wk inc flu hosp","quantile","0.4",294.47683056866
"48",2026-10-03,1,2026-10-10,"wk inc flu hosp","quantile","0.45",302.13809468467
"48",2026-10-03,1,2026-10-10,"wk inc flu hosp","quantile","0.5",309.932045438268
"48",2026-10-03,1,2026-10-10,"wk inc flu hosp","quantile","0.55",319.492860567382
"48",2026-10-03,1,2026-10-10,"wk inc flu hosp","quantile","0.6",336.793113785348
"48",2026-10-03,1,2026-10-10,"wk inc flu hosp","quantile","0.65",350.86460330114
"48",2026-10-03,1,2026-10-10,"wk inc flu hosp","quantile","0.7",364.076969202363
"48",2026-10-03,1,2026-10-10,"wk inc flu hosp","quantile","0.75",384.503525752925
"48",2026-10-03,1,2026-10-10,"wk inc flu hosp","quantile","0.8",408.995398192636
"48",2026-10-03,1,2026-10-10,"wk inc flu hosp","quantile","0.85",428.941880963684
"48",2026-10-03,1,2026-10-10,"wk inc flu hosp","quantile","0.9",459.971594689534
"48",2026-10-03,1,2026-10-10,"wk inc flu hosp","quantile","0.95",516.051890411937
"48",2026-10-03,1,2026-10-10,"wk inc flu hosp","quantile","0.975",570.652606097109
"48",2026-10-03,1,2026-10-10,"wk inc flu hosp","quantile","0.99",652.788906776644
"48",2026-10-03,2,2026-10-17,"wk inc flu hosp","quantile","0.01",113.216292733741
"48",2026-10-03,2,2026-10-17,"wk inc flu hosp","quantile","0.025",139.095467329459
"48",2026-10-03,2,2026-10-17,"wk inc flu hosp","quantile","0.05",165.2152390787
"48",2026-10-03,2,2026-10-17,"wk inc flu hosp","quantile","0.1",203.336114710596
"48",2026-10-03,2,2026-10-17,"wk inc flu hosp","quantile","0.15",221.717091697682
"48",2026-10-03,2,2026-10-17,"wk inc flu hosp","quantile","0.2",249.211356343414
"48",2026-10-03,2,2026-10-17,"wk inc flu hosp","quantile","0.25",265.945880076383
"48",2026-10-03,2,2026-10-17,"wk inc flu hosp","quantile","0.3",285.495431484221
"48",2026-10-03,2,2026-10-17,"wk inc flu hosp","quantile","0.35",298.789763660509
"48",2026-10-03,2,2026-10-17,"wk inc flu hosp","quantile","0.4",315.802166713271
"48",2026-10-03,2,2026-10-17,"wk inc flu hosp","quantile","0.45",329.388522379865
"48",2026-10-03,2,2026-10-17,"wk inc flu hosp","quantile","0.5",342.473193090787
"48",2026-10-03,2,2026-10-17,"wk inc flu hosp","quantile","0.55",356.610856795066
"48",2026-10-03,2,2026-10-17,"wk inc flu hosp","quantile","0.6",372.532773405536
"48",2026-10-03,2,2026-10-17,"wk inc flu hosp","quantile","0.65",389.418423816349
"48",2026-10-03,2,2026-10-17,"wk inc flu hosp","quantile","0.7",412.325576727422
"48",2026-10-03,2,2026-10-17,"wk inc flu hosp","quantile","0.75",435.026126162197
"48",2026-10-03,2,2026-10-17,"wk inc flu hosp","quantile","0.8",467.47329540311
"48",2026-10-03,2,2026-10-17,"wk inc flu hosp","quantile","0.85",498.923137247025
"48",2026-10-03,2,2026-10-17,"wk inc flu hosp","quantile","0.9",550.216344050296
"48",2026-10-03,2,2026-10-17,"wk inc flu hosp","quantile","0.95",647.203220869232
"48",2026-10-03,2,2026-10-17,"wk inc flu hosp","quantile","0.975",717.537205095769
"48",2026-10-03,2,2026-10-17,"wk inc flu hosp","quantile","0.99",822.111932993565
"48",2026-10-03,3,2026-10-24,"wk inc flu hosp","quantile","0.01",104.45329270538
"48",2026-10-03,3,2026-10-24,"wk inc flu hosp","quantile","0.025",134.217273021148
"48",2026-10-03,3,2026-10-24,"wk inc flu hosp","quantile","0.05",159.551219520396
"48",2026-10-03,3,2026-10-24,"wk inc flu hosp","quantile","0.1",197.190642197521
"48",2026-10-03,3,2026-10-24,"wk inc flu hosp","quantile","0.15",226.379616105886
"48",2026-10-03,3,2026-10-24,"wk inc flu hosp","quantile","0.2",257.661902332125
"48",2026-10-03,3,2026-10-24,"wk inc flu hosp","quantile","0.25",281.15906531351
"48",2026-10-03,3,2026-10-24,"wk inc flu hosp","quantile","0.3",302.748223306546
"48",2026-10-03,3,2026-10-24,"wk inc flu hosp","quantile","0.35",323.389738765326
"48",2026-10-03,3,2026-10-24,"wk inc flu hosp","quantile","0.4",342.817266865813
"48",2026-10-03,3,2026-10-24,"wk inc flu hosp","quantile","0.45",359.958252307895
"48",2026-10-03,3,2026-10-24,"wk inc flu hosp","quantile","0.5",382.726114981871
"48",2026-10-03,3,2026-10-24,"wk inc flu hosp","quantile","0.55",398.068800689219
"48",2026-10-03,3,2026-10-24,"wk inc flu hosp","quantile","0.6",416.681566645827
"48",2026-10-03,3,2026-10-24,"wk inc flu hosp","quantile","0.65",441.493525215214
"48",2026-10-03,3,2026-10-24,"wk inc flu hosp","quantile","0.7",465.475697080593
"48",2026-10-03,3,2026-10-24,"wk inc flu hosp","quantile","0.75",495.204767482699
"48",2026-10-03,3,2026-10-24,"wk inc flu hosp","quantile","0.8",534.685756318383
"48",2026-10-03,3,2026-10-24,"wk inc flu hosp","quantile","0.85",577.956304826167
"48",2026-10-03,3,2026-10-24,"wk inc flu hosp","quantile","0.9",639.893791915692
"48",2026-10-03,3,2026-10-24,"wk inc flu hosp","quantile","0.95",778.53181671586
"48",2026-10-03,3,2026-10-24,"wk inc flu hosp","quantile","0.975",879.995036368856
"48",2026-10-03,3,2026-10-24,"wk inc flu hosp","quantile","0.99",1007.40142076279
"49",2026-10-03,0,2026-10-03,"wk inc flu hosp","quantile","0.01",4.12868896125715
"49",2026-10-03,0,2026-10-03,"wk inc flu hosp","quantile","0.025",6.59082719612584
"49",2026-10-03,0,2026-10-03,"wk inc flu hosp","quantile","0.05",8.3873901046244
"49",2026-10-03,0,2026-10-03,"wk inc flu hosp","quantile","0.1",9.86243149319779
"49",2026-10-03,0,2026-10-03,"wk inc flu hosp","quantile","0.15",11.4480047297873
"49",2026-10-03,0,2026-10-03,"wk inc flu hosp","quantile","0.2",12.877521061542
"49",2026-10-03,0,2026-10-03,"wk inc flu hosp","quantile","0.25",14.1255947345978
"49",2026-10-03,0,2026-10-03,"wk inc flu hosp","quantile","0.3",15.6735498774865
"49",2026-10-03,0,2026-10-03,"wk inc flu hosp","quantile","0.35",16.6562443616341
"49",2026-10-03,0,2026-10-03,"wk inc flu hosp","quantile","0.4",17.8746967640437
"49",2026-10-03,0,2026-10-03,"wk inc flu hosp","quantile","0.45",18.7168076774492
"49",2026-10-03,0,2026-10-03,"wk inc flu hosp","quantile","0.5",19.8397247765248
"49",2026-10-03,0,2026-10-03,"wk inc flu hosp","quantile","0.55",20.8324041009003
"49",2026-10-03,0,2026-10-03,"wk inc flu hosp","quantile","0.6",21.83715530882
"49",2026-10-03,0,2026-10-03,"wk inc flu hosp","quantile","0.65",22.8428465974999
"49",2026-10-03,0,2026-10-03,"wk inc flu hosp","quantile","0.7",23.9547359206894
"49",2026-10-03,0,2026-10-03,"wk inc flu hosp","quantile","0.75",25.4862674248704
"49",2026-10-03,0,2026-10-03,"wk inc flu hosp","quantile","0.8",27.1602713636818
"49",2026-10-03,0,2026-10-03,"wk inc flu hosp","quantile","0.85",29.0845837002991
"49",2026-10-03,0,2026-10-03,"wk inc flu hosp","quantile","0.9",31.3841621848703
"49",2026-10-03,0,2026-10-03,"wk inc flu hosp","quantile","0.95",36.3035337459003
"49",2026-10-03,0,2026-10-03,"wk inc flu hosp","quantile","0.975",41.0956088796365
"49",2026-10-03,0,2026-10-03,"wk inc flu hosp","quantile","0.99",48.6151603266303
"49",2026-10-03,1,2026-10-10,"wk inc flu hosp","quantile","0.01",2.0617831515006
"49",2026-10-03,1,2026-10-10,"wk inc flu hosp","quantile","0.025",3.75731154097022
"49",2026-10-03,1,2026-10-10,"wk inc flu hosp","quantile","0.05",6.16999704265331
"49",2026-10-03,1,2026-10-10,"wk inc flu hosp","quantile","0.1",8.10169545119156
"49",2026-10-03,1,2026-10-10,"wk inc flu hosp","quantile","0.15",10.3737759951842
"49",2026-10-03,1,2026-10-10,"wk inc flu hosp","quantile","0.2",12.1780799585447
"49",2026-10-03,1,2026-10-10,"wk inc flu hosp","quantile","0.25",13.6798106721606
"49",2026-10-03,1,2026-10-10,"wk inc flu hosp","quantile","0.3",15.7592847998
"49",2026-10-03,1,2026-10-10,"wk inc flu hosp","quantile","0.35",17.1573432865598
"49",2026-10-03,1,2026-10-10,"wk inc flu hosp","quantile","0.4",18.7645889784464
"49",2026-10-03,1,2026-10-10,"wk inc flu hosp","quantile","0.45",20.1050273976868
"49",2026-10-03,1,2026-10-10,"wk inc flu hosp","quantile","0.5",21.0829193556745
"49",2026-10-03,1,2026-10-10,"wk inc flu hosp","quantile","0.55",22.6032554954946
"49",2026-10-03,1,2026-10-10,"wk inc flu hosp","quantile","0.6",24.4188091934924
"49",2026-10-03,1,2026-10-10,"wk inc flu hosp","quantile","0.65",25.8580397108726
"49",2026-10-03,1,2026-10-10,"wk inc flu hosp","quantile","0.7",27.5596746578158
"49",2026-10-03,1,2026-10-10,"wk inc flu hosp","quantile","0.75",29.9000942423632
"49",2026-10-03,1,2026-10-10,"wk inc flu hosp","quantile","0.8",32.4504134043482
"49",2026-10-03,1,2026-10-10,"wk inc flu hosp","quantile","0.85",35.8347494670561
"49",2026-10-03,1,2026-10-10,"wk inc flu hosp","quantile","0.9",39.8168785854211
"49",2026-10-03,1,2026-10-10,"wk inc flu hosp","quantile","0.95",46.335402701527
"49",2026-10-03,1,2026-10-10,"wk inc flu hosp","quantile","0.975",55.4804087855926
"49",2026-10-03,1,2026-10-10,"wk inc flu hosp","quantile","0.99",63.3757519866111
"49",2026-10-03,2,2026-10-17,"wk inc flu hosp","quantile","0.01",1.87771242759564
"49",2026-10-03,2,2026-10-17,"wk inc flu hosp","quantile","0.025",3.46765073430605
"49",2026-10-03,2,2026-10-17,"wk inc flu hosp","quantile","0.05",4.83500474482943
"49",2026-10-03,2,2026-10-17,"wk inc flu hosp","quantile","0.1",7.47392294840883
"49",2026-10-03,2,2026-10-17,"wk inc flu hosp","quantile","0.15",9.46384512710869
"49",2026-10-03,2,2026-10-17,"wk inc flu hosp","quantile","0.2",11.3968820412459
"49",2026-10-03,2,2026-10-17,"wk inc flu hosp","quantile","0.25",13.5078869696803
"49",2026-10-03,2,2026-10-17,"wk inc flu hosp","quantile","0.3",15.7013754512743
"49",2026-10-03,2,2026-10-17,"wk inc flu hosp","quantile","0.35",17.1633222792978
"49",2026-10-03,2,2026-10-17,"wk inc flu hosp","quantile","0.4",19.1473113438102
"49",2026-10-03,2,2026-10-17,"wk inc flu hosp","quantile","0.45",20.8453451923519
"49",2026-10-03,2,2026-10-17,"wk inc flu hosp","quantile","0.5",22.0364803012499
"49",2026-10-03,2,2026-10-17,"wk inc flu hosp","quantile","0.55",23.969502610022
"49",2026-10-03,2,2026-10-17,"wk inc flu hosp","quantile","0.6",25.5119904913203
"49",2026-10-03,2,2026-10-17,"wk inc flu hosp","quantile","0.65",27.8938057670428
"49",2026-10-03,2,2026-10-17,"wk inc flu hosp","quantile","0.7",30.415247819231
"49",2026-10-03,2,2026-10-17,"wk inc flu hosp","quantile","0.75",33.2494435455698
"49",2026-10-03,2,2026-10-17,"wk inc flu hosp","quantile","0.8",36.9832839288378
"49",2026-10-03,2,2026-10-17,"wk inc flu hosp","quantile","0.85",41.564843430511
"49",2026-10-03,2,2026-10-17,"wk inc flu hosp","quantile","0.9",48.4327174398386
"49",2026-10-03,2,2026-10-17,"wk inc flu hosp","quantile","0.95",60.2088487642481
"49",2026-10-03,2,2026-10-17,"wk inc flu hosp","quantile","0.975",72.7895245212399
"49",2026-10-03,2,2026-10-17,"wk inc flu hosp","quantile","0.99",84.3761408689949
"49",2026-10-03,3,2026-10-24,"wk inc flu hosp","quantile","0.01",1.94646036960387
"49",2026-10-03,3,2026-10-24,"wk inc flu hosp","quantile","0.025",3.47189948130212
"49",2026-10-03,3,2026-10-24,"wk inc flu hosp","quantile","0.05",4.76020811929928
"49",2026-10-03,3,2026-10-24,"wk inc flu hosp","quantile","0.1",6.22239956122892
"49",2026-10-03,3,2026-10-24,"wk inc flu hosp","quantile","0.15",8.49929911473517
"49",2026-10-03,3,2026-10-24,"wk inc flu hosp","quantile","0.2",10.7303407814029
"49",2026-10-03,3,2026-10-24,"wk inc flu hosp","quantile","0.25",12.8556251418337
"49",2026-10-03,3,2026-10-24,"wk inc flu hosp","quantile","0.3",15.5157286328548
"49",2026-10-03,3,2026-10-24,"wk inc flu hosp","quantile","0.35",17.5699117594567
"49",2026-10-03,3,2026-10-24,"wk inc flu hosp","quantile","0.4",19.7524975855126
"49",2026-10-03,3,2026-10-24,"wk inc flu hosp","quantile","0.45",22.2513851956527
"49",2026-10-03,3,2026-10-24,"wk inc flu hosp","quantile","0.5",24.275854899158
"49",2026-10-03,3,2026-10-24,"wk inc flu hosp","quantile","0.55",26.4716635962229
"49",2026-10-03,3,2026-10-24,"wk inc flu hosp","quantile","0.6",28.4246038409654
"49",2026-10-03,3,2026-10-24,"wk inc flu hosp","quantile","0.65",31.0310081811045
"49",2026-10-03,3,2026-10-24,"wk inc flu hosp","quantile","0.7",33.4809189246933
"49",2026-10-03,3,2026-10-24,"wk inc flu hosp","quantile","0.75",36.906770971086
"49",2026-10-03,3,2026-10-24,"wk inc flu hosp","quantile","0.8",41.0834379596277
"49",2026-10-03,3,2026-10-24,"wk inc flu hosp","quantile","0.85",47.4577846307079
"49",2026-10-03,3,2026-10-24,"wk inc flu hosp","quantile","0.9",55.425215614525
"49",2026-10-03,3,2026-10-24,"wk inc flu hosp","quantile","0.95",72.0149993964074
"49",2026-10-03,3,2026-10-24,"wk inc flu hosp","quantile","0.975",89.2946001954491
"49",2026-10-03,3,2026-10-24,"wk inc flu hosp","quantile","0.99",106.239152173918
"50",2026-10-03,0,2026-10-03,"wk inc flu hosp","quantile","0.01",0.0442393100254584
"50",2026-10-03,0,2026-10-03,"wk inc flu hosp","quantile","0.025",0.144205775741322
"50",2026-10-03,0,2026-10-03,"wk inc flu hosp","quantile","0.05",0.438682309009441
"50",2026-10-03,0,2026-10-03,"wk inc flu hosp","quantile","0.1",0.829379209161083
"50",2026-10-03,0,2026-10-03,"wk inc flu hosp","quantile","0.15",1.15911973538102
"50",2026-10-03,0,2026-10-03,"wk inc flu hosp","quantile","0.2",1.45619120020851
"50",2026-10-03,0,2026-10-03,"wk inc flu hosp","quantile","0.25",1.74435764151631
"50",2026-10-03,0,2026-10-03,"wk inc flu hosp","quantile","0.3",2.0032733879447
"50",2026-10-03,0,2026-10-03,"wk inc flu hosp","quantile","0.35",2.29596211403765
"50",2026-10-03,0,2026-10-03,"wk inc flu hosp","quantile","0.4",2.59555251957313
"50",2026-10-03,0,2026-10-03,"wk inc flu hosp","quantile","0.45",2.9342405850735
"50",2026-10-03,0,2026-10-03,"wk inc flu hosp","quantile","0.5",3.24199920763946
"50",2026-10-03,0,2026-10-03,"wk inc flu hosp","quantile","0.55",3.4746519272588
"50",2026-10-03,0,2026-10-03,"wk inc flu hosp","quantile","0.6",3.75306705253773
"50",2026-10-03,0,2026-10-03,"wk inc flu hosp","quantile","0.65",4.10032204910807
"50",2026-10-03,0,2026-10-03,"wk inc flu hosp","quantile","0.7",4.45528844357809
"50",2026-10-03,0,2026-10-03,"wk inc flu hosp","quantile","0.75",4.83563406464089
"50",2026-10-03,0,2026-10-03,"wk inc flu hosp","quantile","0.8",5.33900909649498
"50",2026-10-03,0,2026-10-03,"wk inc flu hosp","quantile","0.85",5.82166886144743
"50",2026-10-03,0,2026-10-03,"wk inc flu hosp","quantile","0.9",6.50703121951715
"50",2026-10-03,0,2026-10-03,"wk inc flu hosp","quantile","0.95",8.08160742196127
"50",2026-10-03,0,2026-10-03,"wk inc flu hosp","quantile","0.975",9.77650330382525
"50",2026-10-03,0,2026-10-03,"wk inc flu hosp","quantile","0.99",12.2689161272011
"50",2026-10-03,1,2026-10-10,"wk inc flu hosp","quantile","0.01",0.0297911640799771
"50",2026-10-03,1,2026-10-10,"wk inc flu hosp","quantile","0.025",0.146434463749871
"50",2026-10-03,1,2026-10-10,"wk inc flu hosp","quantile","0.05",0.234972552087642
"50",2026-10-03,1,2026-10-10,"wk inc flu hosp","quantile","0.1",0.511455923302248
"50",2026-10-03,1,2026-10-10,"wk inc flu hosp","quantile","0.15",0.908292256540462
"50",2026-10-03,1,2026-10-10,"wk inc flu hosp","quantile","0.2",1.25032680406284
"50",2026-10-03,1,2026-10-10,"wk inc flu hosp","quantile","0.25",1.58876745199209
"50",2026-10-03,1,2026-10-10,"wk inc flu hosp","quantile","0.3",1.99099033502099
"50",2026-10-03,1,2026-10-10,"wk inc flu hosp","quantile","0.35",2.46108309995237
"50",2026-10-03,1,2026-10-10,"wk inc flu hosp","quantile","0.4",2.84072625337428
"50",2026-10-03,1,2026-10-10,"wk inc flu hosp","quantile","0.45",3.32362641752169
"50",2026-10-03,1,2026-10-10,"wk inc flu hosp","quantile","0.5",3.74131406034604
"50",2026-10-03,1,2026-10-10,"wk inc flu hosp","quantile","0.55",4.16475196206453
"50",2026-10-03,1,2026-10-10,"wk inc flu hosp","quantile","0.6",4.68991296541637
"50",2026-10-03,1,2026-10-10,"wk inc flu hosp","quantile","0.65",5.15461143501055
"50",2026-10-03,1,2026-10-10,"wk inc flu hosp","quantile","0.7",5.73889355529491
"50",2026-10-03,1,2026-10-10,"wk inc flu hosp","quantile","0.75",6.38011337972687
"50",2026-10-03,1,2026-10-10,"wk inc flu hosp","quantile","0.8",7.20031479341514
"50",2026-10-03,1,2026-10-10,"wk inc flu hosp","quantile","0.85",8.16389468511047
"50",2026-10-03,1,2026-10-10,"wk inc flu hosp","quantile","0.9",9.53397804071751
"50",2026-10-03,1,2026-10-10,"wk inc flu hosp","quantile","0.95",12.3593200704326
"50",2026-10-03,1,2026-10-10,"wk inc flu hosp","quantile","0.975",15.1445982509417
"50",2026-10-03,1,2026-10-10,"wk inc flu hosp","quantile","0.99",19.4964677008991
"50",2026-10-03,2,2026-10-17,"wk inc flu hosp","quantile","0.01",0.0263000811632679
"50",2026-10-03,2,2026-10-17,"wk inc flu hosp","quantile","0.025",0.144908909340711
"50",2026-10-03,2,2026-10-17,"wk inc flu hosp","quantile","0.05",0.235756431794549
"50",2026-10-03,2,2026-10-17,"wk inc flu hosp","quantile","0.1",0.33382364107919
"50",2026-10-03,2,2026-10-17,"wk inc flu hosp","quantile","0.15",0.776542876553542
"50",2026-10-03,2,2026-10-17,"wk inc flu hosp","quantile","0.2",1.17063982760358
"50",2026-10-03,2,2026-10-17,"wk inc flu hosp","quantile","0.25",1.60091488565305
"50",2026-10-03,2,2026-10-17,"wk inc flu hosp","quantile","0.3",2.02851473889375
"50",2026-10-03,2,2026-10-17,"wk inc flu hosp","quantile","0.35",2.55900294554162
"50",2026-10-03,2,2026-10-17,"wk inc flu hosp","quantile","0.4",3.10271758721092
"50",2026-10-03,2,2026-10-17,"wk inc flu hosp","quantile","0.45",3.72722284924834
"50",2026-10-03,2,2026-10-17,"wk inc flu hosp","quantile","0.5",4.34864964956879
"50",2026-10-03,2,2026-10-17,"wk inc flu hosp","quantile","0.55",4.92928974499434
"50",2026-10-03,2,2026-10-17,"wk inc flu hosp","quantile","0.6",5.51495316363887
"50",2026-10-03,2,2026-10-17,"wk inc flu hosp","quantile","0.65",6.13804526967674
"50",2026-10-03,2,2026-10-17,"wk inc flu hosp","quantile","0.7",7.09701141341025
"50",2026-10-03,2,2026-10-17,"wk inc flu hosp","quantile","0.75",8.03715675103113
"50",2026-10-03,2,2026-10-17,"wk inc flu hosp","quantile","0.8",9.2879411354522
"50",2026-10-03,2,2026-10-17,"wk inc flu hosp","quantile","0.85",11.0038576406447
"50",2026-10-03,2,2026-10-17,"wk inc flu hosp","quantile","0.9",13.3900001050235
"50",2026-10-03,2,2026-10-17,"wk inc flu hosp","quantile","0.95",17.7538671070832
"50",2026-10-03,2,2026-10-17,"wk inc flu hosp","quantile","0.975",22.3588500151444
"50",2026-10-03,2,2026-10-17,"wk inc flu hosp","quantile","0.99",29.5239957328545
"50",2026-10-03,3,2026-10-24,"wk inc flu hosp","quantile","0.01",0.0276400169189564
"50",2026-10-03,3,2026-10-24,"wk inc flu hosp","quantile","0.025",0.145404819890625
"50",2026-10-03,3,2026-10-24,"wk inc flu hosp","quantile","0.05",0.237761198593105
"50",2026-10-03,3,2026-10-24,"wk inc flu hosp","quantile","0.1",0.347459150583747
"50",2026-10-03,3,2026-10-24,"wk inc flu hosp","quantile","0.15",0.670725230755829
"50",2026-10-03,3,2026-10-24,"wk inc flu hosp","quantile","0.2",1.15173086465385
"50",2026-10-03,3,2026-10-24,"wk inc flu hosp","quantile","0.25",1.6474886979265
"50",2026-10-03,3,2026-10-24,"wk inc flu hosp","quantile","0.3",2.10384160936606
"50",2026-10-03,3,2026-10-24,"wk inc flu hosp","quantile","0.35",2.8134723201612
"50",2026-10-03,3,2026-10-24,"wk inc flu hosp","quantile","0.4",3.46079522180524
"50",2026-10-03,3,2026-10-24,"wk inc flu hosp","quantile","0.45",4.26138640612601
"50",2026-10-03,3,2026-10-24,"wk inc flu hosp","quantile","0.5",4.99675898944219
"50",2026-10-03,3,2026-10-24,"wk inc flu hosp","quantile","0.55",5.71957534025491
"50",2026-10-03,3,2026-10-24,"wk inc flu hosp","quantile","0.6",6.60359634261212
"50",2026-10-03,3,2026-10-24,"wk inc flu hosp","quantile","0.65",7.50828728731755
"50",2026-10-03,3,2026-10-24,"wk inc flu hosp","quantile","0.7",8.5958382654166
"50",2026-10-03,3,2026-10-24,"wk inc flu hosp","quantile","0.75",9.91685538336477
"50",2026-10-03,3,2026-10-24,"wk inc flu hosp","quantile","0.8",11.4379674068625
"50",2026-10-03,3,2026-10-24,"wk inc flu hosp","quantile","0.85",14.1186622950241
"50",2026-10-03,3,2026-10-24,"wk inc flu hosp","quantile","0.9",17.5201025089015
"50",2026-10-03,3,2026-10-24,"wk inc flu hosp","quantile","0.95",23.8016400374688
"50",2026-10-03,3,2026-10-24,"wk inc flu hosp","quantile","0.975",31.7253504931067
"50",2026-10-03,3,2026-10-24,"wk inc flu hosp","quantile","0.99",42.4457114837478
"51",2026-10-03,0,2026-10-03,"wk inc flu hosp","quantile","0.01",12.255999506633
"51",2026-10-03,0,2026-10-03,"wk inc flu hosp","quantile","0.025",15.7116002679652
"51",2026-10-03,0,2026-10-03,"wk inc flu hosp","quantile","0.05",18.640281898135
"51",2026-10-03,0,2026-10-03,"wk inc flu hosp","quantile","0.1",22.891919792542
"51",2026-10-03,0,2026-10-03,"wk inc flu hosp","quantile","0.15",25.6233490344642
"51",2026-10-03,0,2026-10-03,"wk inc flu hosp","quantile","0.2",28.2618475956403
"51",2026-10-03,0,2026-10-03,"wk inc flu hosp","quantile","0.25",30.361427733097
"51",2026-10-03,0,2026-10-03,"wk inc flu hosp","quantile","0.3",32.5688806673903
"51",2026-10-03,0,2026-10-03,"wk inc flu hosp","quantile","0.35",34.901743132884
"51",2026-10-03,0,2026-10-03,"wk inc flu hosp","quantile","0.4",36.825735518875
"51",2026-10-03,0,2026-10-03,"wk inc flu hosp","quantile","0.45",38.4714911398028
"51",2026-10-03,0,2026-10-03,"wk inc flu hosp","quantile","0.5",40.240931142082
"51",2026-10-03,0,2026-10-03,"wk inc flu hosp","quantile","0.55",42.4342464755923
"51",2026-10-03,0,2026-10-03,"wk inc flu hosp","quantile","0.6",44.5991230015441
"51",2026-10-03,0,2026-10-03,"wk inc flu hosp","quantile","0.65",46.5482137697891
"51",2026-10-03,0,2026-10-03,"wk inc flu hosp","quantile","0.7",49.039382531241
"51",2026-10-03,0,2026-10-03,"wk inc flu hosp","quantile","0.75",51.3731199200633
"51",2026-10-03,0,2026-10-03,"wk inc flu hosp","quantile","0.8",53.6995237121713
"51",2026-10-03,0,2026-10-03,"wk inc flu hosp","quantile","0.85",57.5131293344867
"51",2026-10-03,0,2026-10-03,"wk inc flu hosp","quantile","0.9",62.5212175787867
"51",2026-10-03,0,2026-10-03,"wk inc flu hosp","quantile","0.95",71.9514248801446
"51",2026-10-03,0,2026-10-03,"wk inc flu hosp","quantile","0.975",82.1092545043692
"51",2026-10-03,0,2026-10-03,"wk inc flu hosp","quantile","0.99",102.283912943415
"51",2026-10-03,1,2026-10-10,"wk inc flu hosp","quantile","0.01",8.15076613916065
"51",2026-10-03,1,2026-10-10,"wk inc flu hosp","quantile","0.025",12.0458847251268
"51",2026-10-03,1,2026-10-10,"wk inc flu hosp","quantile","0.05",16.2470481572048
"51",2026-10-03,1,2026-10-10,"wk inc flu hosp","quantile","0.1",21.9350177607386
"51",2026-10-03,1,2026-10-10,"wk inc flu hosp","quantile","0.15",25.4345534820589
"51",2026-10-03,1,2026-10-10,"wk inc flu hosp","quantile","0.2",29.0166117870767
"51",2026-10-03,1,2026-10-10,"wk inc flu hosp","quantile","0.25",31.9297798607941
"51",2026-10-03,1,2026-10-10,"wk inc flu hosp","quantile","0.3",35.0679018186012
"51",2026-10-03,1,2026-10-10,"wk inc flu hosp","quantile","0.35",37.5323825570737
"51",2026-10-03,1,2026-10-10,"wk inc flu hosp","quantile","0.4",40.2396406451309
"51",2026-10-03,1,2026-10-10,"wk inc flu hosp","quantile","0.45",43.363284969807
"51",2026-10-03,1,2026-10-10,"wk inc flu hosp","quantile","0.5",46.0233149744062
"51",2026-10-03,1,2026-10-10,"wk inc flu hosp","quantile","0.55",49.8308934651306
"51",2026-10-03,1,2026-10-10,"wk inc flu hosp","quantile","0.6",53.4292201900816
"51",2026-10-03,1,2026-10-10,"wk inc flu hosp","quantile","0.65",56.6071387673258
"51",2026-10-03,1,2026-10-10,"wk inc flu hosp","quantile","0.7",60.363891683087
"51",2026-10-03,1,2026-10-10,"wk inc flu hosp","quantile","0.75",65.1950223109499
"51",2026-10-03,1,2026-10-10,"wk inc flu hosp","quantile","0.8",69.6706434538587
"51",2026-10-03,1,2026-10-10,"wk inc flu hosp","quantile","0.85",76.2530559289414
"51",2026-10-03,1,2026-10-10,"wk inc flu hosp","quantile","0.9",84.8566697679523
"51",2026-10-03,1,2026-10-10,"wk inc flu hosp","quantile","0.95",100.741776748902
"51",2026-10-03,1,2026-10-10,"wk inc flu hosp","quantile","0.975",117.301810167023
"51",2026-10-03,1,2026-10-10,"wk inc flu hosp","quantile","0.99",153.329497176354
"51",2026-10-03,2,2026-10-17,"wk inc flu hosp","quantile","0.01",8.11080035701839
"51",2026-10-03,2,2026-10-17,"wk inc flu hosp","quantile","0.025",9.34402754918072
"51",2026-10-03,2,2026-10-17,"wk inc flu hosp","quantile","0.05",13.5797915844751
"51",2026-10-03,2,2026-10-17,"wk inc flu hosp","quantile","0.1",19.7616712842255
"51",2026-10-03,2,2026-10-17,"wk inc flu hosp","quantile","0.15",25.0815343849552
"51",2026-10-03,2,2026-10-17,"wk inc flu hosp","quantile","0.2",29.265804860626
"51",2026-10-03,2,2026-10-17,"wk inc flu hosp","quantile","0.25",33.1830153221257
"51",2026-10-03,2,2026-10-17,"wk inc flu hosp","quantile","0.3",36.8872525515317
"51",2026-10-03,2,2026-10-17,"wk inc flu hosp","quantile","0.35",40.5848184836604
"51",2026-10-03,2,2026-10-17,"wk inc flu hosp","quantile","0.4",44.9360477388637
"51",2026-10-03,2,2026-10-17,"wk inc flu hosp","quantile","0.45",48.9533332451941
"51",2026-10-03,2,2026-10-17,"wk inc flu hosp","quantile","0.5",53.0532446457925
"51",2026-10-03,2,2026-10-17,"wk inc flu hosp","quantile","0.55",56.9897746201817
"51",2026-10-03,2,2026-10-17,"wk inc flu hosp","quantile","0.6",61.112641235462
"51",2026-10-03,2,2026-10-17,"wk inc flu hosp","quantile","0.65",65.6766471165937
"51",2026-10-03,2,2026-10-17,"wk inc flu hosp","quantile","0.7",71.2279312026413
"51",2026-10-03,2,2026-10-17,"wk inc flu hosp","quantile","0.75",78.7904798964381
"51",2026-10-03,2,2026-10-17,"wk inc flu hosp","quantile","0.8",86.264605240236
"51",2026-10-03,2,2026-10-17,"wk inc flu hosp","quantile","0.85",95.8724037187652
"51",2026-10-03,2,2026-10-17,"wk inc flu hosp","quantile","0.9",109.821131827741
"51",2026-10-03,2,2026-10-17,"wk inc flu hosp","quantile","0.95",137.184508607044
"51",2026-10-03,2,2026-10-17,"wk inc flu hosp","quantile","0.975",158.308050268737
"51",2026-10-03,2,2026-10-17,"wk inc flu hosp","quantile","0.99",203.331071852137
"51",2026-10-03,3,2026-10-24,"wk inc flu hosp","quantile","0.01",8.08743764112137
"51",2026-10-03,3,2026-10-24,"wk inc flu hosp","quantile","0.025",8.99204285410836
"51",2026-10-03,3,2026-10-24,"wk inc flu hosp","quantile","0.05",11.8824999921446
"51",2026-10-03,3,2026-10-24,"wk inc flu hosp","quantile","0.1",18.9353467084263
"51",2026-10-03,3,2026-10-24,"wk inc flu hosp","quantile","0.15",24.3147103415608
"51",2026-10-03,3,2026-10-24,"wk inc flu hosp","quantile","0.2",29.8342050060176
"51",2026-10-03,3,2026-10-24,"wk inc flu hosp","quantile","0.25",35.105804958184
"51",2026-10-03,3,2026-10-24,"wk inc flu hosp","quantile","0.3",39.0920869830533
"51",2026-10-03,3,2026-10-24,"wk inc flu hosp","quantile","0.35",44.4868719892642
"51",2026-10-03,3,2026-10-24,"wk inc flu hosp","quantile","0.4",49.5199107987023
"51",2026-10-03,3,2026-10-24,"wk inc flu hosp","quantile","0.45",55.5776314109536
"51",2026-10-03,3,2026-10-24,"wk inc flu hosp","quantile","0.5",61.1691077339931
"51",2026-10-03,3,2026-10-24,"wk inc flu hosp","quantile","0.55",66.0738108396203
"51",2026-10-03,3,2026-10-24,"wk inc flu hosp","quantile","0.6",71.7421131894052
"51",2026-10-03,3,2026-10-24,"wk inc flu hosp","quantile","0.65",78.4171269523765
"51",2026-10-03,3,2026-10-24,"wk inc flu hosp","quantile","0.7",84.6932667957762
"51",2026-10-03,3,2026-10-24,"wk inc flu hosp","quantile","0.75",92.5246665531982
"51",2026-10-03,3,2026-10-24,"wk inc flu hosp","quantile","0.8",104.442135201434
"51",2026-10-03,3,2026-10-24,"wk inc flu hosp","quantile","0.85",115.76273204296
"51",2026-10-03,3,2026-10-24,"wk inc flu hosp","quantile","0.9",136.078947483475
"51",2026-10-03,3,2026-10-24,"wk inc flu hosp","quantile","0.95",172.164846881363
"51",2026-10-03,3,2026-10-24,"wk inc flu hosp","quantile","0.975",207.869045236731
"51",2026-10-03,3,2026-10-24,"wk inc flu hosp","quantile","0.99",262.603839461857
"53",2026-10-03,0,2026-10-03,"wk inc flu hosp","quantile","0.01",57.7216467709564
"53",2026-10-03,0,2026-10-03,"wk inc flu hosp","quantile","0.025",63.7098215003443
"53",2026-10-03,0,2026-10-03,"wk inc flu hosp","quantile","0.05",71.6891681388948
"53",2026-10-03,0,2026-10-03,"wk inc flu hosp","quantile","0.1",81.5530059718416
"53",2026-10-03,0,2026-10-03,"wk inc flu hosp","quantile","0.15",85.0497582355303
"53",2026-10-03,0,2026-10-03,"wk inc flu hosp","quantile","0.2",91.5226089050157
"53",2026-10-03,0,2026-10-03,"wk inc flu hosp","quantile","0.25",95.9439526649367
"53",2026-10-03,0,2026-10-03,"wk inc flu hosp","quantile","0.3",103.690096114671
"53",2026-10-03,0,2026-10-03,"wk inc flu hosp","quantile","0.35",107.605206261466
"53",2026-10-03,0,2026-10-03,"wk inc flu hosp","quantile","0.4",110.313305472398
"53",2026-10-03,0,2026-10-03,"wk inc flu hosp","quantile","0.45",112.68198341214
"53",2026-10-03,0,2026-10-03,"wk inc flu hosp","quantile","0.5",117.040466073426
"53",2026-10-03,0,2026-10-03,"wk inc flu hosp","quantile","0.55",119.290509058127
"53",2026-10-03,0,2026-10-03,"wk inc flu hosp","quantile","0.6",124.640139075356
"53",2026-10-03,0,2026-10-03,"wk inc flu hosp","quantile","0.65",127.388238714175
"53",2026-10-03,0,2026-10-03,"wk inc flu hosp","quantile","0.7",131.781580173163
"53",2026-10-03,0,2026-10-03,"wk inc flu hosp","quantile","0.75",137.403561184942
"53",2026-10-03,0,2026-10-03,"wk inc flu hosp","quantile","0.8",144.898245278523
"53",2026-10-03,0,2026-10-03,"wk inc flu hosp","quantile","0.85",151.79301467533
"53",2026-10-03,0,2026-10-03,"wk inc flu hosp","quantile","0.9",162.367599760759
"53",2026-10-03,0,2026-10-03,"wk inc flu hosp","quantile","0.95",179.192918331746
"53",2026-10-03,0,2026-10-03,"wk inc flu hosp","quantile","0.975",196.101066165622
"53",2026-10-03,0,2026-10-03,"wk inc flu hosp","quantile","0.99",220.524171980876
"53",2026-10-03,1,2026-10-10,"wk inc flu hosp","quantile","0.01",47.9017281218171
"53",2026-10-03,1,2026-10-10,"wk inc flu hosp","quantile","0.025",56.0170408055566
"53",2026-10-03,1,2026-10-10,"wk inc flu hosp","quantile","0.05",64.635697914965
"53",2026-10-03,1,2026-10-10,"wk inc flu hosp","quantile","0.1",76.5106163271449
"53",2026-10-03,1,2026-10-10,"wk inc flu hosp","quantile","0.15",83.9361760349736
"53",2026-10-03,1,2026-10-10,"wk inc flu hosp","quantile","0.2",92.3866949152398
"53",2026-10-03,1,2026-10-10,"wk inc flu hosp","quantile","0.25",98.6167076984297
"53",2026-10-03,1,2026-10-10,"wk inc flu hosp","quantile","0.3",108.085859637506
"53",2026-10-03,1,2026-10-10,"wk inc flu hosp","quantile","0.35",113.198961119594
"53",2026-10-03,1,2026-10-10,"wk inc flu hosp","quantile","0.4",117.791366618071
"53",2026-10-03,1,2026-10-10,"wk inc flu hosp","quantile","0.45",122.139547745004
"53",2026-10-03,1,2026-10-10,"wk inc flu hosp","quantile","0.5",126.472340570284
"53",2026-10-03,1,2026-10-10,"wk inc flu hosp","quantile","0.55",131.755222553268
"53",2026-10-03,1,2026-10-10,"wk inc flu hosp","quantile","0.6",138.23880139228
"53",2026-10-03,1,2026-10-10,"wk inc flu hosp","quantile","0.65",144.17912873124
"53",2026-10-03,1,2026-10-10,"wk inc flu hosp","quantile","0.7",150.13330472524
"53",2026-10-03,1,2026-10-10,"wk inc flu hosp","quantile","0.75",159.631782886198
"53",2026-10-03,1,2026-10-10,"wk inc flu hosp","quantile","0.8",171.679613611141
"53",2026-10-03,1,2026-10-10,"wk inc flu hosp","quantile","0.85",187.196554614251
"53",2026-10-03,1,2026-10-10,"wk inc flu hosp","quantile","0.9",210.115520785419
"53",2026-10-03,1,2026-10-10,"wk inc flu hosp","quantile","0.95",239.155117234301
"53",2026-10-03,1,2026-10-10,"wk inc flu hosp","quantile","0.975",270.452247000203
"53",2026-10-03,1,2026-10-10,"wk inc flu hosp","quantile","0.99",298.133126701004
"53",2026-10-03,2,2026-10-17,"wk inc flu hosp","quantile","0.01",39.3549847989969
"53",2026-10-03,2,2026-10-17,"wk inc flu hosp","quantile","0.025",47.9027712912023
"53",2026-10-03,2,2026-10-17,"wk inc flu hosp","quantile","0.05",57.8507746321705
"53",2026-10-03,2,2026-10-17,"wk inc flu hosp","quantile","0.1",72.1423605975067
"53",2026-10-03,2,2026-10-17,"wk inc flu hosp","quantile","0.15",80.837963877722
"53",2026-10-03,2,2026-10-17,"wk inc flu hosp","quantile","0.2",89.5934666838885
"53",2026-10-03,2,2026-10-17,"wk inc flu hosp","quantile","0.25",97.2136959488873
"53",2026-10-03,2,2026-10-17,"wk inc flu hosp","quantile","0.3",108.298714817475
"53",2026-10-03,2,2026-10-17,"wk inc flu hosp","quantile","0.35",115.593854785162
"53",2026-10-03,2,2026-10-17,"wk inc flu hosp","quantile","0.4",121.585614262038
"53",2026-10-03,2,2026-10-17,"wk inc flu hosp","quantile","0.45",127.813310474447
"53",2026-10-03,2,2026-10-17,"wk inc flu hosp","quantile","0.5",132.729903642393
"53",2026-10-03,2,2026-10-17,"wk inc flu hosp","quantile","0.55",139.012805811128
"53",2026-10-03,2,2026-10-17,"wk inc flu hosp","quantile","0.6",146.290609207088
"53",2026-10-03,2,2026-10-17,"wk inc flu hosp","quantile","0.65",153.658233428827
"53",2026-10-03,2,2026-10-17,"wk inc flu hosp","quantile","0.7",162.268006216053
"53",2026-10-03,2,2026-10-17,"wk inc flu hosp","quantile","0.75",171.223163041807
"53",2026-10-03,2,2026-10-17,"wk inc flu hosp","quantile","0.8",185.781724699137
"53",2026-10-03,2,2026-10-17,"wk inc flu hosp","quantile","0.85",203.206754117773
"53",2026-10-03,2,2026-10-17,"wk inc flu hosp","quantile","0.9",226.802170426606
"53",2026-10-03,2,2026-10-17,"wk inc flu hosp","quantile","0.95",286.92869228722
"53",2026-10-03,2,2026-10-17,"wk inc flu hosp","quantile","0.975",326.436136158009
"53",2026-10-03,2,2026-10-17,"wk inc flu hosp","quantile","0.99",369.078048848887
"53",2026-10-03,3,2026-10-24,"wk inc flu hosp","quantile","0.01",34.1601043032616
"53",2026-10-03,3,2026-10-24,"wk inc flu hosp","quantile","0.025",42.8023135175547
"53",2026-10-03,3,2026-10-24,"wk inc flu hosp","quantile","0.05",53.0151898328121
"53",2026-10-03,3,2026-10-24,"wk inc flu hosp","quantile","0.1",66.8727935297772
"53",2026-10-03,3,2026-10-24,"wk inc flu hosp","quantile","0.15",77.291808823698
"53",2026-10-03,3,2026-10-24,"wk inc flu hosp","quantile","0.2",88.5172080626779
"53",2026-10-03,3,2026-10-24,"wk inc flu hosp","quantile","0.25",96.695353289238
"53",2026-10-03,3,2026-10-24,"wk inc flu hosp","quantile","0.3",109.888908128901
"53",2026-10-03,3,2026-10-24,"wk inc flu hosp","quantile","0.35",118.708363217764
"53",2026-10-03,3,2026-10-24,"wk inc flu hosp","quantile","0.4",125.301454562461
"53",2026-10-03,3,2026-10-24,"wk inc flu hosp","quantile","0.45",133.57427196981
"53",2026-10-03,3,2026-10-24,"wk inc flu hosp","quantile","0.5",140.359061835353
"53",2026-10-03,3,2026-10-24,"wk inc flu hosp","quantile","0.55",149.199083383177
"53",2026-10-03,3,2026-10-24,"wk inc flu hosp","quantile","0.6",156.68760833213
"53",2026-10-03,3,2026-10-24,"wk inc flu hosp","quantile","0.65",168.492197210323
"53",2026-10-03,3,2026-10-24,"wk inc flu hosp","quantile","0.7",175.896709082307
"53",2026-10-03,3,2026-10-24,"wk inc flu hosp","quantile","0.75",187.178666495613
"53",2026-10-03,3,2026-10-24,"wk inc flu hosp","quantile","0.8",203.432918198364
"53",2026-10-03,3,2026-10-24,"wk inc flu hosp","quantile","0.85",222.31658506962
"53",2026-10-03,3,2026-10-24,"wk inc flu hosp","quantile","0.9",255.895520335834
"53",2026-10-03,3,2026-10-24,"wk inc flu hosp","quantile","0.95",314.822407212961
"53",2026-10-03,3,2026-10-24,"wk inc flu hosp","quantile","0.975",374.356710907733
"53",2026-10-03,3,2026-10-24,"wk inc flu hosp","quantile","0.99",423.738733214728
"54",2026-10-03,0,2026-10-03,"wk inc flu hosp","quantile","0.01",0.194040467128507
"54",2026-10-03,0,2026-10-03,"wk inc flu hosp","quantile","0.025",0.879245238178962
"54",2026-10-03,0,2026-10-03,"wk inc flu hosp","quantile","0.05",1.02061232400197
"54",2026-10-03,0,2026-10-03,"wk inc flu hosp","quantile","0.1",1.4187242345399
"54",2026-10-03,0,2026-10-03,"wk inc flu hosp","quantile","0.15",1.83433827352332
"54",2026-10-03,0,2026-10-03,"wk inc flu hosp","quantile","0.2",2.2182363621304
"54",2026-10-03,0,2026-10-03,"wk inc flu hosp","quantile","0.25",2.54553968039925
"54",2026-10-03,0,2026-10-03,"wk inc flu hosp","quantile","0.3",2.87053386629565
"54",2026-10-03,0,2026-10-03,"wk inc flu hosp","quantile","0.35",3.27511546500064
"54",2026-10-03,0,2026-10-03,"wk inc flu hosp","quantile","0.4",3.73468419065685
"54",2026-10-03,0,2026-10-03,"wk inc flu hosp","quantile","0.45",4.12010267812586
"54",2026-10-03,0,2026-10-03,"wk inc flu hosp","quantile","0.5",4.59039095389483
"54",2026-10-03,0,2026-10-03,"wk inc flu hosp","quantile","0.55",5.09447473711652
"54",2026-10-03,0,2026-10-03,"wk inc flu hosp","quantile","0.6",5.56251326558221
"54",2026-10-03,0,2026-10-03,"wk inc flu hosp","quantile","0.65",6.07656290357528
"54",2026-10-03,0,2026-10-03,"wk inc flu hosp","quantile","0.7",6.72294811677488
"54",2026-10-03,0,2026-10-03,"wk inc flu hosp","quantile","0.75",7.53407365643129
"54",2026-10-03,0,2026-10-03,"wk inc flu hosp","quantile","0.8",8.52345225753936
"54",2026-10-03,0,2026-10-03,"wk inc flu hosp","quantile","0.85",9.47096140722504
"54",2026-10-03,0,2026-10-03,"wk inc flu hosp","quantile","0.9",11.0723390480527
"54",2026-10-03,0,2026-10-03,"wk inc flu hosp","quantile","0.95",14.1118516902554
"54",2026-10-03,0,2026-10-03,"wk inc flu hosp","quantile","0.975",17.8599532639374
"54",2026-10-03,0,2026-10-03,"wk inc flu hosp","quantile","0.99",23.0454092487183
"54",2026-10-03,1,2026-10-10,"wk inc flu hosp","quantile","0.01",0.179847894118376
"54",2026-10-03,1,2026-10-10,"wk inc flu hosp","quantile","0.025",0.906125844433834
"54",2026-10-03,1,2026-10-10,"wk inc flu hosp","quantile","0.05",1.08913961572896
"54",2026-10-03,1,2026-10-10,"wk inc flu hosp","quantile","0.1",1.14407588130635
"54",2026-10-03,1,2026-10-10,"wk inc flu hosp","quantile","0.15",1.51051986921812
"54",2026-10-03,1,2026-10-10,"wk inc flu hosp","quantile","0.2",2.09073998240022
"54",2026-10-03,1,2026-10-10,"wk inc flu hosp","quantile","0.25",2.62114766929574
"54",2026-10-03,1,2026-10-10,"wk inc flu hosp","quantile","0.3",3.16952507190738
"54",2026-10-03,1,2026-10-10,"wk inc flu hosp","quantile","0.35",3.82641742134905
"54",2026-10-03,1,2026-10-10,"wk inc flu hosp","quantile","0.4",4.55667671838893
"54",2026-10-03,1,2026-10-10,"wk inc flu hosp","quantile","0.45",5.21166430622621
"54",2026-10-03,1,2026-10-10,"wk inc flu hosp","quantile","0.5",6.0330454404194
"54",2026-10-03,1,2026-10-10,"wk inc flu hosp","quantile","0.55",6.7082949446859
"54",2026-10-03,1,2026-10-10,"wk inc flu hosp","quantile","0.6",7.60040208196843
"54",2026-10-03,1,2026-10-10,"wk inc flu hosp","quantile","0.65",8.6070691499136
"54",2026-10-03,1,2026-10-10,"wk inc flu hosp","quantile","0.7",9.56447659709913
"54",2026-10-03,1,2026-10-10,"wk inc flu hosp","quantile","0.75",10.7831903693074
"54",2026-10-03,1,2026-10-10,"wk inc flu hosp","quantile","0.8",12.1889148435898
"54",2026-10-03,1,2026-10-10,"wk inc flu hosp","quantile","0.85",13.984569683093
"54",2026-10-03,1,2026-10-10,"wk inc flu hosp","quantile","0.9",16.8215671780038
"54",2026-10-03,1,2026-10-10,"wk inc flu hosp","quantile","0.95",22.2056396187029
"54",2026-10-03,1,2026-10-10,"wk inc flu hosp","quantile","0.975",27.7772507737833
"54",2026-10-03,1,2026-10-10,"wk inc flu hosp","quantile","0.99",35.6554315121067
"54",2026-10-03,2,2026-10-17,"wk inc flu hosp","quantile","0.01",0.171516130282795
"54",2026-10-03,2,2026-10-17,"wk inc flu hosp","quantile","0.025",0.938142786861875
"54",2026-10-03,2,2026-10-17,"wk inc flu hosp","quantile","0.05",1.13462163474321
"54",2026-10-03,2,2026-10-17,"wk inc flu hosp","quantile","0.1",1.19417823381925
"54",2026-10-03,2,2026-10-17,"wk inc flu hosp","quantile","0.15",1.33561295896099
"54",2026-10-03,2,2026-10-17,"wk inc flu hosp","quantile","0.2",2.11861853880861
"54",2026-10-03,2,2026-10-17,"wk inc flu hosp","quantile","0.25",2.99268377352436
"54",2026-10-03,2,2026-10-17,"wk inc flu hosp","quantile","0.3",3.73151987676181
"54",2026-10-03,2,2026-10-17,"wk inc flu hosp","quantile","0.35",4.53037625202068
"54",2026-10-03,2,2026-10-17,"wk inc flu hosp","quantile","0.4",5.45575080745622
"54",2026-10-03,2,2026-10-17,"wk inc flu hosp","quantile","0.45",6.35186150489646
"54",2026-10-03,2,2026-10-17,"wk inc flu hosp","quantile","0.5",7.39014422676496
"54",2026-10-03,2,2026-10-17,"wk inc flu hosp","quantile","0.55",8.39064120753743
"54",2026-10-03,2,2026-10-17,"wk inc flu hosp","quantile","0.6",9.57218676509344
"54",2026-10-03,2,2026-10-17,"wk inc flu hosp","quantile","0.65",10.8320019957885
"54",2026-10-03,2,2026-10-17,"wk inc flu hosp","quantile","0.7",12.3847145100127
"54",2026-10-03,2,2026-10-17,"wk inc flu hosp","quantile","0.75",14.3889034685132
"54",2026-10-03,2,2026-10-17,"wk inc flu hosp","quantile","0.8",16.6336591911377
"54",2026-10-03,2,2026-10-17,"wk inc flu hosp","quantile","0.85",19.6219664867572
"54",2026-10-03,2,2026-10-17,"wk inc flu hosp","quantile","0.9",24.5682971458091
"54",2026-10-03,2,2026-10-17,"wk inc flu hosp","quantile","0.95",33.9209100565438
"54",2026-10-03,2,2026-10-17,"wk inc flu hosp","quantile","0.975",42.7773725565664
"54",2026-10-03,2,2026-10-17,"wk inc flu hosp","quantile","0.99",55.5769396148551
"54",2026-10-03,3,2026-10-24,"wk inc flu hosp","quantile","0.01",0.156110676184411
"54",2026-10-03,3,2026-10-24,"wk inc flu hosp","quantile","0.025",0.936690965333612
"54",2026-10-03,3,2026-10-24,"wk inc flu hosp","quantile","0.05",1.14653865551741
"54",2026-10-03,3,2026-10-24,"wk inc flu hosp","quantile","0.1",1.24666136748746
"54",2026-10-03,3,2026-10-24,"wk inc flu hosp","quantile","0.15",1.5562886589505
"54",2026-10-03,3,2026-10-24,"wk inc flu hosp","quantile","0.2",2.32179634730251
"54",2026-10-03,3,2026-10-24,"wk inc flu hosp","quantile","0.25",3.13828300621446
"54",2026-10-03,3,2026-10-24,"wk inc flu hosp","quantile","0.3",4.34312947841647
"54",2026-10-03,3,2026-10-24,"wk inc flu hosp","quantile","0.35",5.50016081051899
"54",2026-10-03,3,2026-10-24,"wk inc flu hosp","quantile","0.4",6.99739193004746
"54",2026-10-03,3,2026-10-24,"wk inc flu hosp","quantile","0.45",8.23331352491374
"54",2026-10-03,3,2026-10-24,"wk inc flu hosp","quantile","0.5",9.44243316920299
"54",2026-10-03,3,2026-10-24,"wk inc flu hosp","quantile","0.55",10.8486789515638
"54",2026-10-03,3,2026-10-24,"wk inc flu hosp","quantile","0.6",12.3294541545264
"54",2026-10-03,3,2026-10-24,"wk inc flu hosp","quantile","0.65",14.2794800051584
"54",2026-10-03,3,2026-10-24,"wk inc flu hosp","quantile","0.7",16.4549153638091
"54",2026-10-03,3,2026-10-24,"wk inc flu hosp","quantile","0.75",18.9354621225584
"54",2026-10-03,3,2026-10-24,"wk inc flu hosp","quantile","0.8",22.3872176955079
"54",2026-10-03,3,2026-10-24,"wk inc flu hosp","quantile","0.85",26.8001332680052
"54",2026-10-03,3,2026-10-24,"wk inc flu hosp","quantile","0.9",33.8503257855048
"54",2026-10-03,3,2026-10-24,"wk inc flu hosp","quantile","0.95",45.810252148796
"54",2026-10-03,3,2026-10-24,"wk inc flu hosp","quantile","0.975",59.0210739655853
"54",2026-10-03,3,2026-10-24,"wk inc flu hosp","quantile","0.99",76.6072702291214
"55",2026-10-03,0,2026-10-03,"wk inc flu hosp","quantile","0.01",11.1523136822076
"55",2026-10-03,0,2026-10-03,"wk inc flu hosp","quantile","0.025",14.3172617040795
"55",2026-10-03,0,2026-10-03,"wk inc flu hosp","quantile","0.05",18.0965839536365
"55",2026-10-03,0,2026-10-03,"wk inc flu hosp","quantile","0.1",21.2972793593565
"55",2026-10-03,0,2026-10-03,"wk inc flu hosp","quantile","0.15",24.5960128653124
"55",2026-10-03,0,2026-10-03,"wk inc flu hosp","quantile","0.2",27.3043427595463
"55",2026-10-03,0,2026-10-03,"wk inc flu hosp","quantile","0.25",29.18635227356
"55",2026-10-03,0,2026-10-03,"wk inc flu hosp","quantile","0.3",31.0361999140452
"55",2026-10-03,0,2026-10-03,"wk inc flu hosp","quantile","0.35",33.3777845783164
"55",2026-10-03,0,2026-10-03,"wk inc flu hosp","quantile","0.4",35.2590779226704
"55",2026-10-03,0,2026-10-03,"wk inc flu hosp","quantile","0.45",36.9682791527506
"55",2026-10-03,0,2026-10-03,"wk inc flu hosp","quantile","0.5",38.52106652027
"55",2026-10-03,0,2026-10-03,"wk inc flu hosp","quantile","0.55",39.794084450227
"55",2026-10-03,0,2026-10-03,"wk inc flu hosp","quantile","0.6",41.7914562378644
"55",2026-10-03,0,2026-10-03,"wk inc flu hosp","quantile","0.65",43.3534334495393
"55",2026-10-03,0,2026-10-03,"wk inc flu hosp","quantile","0.7",45.7981804507907
"55",2026-10-03,0,2026-10-03,"wk inc flu hosp","quantile","0.75",47.9878726489678
"55",2026-10-03,0,2026-10-03,"wk inc flu hosp","quantile","0.8",50.5757733194826
"55",2026-10-03,0,2026-10-03,"wk inc flu hosp","quantile","0.85",53.9074290356133
"55",2026-10-03,0,2026-10-03,"wk inc flu hosp","quantile","0.9",57.6160685856846
"55",2026-10-03,0,2026-10-03,"wk inc flu hosp","quantile","0.95",66.9679159904768
"55",2026-10-03,0,2026-10-03,"wk inc flu hosp","quantile","0.975",76.5084437317502
"55",2026-10-03,0,2026-10-03,"wk inc flu hosp","quantile","0.99",92.7941557018637
"55",2026-10-03,1,2026-10-10,"wk inc flu hosp","quantile","0.01",6.96992822772943
"55",2026-10-03,1,2026-10-10,"wk inc flu hosp","quantile","0.025",10.5875628900598
"55",2026-10-03,1,2026-10-10,"wk inc flu hosp","quantile","0.05",14.6677715246172
"55",2026-10-03,1,2026-10-10,"wk inc flu hosp","quantile","0.1",19.129201650345
"55",2026-10-03,1,2026-10-10,"wk inc flu hosp","quantile","0.15",23.4520920404716
"55",2026-10-03,1,2026-10-10,"wk inc flu hosp","quantile","0.2",27.7015424193023
"55",2026-10-03,1,2026-10-10,"wk inc flu hosp","quantile","0.25",30.3779558709065
"55",2026-10-03,1,2026-10-10,"wk inc flu hosp","quantile","0.3",33.3349270427738
"55",2026-10-03,1,2026-10-10,"wk inc flu hosp","quantile","0.35",35.592391278065
"55",2026-10-03,1,2026-10-10,"wk inc flu hosp","quantile","0.4",38.3624181390685
"55",2026-10-03,1,2026-10-10,"wk inc flu hosp","quantile","0.45",40.9701171402413
"55",2026-10-03,1,2026-10-10,"wk inc flu hosp","quantile","0.5",42.7482805312334
"55",2026-10-03,1,2026-10-10,"wk inc flu hosp","quantile","0.55",44.4800061896325
"55",2026-10-03,1,2026-10-10,"wk inc flu hosp","quantile","0.6",47.9687506968289
"55",2026-10-03,1,2026-10-10,"wk inc flu hosp","quantile","0.65",51.3113046295842
"55",2026-10-03,1,2026-10-10,"wk inc flu hosp","quantile","0.7",53.8353484550422
"55",2026-10-03,1,2026-10-10,"wk inc flu hosp","quantile","0.75",58.703401994949
"55",2026-10-03,1,2026-10-10,"wk inc flu hosp","quantile","0.8",63.3857764739408
"55",2026-10-03,1,2026-10-10,"wk inc flu hosp","quantile","0.85",68.6396349154996
"55",2026-10-03,1,2026-10-10,"wk inc flu hosp","quantile","0.9",74.9097995576833
"55",2026-10-03,1,2026-10-10,"wk inc flu hosp","quantile","0.95",87.1022704881273
"55",2026-10-03,1,2026-10-10,"wk inc flu hosp","quantile","0.975",102.918962138909
"55",2026-10-03,1,2026-10-10,"wk inc flu hosp","quantile","0.99",124.31197157015
"55",2026-10-03,2,2026-10-17,"wk inc flu hosp","quantile","0.01",5.87602609642162
"55",2026-10-03,2,2026-10-17,"wk inc flu hosp","quantile","0.025",8.29648222299285
"55",2026-10-03,2,2026-10-17,"wk inc flu hosp","quantile","0.05",12.3440719586842
"55",2026-10-03,2,2026-10-17,"wk inc flu hosp","quantile","0.1",17.3431525961333
"55",2026-10-03,2,2026-10-17,"wk inc flu hosp","quantile","0.15",22.9320789994361
"55",2026-10-03,2,2026-10-17,"wk inc flu hosp","quantile","0.2",28.3048638265187
"55",2026-10-03,2,2026-10-17,"wk inc flu hosp","quantile","0.25",31.1250044859444
"55",2026-10-03,2,2026-10-17,"wk inc flu hosp","quantile","0.3",35.0226911015511
"55",2026-10-03,2,2026-10-17,"wk inc flu hosp","quantile","0.35",37.6223823684793
"55",2026-10-03,2,2026-10-17,"wk inc flu hosp","quantile","0.4",41.3954533216359
"55",2026-10-03,2,2026-10-17,"wk inc flu hosp","quantile","0.45",44.5497609457478
"55",2026-10-03,2,2026-10-17,"wk inc flu hosp","quantile","0.5",47.0174543727804
"55",2026-10-03,2,2026-10-17,"wk inc flu hosp","quantile","0.55",50.3566562395201
"55",2026-10-03,2,2026-10-17,"wk inc flu hosp","quantile","0.6",53.2865775704192
"55",2026-10-03,2,2026-10-17,"wk inc flu hosp","quantile","0.65",57.4622757205281
"55",2026-10-03,2,2026-10-17,"wk inc flu hosp","quantile","0.7",61.9718886988056
"55",2026-10-03,2,2026-10-17,"wk inc flu hosp","quantile","0.75",66.8215280371956
"55",2026-10-03,2,2026-10-17,"wk inc flu hosp","quantile","0.8",74.6530890099527
"55",2026-10-03,2,2026-10-17,"wk inc flu hosp","quantile","0.85",81.5864835609792
"55",2026-10-03,2,2026-10-17,"wk inc flu hosp","quantile","0.9",92.84039490229
"55",2026-10-03,2,2026-10-17,"wk inc flu hosp","quantile","0.95",115.287199539155
"55",2026-10-03,2,2026-10-17,"wk inc flu hosp","quantile","0.975",139.805598722469
"55",2026-10-03,2,2026-10-17,"wk inc flu hosp","quantile","0.99",167.922517668594
"55",2026-10-03,3,2026-10-24,"wk inc flu hosp","quantile","0.01",5.86264257526021
"55",2026-10-03,3,2026-10-24,"wk inc flu hosp","quantile","0.025",7.82638732435144
"55",2026-10-03,3,2026-10-24,"wk inc flu hosp","quantile","0.05",11.1979638223844
"55",2026-10-03,3,2026-10-24,"wk inc flu hosp","quantile","0.1",16.8103143002724
"55",2026-10-03,3,2026-10-24,"wk inc flu hosp","quantile","0.15",22.408539751763
"55",2026-10-03,3,2026-10-24,"wk inc flu hosp","quantile","0.2",28.3426718925209
"55",2026-10-03,3,2026-10-24,"wk inc flu hosp","quantile","0.25",32.7553458195426
"55",2026-10-03,3,2026-10-24,"wk inc flu hosp","quantile","0.3",36.9372854451261
"55",2026-10-03,3,2026-10-24,"wk inc flu hosp","quantile","0.35",40.816831093497
"55",2026-10-03,3,2026-10-24,"wk inc flu hosp","quantile","0.4",44.4599236326413
"55",2026-10-03,3,2026-10-24,"wk inc flu hosp","quantile","0.45",49.0788223973619
"55",2026-10-03,3,2026-10-24,"wk inc flu hosp","quantile","0.5",53.5915913744138
"55",2026-10-03,3,2026-10-24,"wk inc flu hosp","quantile","0.55",57.7980356569087
"55",2026-10-03,3,2026-10-24,"wk inc flu hosp","quantile","0.6",60.894155334554
"55",2026-10-03,3,2026-10-24,"wk inc flu hosp","quantile","0.65",66.4493051138556
"55",2026-10-03,3,2026-10-24,"wk inc flu hosp","quantile","0.7",70.9542058998794
"55",2026-10-03,3,2026-10-24,"wk inc flu hosp","quantile","0.75",77.5794838386826
"55",2026-10-03,3,2026-10-24,"wk inc flu hosp","quantile","0.8",86.9782626269782
"55",2026-10-03,3,2026-10-24,"wk inc flu hosp","quantile","0.85",96.36467060896
"55",2026-10-03,3,2026-10-24,"wk inc flu hosp","quantile","0.9",111.903752978988
"55",2026-10-03,3,2026-10-24,"wk inc flu hosp","quantile","0.95",144.351720362664
"55",2026-10-03,3,2026-10-24,"wk inc flu hosp","quantile","0.975",174.685137738561
"55",2026-10-03,3,2026-10-24,"wk inc flu hosp","quantile","0.99",207.478012351537
"56",2026-10-03,0,2026-10-03,"wk inc flu hosp","quantile","0.01",0
"56",2026-10-03,0,2026-10-03,"wk inc flu hosp","quantile","0.025",0
"56",2026-10-03,0,2026-10-03,"wk inc flu hosp","quantile","0.05",0
"56",2026-10-03,0,2026-10-03,"wk inc flu hosp","quantile","0.1",0.0223413870934921
"56",2026-10-03,0,2026-10-03,"wk inc flu hosp","quantile","0.15",0.17471496059176
"56",2026-10-03,0,2026-10-03,"wk inc flu hosp","quantile","0.2",0.460018858998085
"56",2026-10-03,0,2026-10-03,"wk inc flu hosp","quantile","0.25",0.760160720562247
"56",2026-10-03,0,2026-10-03,"wk inc flu hosp","quantile","0.3",1.06234911674963
"56",2026-10-03,0,2026-10-03,"wk inc flu hosp","quantile","0.35",1.3758409012684
"56",2026-10-03,0,2026-10-03,"wk inc flu hosp","quantile","0.4",1.58414575779917
"56",2026-10-03,0,2026-10-03,"wk inc flu hosp","quantile","0.45",1.86551959520716
"56",2026-10-03,0,2026-10-03,"wk inc flu hosp","quantile","0.5",2.12039015013333
"56",2026-10-03,0,2026-10-03,"wk inc flu hosp","quantile","0.55",2.42607373895124
"56",2026-10-03,0,2026-10-03,"wk inc flu hosp","quantile","0.6",2.75140161366852
"56",2026-10-03,0,2026-10-03,"wk inc flu hosp","quantile","0.65",3.05758793203437
"56",2026-10-03,0,2026-10-03,"wk inc flu hosp","quantile","0.7",3.49683903641988
"56",2026-10-03,0,2026-10-03,"wk inc flu hosp","quantile","0.75",3.99718301315075
"56",2026-10-03,0,2026-10-03,"wk inc flu hosp","quantile","0.8",4.67927516252563
"56",2026-10-03,0,2026-10-03,"wk inc flu hosp","quantile","0.85",5.42195329097271
"56",2026-10-03,0,2026-10-03,"wk inc flu hosp","quantile","0.9",6.35003934000405
"56",2026-10-03,0,2026-10-03,"wk inc flu hosp","quantile","0.95",8.21043247543773
"56",2026-10-03,0,2026-10-03,"wk inc flu hosp","quantile","0.975",10.1332863812607
"56",2026-10-03,0,2026-10-03,"wk inc flu hosp","quantile","0.99",13.4513537370768
"56",2026-10-03,1,2026-10-10,"wk inc flu hosp","quantile","0.01",0
"56",2026-10-03,1,2026-10-10,"wk inc flu hosp","quantile","0.025",0
"56",2026-10-03,1,2026-10-10,"wk inc flu hosp","quantile","0.05",0
"56",2026-10-03,1,2026-10-10,"wk inc flu hosp","quantile","0.1",0.0313034073277827
"56",2026-10-03,1,2026-10-10,"wk inc flu hosp","quantile","0.15",0.185824540432568
"56",2026-10-03,1,2026-10-10,"wk inc flu hosp","quantile","0.2",0.323905045528802
"56",2026-10-03,1,2026-10-10,"wk inc flu hosp","quantile","0.25",0.530829741279811
"56",2026-10-03,1,2026-10-10,"wk inc flu hosp","quantile","0.3",0.891611908554178
"56",2026-10-03,1,2026-10-10,"wk inc flu hosp","quantile","0.35",1.3061261967555
"56",2026-10-03,1,2026-10-10,"wk inc flu hosp","quantile","0.4",1.60058071430321
"56",2026-10-03,1,2026-10-10,"wk inc flu hosp","quantile","0.45",1.97050029827181
"56",2026-10-03,1,2026-10-10,"wk inc flu hosp","quantile","0.5",2.30152365854603
"56",2026-10-03,1,2026-10-10,"wk inc flu hosp","quantile","0.55",2.73554167606235
"56",2026-10-03,1,2026-10-10,"wk inc flu hosp","quantile","0.6",3.35677966714206
"56",2026-10-03,1,2026-10-10,"wk inc flu hosp","quantile","0.65",3.94796915788175
"56",2026-10-03,1,2026-10-10,"wk inc flu hosp","quantile","0.7",4.70158477519953
"56",2026-10-03,1,2026-10-10,"wk inc flu hosp","quantile","0.75",5.5108720371339
"56",2026-10-03,1,2026-10-10,"wk inc flu hosp","quantile","0.8",6.53335191005884
"56",2026-10-03,1,2026-10-10,"wk inc flu hosp","quantile","0.85",8.17700694962993
"56",2026-10-03,1,2026-10-10,"wk inc flu hosp","quantile","0.9",10.1538753100296
"56",2026-10-03,1,2026-10-10,"wk inc flu hosp","quantile","0.95",13.3566159080755
"56",2026-10-03,1,2026-10-10,"wk inc flu hosp","quantile","0.975",17.4199702031023
"56",2026-10-03,1,2026-10-10,"wk inc flu hosp","quantile","0.99",23.2174482573899
"56",2026-10-03,2,2026-10-17,"wk inc flu hosp","quantile","0.01",0
"56",2026-10-03,2,2026-10-17,"wk inc flu hosp","quantile","0.025",0
"56",2026-10-03,2,2026-10-17,"wk inc flu hosp","quantile","0.05",0
"56",2026-10-03,2,2026-10-17,"wk inc flu hosp","quantile","0.1",0.0422032804820305
"56",2026-10-03,2,2026-10-17,"wk inc flu hosp","quantile","0.15",0.203061313677328
"56",2026-10-03,2,2026-10-17,"wk inc flu hosp","quantile","0.2",0.346910448052321
"56",2026-10-03,2,2026-10-17,"wk inc flu hosp","quantile","0.25",0.51725771613922
"56",2026-10-03,2,2026-10-17,"wk inc flu hosp","quantile","0.3",0.94969650875405
"56",2026-10-03,2,2026-10-17,"wk inc flu hosp","quantile","0.35",1.39749703233406
"56",2026-10-03,2,2026-10-17,"wk inc flu hosp","quantile","0.4",1.79703967209926
"56",2026-10-03,2,2026-10-17,"wk inc flu hosp","quantile","0.45",2.30271759516541
"56",2026-10-03,2,2026-10-17,"wk inc flu hosp","quantile","0.5",2.86310569379088
"56",2026-10-03,2,2026-10-17,"wk inc flu hosp","quantile","0.55",3.52338231946535
"56",2026-10-03,2,2026-10-17,"wk inc flu hosp","quantile","0.6",4.25562726429581
"56",2026-10-03,2,2026-10-17,"wk inc flu hosp","quantile","0.65",5.07858844601909
"56",2026-10-03,2,2026-10-17,"wk inc flu hosp","quantile","0.7",6.14981755305072
"56",2026-10-03,2,2026-10-17,"wk inc flu hosp","quantile","0.75",7.45252364708945
"56",2026-10-03,2,2026-10-17,"wk inc flu hosp","quantile","0.8",8.97030358450731
"56",2026-10-03,2,2026-10-17,"wk inc flu hosp","quantile","0.85",10.9255368943911
"56",2026-10-03,2,2026-10-17,"wk inc flu hosp","quantile","0.9",14.1205316770363
"56",2026-10-03,2,2026-10-17,"wk inc flu hosp","quantile","0.95",20.6473706936174
"56",2026-10-03,2,2026-10-17,"wk inc flu hosp","quantile","0.975",26.534620681696
"56",2026-10-03,2,2026-10-17,"wk inc flu hosp","quantile","0.99",37.0362804883874
"56",2026-10-03,3,2026-10-24,"wk inc flu hosp","quantile","0.01",0
"56",2026-10-03,3,2026-10-24,"wk inc flu hosp","quantile","0.025",0
"56",2026-10-03,3,2026-10-24,"wk inc flu hosp","quantile","0.05",0
"56",2026-10-03,3,2026-10-24,"wk inc flu hosp","quantile","0.1",0.0498439553108296
"56",2026-10-03,3,2026-10-24,"wk inc flu hosp","quantile","0.15",0.23106735507049
"56",2026-10-03,3,2026-10-24,"wk inc flu hosp","quantile","0.2",0.376005619993
"56",2026-10-03,3,2026-10-24,"wk inc flu hosp","quantile","0.25",0.582387832326314
"56",2026-10-03,3,2026-10-24,"wk inc flu hosp","quantile","0.3",1.08175360971439
"56",2026-10-03,3,2026-10-24,"wk inc flu hosp","quantile","0.35",1.57272148077529
"56",2026-10-03,3,2026-10-24,"wk inc flu hosp","quantile","0.4",2.081508853205
"56",2026-10-03,3,2026-10-24,"wk inc flu hosp","quantile","0.45",2.76003185067962
"56",2026-10-03,3,2026-10-24,"wk inc flu hosp","quantile","0.5",3.54308711034911
"56",2026-10-03,3,2026-10-24,"wk inc flu hosp","quantile","0.55",4.45891201132825
"56",2026-10-03,3,2026-10-24,"wk inc flu hosp","quantile","0.6",5.55271686587058
"56",2026-10-03,3,2026-10-24,"wk inc flu hosp","quantile","0.65",6.83905125314689
"56",2026-10-03,3,2026-10-24,"wk inc flu hosp","quantile","0.7",8.3212704692321
"56",2026-10-03,3,2026-10-24,"wk inc flu hosp","quantile","0.75",10.022583215561
"56",2026-10-03,3,2026-10-24,"wk inc flu hosp","quantile","0.8",12.3595924083487
"56",2026-10-03,3,2026-10-24,"wk inc flu hosp","quantile","0.85",15.2903388530685
"56",2026-10-03,3,2026-10-24,"wk inc flu hosp","quantile","0.9",19.9759875457288
"56",2026-10-03,3,2026-10-24,"wk inc flu hosp","quantile","0.95",27.7828526604986
"56",2026-10-03,3,2026-10-24,"wk inc flu hosp","quantile","0.975",37.2042027833448
"56",2026-10-03,3,2026-10-24,"wk inc flu hosp","quantile","0.99",52.5263648202077
"72",2026-10-03,0,2026-10-03,"wk inc flu hosp","quantile","0.01",47.8771678470087
"72",2026-10-03,0,2026-10-03,"wk inc flu hosp","quantile","0.025",56.3033414658161
"72",2026-10-03,0,2026-10-03,"wk inc flu hosp","quantile","0.05",63.4048530787176
"72",2026-10-03,0,2026-10-03,"wk inc flu hosp","quantile","0.1",70.3939140941526
"72",2026-10-03,0,2026-10-03,"wk inc flu hosp","quantile","0.15",75.3206309078635
"72",2026-10-03,0,2026-10-03,"wk inc flu hosp","quantile","0.2",81.7499576109497
"72",2026-10-03,0,2026-10-03,"wk inc flu hosp","quantile","0.25",87.347285327763
"72",2026-10-03,0,2026-10-03,"wk inc flu hosp","quantile","0.3",92.6251952456927
"72",2026-10-03,0,2026-10-03,"wk inc flu hosp","quantile","0.35",97.5140978969177
"72",2026-10-03,0,2026-10-03,"wk inc flu hosp","quantile","0.4",101.786741739482
"72",2026-10-03,0,2026-10-03,"wk inc flu hosp","quantile","0.45",104.924653634998
"72",2026-10-03,0,2026-10-03,"wk inc flu hosp","quantile","0.5",109.146040953901
"72",2026-10-03,0,2026-10-03,"wk inc flu hosp","quantile","0.55",113.078914096786
"72",2026-10-03,0,2026-10-03,"wk inc flu hosp","quantile","0.6",118.504515024044
"72",2026-10-03,0,2026-10-03,"wk inc flu hosp","quantile","0.65",121.646860725899
"72",2026-10-03,0,2026-10-03,"wk inc flu hosp","quantile","0.7",127.762147791867
"72",2026-10-03,0,2026-10-03,"wk inc flu hosp","quantile","0.75",134.521101202702
"72",2026-10-03,0,2026-10-03,"wk inc flu hosp","quantile","0.8",142.171032747105
"72",2026-10-03,0,2026-10-03,"wk inc flu hosp","quantile","0.85",152.232588982453
"72",2026-10-03,0,2026-10-03,"wk inc flu hosp","quantile","0.9",163.353318718845
"72",2026-10-03,0,2026-10-03,"wk inc flu hosp","quantile","0.95",182.775288320535
"72",2026-10-03,0,2026-10-03,"wk inc flu hosp","quantile","0.975",198.885907848808
"72",2026-10-03,0,2026-10-03,"wk inc flu hosp","quantile","0.99",225.397994849399
"72",2026-10-03,1,2026-10-10,"wk inc flu hosp","quantile","0.01",35.8599000578293
"72",2026-10-03,1,2026-10-10,"wk inc flu hosp","quantile","0.025",43.3683748593554
"72",2026-10-03,1,2026-10-10,"wk inc flu hosp","quantile","0.05",52.8631502211526
"72",2026-10-03,1,2026-10-10,"wk inc flu hosp","quantile","0.1",62.8828041202764
"72",2026-10-03,1,2026-10-10,"wk inc flu hosp","quantile","0.15",69.892204590693
"72",2026-10-03,1,2026-10-10,"wk inc flu hosp","quantile","0.2",78.3159720019765
"72",2026-10-03,1,2026-10-10,"wk inc flu hosp","quantile","0.25",84.7934575378321
"72",2026-10-03,1,2026-10-10,"wk inc flu hosp","quantile","0.3",92.9767574241156
"72",2026-10-03,1,2026-10-10,"wk inc flu hosp","quantile","0.35",98.5831004236274
"72",2026-10-03,1,2026-10-10,"wk inc flu hosp","quantile","0.4",104.115593593743
"72",2026-10-03,1,2026-10-10,"wk inc flu hosp","quantile","0.45",108.574939595992
"72",2026-10-03,1,2026-10-10,"wk inc flu hosp","quantile","0.5",114.530079058356
"72",2026-10-03,1,2026-10-10,"wk inc flu hosp","quantile","0.55",120.00654494702
"72",2026-10-03,1,2026-10-10,"wk inc flu hosp","quantile","0.6",128.075386208932
"72",2026-10-03,1,2026-10-10,"wk inc flu hosp","quantile","0.65",135.873965738152
"72",2026-10-03,1,2026-10-10,"wk inc flu hosp","quantile","0.7",143.371414102554
"72",2026-10-03,1,2026-10-10,"wk inc flu hosp","quantile","0.75",154.305937033744
"72",2026-10-03,1,2026-10-10,"wk inc flu hosp","quantile","0.8",165.169408924876
"72",2026-10-03,1,2026-10-10,"wk inc flu hosp","quantile","0.85",184.645955503241
"72",2026-10-03,1,2026-10-10,"wk inc flu hosp","quantile","0.9",205.743077531444
"72",2026-10-03,1,2026-10-10,"wk inc flu hosp","quantile","0.95",245.947255160684
"72",2026-10-03,1,2026-10-10,"wk inc flu hosp","quantile","0.975",274.942495869211
"72",2026-10-03,1,2026-10-10,"wk inc flu hosp","quantile","0.99",310.555085357725
"72",2026-10-03,2,2026-10-17,"wk inc flu hosp","quantile","0.01",28.8171654233377
"72",2026-10-03,2,2026-10-17,"wk inc flu hosp","quantile","0.025",37.8138131800223
"72",2026-10-03,2,2026-10-17,"wk inc flu hosp","quantile","0.05",47.8098166699114
"72",2026-10-03,2,2026-10-17,"wk inc flu hosp","quantile","0.1",58.2532077211702
"72",2026-10-03,2,2026-10-17,"wk inc flu hosp","quantile","0.15",66.5187642166625
"72",2026-10-03,2,2026-10-17,"wk inc flu hosp","quantile","0.2",75.2409413238598
"72",2026-10-03,2,2026-10-17,"wk inc flu hosp","quantile","0.25",82.7580550365297
"72",2026-10-03,2,2026-10-17,"wk inc flu hosp","quantile","0.3",92.3387471358993
"72",2026-10-03,2,2026-10-17,"wk inc flu hosp","quantile","0.35",100.208784994577
"72",2026-10-03,2,2026-10-17,"wk inc flu hosp","quantile","0.4",107.352949181768
"72",2026-10-03,2,2026-10-17,"wk inc flu hosp","quantile","0.45",114.843080281774
"72",2026-10-03,2,2026-10-17,"wk inc flu hosp","quantile","0.5",121.323628928733
"72",2026-10-03,2,2026-10-17,"wk inc flu hosp","quantile","0.55",128.913634434955
"72",2026-10-03,2,2026-10-17,"wk inc flu hosp","quantile","0.6",137.807790742718
"72",2026-10-03,2,2026-10-17,"wk inc flu hosp","quantile","0.65",148.571826075642
"72",2026-10-03,2,2026-10-17,"wk inc flu hosp","quantile","0.7",157.562684303539
"72",2026-10-03,2,2026-10-17,"wk inc flu hosp","quantile","0.75",170.675428253778
"72",2026-10-03,2,2026-10-17,"wk inc flu hosp","quantile","0.8",186.960088123839
"72",2026-10-03,2,2026-10-17,"wk inc flu hosp","quantile","0.85",207.449318738051
"72",2026-10-03,2,2026-10-17,"wk inc flu hosp","quantile","0.9",236.539056788541
"72",2026-10-03,2,2026-10-17,"wk inc flu hosp","quantile","0.95",298.774755556314
"72",2026-10-03,2,2026-10-17,"wk inc flu hosp","quantile","0.975",340.640606588479
"72",2026-10-03,2,2026-10-17,"wk inc flu hosp","quantile","0.99",399.863266257352
"72",2026-10-03,3,2026-10-24,"wk inc flu hosp","quantile","0.01",25.4070611340011
"72",2026-10-03,3,2026-10-24,"wk inc flu hosp","quantile","0.025",33.3957585523917
"72",2026-10-03,3,2026-10-24,"wk inc flu hosp","quantile","0.05",43.7873830861169
"72",2026-10-03,3,2026-10-24,"wk inc flu hosp","quantile","0.1",54.5842347055267
"72",2026-10-03,3,2026-10-24,"wk inc flu hosp","quantile","0.15",64.3689936552528
"72",2026-10-03,3,2026-10-24,"wk inc flu hosp","quantile","0.2",74.284434009338
"72",2026-10-03,3,2026-10-24,"wk inc flu hosp","quantile","0.25",83.7911758592634
"72",2026-10-03,3,2026-10-24,"wk inc flu hosp","quantile","0.3",93.1934020283073
"72",2026-10-03,3,2026-10-24,"wk inc flu hosp","quantile","0.35",101.401602023316
"72",2026-10-03,3,2026-10-24,"wk inc flu hosp","quantile","0.4",111.54162858919
"72",2026-10-03,3,2026-10-24,"wk inc flu hosp","quantile","0.45",120.321691532566
"72",2026-10-03,3,2026-10-24,"wk inc flu hosp","quantile","0.5",129.42406913998
"72",2026-10-03,3,2026-10-24,"wk inc flu hosp","quantile","0.55",139.2886862569
"72",2026-10-03,3,2026-10-24,"wk inc flu hosp","quantile","0.6",151.323748109071
"72",2026-10-03,3,2026-10-24,"wk inc flu hosp","quantile","0.65",163.055018003533
"72",2026-10-03,3,2026-10-24,"wk inc flu hosp","quantile","0.7",176.307342040344
"72",2026-10-03,3,2026-10-24,"wk inc flu hosp","quantile","0.75",190.841878530709
"72",2026-10-03,3,2026-10-24,"wk inc flu hosp","quantile","0.8",209.678410715613
"72",2026-10-03,3,2026-10-24,"wk inc flu hosp","quantile","0.85",237.47442283084
"72",2026-10-03,3,2026-10-24,"wk inc flu hosp","quantile","0.9",275.127779708746
"72",2026-10-03,3,2026-10-24,"wk inc flu hosp","quantile","0.95",343.328185119556
"72",2026-10-03,3,2026-10-24,"wk inc flu hosp","quantile","0.975",407.059805396574
"72",2026-10-03,3,2026-10-24,"wk inc flu hosp","quantile","0.99",477.572027866657
"US",2026-10-03,0,2026-10-03,"wk inc flu hosp","quantile","0.01",1744.04743963821
"US",2026-10-03,0,2026-10-03,"wk inc flu hosp","quantile","0.025",2008.9662631302
"US",2026-10-03,0,2026-10-03,"wk inc flu hosp","quantile","0.05",2166.55331047501
"US",2026-10-03,0,2026-10-03,"wk inc flu hosp","quantile","0.1",2385.82561629419
"US",2026-10-03,0,2026-10-03,"wk inc flu hosp","quantile","0.15",2502.73531416102
"US",2026-10-03,0,2026-10-03,"wk inc flu hosp","quantile","0.2",2608.14572622482
"US",2026-10-03,0,2026-10-03,"wk inc flu hosp","quantile","0.25",2680.86266456586
"US",2026-10-03,0,2026-10-03,"wk inc flu hosp","quantile","0.3",2749.93575151481
"US",2026-10-03,0,2026-10-03,"wk inc flu hosp","quantile","0.35",2808.2565062
"US",2026-10-03,0,2026-10-03,"wk inc flu hosp","quantile","0.4",2859.64325271158
"US",2026-10-03,0,2026-10-03,"wk inc flu hosp","quantile","0.45",2906.67880087187
"US",2026-10-03,0,2026-10-03,"wk inc flu hosp","quantile","0.5",2966.18510915164
"US",2026-10-03,0,2026-10-03,"wk inc flu hosp","quantile","0.55",3026.22971547874
"US",2026-10-03,0,2026-10-03,"wk inc flu hosp","quantile","0.6",3087.84097752596
"US",2026-10-03,0,2026-10-03,"wk inc flu hosp","quantile","0.65",3134.0712551634
"US",2026-10-03,0,2026-10-03,"wk inc flu hosp","quantile","0.7",3208.36239496269
"US",2026-10-03,0,2026-10-03,"wk inc flu hosp","quantile","0.75",3287.45102160703
"US",2026-10-03,0,2026-10-03,"wk inc flu hosp","quantile","0.8",3419.53967717119
"US",2026-10-03,0,2026-10-03,"wk inc flu hosp","quantile","0.85",3561.21838643683
"US",2026-10-03,0,2026-10-03,"wk inc flu hosp","quantile","0.9",3757.49910242939
"US",2026-10-03,0,2026-10-03,"wk inc flu hosp","quantile","0.95",4145.14315013292
"US",2026-10-03,0,2026-10-03,"wk inc flu hosp","quantile","0.975",4518.25328857291
"US",2026-10-03,0,2026-10-03,"wk inc flu hosp","quantile","0.99",5076.99345956259
"US",2026-10-03,1,2026-10-10,"wk inc flu hosp","quantile","0.01",1576.39377077633
"US",2026-10-03,1,2026-10-10,"wk inc flu hosp","quantile","0.025",1925.20420060307
"US",2026-10-03,1,2026-10-10,"wk inc flu hosp","quantile","0.05",2137.90313502047
"US",2026-10-03,1,2026-10-10,"wk inc flu hosp","quantile","0.1",2385.98424063695
"US",2026-10-03,1,2026-10-10,"wk inc flu hosp","quantile","0.15",2578.58073283393
"US",2026-10-03,1,2026-10-10,"wk inc flu hosp","quantile","0.2",2787.43586353652
"US",2026-10-03,1,2026-10-10,"wk inc flu hosp","quantile","0.25",2892.214287719
"US",2026-10-03,1,2026-10-10,"wk inc flu hosp","quantile","0.3",3002.13811150463
"US",2026-10-03,1,2026-10-10,"wk inc flu hosp","quantile","0.35",3093.90984863967
"US",2026-10-03,1,2026-10-10,"wk inc flu hosp","quantile","0.4",3194.11512729162
"US",2026-10-03,1,2026-10-10,"wk inc flu hosp","quantile","0.45",3267.26552804252
"US",2026-10-03,1,2026-10-10,"wk inc flu hosp","quantile","0.5",3350.96719036773
"US",2026-10-03,1,2026-10-10,"wk inc flu hosp","quantile","0.55",3452.17627885467
"US",2026-10-03,1,2026-10-10,"wk inc flu hosp","quantile","0.6",3559.90210824537
"US",2026-10-03,1,2026-10-10,"wk inc flu hosp","quantile","0.65",3670.98066611638
"US",2026-10-03,1,2026-10-10,"wk inc flu hosp","quantile","0.7",3817.23510354798
"US",2026-10-03,1,2026-10-10,"wk inc flu hosp","quantile","0.75",3988.2461212807
"US",2026-10-03,1,2026-10-10,"wk inc flu hosp","quantile","0.8",4205.47092872093
"US",2026-10-03,1,2026-10-10,"wk inc flu hosp","quantile","0.85",4426.61260556647
"US",2026-10-03,1,2026-10-10,"wk inc flu hosp","quantile","0.9",4724.24383816369
"US",2026-10-03,1,2026-10-10,"wk inc flu hosp","quantile","0.95",5151.3931205569
"US",2026-10-03,1,2026-10-10,"wk inc flu hosp","quantile","0.975",5852.30505713229
"US",2026-10-03,1,2026-10-10,"wk inc flu hosp","quantile","0.99",6725.41690020739
"US",2026-10-03,2,2026-10-17,"wk inc flu hosp","quantile","0.01",1511.58520067354
"US",2026-10-03,2,2026-10-17,"wk inc flu hosp","quantile","0.025",1835.23449352608
"US",2026-10-03,2,2026-10-17,"wk inc flu hosp","quantile","0.05",2087.40073202796
"US",2026-10-03,2,2026-10-17,"wk inc flu hosp","quantile","0.1",2423.25447594395
"US",2026-10-03,2,2026-10-17,"wk inc flu hosp","quantile","0.15",2654.48858920103
"US",2026-10-03,2,2026-10-17,"wk inc flu hosp","quantile","0.2",2904.40160447962
"US",2026-10-03,2,2026-10-17,"wk inc flu hosp","quantile","0.25",3060.29419974857
"US",2026-10-03,2,2026-10-17,"wk inc flu hosp","quantile","0.3",3261.32502327203
"US",2026-10-03,2,2026-10-17,"wk inc flu hosp","quantile","0.35",3378.63510120553
"US",2026-10-03,2,2026-10-17,"wk inc flu hosp","quantile","0.4",3533.41815616069
"US",2026-10-03,2,2026-10-17,"wk inc flu hosp","quantile","0.45",3662.68622704584
"US",2026-10-03,2,2026-10-17,"wk inc flu hosp","quantile","0.5",3778.03297602686
"US",2026-10-03,2,2026-10-17,"wk inc flu hosp","quantile","0.55",3902.89321578313
"US",2026-10-03,2,2026-10-17,"wk inc flu hosp","quantile","0.6",4058.6513164166
"US",2026-10-03,2,2026-10-17,"wk inc flu hosp","quantile","0.65",4189.01269410828
"US",2026-10-03,2,2026-10-17,"wk inc flu hosp","quantile","0.7",4359.61173163058
"US",2026-10-03,2,2026-10-17,"wk inc flu hosp","quantile","0.75",4571.06897004201
"US",2026-10-03,2,2026-10-17,"wk inc flu hosp","quantile","0.8",4830.32335385269
"US",2026-10-03,2,2026-10-17,"wk inc flu hosp","quantile","0.85",5195.09645733618
"US",2026-10-03,2,2026-10-17,"wk inc flu hosp","quantile","0.9",5687.06242204608
"US",2026-10-03,2,2026-10-17,"wk inc flu hosp","quantile","0.95",6722.89388877983
"US",2026-10-03,2,2026-10-17,"wk inc flu hosp","quantile","0.975",7590.60444774018
"US",2026-10-03,2,2026-10-17,"wk inc flu hosp","quantile","0.99",8754.36054600262
"US",2026-10-03,3,2026-10-24,"wk inc flu hosp","quantile","0.01",1401.03535844942
"US",2026-10-03,3,2026-10-24,"wk inc flu hosp","quantile","0.025",1772.26821475461
"US",2026-10-03,3,2026-10-24,"wk inc flu hosp","quantile","0.05",2032.10529865741
"US",2026-10-03,3,2026-10-24,"wk inc flu hosp","quantile","0.1",2450.47499403868
"US",2026-10-03,3,2026-10-24,"wk inc flu hosp","quantile","0.15",2728.19226323539
"US",2026-10-03,3,2026-10-24,"wk inc flu hosp","quantile","0.2",3031.64391624212
"US",2026-10-03,3,2026-10-24,"wk inc flu hosp","quantile","0.25",3236.48508869866
"US",2026-10-03,3,2026-10-24,"wk inc flu hosp","quantile","0.3",3494.6926433026
"US",2026-10-03,3,2026-10-24,"wk inc flu hosp","quantile","0.35",3661.27661840773
"US",2026-10-03,3,2026-10-24,"wk inc flu hosp","quantile","0.4",3834.2229677637
"US",2026-10-03,3,2026-10-24,"wk inc flu hosp","quantile","0.45",4033.14652981861
"US",2026-10-03,3,2026-10-24,"wk inc flu hosp","quantile","0.5",4219.60502797505
"US",2026-10-03,3,2026-10-24,"wk inc flu hosp","quantile","0.55",4403.69778078163
"US",2026-10-03,3,2026-10-24,"wk inc flu hosp","quantile","0.6",4585.07104634105
"US",2026-10-03,3,2026-10-24,"wk inc flu hosp","quantile","0.65",4829.00624352051
"US",2026-10-03,3,2026-10-24,"wk inc flu hosp","quantile","0.7",5019.36797370986
"US",2026-10-03,3,2026-10-24,"wk inc flu hosp","quantile","0.75",5300.5022461851
"US",2026-10-03,3,2026-10-24,"wk inc flu hosp","quantile","0.8",5623.14335800897
"US",2026-10-03,3,2026-10-24,"wk inc flu hosp","quantile","0.85",6061.56578311356
"US",2026-10-03,3,2026-10-24,"wk inc flu hosp","quantile","0.9",6780.1790125449
"US",2026-10-03,3,2026-10-24,"wk inc flu hosp","quantile","0.95",8273.77195817965
"US",2026-10-03,3,2026-10-24,"wk inc flu hosp","quantile","0.975",9334.60073373922
"US",2026-10-03,3,2026-10-24,"wk inc flu hosp","quantile","0.99",10883.4816482465
"01",2026-10-03,0,2026-10-03,"wk flu hosp rate change","pmf","large_decrease",1.98922885927637e-21
"01",2026-10-03,0,2026-10-03,"wk flu hosp rate change","pmf","decrease",0.045138523812481
"01",2026-10-03,0,2026-10-03,"wk flu hosp rate change","pmf","stable",0.734757688654813
"01",2026-10-03,0,2026-10-03,"wk flu hosp rate change","pmf","increase",0.218877298762838
"01",2026-10-03,0,2026-10-03,"wk flu hosp rate change","pmf","large_increase",0.00122648876986786
"01",2026-10-03,1,2026-10-10,"wk flu hosp rate change","pmf","large_decrease",4.95102815271252e-57
"01",2026-10-03,1,2026-10-10,"wk flu hosp rate change","pmf","decrease",0.00801675604849651
"01",2026-10-03,1,2026-10-10,"wk flu hosp rate change","pmf","stable",0.751082554971371
"01",2026-10-03,1,2026-10-10,"wk flu hosp rate change","pmf","increase",0.240591196620828
"01",2026-10-03,1,2026-10-10,"wk flu hosp rate change","pmf","large_increase",0.00030949235930422
"01",2026-10-03,2,2026-10-17,"wk flu hosp rate change","pmf","large_decrease",2.32062426588823e-161
"01",2026-10-03,2,2026-10-17,"wk flu hosp rate change","pmf","decrease",0.00016236397832657
"01",2026-10-03,2,2026-10-17,"wk flu hosp rate change","pmf","stable",0.757554006511017
"01",2026-10-03,2,2026-10-17,"wk flu hosp rate change","pmf","increase",0.241680937779687
"01",2026-10-03,2,2026-10-17,"wk flu hosp rate change","pmf","large_increase",0.000602691730969607
"01",2026-10-03,3,2026-10-24,"wk flu hosp rate change","pmf","large_decrease",0
"01",2026-10-03,3,2026-10-24,"wk flu hosp rate change","pmf","decrease",1.33398247984994e-19
"01",2026-10-03,3,2026-10-24,"wk flu hosp rate change","pmf","stable",0.784387731492226
"01",2026-10-03,3,2026-10-24,"wk flu hosp rate change","pmf","increase",0.214039478408615
"01",2026-10-03,3,2026-10-24,"wk flu hosp rate change","pmf","large_increase",0.00157279009915867
"02",2026-10-03,0,2026-10-03,"wk flu hosp rate change","pmf","large_decrease",0.00340077589076613
"02",2026-10-03,0,2026-10-03,"wk flu hosp rate change","pmf","decrease",0.0367300132557575
"02",2026-10-03,0,2026-10-03,"wk flu hosp rate change","pmf","stable",0.815673807506117
"02",2026-10-03,0,2026-10-03,"wk flu hosp rate change","pmf","increase",0.0703368748743746
"02",2026-10-03,0,2026-10-03,"wk flu hosp rate change","pmf","large_increase",0.0738585284729847
"02",2026-10-03,1,2026-10-10,"wk flu hosp rate change","pmf","large_decrease",2.99581762207701e-15
"02",2026-10-03,1,2026-10-10,"wk flu hosp rate change","pmf","decrease",0.0995110884630363
"02",2026-10-03,1,2026-10-10,"wk flu hosp rate change","pmf","stable",0.677111824000562
"02",2026-10-03,1,2026-10-10,"wk flu hosp rate change","pmf","increase",0.168083970573533
"02",2026-10-03,1,2026-10-10,"wk flu hosp rate change","pmf","large_increase",0.055293116962866
"02",2026-10-03,2,2026-10-17,"wk flu hosp rate change","pmf","large_decrease",1.05562228475587e-98
"02",2026-10-03,2,2026-10-17,"wk flu hosp rate change","pmf","decrease",0.140004855282781
"02",2026-10-03,2,2026-10-17,"wk flu hosp rate change","pmf","stable",0.605990744194744
"02",2026-10-03,2,2026-10-17,"wk flu hosp rate change","pmf","increase",0.191204368098542
"02",2026-10-03,2,2026-10-17,"wk flu hosp rate change","pmf","large_increase",0.0628000324239332
"02",2026-10-03,3,2026-10-24,"wk flu hosp rate change","pmf","large_decrease",3.57191244211177e-215
"02",2026-10-03,3,2026-10-24,"wk flu hosp rate change","pmf","decrease",0.175792340678238
"02",2026-10-03,3,2026-10-24,"wk flu hosp rate change","pmf","stable",0.556336416185193
"02",2026-10-03,3,2026-10-24,"wk flu hosp rate change","pmf","increase",0.207525772119306
"02",2026-10-03,3,2026-10-24,"wk flu hosp rate change","pmf","large_increase",0.0603454710172628
"04",2026-10-03,0,2026-10-03,"wk flu hosp rate change","pmf","large_decrease",2.50658525788383e-52
"04",2026-10-03,0,2026-10-03,"wk flu hosp rate change","pmf","decrease",0.00555978685753097
"04",2026-10-03,0,2026-10-03,"wk flu hosp rate change","pmf","stable",0.823590094581705
"04",2026-10-03,0,2026-10-03,"wk flu hosp rate change","pmf","increase",0.170551715950598
"04",2026-10-03,0,2026-10-03,"wk flu hosp rate change","pmf","large_increase",0.000298402610166559
"04",2026-10-03,1,2026-10-10,"wk flu hosp rate change","pmf","large_decrease",0
"04",2026-10-03,1,2026-10-10,"wk flu hosp rate change","pmf","decrease",1.20681696445664e-09
"04",2026-10-03,1,2026-10-10,"wk flu hosp rate change","pmf","stable",0.803306902082483
"04",2026-10-03,1,2026-10-10,"wk flu hosp rate change","pmf","increase",0.196514899891787
"04",2026-10-03,1,2026-10-10,"wk flu hosp rate change","pmf","large_increase",0.000178196818913068
"04",2026-10-03,2,2026-10-17,"wk flu hosp rate change","pmf","large_decrease",0
"04",2026-10-03,2,2026-10-17,"wk flu hosp rate change","pmf","decrease",3.96175894311404e-18
"04",2026-10-03,2,2026-10-17,"wk flu hosp rate change","pmf","stable",0.785223107962548
"04",2026-10-03,2,2026-10-17,"wk flu hosp rate change","pmf","increase",0.214321422435422
"04",2026-10-03,2,2026-10-17,"wk flu hosp rate change","pmf","large_increase",0.00045546960202969
"04",2026-10-03,3,2026-10-24,"wk flu hosp rate change","pmf","large_decrease",0
"04",2026-10-03,3,2026-10-24,"wk flu hosp rate change","pmf","decrease",2.46538011130538e-40
"04",2026-10-03,3,2026-10-24,"wk flu hosp rate change","pmf","stable",0.790902314872485
"04",2026-10-03,3,2026-10-24,"wk flu hosp rate change","pmf","increase",0.207711504922341
"04",2026-10-03,3,2026-10-24,"wk flu hosp rate change","pmf","large_increase",0.00138618020517434
"05",2026-10-03,0,2026-10-03,"wk flu hosp rate change","pmf","large_decrease",5.34107874064806e-108
"05",2026-10-03,0,2026-10-03,"wk flu hosp rate change","pmf","decrease",0.00235388795439718
"05",2026-10-03,0,2026-10-03,"wk flu hosp rate change","pmf","stable",0.833110473450728
"05",2026-10-03,0,2026-10-03,"wk flu hosp rate change","pmf","increase",0.163992836312985
"05",2026-10-03,0,2026-10-03,"wk flu hosp rate change","pmf","large_increase",0.00054280228188941
"05",2026-10-03,1,2026-10-10,"wk flu hosp rate change","pmf","large_decrease",0
"05",2026-10-03,1,2026-10-10,"wk flu hosp rate change","pmf","decrease",2.15030128066603e-12
"05",2026-10-03,1,2026-10-10,"wk flu hosp rate change","pmf","stable",0.809595783600029
"05",2026-10-03,1,2026-10-10,"wk flu hosp rate change","pmf","increase",0.190188525062085
"05",2026-10-03,1,2026-10-10,"wk flu hosp rate change","pmf","large_increase",0.000215691335735402
"05",2026-10-03,2,2026-10-17,"wk flu hosp rate change","pmf","large_decrease",0
"05",2026-10-03,2,2026-10-17,"wk flu hosp rate change","pmf","decrease",1.04554601952146e-27
"05",2026-10-03,2,2026-10-17,"wk flu hosp rate change","pmf","stable",0.793181362756505
"05",2026-10-03,2,2026-10-17,"wk flu hosp rate change","pmf","increase",0.206230643638625
"05",2026-10-03,2,2026-10-17,"wk flu hosp rate change","pmf","large_increase",0.000587993604870496
"05",2026-10-03,3,2026-10-24,"wk flu hosp rate change","pmf","large_decrease",0
"05",2026-10-03,3,2026-10-24,"wk flu hosp rate change","pmf","decrease",1.71825097391725e-69
"05",2026-10-03,3,2026-10-24,"wk flu hosp rate change","pmf","stable",0.788385098075587
"05",2026-10-03,3,2026-10-24,"wk flu hosp rate change","pmf","increase",0.209719577376174
"05",2026-10-03,3,2026-10-24,"wk flu hosp rate change","pmf","large_increase",0.00189532454823915
"06",2026-10-03,0,2026-10-03,"wk flu hosp rate change","pmf","large_decrease",2.9179473079049e-20
"06",2026-10-03,0,2026-10-03,"wk flu hosp rate change","pmf","decrease",0.0204659322825048
"06",2026-10-03,0,2026-10-03,"wk flu hosp rate change","pmf","stable",0.728546703244059
"06",2026-10-03,0,2026-10-03,"wk flu hosp rate change","pmf","increase",0.250811927540199
"06",2026-10-03,0,2026-10-03,"wk flu hosp rate change","pmf","large_increase",0.000175436933237627
"06",2026-10-03,1,2026-10-10,"wk flu hosp rate change","pmf","large_decrease",4.24589189950722e-32
"06",2026-10-03,1,2026-10-10,"wk flu hosp rate change","pmf","decrease",0.00566447915811654
"06",2026-10-03,1,2026-10-10,"wk flu hosp rate change","pmf","stable",0.744523025839168
"06",2026-10-03,1,2026-10-10,"wk flu hosp rate change","pmf","increase",0.249809623943565
"06",2026-10-03,1,2026-10-10,"wk flu hosp rate change","pmf","large_increase",2.87105915086627e-06
"06",2026-10-03,2,2026-10-17,"wk flu hosp rate change","pmf","large_decrease",1.81575166487874e-44
"06",2026-10-03,2,2026-10-17,"wk flu hosp rate change","pmf","decrease",0.00142015859234942
"06",2026-10-03,2,2026-10-17,"wk flu hosp rate change","pmf","stable",0.778561238295838
"06",2026-10-03,2,2026-10-17,"wk flu hosp rate change","pmf","increase",0.219929458695315
"06",2026-10-03,2,2026-10-17,"wk flu hosp rate change","pmf","large_increase",8.9144416496878e-05
"06",2026-10-03,3,2026-10-24,"wk flu hosp rate change","pmf","large_decrease",1.96473274344509e-56
"06",2026-10-03,3,2026-10-24,"wk flu hosp rate change","pmf","decrease",0.000116701173070254
"06",2026-10-03,3,2026-10-24,"wk flu hosp rate change","pmf","stable",0.820748291476121
"06",2026-10-03,3,2026-10-24,"wk flu hosp rate change","pmf","increase",0.179027746722171
"06",2026-10-03,3,2026-10-24,"wk flu hosp rate change","pmf","large_increase",0.000107260628637529
"08",2026-10-03,0,2026-10-03,"wk flu hosp rate change","pmf","large_decrease",1.251559006156e-55
"08",2026-10-03,0,2026-10-03,"wk flu hosp rate change","pmf","decrease",0.00519534363198211
"08",2026-10-03,0,2026-10-03,"wk flu hosp rate change","pmf","stable",0.852083984843521
"08",2026-10-03,0,2026-10-03,"wk flu hosp rate change","pmf","increase",0.142616988207933
"08",2026-10-03,0,2026-10-03,"wk flu hosp rate change","pmf","large_increase",0.000103683316563852
"08",2026-10-03,1,2026-10-10,"wk flu hosp rate change","pmf","large_decrease",4.01645376619479e-91
"08",2026-10-03,1,2026-10-10,"wk flu hosp rate change","pmf","decrease",0.000262989438299467
"08",2026-10-03,1,2026-10-10,"wk flu hosp rate change","pmf","stable",0.828267473347121
"08",2026-10-03,1,2026-10-10,"wk flu hosp rate change","pmf","increase",0.171466256832317
"08",2026-10-03,1,2026-10-10,"wk flu hosp rate change","pmf","large_increase",3.28038226204974e-06
"08",2026-10-03,2,2026-10-17,"wk flu hosp rate change","pmf","large_decrease",0
"08",2026-10-03,2,2026-10-17,"wk flu hosp rate change","pmf","decrease",1.9458010318294e-27
"08",2026-10-03,2,2026-10-17,"wk flu hosp rate change","pmf","stable",0.817595366557865
"08",2026-10-03,2,2026-10-17,"wk flu hosp rate change","pmf","increase",0.182390859886057
"08",2026-10-03,2,2026-10-17,"wk flu hosp rate change","pmf","large_increase",1.37735560782337e-05
"08",2026-10-03,3,2026-10-24,"wk flu hosp rate change","pmf","large_decrease",0
"08",2026-10-03,3,2026-10-24,"wk flu hosp rate change","pmf","decrease",1.25527721971024e-86
"08",2026-10-03,3,2026-10-24,"wk flu hosp rate change","pmf","stable",0.833467811870771
"08",2026-10-03,3,2026-10-24,"wk flu hosp rate change","pmf","increase",0.166385035606724
"08",2026-10-03,3,2026-10-24,"wk flu hosp rate change","pmf","large_increase",0.000147152522504523
"09",2026-10-03,0,2026-10-03,"wk flu hosp rate change","pmf","large_decrease",0
"09",2026-10-03,0,2026-10-03,"wk flu hosp rate change","pmf","decrease",1.29581706605074e-05
"09",2026-10-03,0,2026-10-03,"wk flu hosp rate change","pmf","stable",0.900560038524441
"09",2026-10-03,0,2026-10-03,"wk flu hosp rate change","pmf","increase",0.0993910323789786
"09",2026-10-03,0,2026-10-03,"wk flu hosp rate change","pmf","large_increase",3.59709259203367e-05
"09",2026-10-03,1,2026-10-10,"wk flu hosp rate change","pmf","large_decrease",0
"09",2026-10-03,1,2026-10-10,"wk flu hosp rate change","pmf","decrease",1.53103175700412e-19
"09",2026-10-03,1,2026-10-10,"wk flu hosp rate change","pmf","stable",0.887800460783226
"09",2026-10-03,1,2026-10-10,"wk flu hosp rate change","pmf","increase",0.112191139488502
"09",2026-10-03,1,2026-10-10,"wk flu hosp rate change","pmf","large_increase",8.39972827171298e-06
"09",2026-10-03,2,2026-10-17,"wk flu hosp rate change","pmf","large_decrease",0
"09",2026-10-03,2,2026-10-17,"wk flu hosp rate change","pmf","decrease",2.83737258479663e-38
"09",2026-10-03,2,2026-10-17,"wk flu hosp rate change","pmf","stable",0.869748066736409
"09",2026-10-03,2,2026-10-17,"wk flu hosp rate change","pmf","increase",0.13022488901804
"09",2026-10-03,2,2026-10-17,"wk flu hosp rate change","pmf","large_increase",2.70442455512221e-05
"09",2026-10-03,3,2026-10-24,"wk flu hosp rate change","pmf","large_decrease",0
"09",2026-10-03,3,2026-10-24,"wk flu hosp rate change","pmf","decrease",7.91714111816483e-99
"09",2026-10-03,3,2026-10-24,"wk flu hosp rate change","pmf","stable",0.875164009902901
"09",2026-10-03,3,2026-10-24,"wk flu hosp rate change","pmf","increase",0.124669705252918
"09",2026-10-03,3,2026-10-24,"wk flu hosp rate change","pmf","large_increase",0.000166284844181352
"10",2026-10-03,0,2026-10-03,"wk flu hosp rate change","pmf","large_decrease",0
"10",2026-10-03,0,2026-10-03,"wk flu hosp rate change","pmf","decrease",0
"10",2026-10-03,0,2026-10-03,"wk flu hosp rate change","pmf","stable",0.992178059446461
"10",2026-10-03,0,2026-10-03,"wk flu hosp rate change","pmf","increase",0.00760628505513528
"10",2026-10-03,0,2026-10-03,"wk flu hosp rate change","pmf","large_increase",0.000215655498404077
"10",2026-10-03,1,2026-10-10,"wk flu hosp rate change","pmf","large_decrease",0
"10",2026-10-03,1,2026-10-10,"wk flu hosp rate change","pmf","decrease",0
"10",2026-10-03,1,2026-10-10,"wk flu hosp rate change","pmf","stable",0.968818885915409
"10",2026-10-03,1,2026-10-10,"wk flu hosp rate change","pmf","increase",0.0308789658462321
"10",2026-10-03,1,2026-10-10,"wk flu hosp rate change","pmf","large_increase",0.000302148238358724
"10",2026-10-03,2,2026-10-17,"wk flu hosp rate change","pmf","large_decrease",0
"10",2026-10-03,2,2026-10-17,"wk flu hosp rate change","pmf","decrease",0
"10",2026-10-03,2,2026-10-17,"wk flu hosp rate change","pmf","stable",0.92109502237599
"10",2026-10-03,2,2026-10-17,"wk flu hosp rate change","pmf","increase",0.0787733551867997
"10",2026-10-03,2,2026-10-17,"wk flu hosp rate change","pmf","large_increase",0.000131622437210765
"10",2026-10-03,3,2026-10-24,"wk flu hosp rate change","pmf","large_decrease",0
"10",2026-10-03,3,2026-10-24,"wk flu hosp rate change","pmf","decrease",0
"10",2026-10-03,3,2026-10-24,"wk flu hosp rate change","pmf","stable",0.874906441559164
"10",2026-10-03,3,2026-10-24,"wk flu hosp rate change","pmf","increase",0.12410827551512
"10",2026-10-03,3,2026-10-24,"wk flu hosp rate change","pmf","large_increase",0.000985282925716091
"11",2026-10-03,0,2026-10-03,"wk flu hosp rate change","pmf","large_decrease",0
"11",2026-10-03,0,2026-10-03,"wk flu hosp rate change","pmf","decrease",4.72755175359078e-218
"11",2026-10-03,0,2026-10-03,"wk flu hosp rate change","pmf","stable",0.977473610572687
"11",2026-10-03,0,2026-10-03,"wk flu hosp rate change","pmf","increase",0.0102331141389235
"11",2026-10-03,0,2026-10-03,"wk flu hosp rate change","pmf","large_increase",0.0122932752883899
"11",2026-10-03,1,2026-10-10,"wk flu hosp rate change","pmf","large_decrease",0
"11",2026-10-03,1,2026-10-10,"wk flu hosp rate change","pmf","decrease",6.15602380686061e-215
"11",2026-10-03,1,2026-10-10,"wk flu hosp rate change","pmf","stable",0.911949567716461
"11",2026-10-03,1,2026-10-10,"wk flu hosp rate change","pmf","increase",0.0743905252960833
"11",2026-10-03,1,2026-10-10,"wk flu hosp rate change","pmf","large_increase",0.013659906987456
"11",2026-10-03,2,2026-10-17,"wk flu hosp rate change","pmf","large_decrease",0
"11",2026-10-03,2,2026-10-17,"wk flu hosp rate change","pmf","decrease",4.28922605819954e-194
"11",2026-10-03,2,2026-10-17,"wk flu hosp rate change","pmf","stable",0.817681593343515
"11",2026-10-03,2,2026-10-17,"wk flu hosp rate change","pmf","increase",0.162732353029454
"11",2026-10-03,2,2026-10-17,"wk flu hosp rate change","pmf","large_increase",0.0195860536270303
"11",2026-10-03,3,2026-10-24,"wk flu hosp rate change","pmf","large_decrease",0
"11",2026-10-03,3,2026-10-24,"wk flu hosp rate change","pmf","decrease",3.77831579276354e-206
"11",2026-10-03,3,2026-10-24,"wk flu hosp rate change","pmf","stable",0.751983455923414
"11",2026-10-03,3,2026-10-24,"wk flu hosp rate change","pmf","increase",0.220294300188391
"11",2026-10-03,3,2026-10-24,"wk flu hosp rate change","pmf","large_increase",0.0277222438881948
"12",2026-10-03,0,2026-10-03,"wk flu hosp rate change","pmf","large_decrease",3.76480644399871e-11
"12",2026-10-03,0,2026-10-03,"wk flu hosp rate change","pmf","decrease",0.0759892407769737
"12",2026-10-03,0,2026-10-03,"wk flu hosp rate change","pmf","stable",0.524441132549058
"12",2026-10-03,0,2026-10-03,"wk flu hosp rate change","pmf","increase",0.390037569384459
"12",2026-10-03,0,2026-10-03,"wk flu hosp rate change","pmf","large_increase",0.00953205725186146
"12",2026-10-03,1,2026-10-10,"wk flu hosp rate change","pmf","large_decrease",1.84022442771913e-19
"12",2026-10-03,1,2026-10-10,"wk flu hosp rate change","pmf","decrease",0.0313209926666951
"12",2026-10-03,1,2026-10-10,"wk flu hosp rate change","pmf","stable",0.546065090828424
"12",2026-10-03,1,2026-10-10,"wk flu hosp rate change","pmf","increase",0.414100197549386
"12",2026-10-03,1,2026-10-10,"wk flu hosp rate change","pmf","large_increase",0.00851371895549446
"12",2026-10-03,2,2026-10-17,"wk flu hosp rate change","pmf","large_decrease",1.43056275857466e-19
"12",2026-10-03,2,2026-10-17,"wk flu hosp rate change","pmf","decrease",0.0146140949671264
"12",2026-10-03,2,2026-10-17,"wk flu hosp rate change","pmf","stable",0.551851608498692
"12",2026-10-03,2,2026-10-17,"wk flu hosp rate change","pmf","increase",0.421058371838787
"12",2026-10-03,2,2026-10-17,"wk flu hosp rate change","pmf","large_increase",0.012475924695394
"12",2026-10-03,3,2026-10-24,"wk flu hosp rate change","pmf","large_decrease",4.85443885187881e-27
"12",2026-10-03,3,2026-10-24,"wk flu hosp rate change","pmf","decrease",0.00365928985867547
"12",2026-10-03,3,2026-10-24,"wk flu hosp rate change","pmf","stable",0.578043808415075
"12",2026-10-03,3,2026-10-24,"wk flu hosp rate change","pmf","increase",0.406613527051065
"12",2026-10-03,3,2026-10-24,"wk flu hosp rate change","pmf","large_increase",0.0116833746751845
"13",2026-10-03,0,2026-10-03,"wk flu hosp rate change","pmf","large_decrease",4.3981408827159e-286
"13",2026-10-03,0,2026-10-03,"wk flu hosp rate change","pmf","decrease",4.38647656290927e-06
"13",2026-10-03,0,2026-10-03,"wk flu hosp rate change","pmf","stable",0.936141763677509
"13",2026-10-03,0,2026-10-03,"wk flu hosp rate change","pmf","increase",0.063849208309354
"13",2026-10-03,0,2026-10-03,"wk flu hosp rate change","pmf","large_increase",4.6415365736463e-06
"13",2026-10-03,1,2026-10-10,"wk flu hosp rate change","pmf","large_decrease",0
"13",2026-10-03,1,2026-10-10,"wk flu hosp rate change","pmf","decrease",7.56930723011863e-18
"13",2026-10-03,1,2026-10-10,"wk flu hosp rate change","pmf","stable",0.926028848154896
"13",2026-10-03,1,2026-10-10,"wk flu hosp rate change","pmf","increase",0.0739710610842569
"13",2026-10-03,1,2026-10-10,"wk flu hosp rate change","pmf","large_increase",9.07608473932342e-08
"13",2026-10-03,2,2026-10-17,"wk flu hosp rate change","pmf","large_decrease",0
"13",2026-10-03,2,2026-10-17,"wk flu hosp rate change","pmf","decrease",4.82703021152108e-37
"13",2026-10-03,2,2026-10-17,"wk flu hosp rate change","pmf","stable",0.914614182208775
"13",2026-10-03,2,2026-10-17,"wk flu hosp rate change","pmf","increase",0.0853846939944033
"13",2026-10-03,2,2026-10-17,"wk flu hosp rate change","pmf","large_increase",1.12379682171149e-06
"13",2026-10-03,3,2026-10-24,"wk flu hosp rate change","pmf","large_decrease",0
"13",2026-10-03,3,2026-10-24,"wk flu hosp rate change","pmf","decrease",4.99956387920654e-80
"13",2026-10-03,3,2026-10-24,"wk flu hosp rate change","pmf","stable",0.924917874366703
"13",2026-10-03,3,2026-10-24,"wk flu hosp rate change","pmf","increase",0.075080382202074
"13",2026-10-03,3,2026-10-24,"wk flu hosp rate change","pmf","large_increase",1.74343122250065e-06
"15",2026-10-03,0,2026-10-03,"wk flu hosp rate change","pmf","large_decrease",5.84636518280763e-05
"15",2026-10-03,0,2026-10-03,"wk flu hosp rate change","pmf","decrease",0.160482578283931
"15",2026-10-03,0,2026-10-03,"wk flu hosp rate change","pmf","stable",0.570107397858553
"15",2026-10-03,0,2026-10-03,"wk flu hosp rate change","pmf","increase",0.218095431836548
"15",2026-10-03,0,2026-10-03,"wk flu hosp rate change","pmf","large_increase",0.0512561283691402
"15",2026-10-03,1,2026-10-10,"wk flu hosp rate change","pmf","large_decrease",3.42444293027955e-14
"15",2026-10-03,1,2026-10-10,"wk flu hosp rate change","pmf","decrease",0.175437614702786
"15",2026-10-03,1,2026-10-10,"wk flu hosp rate change","pmf","stable",0.420508294870674
"15",2026-10-03,1,2026-10-10,"wk flu hosp rate change","pmf","increase",0.343386459295302
"15",2026-10-03,1,2026-10-10,"wk flu hosp rate change","pmf","large_increase",0.060667631131204
"15",2026-10-03,2,2026-10-17,"wk flu hosp rate change","pmf","large_decrease",2.7095382286361e-21
"15",2026-10-03,2,2026-10-17,"wk flu hosp rate change","pmf","decrease",0.183792866776263
"15",2026-10-03,2,2026-10-17,"wk flu hosp rate change","pmf","stable",0.357431224457889
"15",2026-10-03,2,2026-10-17,"wk flu hosp rate change","pmf","increase",0.394547688744382
"15",2026-10-03,2,2026-10-17,"wk flu hosp rate change","pmf","large_increase",0.0642282200214663
"15",2026-10-03,3,2026-10-24,"wk flu hosp rate change","pmf","large_decrease",3.44965586051556e-87
"15",2026-10-03,3,2026-10-24,"wk flu hosp rate change","pmf","decrease",0.140221969275066
"15",2026-10-03,3,2026-10-24,"wk flu hosp rate change","pmf","stable",0.418306599163453
"15",2026-10-03,3,2026-10-24,"wk flu hosp rate change","pmf","increase",0.374250174474041
"15",2026-10-03,3,2026-10-24,"wk flu hosp rate change","pmf","large_increase",0.0672212570874403
"16",2026-10-03,0,2026-10-03,"wk flu hosp rate change","pmf","large_decrease",9.65136443160528e-30
"16",2026-10-03,0,2026-10-03,"wk flu hosp rate change","pmf","decrease",0.00437110730056113
"16",2026-10-03,0,2026-10-03,"wk flu hosp rate change","pmf","stable",0.837422407996351
"16",2026-10-03,0,2026-10-03,"wk flu hosp rate change","pmf","increase",0.154376605583668
"16",2026-10-03,0,2026-10-03,"wk flu hosp rate change","pmf","large_increase",0.00382987911941912
"16",2026-10-03,1,2026-10-10,"wk flu hosp rate change","pmf","large_decrease",4.44505491549386e-259
"16",2026-10-03,1,2026-10-10,"wk flu hosp rate change","pmf","decrease",0.00680947612228569
"16",2026-10-03,1,2026-10-10,"wk flu hosp rate change","pmf","stable",0.698438656715199
"16",2026-10-03,1,2026-10-10,"wk flu hosp rate change","pmf","increase",0.293220363864121
"16",2026-10-03,1,2026-10-10,"wk flu hosp rate change","pmf","large_increase",0.00153150329839447
"16",2026-10-03,2,2026-10-17,"wk flu hosp rate change","pmf","large_decrease",0
"16",2026-10-03,2,2026-10-17,"wk flu hosp rate change","pmf","decrease",6.36611353065376e-11
"16",2026-10-03,2,2026-10-17,"wk flu hosp rate change","pmf","stable",0.702924155295312
"16",2026-10-03,2,2026-10-17,"wk flu hosp rate change","pmf","increase",0.291571187591507
"16",2026-10-03,2,2026-10-17,"wk flu hosp rate change","pmf","large_increase",0.00550465704951919
"16",2026-10-03,3,2026-10-24,"wk flu hosp rate change","pmf","large_decrease",0
"16",2026-10-03,3,2026-10-24,"wk flu hosp rate change","pmf","decrease",1.20007261876377e-36
"16",2026-10-03,3,2026-10-24,"wk flu hosp rate change","pmf","stable",0.72006388326337
"16",2026-10-03,3,2026-10-24,"wk flu hosp rate change","pmf","increase",0.270964872626351
"16",2026-10-03,3,2026-10-24,"wk flu hosp rate change","pmf","large_increase",0.00897124411027916
"17",2026-10-03,0,2026-10-03,"wk flu hosp rate change","pmf","large_decrease",8.05666692555052e-54
"17",2026-10-03,0,2026-10-03,"wk flu hosp rate change","pmf","decrease",0.024935742131141
"17",2026-10-03,0,2026-10-03,"wk flu hosp rate change","pmf","stable",0.764450092342959
"17",2026-10-03,0,2026-10-03,"wk flu hosp rate change","pmf","increase",0.21046659240713
"17",2026-10-03,0,2026-10-03,"wk flu hosp rate change","pmf","large_increase",0.000147573118770339
"17",2026-10-03,1,2026-10-10,"wk flu hosp rate change","pmf","large_decrease",1.23224490117091e-120
"17",2026-10-03,1,2026-10-10,"wk flu hosp rate change","pmf","decrease",0.000916950193592749
"17",2026-10-03,1,2026-10-10,"wk flu hosp rate change","pmf","stable",0.776771095547806
"17",2026-10-03,1,2026-10-10,"wk flu hosp rate change","pmf","increase",0.222164495578357
"17",2026-10-03,1,2026-10-10,"wk flu hosp rate change","pmf","large_increase",0.00014745868024435
"17",2026-10-03,2,2026-10-17,"wk flu hosp rate change","pmf","large_decrease",0
"17",2026-10-03,2,2026-10-17,"wk flu hosp rate change","pmf","decrease",4.29615863602272e-24
"17",2026-10-03,2,2026-10-17,"wk flu hosp rate change","pmf","stable",0.796733454678393
"17",2026-10-03,2,2026-10-17,"wk flu hosp rate change","pmf","increase",0.202919924838047
"17",2026-10-03,2,2026-10-17,"wk flu hosp rate change","pmf","large_increase",0.000346620483559823
"17",2026-10-03,3,2026-10-24,"wk flu hosp rate change","pmf","large_decrease",0
"17",2026-10-03,3,2026-10-24,"wk flu hosp rate change","pmf","decrease",9.93775590969949e-76
"17",2026-10-03,3,2026-10-24,"wk flu hosp rate change","pmf","stable",0.825031889888181
"17",2026-10-03,3,2026-10-24,"wk flu hosp rate change","pmf","increase",0.17461509153146
"17",2026-10-03,3,2026-10-24,"wk flu hosp rate change","pmf","large_increase",0.000353018580359743
"18",2026-10-03,0,2026-10-03,"wk flu hosp rate change","pmf","large_decrease",1.9514460652004e-76
"18",2026-10-03,0,2026-10-03,"wk flu hosp rate change","pmf","decrease",0.0146152962096413
"18",2026-10-03,0,2026-10-03,"wk flu hosp rate change","pmf","stable",0.796896291970438
"18",2026-10-03,0,2026-10-03,"wk flu hosp rate change","pmf","increase",0.187877562934676
"18",2026-10-03,0,2026-10-03,"wk flu hosp rate change","pmf","large_increase",0.000610848885244764
"18",2026-10-03,1,2026-10-10,"wk flu hosp rate change","pmf","large_decrease",3.59040988166874e-109
"18",2026-10-03,1,2026-10-10,"wk flu hosp rate change","pmf","decrease",0.000506286859580273
"18",2026-10-03,1,2026-10-10,"wk flu hosp rate change","pmf","stable",0.780795642035589
"18",2026-10-03,1,2026-10-10,"wk flu hosp rate change","pmf","increase",0.218397114789672
"18",2026-10-03,1,2026-10-10,"wk flu hosp rate change","pmf","large_increase",0.000300956315157808
"18",2026-10-03,2,2026-10-17,"wk flu hosp rate change","pmf","large_decrease",0
"18",2026-10-03,2,2026-10-17,"wk flu hosp rate change","pmf","decrease",4.55753577646978e-10
"18",2026-10-03,2,2026-10-17,"wk flu hosp rate change","pmf","stable",0.7632808853435
"18",2026-10-03,2,2026-10-17,"wk flu hosp rate change","pmf","increase",0.236285327375152
"18",2026-10-03,2,2026-10-17,"wk flu hosp rate change","pmf","large_increase",0.00043378682559414
"18",2026-10-03,3,2026-10-24,"wk flu hosp rate change","pmf","large_decrease",0
"18",2026-10-03,3,2026-10-24,"wk flu hosp rate change","pmf","decrease",2.60507122470696e-69
"18",2026-10-03,3,2026-10-24,"wk flu hosp rate change","pmf","stable",0.775473382667599
"18",2026-10-03,3,2026-10-24,"wk flu hosp rate change","pmf","increase",0.223003746670501
"18",2026-10-03,3,2026-10-24,"wk flu hosp rate change","pmf","large_increase",0.00152287066190027
"19",2026-10-03,0,2026-10-03,"wk flu hosp rate change","pmf","large_decrease",0
"19",2026-10-03,0,2026-10-03,"wk flu hosp rate change","pmf","decrease",1.94965275477831e-15
"19",2026-10-03,0,2026-10-03,"wk flu hosp rate change","pmf","stable",0.88726208378901
"19",2026-10-03,0,2026-10-03,"wk flu hosp rate change","pmf","increase",0.112699085342826
"19",2026-10-03,0,2026-10-03,"wk flu hosp rate change","pmf","large_increase",3.8830868162032e-05
"19",2026-10-03,1,2026-10-10,"wk flu hosp rate change","pmf","large_decrease",0
"19",2026-10-03,1,2026-10-10,"wk flu hosp rate change","pmf","decrease",1.67894736588477e-125
"19",2026-10-03,1,2026-10-10,"wk flu hosp rate change","pmf","stable",0.890144074917637
"19",2026-10-03,1,2026-10-10,"wk flu hosp rate change","pmf","increase",0.109852010580289
"19",2026-10-03,1,2026-10-10,"wk flu hosp rate change","pmf","large_increase",3.91450207348765e-06
"19",2026-10-03,2,2026-10-17,"wk flu hosp rate change","pmf","large_decrease",0
"19",2026-10-03,2,2026-10-17,"wk flu hosp rate change","pmf","decrease",0
"19",2026-10-03,2,2026-10-17,"wk flu hosp rate change","pmf","stable",0.879498051917726
"19",2026-10-03,2,2026-10-17,"wk flu hosp rate change","pmf","increase",0.120485263229243
"19",2026-10-03,2,2026-10-17,"wk flu hosp rate change","pmf","large_increase",1.66848530308572e-05
"19",2026-10-03,3,2026-10-24,"wk flu hosp rate change","pmf","large_decrease",0
"19",2026-10-03,3,2026-10-24,"wk flu hosp rate change","pmf","decrease",0
"19",2026-10-03,3,2026-10-24,"wk flu hosp rate change","pmf","stable",0.884680090761716
"19",2026-10-03,3,2026-10-24,"wk flu hosp rate change","pmf","increase",0.115157237502638
"19",2026-10-03,3,2026-10-24,"wk flu hosp rate change","pmf","large_increase",0.000162671735646214
"20",2026-10-03,0,2026-10-03,"wk flu hosp rate change","pmf","large_decrease",9.01179578036706e-91
"20",2026-10-03,0,2026-10-03,"wk flu hosp rate change","pmf","decrease",6.33446672063731e-05
"20",2026-10-03,0,2026-10-03,"wk flu hosp rate change","pmf","stable",0.943090547652835
"20",2026-10-03,0,2026-10-03,"wk flu hosp rate change","pmf","increase",0.0568416178108644
"20",2026-10-03,0,2026-10-03,"wk flu hosp rate change","pmf","large_increase",4.48986909451499e-06
"20",2026-10-03,1,2026-10-10,"wk flu hosp rate change","pmf","large_decrease",3.50625305300484e-273
"20",2026-10-03,1,2026-10-10,"wk flu hosp rate change","pmf","decrease",1.4891670620843e-09
"20",2026-10-03,1,2026-10-10,"wk flu hosp rate change","pmf","stable",0.923627194301696
"20",2026-10-03,1,2026-10-10,"wk flu hosp rate change","pmf","increase",0.0763718928122213
"20",2026-10-03,1,2026-10-10,"wk flu hosp rate change","pmf","large_increase",9.11396915381779e-07
"20",2026-10-03,2,2026-10-17,"wk flu hosp rate change","pmf","large_decrease",0
"20",2026-10-03,2,2026-10-17,"wk flu hosp rate change","pmf","decrease",3.34436380060429e-17
"20",2026-10-03,2,2026-10-17,"wk flu hosp rate change","pmf","stable",0.909277181968283
"20",2026-10-03,2,2026-10-17,"wk flu hosp rate change","pmf","increase",0.0907214182797079
"20",2026-10-03,2,2026-10-17,"wk flu hosp rate change","pmf","large_increase",1.39975200896814e-06
"20",2026-10-03,3,2026-10-24,"wk flu hosp rate change","pmf","large_decrease",0
"20",2026-10-03,3,2026-10-24,"wk flu hosp rate change","pmf","decrease",5.94589127301923e-33
"20",2026-10-03,3,2026-10-24,"wk flu hosp rate change","pmf","stable",0.906394981168674
"20",2026-10-03,3,2026-10-24,"wk flu hosp rate change","pmf","increase",0.0935141003273012
"20",2026-10-03,3,2026-10-24,"wk flu hosp rate change","pmf","large_increase",9.09185040245397e-05
"21",2026-10-03,0,2026-10-03,"wk flu hosp rate change","pmf","large_decrease",4.07214993941235e-88
"21",2026-10-03,0,2026-10-03,"wk flu hosp rate change","pmf","decrease",0.000624613839355309
"21",2026-10-03,0,2026-10-03,"wk flu hosp rate change","pmf","stable",0.820081921226031
"21",2026-10-03,0,2026-10-03,"wk flu hosp rate change","pmf","increase",0.179089970797732
"21",2026-10-03,0,2026-10-03,"wk flu hosp rate change","pmf","large_increase",0.000203494136882032
"21",2026-10-03,1,2026-10-10,"wk flu hosp rate change","pmf","large_decrease",9.8486746618216e-260
"21",2026-10-03,1,2026-10-10,"wk flu hosp rate change","pmf","decrease",1.81558219302678e-08
"21",2026-10-03,1,2026-10-10,"wk flu hosp rate change","pmf","stable",0.836824709833094
"21",2026-10-03,1,2026-10-10,"wk flu hosp rate change","pmf","increase",0.163148045291493
"21",2026-10-03,1,2026-10-10,"wk flu hosp rate change","pmf","large_increase",2.72267195914333e-05
"21",2026-10-03,2,2026-10-17,"wk flu hosp rate change","pmf","large_decrease",0
"21",2026-10-03,2,2026-10-17,"wk flu hosp rate change","pmf","decrease",4.53103406759726e-15
"21",2026-10-03,2,2026-10-17,"wk flu hosp rate change","pmf","stable",0.835981881183849
"21",2026-10-03,2,2026-10-17,"wk flu hosp rate change","pmf","increase",0.163943228363491
"21",2026-10-03,2,2026-10-17,"wk flu hosp rate change","pmf","large_increase",7.48904526554073e-05
"21",2026-10-03,3,2026-10-24,"wk flu hosp rate change","pmf","large_decrease",0
"21",2026-10-03,3,2026-10-24,"wk flu hosp rate change","pmf","decrease",3.33695040078186e-29
"21",2026-10-03,3,2026-10-24,"wk flu hosp rate change","pmf","stable",0.856771247780208
"21",2026-10-03,3,2026-10-24,"wk flu hosp rate change","pmf","increase",0.142960697615794
"21",2026-10-03,3,2026-10-24,"wk flu hosp rate change","pmf","large_increase",0.000268054603998702
"22",2026-10-03,0,2026-10-03,"wk flu hosp rate change","pmf","large_decrease",1.63446982868062e-09
"22",2026-10-03,0,2026-10-03,"wk flu hosp rate change","pmf","decrease",0.0926136293467691
"22",2026-10-03,0,2026-10-03,"wk flu hosp rate change","pmf","stable",0.548717549663924
"22",2026-10-03,0,2026-10-03,"wk flu hosp rate change","pmf","increase",0.350244446164997
"22",2026-10-03,0,2026-10-03,"wk flu hosp rate change","pmf","large_increase",0.00842437318984046
"22",2026-10-03,1,2026-10-10,"wk flu hosp rate change","pmf","large_decrease",2.27647132498544e-21
"22",2026-10-03,1,2026-10-10,"wk flu hosp rate change","pmf","decrease",0.0418662197986628
"22",2026-10-03,1,2026-10-10,"wk flu hosp rate change","pmf","stable",0.576761449759615
"22",2026-10-03,1,2026-10-10,"wk flu hosp rate change","pmf","increase",0.375163100096294
"22",2026-10-03,1,2026-10-10,"wk flu hosp rate change","pmf","large_increase",0.00620923034542786
"22",2026-10-03,2,2026-10-17,"wk flu hosp rate change","pmf","large_decrease",4.34696062755964e-33
"22",2026-10-03,2,2026-10-17,"wk flu hosp rate change","pmf","decrease",0.0143318701082388
"22",2026-10-03,2,2026-10-17,"wk flu hosp rate change","pmf","stable",0.601747878815322
"22",2026-10-03,2,2026-10-17,"wk flu hosp rate change","pmf","increase",0.373420909802696
"22",2026-10-03,2,2026-10-17,"wk flu hosp rate change","pmf","large_increase",0.0104993412737429
"22",2026-10-03,3,2026-10-24,"wk flu hosp rate change","pmf","large_decrease",1.0255442194734e-54
"22",2026-10-03,3,2026-10-24,"wk flu hosp rate change","pmf","decrease",0.00148018134652889
"22",2026-10-03,3,2026-10-24,"wk flu hosp rate change","pmf","stable",0.624972097521965
"22",2026-10-03,3,2026-10-24,"wk flu hosp rate change","pmf","increase",0.358797214133347
"22",2026-10-03,3,2026-10-24,"wk flu hosp rate change","pmf","large_increase",0.0147505069981587
"23",2026-10-03,0,2026-10-03,"wk flu hosp rate change","pmf","large_decrease",3.37706963440585e-93
"23",2026-10-03,0,2026-10-03,"wk flu hosp rate change","pmf","decrease",1.01434262008881e-11
"23",2026-10-03,0,2026-10-03,"wk flu hosp rate change","pmf","stable",0.940598118460419
"23",2026-10-03,0,2026-10-03,"wk flu hosp rate change","pmf","increase",0.0575923145853616
"23",2026-10-03,0,2026-10-03,"wk flu hosp rate change","pmf","large_increase",0.00180956694407586
"23",2026-10-03,1,2026-10-10,"wk flu hosp rate change","pmf","large_decrease",3.25132782939964e-289
"23",2026-10-03,1,2026-10-10,"wk flu hosp rate change","pmf","decrease",4.45780810598572e-11
"23",2026-10-03,1,2026-10-10,"wk flu hosp rate change","pmf","stable",0.862171678558761
"23",2026-10-03,1,2026-10-10,"wk flu hosp rate change","pmf","increase",0.136695070706519
"23",2026-10-03,1,2026-10-10,"wk flu hosp rate change","pmf","large_increase",0.0011332506901417
"23",2026-10-03,2,2026-10-17,"wk flu hosp rate change","pmf","large_decrease",0
"23",2026-10-03,2,2026-10-17,"wk flu hosp rate change","pmf","decrease",8.23832117198867e-12
"23",2026-10-03,2,2026-10-17,"wk flu hosp rate change","pmf","stable",0.779532840763691
"23",2026-10-03,2,2026-10-17,"wk flu hosp rate change","pmf","increase",0.218102924668042
"23",2026-10-03,2,2026-10-17,"wk flu hosp rate change","pmf","large_increase",0.00236423456002866
"23",2026-10-03,3,2026-10-24,"wk flu hosp rate change","pmf","large_decrease",0
"23",2026-10-03,3,2026-10-24,"wk flu hosp rate change","pmf","decrease",5.7160881872105e-26
"23",2026-10-03,3,2026-10-24,"wk flu hosp rate change","pmf","stable",0.789782051271505
"23",2026-10-03,3,2026-10-24,"wk flu hosp rate change","pmf","increase",0.205148393197766
"23",2026-10-03,3,2026-10-24,"wk flu hosp rate change","pmf","large_increase",0.00506955553072885
"24",2026-10-03,0,2026-10-03,"wk flu hosp rate change","pmf","large_decrease",3.51655861234166e-72
"24",2026-10-03,0,2026-10-03,"wk flu hosp rate change","pmf","decrease",0.00213534045818703
"24",2026-10-03,0,2026-10-03,"wk flu hosp rate change","pmf","stable",0.902582590373872
"24",2026-10-03,0,2026-10-03,"wk flu hosp rate change","pmf","increase",0.0952707051381857
"24",2026-10-03,0,2026-10-03,"wk flu hosp rate change","pmf","large_increase",1.13640297547679e-05
"24",2026-10-03,1,2026-10-10,"wk flu hosp rate change","pmf","large_decrease",0
"24",2026-10-03,1,2026-10-10,"wk flu hosp rate change","pmf","decrease",5.83245924423123e-13
"24",2026-10-03,1,2026-10-10,"wk flu hosp rate change","pmf","stable",0.892532354253314
"24",2026-10-03,1,2026-10-10,"wk flu hosp rate change","pmf","increase",0.107467288684084
"24",2026-10-03,1,2026-10-10,"wk flu hosp rate change","pmf","large_increase",3.57062018951915e-07
"24",2026-10-03,2,2026-10-17,"wk flu hosp rate change","pmf","large_decrease",0
"24",2026-10-03,2,2026-10-17,"wk flu hosp rate change","pmf","decrease",1.78601134575552e-28
"24",2026-10-03,2,2026-10-17,"wk flu hosp rate change","pmf","stable",0.878156312121328
"24",2026-10-03,2,2026-10-17,"wk flu hosp rate change","pmf","increase",0.121839355110883
"24",2026-10-03,2,2026-10-17,"wk flu hosp rate change","pmf","large_increase",4.33276778888381e-06
"24",2026-10-03,3,2026-10-24,"wk flu hosp rate change","pmf","large_decrease",0
"24",2026-10-03,3,2026-10-24,"wk flu hosp rate change","pmf","decrease",6.71432942964953e-66
"24",2026-10-03,3,2026-10-24,"wk flu hosp rate change","pmf","stable",0.894611858383319
"24",2026-10-03,3,2026-10-24,"wk flu hosp rate change","pmf","increase",0.105351971684453
"24",2026-10-03,3,2026-10-24,"wk flu hosp rate change","pmf","large_increase",3.61699322282139e-05
"25",2026-10-03,0,2026-10-03,"wk flu hosp rate change","pmf","large_decrease",0
"25",2026-10-03,0,2026-10-03,"wk flu hosp rate change","pmf","decrease",1.21335106288222e-11
"25",2026-10-03,0,2026-10-03,"wk flu hosp rate change","pmf","stable",0.960856373679217
"25",2026-10-03,0,2026-10-03,"wk flu hosp rate change","pmf","increase",0.0391325802951935
"25",2026-10-03,0,2026-10-03,"wk flu hosp rate change","pmf","large_increase",1.10460134556956e-05
"25",2026-10-03,1,2026-10-10,"wk flu hosp rate change","pmf","large_decrease",0
"25",2026-10-03,1,2026-10-10,"wk flu hosp rate change","pmf","decrease",4.78532164912021e-28
"25",2026-10-03,1,2026-10-10,"wk flu hosp rate change","pmf","stable",0.940392458640657
"25",2026-10-03,1,2026-10-10,"wk flu hosp rate change","pmf","increase",0.0596072708447719
"25",2026-10-03,1,2026-10-10,"wk flu hosp rate change","pmf","large_increase",2.70514571409919e-07
"25",2026-10-03,2,2026-10-17,"wk flu hosp rate change","pmf","large_decrease",0
"25",2026-10-03,2,2026-10-17,"wk flu hosp rate change","pmf","decrease",2.38799386533674e-46
"25",2026-10-03,2,2026-10-17,"wk flu hosp rate change","pmf","stable",0.928283992396861
"25",2026-10-03,2,2026-10-17,"wk flu hosp rate change","pmf","increase",0.0717154457786683
"25",2026-10-03,2,2026-10-17,"wk flu hosp rate change","pmf","large_increase",5.61824470945993e-07
"25",2026-10-03,3,2026-10-24,"wk flu hosp rate change","pmf","large_decrease",0
"25",2026-10-03,3,2026-10-24,"wk flu hosp rate change","pmf","decrease",1.86988581004662e-101
"25",2026-10-03,3,2026-10-24,"wk flu hosp rate change","pmf","stable",0.928222572172115
"25",2026-10-03,3,2026-10-24,"wk flu hosp rate change","pmf","increase",0.0717640744678671
"25",2026-10-03,3,2026-10-24,"wk flu hosp rate change","pmf","large_increase",1.33533600179536e-05
"26",2026-10-03,0,2026-10-03,"wk flu hosp rate change","pmf","large_decrease",1.10817098570759e-117
"26",2026-10-03,0,2026-10-03,"wk flu hosp rate change","pmf","decrease",0.0218688902055518
"26",2026-10-03,0,2026-10-03,"wk flu hosp rate change","pmf","stable",0.891218585572808
"26",2026-10-03,0,2026-10-03,"wk flu hosp rate change","pmf","increase",0.0868204588424834
"26",2026-10-03,0,2026-10-03,"wk flu hosp rate change","pmf","large_increase",9.20653791571802e-05
"26",2026-10-03,1,2026-10-10,"wk flu hosp rate change","pmf","large_decrease",0
"26",2026-10-03,1,2026-10-10,"wk flu hosp rate change","pmf","decrease",2.50499665654813e-45
"26",2026-10-03,1,2026-10-10,"wk flu hosp rate change","pmf","stable",0.888828355415314
"26",2026-10-03,1,2026-10-10,"wk flu hosp rate change","pmf","increase",0.111155694174582
"26",2026-10-03,1,2026-10-10,"wk flu hosp rate change","pmf","large_increase",1.59504101033825e-05
"26",2026-10-03,2,2026-10-17,"wk flu hosp rate change","pmf","large_decrease",0
"26",2026-10-03,2,2026-10-17,"wk flu hosp rate change","pmf","decrease",1.01735115552303e-206
"26",2026-10-03,2,2026-10-17,"wk flu hosp rate change","pmf","stable",0.870593825017185
"26",2026-10-03,2,2026-10-17,"wk flu hosp rate change","pmf","increase",0.129387326142167
"26",2026-10-03,2,2026-10-17,"wk flu hosp rate change","pmf","large_increase",1.88488406477338e-05
"26",2026-10-03,3,2026-10-24,"wk flu hosp rate change","pmf","large_decrease",0
"26",2026-10-03,3,2026-10-24,"wk flu hosp rate change","pmf","decrease",0
"26",2026-10-03,3,2026-10-24,"wk flu hosp rate change","pmf","stable",0.872982340800158
"26",2026-10-03,3,2026-10-24,"wk flu hosp rate change","pmf","increase",0.126992142797021
"26",2026-10-03,3,2026-10-24,"wk flu hosp rate change","pmf","large_increase",2.5516402821113e-05
"27",2026-10-03,0,2026-10-03,"wk flu hosp rate change","pmf","large_decrease",1.05297360657849e-76
"27",2026-10-03,0,2026-10-03,"wk flu hosp rate change","pmf","decrease",0.00983336188418303
"27",2026-10-03,0,2026-10-03,"wk flu hosp rate change","pmf","stable",0.833501036844583
"27",2026-10-03,0,2026-10-03,"wk flu hosp rate change","pmf","increase",0.156324856748993
"27",2026-10-03,0,2026-10-03,"wk flu hosp rate change","pmf","large_increase",0.000340744522240977
"27",2026-10-03,1,2026-10-10,"wk flu hosp rate change","pmf","large_decrease",0
"27",2026-10-03,1,2026-10-10,"wk flu hosp rate change","pmf","decrease",1.49868648413351e-12
"27",2026-10-03,1,2026-10-10,"wk flu hosp rate change","pmf","stable",0.817998395808301
"27",2026-10-03,1,2026-10-10,"wk flu hosp rate change","pmf","increase",0.181945877472369
"27",2026-10-03,1,2026-10-10,"wk flu hosp rate change","pmf","large_increase",5.57267178317167e-05
"27",2026-10-03,2,2026-10-17,"wk flu hosp rate change","pmf","large_decrease",0
"27",2026-10-03,2,2026-10-17,"wk flu hosp rate change","pmf","decrease",5.66428270538334e-34
"27",2026-10-03,2,2026-10-17,"wk flu hosp rate change","pmf","stable",0.8058093272833
"27",2026-10-03,2,2026-10-17,"wk flu hosp rate change","pmf","increase",0.193752512993195
"27",2026-10-03,2,2026-10-17,"wk flu hosp rate change","pmf","large_increase",0.000438159723505027
"27",2026-10-03,3,2026-10-24,"wk flu hosp rate change","pmf","large_decrease",0
"27",2026-10-03,3,2026-10-24,"wk flu hosp rate change","pmf","decrease",4.67957197607492e-78
"27",2026-10-03,3,2026-10-24,"wk flu hosp rate change","pmf","stable",0.820742371263644
"27",2026-10-03,3,2026-10-24,"wk flu hosp rate change","pmf","increase",0.178126582365155
"27",2026-10-03,3,2026-10-24,"wk flu hosp rate change","pmf","large_increase",0.00113104637120165
"28",2026-10-03,0,2026-10-03,"wk flu hosp rate change","pmf","large_decrease",3.08819623452531e-21
"28",2026-10-03,0,2026-10-03,"wk flu hosp rate change","pmf","decrease",0.121253720737031
"28",2026-10-03,0,2026-10-03,"wk flu hosp rate change","pmf","stable",0.663998444820342
"28",2026-10-03,0,2026-10-03,"wk flu hosp rate change","pmf","increase",0.212493129847894
"28",2026-10-03,0,2026-10-03,"wk flu hosp rate change","pmf","large_increase",0.00225470459473254
"28",2026-10-03,1,2026-10-10,"wk flu hosp rate change","pmf","large_decrease",3.73839093735829e-52
"28",2026-10-03,1,2026-10-10,"wk flu hosp rate change","pmf","decrease",0.04466105377647
"28",2026-10-03,1,2026-10-10,"wk flu hosp rate change","pmf","stable",0.712929605635513
"28",2026-10-03,1,2026-10-10,"wk flu hosp rate change","pmf","increase",0.241294338010023
"28",2026-10-03,1,2026-10-10,"wk flu hosp rate change","pmf","large_increase",0.00111500257799435
"28",2026-10-03,2,2026-10-17,"wk flu hosp rate change","pmf","large_decrease",4.1465040957059e-127
"28",2026-10-03,2,2026-10-17,"wk flu hosp rate change","pmf","decrease",0.00400511578473057
"28",2026-10-03,2,2026-10-17,"wk flu hosp rate change","pmf","stable",0.743393302782369
"28",2026-10-03,2,2026-10-17,"wk flu hosp rate change","pmf","increase",0.249816825159494
"28",2026-10-03,2,2026-10-17,"wk flu hosp rate change","pmf","large_increase",0.00278475627340657
"28",2026-10-03,3,2026-10-24,"wk flu hosp rate change","pmf","large_decrease",0
"28",2026-10-03,3,2026-10-24,"wk flu hosp rate change","pmf","decrease",1.00832284927e-24
"28",2026-10-03,3,2026-10-24,"wk flu hosp rate change","pmf","stable",0.750778279713389
"28",2026-10-03,3,2026-10-24,"wk flu hosp rate change","pmf","increase",0.245971139722332
"28",2026-10-03,3,2026-10-24,"wk flu hosp rate change","pmf","large_increase",0.00325058056427874
"29",2026-10-03,0,2026-10-03,"wk flu hosp rate change","pmf","large_decrease",2.86724895348783e-31
"29",2026-10-03,0,2026-10-03,"wk flu hosp rate change","pmf","decrease",0.0259116943775593
"29",2026-10-03,0,2026-10-03,"wk flu hosp rate change","pmf","stable",0.759262959530673
"29",2026-10-03,0,2026-10-03,"wk flu hosp rate change","pmf","increase",0.213653113942496
"29",2026-10-03,0,2026-10-03,"wk flu hosp rate change","pmf","large_increase",0.00117223214927209
"29",2026-10-03,1,2026-10-10,"wk flu hosp rate change","pmf","large_decrease",1.78760345996127e-135
"29",2026-10-03,1,2026-10-10,"wk flu hosp rate change","pmf","decrease",0.00134906617129742
"29",2026-10-03,1,2026-10-10,"wk flu hosp rate change","pmf","stable",0.780037484877021
"29",2026-10-03,1,2026-10-10,"wk flu hosp rate change","pmf","increase",0.218438676880374
"29",2026-10-03,1,2026-10-10,"wk flu hosp rate change","pmf","large_increase",0.000174772071307561
"29",2026-10-03,2,2026-10-17,"wk flu hosp rate change","pmf","large_decrease",0
"29",2026-10-03,2,2026-10-17,"wk flu hosp rate change","pmf","decrease",2.12561176810383e-12
"29",2026-10-03,2,2026-10-17,"wk flu hosp rate change","pmf","stable",0.767444990450137
"29",2026-10-03,2,2026-10-17,"wk flu hosp rate change","pmf","increase",0.231959733665298
"29",2026-10-03,2,2026-10-17,"wk flu hosp rate change","pmf","large_increase",0.000595275882440238
"29",2026-10-03,3,2026-10-24,"wk flu hosp rate change","pmf","large_decrease",0
"29",2026-10-03,3,2026-10-24,"wk flu hosp rate change","pmf","decrease",3.37955200925086e-33
"29",2026-10-03,3,2026-10-24,"wk flu hosp rate change","pmf","stable",0.777488813153735
"29",2026-10-03,3,2026-10-24,"wk flu hosp rate change","pmf","increase",0.220882215522959
"29",2026-10-03,3,2026-10-24,"wk flu hosp rate change","pmf","large_increase",0.00162897132330564
"30",2026-10-03,0,2026-10-03,"wk flu hosp rate change","pmf","large_decrease",0.00398911492561876
"30",2026-10-03,0,2026-10-03,"wk flu hosp rate change","pmf","decrease",0.151357504796184
"30",2026-10-03,0,2026-10-03,"wk flu hosp rate change","pmf","stable",0.538696789961264
"30",2026-10-03,0,2026-10-03,"wk flu hosp rate change","pmf","increase",0.169755844544137
"30",2026-10-03,0,2026-10-03,"wk flu hosp rate change","pmf","large_increase",0.136200745772796
"30",2026-10-03,1,2026-10-10,"wk flu hosp rate change","pmf","large_decrease",2.82724087446296e-07
"30",2026-10-03,1,2026-10-10,"wk flu hosp rate change","pmf","decrease",0.152247135599105
"30",2026-10-03,1,2026-10-10,"wk flu hosp rate change","pmf","stable",0.356213499924718
"30",2026-10-03,1,2026-10-10,"wk flu hosp rate change","pmf","increase",0.344867611268857
"30",2026-10-03,1,2026-10-10,"wk flu hosp rate change","pmf","large_increase",0.146671470483233
"30",2026-10-03,2,2026-10-17,"wk flu hosp rate change","pmf","large_decrease",1.42472840149337e-13
"30",2026-10-03,2,2026-10-17,"wk flu hosp rate change","pmf","decrease",0.160279857974806
"30",2026-10-03,2,2026-10-17,"wk flu hosp rate change","pmf","stable",0.295525190131484
"30",2026-10-03,2,2026-10-17,"wk flu hosp rate change","pmf","increase",0.40686870686486
"30",2026-10-03,2,2026-10-17,"wk flu hosp rate change","pmf","large_increase",0.137326245028707
"30",2026-10-03,3,2026-10-24,"wk flu hosp rate change","pmf","large_decrease",1.27106285781151e-12
"30",2026-10-03,3,2026-10-24,"wk flu hosp rate change","pmf","decrease",0.153166679734433
"30",2026-10-03,3,2026-10-24,"wk flu hosp rate change","pmf","stable",0.303810640198412
"30",2026-10-03,3,2026-10-24,"wk flu hosp rate change","pmf","increase",0.409614533633595
"30",2026-10-03,3,2026-10-24,"wk flu hosp rate change","pmf","large_increase",0.13340814643229
"31",2026-10-03,0,2026-10-03,"wk flu hosp rate change","pmf","large_decrease",0
"31",2026-10-03,0,2026-10-03,"wk flu hosp rate change","pmf","decrease",0
"31",2026-10-03,0,2026-10-03,"wk flu hosp rate change","pmf","stable",0.969329555785258
"31",2026-10-03,0,2026-10-03,"wk flu hosp rate change","pmf","increase",0.0306651429909796
"31",2026-10-03,0,2026-10-03,"wk flu hosp rate change","pmf","large_increase",5.30122376285469e-06
"31",2026-10-03,1,2026-10-10,"wk flu hosp rate change","pmf","large_decrease",0
"31",2026-10-03,1,2026-10-10,"wk flu hosp rate change","pmf","decrease",0
"31",2026-10-03,1,2026-10-10,"wk flu hosp rate change","pmf","stable",0.905225168638997
"31",2026-10-03,1,2026-10-10,"wk flu hosp rate change","pmf","increase",0.0947629750036
"31",2026-10-03,1,2026-10-10,"wk flu hosp rate change","pmf","large_increase",1.18563574029729e-05
"31",2026-10-03,2,2026-10-17,"wk flu hosp rate change","pmf","large_decrease",0
"31",2026-10-03,2,2026-10-17,"wk flu hosp rate change","pmf","decrease",0
"31",2026-10-03,2,2026-10-17,"wk flu hosp rate change","pmf","stable",0.886737454897693
"31",2026-10-03,2,2026-10-17,"wk flu hosp rate change","pmf","increase",0.113251218977398
"31",2026-10-03,2,2026-10-17,"wk flu hosp rate change","pmf","large_increase",1.13261249090613e-05
"31",2026-10-03,3,2026-10-24,"wk flu hosp rate change","pmf","large_decrease",0
"31",2026-10-03,3,2026-10-24,"wk flu hosp rate change","pmf","decrease",0
"31",2026-10-03,3,2026-10-24,"wk flu hosp rate change","pmf","stable",0.891590605888926
"31",2026-10-03,3,2026-10-24,"wk flu hosp rate change","pmf","increase",0.108345500393186
"31",2026-10-03,3,2026-10-24,"wk flu hosp rate change","pmf","large_increase",6.389371788873e-05
"32",2026-10-03,0,2026-10-03,"wk flu hosp rate change","pmf","large_decrease",1.59017939487074e-08
"32",2026-10-03,0,2026-10-03,"wk flu hosp rate change","pmf","decrease",0.161125245411596
"32",2026-10-03,0,2026-10-03,"wk flu hosp rate change","pmf","stable",0.464738027546543
"32",2026-10-03,0,2026-10-03,"wk flu hosp rate change","pmf","increase",0.363907988468506
"32",2026-10-03,0,2026-10-03,"wk flu hosp rate change","pmf","large_increase",0.0102287226715598
"32",2026-10-03,1,2026-10-10,"wk flu hosp rate change","pmf","large_decrease",2.10435402894073e-18
"32",2026-10-03,1,2026-10-10,"wk flu hosp rate change","pmf","decrease",0.0656375197243341
"32",2026-10-03,1,2026-10-10,"wk flu hosp rate change","pmf","stable",0.535255471075842
"32",2026-10-03,1,2026-10-10,"wk flu hosp rate change","pmf","increase",0.390684836434245
"32",2026-10-03,1,2026-10-10,"wk flu hosp rate change","pmf","large_increase",0.00842217276557911
"32",2026-10-03,2,2026-10-17,"wk flu hosp rate change","pmf","large_decrease",7.22853961661358e-39
"32",2026-10-03,2,2026-10-17,"wk flu hosp rate change","pmf","decrease",0.0307156162983057
"32",2026-10-03,2,2026-10-17,"wk flu hosp rate change","pmf","stable",0.569320799379621
"32",2026-10-03,2,2026-10-17,"wk flu hosp rate change","pmf","increase",0.388350552317475
"32",2026-10-03,2,2026-10-17,"wk flu hosp rate change","pmf","large_increase",0.0116130320045976
"32",2026-10-03,3,2026-10-24,"wk flu hosp rate change","pmf","large_decrease",2.30001083667591e-48
"32",2026-10-03,3,2026-10-24,"wk flu hosp rate change","pmf","decrease",0.00453143247259655
"32",2026-10-03,3,2026-10-24,"wk flu hosp rate change","pmf","stable",0.620515731873386
"32",2026-10-03,3,2026-10-24,"wk flu hosp rate change","pmf","increase",0.362239923562242
"32",2026-10-03,3,2026-10-24,"wk flu hosp rate change","pmf","large_increase",0.0127129120917753
"33",2026-10-03,0,2026-10-03,"wk flu hosp rate change","pmf","large_decrease",0
"33",2026-10-03,0,2026-10-03,"wk flu hosp rate change","pmf","decrease",0
"33",2026-10-03,0,2026-10-03,"wk flu hosp rate change","pmf","stable",0.966003828045055
"33",2026-10-03,0,2026-10-03,"wk flu hosp rate change","pmf","increase",0.0332519717780625
"33",2026-10-03,0,2026-10-03,"wk flu hosp rate change","pmf","large_increase",0.000744200176882814
"33",2026-10-03,1,2026-10-10,"wk flu hosp rate change","pmf","large_decrease",0
"33",2026-10-03,1,2026-10-10,"wk flu hosp rate change","pmf","decrease",0
"33",2026-10-03,1,2026-10-10,"wk flu hosp rate change","pmf","stable",0.871637354331213
"33",2026-10-03,1,2026-10-10,"wk flu hosp rate change","pmf","increase",0.127647210309889
"33",2026-10-03,1,2026-10-10,"wk flu hosp rate change","pmf","large_increase",0.000715435358897842
"33",2026-10-03,2,2026-10-17,"wk flu hosp rate change","pmf","large_decrease",0
"33",2026-10-03,2,2026-10-17,"wk flu hosp rate change","pmf","decrease",0
"33",2026-10-03,2,2026-10-17,"wk flu hosp rate change","pmf","stable",0.786949392191529
"33",2026-10-03,2,2026-10-17,"wk flu hosp rate change","pmf","increase",0.211436120877903
"33",2026-10-03,2,2026-10-17,"wk flu hosp rate change","pmf","large_increase",0.00161448693056854
"33",2026-10-03,3,2026-10-24,"wk flu hosp rate change","pmf","large_decrease",0
"33",2026-10-03,3,2026-10-24,"wk flu hosp rate change","pmf","decrease",0
"33",2026-10-03,3,2026-10-24,"wk flu hosp rate change","pmf","stable",0.794533064583755
"33",2026-10-03,3,2026-10-24,"wk flu hosp rate change","pmf","increase",0.202285246200484
"33",2026-10-03,3,2026-10-24,"wk flu hosp rate change","pmf","large_increase",0.00318168921576101
"34",2026-10-03,0,2026-10-03,"wk flu hosp rate change","pmf","large_decrease",3.4690543104571e-79
"34",2026-10-03,0,2026-10-03,"wk flu hosp rate change","pmf","decrease",0.0616905411822312
"34",2026-10-03,0,2026-10-03,"wk flu hosp rate change","pmf","stable",0.7030473649688
"34",2026-10-03,0,2026-10-03,"wk flu hosp rate change","pmf","increase",0.233394448461548
"34",2026-10-03,0,2026-10-03,"wk flu hosp rate change","pmf","large_increase",0.00186764538742001
"34",2026-10-03,1,2026-10-10,"wk flu hosp rate change","pmf","large_decrease",1.40179637463381e-116
"34",2026-10-03,1,2026-10-10,"wk flu hosp rate change","pmf","decrease",0.00479379536720047
"34",2026-10-03,1,2026-10-10,"wk flu hosp rate change","pmf","stable",0.734752729613118
"34",2026-10-03,1,2026-10-10,"wk flu hosp rate change","pmf","increase",0.259713248433326
"34",2026-10-03,1,2026-10-10,"wk flu hosp rate change","pmf","large_increase",0.000740226586355974
"34",2026-10-03,2,2026-10-17,"wk flu hosp rate change","pmf","large_decrease",2.57216749773722e-83
"34",2026-10-03,2,2026-10-17,"wk flu hosp rate change","pmf","decrease",0.00108938306332093
"34",2026-10-03,2,2026-10-17,"wk flu hosp rate change","pmf","stable",0.728752982136465
"34",2026-10-03,2,2026-10-17,"wk flu hosp rate change","pmf","increase",0.26810392730597
"34",2026-10-03,2,2026-10-17,"wk flu hosp rate change","pmf","large_increase",0.00205370749424394
"34",2026-10-03,3,2026-10-24,"wk flu hosp rate change","pmf","large_decrease",3.21135036989319e-116
"34",2026-10-03,3,2026-10-24,"wk flu hosp rate change","pmf","decrease",9.47231641535326e-06
"34",2026-10-03,3,2026-10-24,"wk flu hosp rate change","pmf","stable",0.745766736340248
"34",2026-10-03,3,2026-10-24,"wk flu hosp rate change","pmf","increase",0.252455402536381
"34",2026-10-03,3,2026-10-24,"wk flu hosp rate change","pmf","large_increase",0.00176838880695507
"35",2026-10-03,0,2026-10-03,"wk flu hosp rate change","pmf","large_decrease",1.83780152205451e-31
"35",2026-10-03,0,2026-10-03,"wk flu hosp rate change","pmf","decrease",0.00162102386544835
"35",2026-10-03,0,2026-10-03,"wk flu hosp rate change","pmf","stable",0.87216127500915
"35",2026-10-03,0,2026-10-03,"wk flu hosp rate change","pmf","increase",0.124813728748924
"35",2026-10-03,0,2026-10-03,"wk flu hosp rate change","pmf","large_increase",0.00140397237647727
"35",2026-10-03,1,2026-10-10,"wk flu hosp rate change","pmf","large_decrease",2.62142863131115e-196
"35",2026-10-03,1,2026-10-10,"wk flu hosp rate change","pmf","decrease",7.17317830664121e-05
"35",2026-10-03,1,2026-10-10,"wk flu hosp rate change","pmf","stable",0.752750239300637
"35",2026-10-03,1,2026-10-10,"wk flu hosp rate change","pmf","increase",0.246006940125393
"35",2026-10-03,1,2026-10-10,"wk flu hosp rate change","pmf","large_increase",0.00117108879090344
"35",2026-10-03,2,2026-10-17,"wk flu hosp rate change","pmf","large_decrease",0
"35",2026-10-03,2,2026-10-17,"wk flu hosp rate change","pmf","decrease",5.20609169698945e-09
"35",2026-10-03,2,2026-10-17,"wk flu hosp rate change","pmf","stable",0.739488359563412
"35",2026-10-03,2,2026-10-17,"wk flu hosp rate change","pmf","increase",0.256090259025373
"35",2026-10-03,2,2026-10-17,"wk flu hosp rate change","pmf","large_increase",0.00442137620512284
"35",2026-10-03,3,2026-10-24,"wk flu hosp rate change","pmf","large_decrease",0
"35",2026-10-03,3,2026-10-24,"wk flu hosp rate change","pmf","decrease",3.65288907210319e-17
"35",2026-10-03,3,2026-10-24,"wk flu hosp rate change","pmf","stable",0.748474079170798
"35",2026-10-03,3,2026-10-24,"wk flu hosp rate change","pmf","increase",0.242543251431234
"35",2026-10-03,3,2026-10-24,"wk flu hosp rate change","pmf","large_increase",0.00898266939796799
"36",2026-10-03,0,2026-10-03,"wk flu hosp rate change","pmf","large_decrease",1.76085622022256e-54
"36",2026-10-03,0,2026-10-03,"wk flu hosp rate change","pmf","decrease",0.00227950267687044
"36",2026-10-03,0,2026-10-03,"wk flu hosp rate change","pmf","stable",0.855069501597127
"36",2026-10-03,0,2026-10-03,"wk flu hosp rate change","pmf","increase",0.142644395824477
"36",2026-10-03,0,2026-10-03,"wk flu hosp rate change","pmf","large_increase",6.59990152518386e-06
"36",2026-10-03,1,2026-10-10,"wk flu hosp rate change","pmf","large_decrease",2.44477988206456e-111
"36",2026-10-03,1,2026-10-10,"wk flu hosp rate change","pmf","decrease",4.07562896097405e-05
"36",2026-10-03,1,2026-10-10,"wk flu hosp rate change","pmf","stable",0.829741951604519
"36",2026-10-03,1,2026-10-10,"wk flu hosp rate change","pmf","increase",0.170217014797135
"36",2026-10-03,1,2026-10-10,"wk flu hosp rate change","pmf","large_increase",2.77308736529314e-07
"36",2026-10-03,2,2026-10-17,"wk flu hosp rate change","pmf","large_decrease",5.38682659287756e-102
"36",2026-10-03,2,2026-10-17,"wk flu hosp rate change","pmf","decrease",9.66730928887602e-06
"36",2026-10-03,2,2026-10-17,"wk flu hosp rate change","pmf","stable",0.824219082102722
"36",2026-10-03,2,2026-10-17,"wk flu hosp rate change","pmf","increase",0.175766174222325
"36",2026-10-03,2,2026-10-17,"wk flu hosp rate change","pmf","large_increase",5.07636566393632e-06
"36",2026-10-03,3,2026-10-24,"wk flu hosp rate change","pmf","large_decrease",2.20158104104282e-129
"36",2026-10-03,3,2026-10-24,"wk flu hosp rate change","pmf","decrease",3.23347197757283e-08
"36",2026-10-03,3,2026-10-24,"wk flu hosp rate change","pmf","stable",0.838679647444228
"36",2026-10-03,3,2026-10-24,"wk flu hosp rate change","pmf","increase",0.161316986973425
"36",2026-10-03,3,2026-10-24,"wk flu hosp rate change","pmf","large_increase",3.33324762780141e-06
"37",2026-10-03,0,2026-10-03,"wk flu hosp rate change","pmf","large_decrease",4.74341651169162e-64
"37",2026-10-03,0,2026-10-03,"wk flu hosp rate change","pmf","decrease",0.00972673901029101
"37",2026-10-03,0,2026-10-03,"wk flu hosp rate change","pmf","stable",0.831868427708847
"37",2026-10-03,0,2026-10-03,"wk flu hosp rate change","pmf","increase",0.158116973892873
"37",2026-10-03,0,2026-10-03,"wk flu hosp rate change","pmf","large_increase",0.000287859387988809
"37",2026-10-03,1,2026-10-10,"wk flu hosp rate change","pmf","large_decrease",1.41461239076229e-108
"37",2026-10-03,1,2026-10-10,"wk flu hosp rate change","pmf","decrease",0.000358965505064653
"37",2026-10-03,1,2026-10-10,"wk flu hosp rate change","pmf","stable",0.819533069832913
"37",2026-10-03,1,2026-10-10,"wk flu hosp rate change","pmf","increase",0.180032888161501
"37",2026-10-03,1,2026-10-10,"wk flu hosp rate change","pmf","large_increase",7.50765005214094e-05
"37",2026-10-03,2,2026-10-17,"wk flu hosp rate change","pmf","large_decrease",0
"37",2026-10-03,2,2026-10-17,"wk flu hosp rate change","pmf","decrease",1.83162400339336e-39
"37",2026-10-03,2,2026-10-17,"wk flu hosp rate change","pmf","stable",0.810533856240603
"37",2026-10-03,2,2026-10-17,"wk flu hosp rate change","pmf","increase",0.189299741384091
"37",2026-10-03,2,2026-10-17,"wk flu hosp rate change","pmf","large_increase",0.000166402375305741
"37",2026-10-03,3,2026-10-24,"wk flu hosp rate change","pmf","large_decrease",0
"37",2026-10-03,3,2026-10-24,"wk flu hosp rate change","pmf","decrease",1.24400298258575e-99
"37",2026-10-03,3,2026-10-24,"wk flu hosp rate change","pmf","stable",0.822991222171921
"37",2026-10-03,3,2026-10-24,"wk flu hosp rate change","pmf","increase",0.176850767096619
"37",2026-10-03,3,2026-10-24,"wk flu hosp rate change","pmf","large_increase",0.000158010731460489
"38",2026-10-03,0,2026-10-03,"wk flu hosp rate change","pmf","large_decrease",2.40496075941431e-16
"38",2026-10-03,0,2026-10-03,"wk flu hosp rate change","pmf","decrease",3.45336647584178e-08
"38",2026-10-03,0,2026-10-03,"wk flu hosp rate change","pmf","stable",0.965410713839801
"38",2026-10-03,0,2026-10-03,"wk flu hosp rate change","pmf","increase",0.0226443943942032
"38",2026-10-03,0,2026-10-03,"wk flu hosp rate change","pmf","large_increase",0.0119448572323307
"38",2026-10-03,1,2026-10-10,"wk flu hosp rate change","pmf","large_decrease",9.98657150502083e-163
"38",2026-10-03,1,2026-10-10,"wk flu hosp rate change","pmf","decrease",8.62894221422528e-17
"38",2026-10-03,1,2026-10-10,"wk flu hosp rate change","pmf","stable",0.863918514409487
"38",2026-10-03,1,2026-10-10,"wk flu hosp rate change","pmf","increase",0.123156757251962
"38",2026-10-03,1,2026-10-10,"wk flu hosp rate change","pmf","large_increase",0.0129247283385515
"38",2026-10-03,2,2026-10-17,"wk flu hosp rate change","pmf","large_decrease",2.29924355072346e-304
"38",2026-10-03,2,2026-10-17,"wk flu hosp rate change","pmf","decrease",1.41390057804472e-16
"38",2026-10-03,2,2026-10-17,"wk flu hosp rate change","pmf","stable",0.776625449395859
"38",2026-10-03,2,2026-10-17,"wk flu hosp rate change","pmf","increase",0.203990651550265
"38",2026-10-03,2,2026-10-17,"wk flu hosp rate change","pmf","large_increase",0.0193838990538766
"38",2026-10-03,3,2026-10-24,"wk flu hosp rate change","pmf","large_decrease",0
"38",2026-10-03,3,2026-10-24,"wk flu hosp rate change","pmf","decrease",3.54517584475744e-16
"38",2026-10-03,3,2026-10-24,"wk flu hosp rate change","pmf","stable",0.702845088690052
"38",2026-10-03,3,2026-10-24,"wk flu hosp rate change","pmf","increase",0.269105357997608
"38",2026-10-03,3,2026-10-24,"wk flu hosp rate change","pmf","large_increase",0.0280495533123398
"39",2026-10-03,0,2026-10-03,"wk flu hosp rate change","pmf","large_decrease",7.68927612274042e-235
"39",2026-10-03,0,2026-10-03,"wk flu hosp rate change","pmf","decrease",0.00204453110220967
"39",2026-10-03,0,2026-10-03,"wk flu hosp rate change","pmf","stable",0.829683981140918
"39",2026-10-03,0,2026-10-03,"wk flu hosp rate change","pmf","increase",0.167668160558267
"39",2026-10-03,0,2026-10-03,"wk flu hosp rate change","pmf","large_increase",0.000603327198605341
"39",2026-10-03,1,2026-10-10,"wk flu hosp rate change","pmf","large_decrease",0
"39",2026-10-03,1,2026-10-10,"wk flu hosp rate change","pmf","decrease",1.01672446308332e-11
"39",2026-10-03,1,2026-10-10,"wk flu hosp rate change","pmf","stable",0.809159160694333
"39",2026-10-03,1,2026-10-10,"wk flu hosp rate change","pmf","increase",0.190523793275949
"39",2026-10-03,1,2026-10-10,"wk flu hosp rate change","pmf","large_increase",0.000317046019549849
"39",2026-10-03,2,2026-10-17,"wk flu hosp rate change","pmf","large_decrease",0
"39",2026-10-03,2,2026-10-17,"wk flu hosp rate change","pmf","decrease",5.12639432090122e-25
"39",2026-10-03,2,2026-10-17,"wk flu hosp rate change","pmf","stable",0.797991153024348
"39",2026-10-03,2,2026-10-17,"wk flu hosp rate change","pmf","increase",0.200991909624656
"39",2026-10-03,2,2026-10-17,"wk flu hosp rate change","pmf","large_increase",0.00101693735099595
"39",2026-10-03,3,2026-10-24,"wk flu hosp rate change","pmf","large_decrease",0
"39",2026-10-03,3,2026-10-24,"wk flu hosp rate change","pmf","decrease",6.11995566485824e-62
"39",2026-10-03,3,2026-10-24,"wk flu hosp rate change","pmf","stable",0.801703639428606
"39",2026-10-03,3,2026-10-24,"wk flu hosp rate change","pmf","increase",0.194947530248511
"39",2026-10-03,3,2026-10-24,"wk flu hosp rate change","pmf","large_increase",0.00334883032288325
"40",2026-10-03,0,2026-10-03,"wk flu hosp rate change","pmf","large_decrease",6.30223918309613e-109
"40",2026-10-03,0,2026-10-03,"wk flu hosp rate change","pmf","decrease",0.000951101356825677
"40",2026-10-03,0,2026-10-03,"wk flu hosp rate change","pmf","stable",0.833633777367032
"40",2026-10-03,0,2026-10-03,"wk flu hosp rate change","pmf","increase",0.165318449995655
"40",2026-10-03,0,2026-10-03,"wk flu hosp rate change","pmf","large_increase",9.66712804865155e-05
"40",2026-10-03,1,2026-10-10,"wk flu hosp rate change","pmf","large_decrease",2.86020221443182e-302
"40",2026-10-03,1,2026-10-10,"wk flu hosp rate change","pmf","decrease",1.39730597161673e-08
"40",2026-10-03,1,2026-10-10,"wk flu hosp rate change","pmf","stable",0.832133089589877
"40",2026-10-03,1,2026-10-10,"wk flu hosp rate change","pmf","increase",0.167693825910744
"40",2026-10-03,1,2026-10-10,"wk flu hosp rate change","pmf","large_increase",0.000173070526319541
"40",2026-10-03,2,2026-10-17,"wk flu hosp rate change","pmf","large_decrease",0
"40",2026-10-03,2,2026-10-17,"wk flu hosp rate change","pmf","decrease",7.29536863870358e-16
"40",2026-10-03,2,2026-10-17,"wk flu hosp rate change","pmf","stable",0.812216419088669
"40",2026-10-03,2,2026-10-17,"wk flu hosp rate change","pmf","increase",0.186795482460298
"40",2026-10-03,2,2026-10-17,"wk flu hosp rate change","pmf","large_increase",0.000988098451032204
"40",2026-10-03,3,2026-10-24,"wk flu hosp rate change","pmf","large_decrease",0
"40",2026-10-03,3,2026-10-24,"wk flu hosp rate change","pmf","decrease",4.95757562005704e-35
"40",2026-10-03,3,2026-10-24,"wk flu hosp rate change","pmf","stable",0.828873185083666
"40",2026-10-03,3,2026-10-24,"wk flu hosp rate change","pmf","increase",0.170068126855672
"40",2026-10-03,3,2026-10-24,"wk flu hosp rate change","pmf","large_increase",0.00105868806066256
"41",2026-10-03,0,2026-10-03,"wk flu hosp rate change","pmf","large_decrease",1.3148504355214e-16
"41",2026-10-03,0,2026-10-03,"wk flu hosp rate change","pmf","decrease",0.0557593158742422
"41",2026-10-03,0,2026-10-03,"wk flu hosp rate change","pmf","stable",0.63049993097132
"41",2026-10-03,0,2026-10-03,"wk flu hosp rate change","pmf","increase",0.309096725675955
"41",2026-10-03,0,2026-10-03,"wk flu hosp rate change","pmf","large_increase",0.00464402747848236
"41",2026-10-03,1,2026-10-10,"wk flu hosp rate change","pmf","large_decrease",2.2663725804789e-38
"41",2026-10-03,1,2026-10-10,"wk flu hosp rate change","pmf","decrease",0.0206974818280927
"41",2026-10-03,1,2026-10-10,"wk flu hosp rate change","pmf","stable",0.649408329423156
"41",2026-10-03,1,2026-10-10,"wk flu hosp rate change","pmf","increase",0.327645349417022
"41",2026-10-03,1,2026-10-10,"wk flu hosp rate change","pmf","large_increase",0.00224883933172959
"41",2026-10-03,2,2026-10-17,"wk flu hosp rate change","pmf","large_decrease",9.53300577349936e-66
"41",2026-10-03,2,2026-10-17,"wk flu hosp rate change","pmf","decrease",0.00295041741041866
"41",2026-10-03,2,2026-10-17,"wk flu hosp rate change","pmf","stable",0.669897008473314
"41",2026-10-03,2,2026-10-17,"wk flu hosp rate change","pmf","increase",0.322534547909428
"41",2026-10-03,2,2026-10-17,"wk flu hosp rate change","pmf","large_increase",0.00461802620683971
"41",2026-10-03,3,2026-10-24,"wk flu hosp rate change","pmf","large_decrease",3.9651931082751e-169
"41",2026-10-03,3,2026-10-24,"wk flu hosp rate change","pmf","decrease",2.69443890189546e-06
"41",2026-10-03,3,2026-10-24,"wk flu hosp rate change","pmf","stable",0.710216218495584
"41",2026-10-03,3,2026-10-24,"wk flu hosp rate change","pmf","increase",0.285018852284859
"41",2026-10-03,3,2026-10-24,"wk flu hosp rate change","pmf","large_increase",0.00476223478065474
"42",2026-10-03,0,2026-10-03,"wk flu hosp rate change","pmf","large_decrease",1.54810586771398e-15
"42",2026-10-03,0,2026-10-03,"wk flu hosp rate change","pmf","decrease",0.0995004279340928
"42",2026-10-03,0,2026-10-03,"wk flu hosp rate change","pmf","stable",0.635229736019113
"42",2026-10-03,0,2026-10-03,"wk flu hosp rate change","pmf","increase",0.261206899614015
"42",2026-10-03,0,2026-10-03,"wk flu hosp rate change","pmf","large_increase",0.00406293643277811
"42",2026-10-03,1,2026-10-10,"wk flu hosp rate change","pmf","large_decrease",1.61643776935983e-28
"42",2026-10-03,1,2026-10-10,"wk flu hosp rate change","pmf","decrease",0.0431511481595374
"42",2026-10-03,1,2026-10-10,"wk flu hosp rate change","pmf","stable",0.676107308425344
"42",2026-10-03,1,2026-10-10,"wk flu hosp rate change","pmf","increase",0.278952760142764
"42",2026-10-03,1,2026-10-10,"wk flu hosp rate change","pmf","large_increase",0.0017887832723541
"42",2026-10-03,2,2026-10-17,"wk flu hosp rate change","pmf","large_decrease",1.19870123441041e-46
"42",2026-10-03,2,2026-10-17,"wk flu hosp rate change","pmf","decrease",0.0167357997604866
"42",2026-10-03,2,2026-10-17,"wk flu hosp rate change","pmf","stable",0.712049653760113
"42",2026-10-03,2,2026-10-17,"wk flu hosp rate change","pmf","increase",0.269053536434325
"42",2026-10-03,2,2026-10-17,"wk flu hosp rate change","pmf","large_increase",0.00216101004507618
"42",2026-10-03,3,2026-10-24,"wk flu hosp rate change","pmf","large_decrease",2.13908474580486e-78
"42",2026-10-03,3,2026-10-24,"wk flu hosp rate change","pmf","decrease",0.0011599049404581
"42",2026-10-03,3,2026-10-24,"wk flu hosp rate change","pmf","stable",0.728869589462945
"42",2026-10-03,3,2026-10-24,"wk flu hosp rate change","pmf","increase",0.265692237652703
"42",2026-10-03,3,2026-10-24,"wk flu hosp rate change","pmf","large_increase",0.00427826794389441
"44",2026-10-03,0,2026-10-03,"wk flu hosp rate change","pmf","large_decrease",0
"44",2026-10-03,0,2026-10-03,"wk flu hosp rate change","pmf","decrease",0
"44",2026-10-03,0,2026-10-03,"wk flu hosp rate change","pmf","stable",0.981708288669052
"44",2026-10-03,0,2026-10-03,"wk flu hosp rate change","pmf","increase",0.017904538119948
"44",2026-10-03,0,2026-10-03,"wk flu hosp rate change","pmf","large_increase",0.000387173211000236
"44",2026-10-03,1,2026-10-10,"wk flu hosp rate change","pmf","large_decrease",0
"44",2026-10-03,1,2026-10-10,"wk flu hosp rate change","pmf","decrease",0
"44",2026-10-03,1,2026-10-10,"wk flu hosp rate change","pmf","stable",0.920577552516079
"44",2026-10-03,1,2026-10-10,"wk flu hosp rate change","pmf","increase",0.0790032296392682
"44",2026-10-03,1,2026-10-10,"wk flu hosp rate change","pmf","large_increase",0.000419217844652486
"44",2026-10-03,2,2026-10-17,"wk flu hosp rate change","pmf","large_decrease",0
"44",2026-10-03,2,2026-10-17,"wk flu hosp rate change","pmf","decrease",0
"44",2026-10-03,2,2026-10-17,"wk flu hosp rate change","pmf","stable",0.845417603858064
"44",2026-10-03,2,2026-10-17,"wk flu hosp rate change","pmf","increase",0.153235984565487
"44",2026-10-03,2,2026-10-17,"wk flu hosp rate change","pmf","large_increase",0.00134641157644888
"44",2026-10-03,3,2026-10-24,"wk flu hosp rate change","pmf","large_decrease",0
"44",2026-10-03,3,2026-10-24,"wk flu hosp rate change","pmf","decrease",0
"44",2026-10-03,3,2026-10-24,"wk flu hosp rate change","pmf","stable",0.806212839140176
"44",2026-10-03,3,2026-10-24,"wk flu hosp rate change","pmf","increase",0.190040556130891
"44",2026-10-03,3,2026-10-24,"wk flu hosp rate change","pmf","large_increase",0.00374660472893285
"45",2026-10-03,0,2026-10-03,"wk flu hosp rate change","pmf","large_decrease",2.32239945995214e-28
"45",2026-10-03,0,2026-10-03,"wk flu hosp rate change","pmf","decrease",0.0293098013980014
"45",2026-10-03,0,2026-10-03,"wk flu hosp rate change","pmf","stable",0.755918304281558
"45",2026-10-03,0,2026-10-03,"wk flu hosp rate change","pmf","increase",0.213826375215081
"45",2026-10-03,0,2026-10-03,"wk flu hosp rate change","pmf","large_increase",0.000945519105359227
"45",2026-10-03,1,2026-10-10,"wk flu hosp rate change","pmf","large_decrease",1.71889095235847e-72
"45",2026-10-03,1,2026-10-10,"wk flu hosp rate change","pmf","decrease",0.00344009163796869
"45",2026-10-03,1,2026-10-10,"wk flu hosp rate change","pmf","stable",0.759390208238655
"45",2026-10-03,1,2026-10-10,"wk flu hosp rate change","pmf","increase",0.236203463335142
"45",2026-10-03,1,2026-10-10,"wk flu hosp rate change","pmf","large_increase",0.000966236788234376
"45",2026-10-03,2,2026-10-17,"wk flu hosp rate change","pmf","large_decrease",0
"45",2026-10-03,2,2026-10-17,"wk flu hosp rate change","pmf","decrease",5.27083439557796e-16
"45",2026-10-03,2,2026-10-17,"wk flu hosp rate change","pmf","stable",0.740832288867074
"45",2026-10-03,2,2026-10-17,"wk flu hosp rate change","pmf","increase",0.256427279768535
"45",2026-10-03,2,2026-10-17,"wk flu hosp rate change","pmf","large_increase",0.00274043136439051
"45",2026-10-03,3,2026-10-24,"wk flu hosp rate change","pmf","large_decrease",0
"45",2026-10-03,3,2026-10-24,"wk flu hosp rate change","pmf","decrease",1.38795448716268e-54
"45",2026-10-03,3,2026-10-24,"wk flu hosp rate change","pmf","stable",0.756290421686884
"45",2026-10-03,3,2026-10-24,"wk flu hosp rate change","pmf","increase",0.241649850125185
"45",2026-10-03,3,2026-10-24,"wk flu hosp rate change","pmf","large_increase",0.00205972818793099
"46",2026-10-03,0,2026-10-03,"wk flu hosp rate change","pmf","large_decrease",0
"46",2026-10-03,0,2026-10-03,"wk flu hosp rate change","pmf","decrease",0
"46",2026-10-03,0,2026-10-03,"wk flu hosp rate change","pmf","stable",0.991874781613667
"46",2026-10-03,0,2026-10-03,"wk flu hosp rate change","pmf","increase",0.00755786650058654
"46",2026-10-03,0,2026-10-03,"wk flu hosp rate change","pmf","large_increase",0.00056735188574597
"46",2026-10-03,1,2026-10-10,"wk flu hosp rate change","pmf","large_decrease",0
"46",2026-10-03,1,2026-10-10,"wk flu hosp rate change","pmf","decrease",0
"46",2026-10-03,1,2026-10-10,"wk flu hosp rate change","pmf","stable",0.970643409080162
"46",2026-10-03,1,2026-10-10,"wk flu hosp rate change","pmf","increase",0.0290299056807103
"46",2026-10-03,1,2026-10-10,"wk flu hosp rate change","pmf","large_increase",0.000326685239127489
"46",2026-10-03,2,2026-10-17,"wk flu hosp rate change","pmf","large_decrease",0
"46",2026-10-03,2,2026-10-17,"wk flu hosp rate change","pmf","decrease",0
"46",2026-10-03,2,2026-10-17,"wk flu hosp rate change","pmf","stable",0.906805362673599
"46",2026-10-03,2,2026-10-17,"wk flu hosp rate change","pmf","increase",0.0920781258027022
"46",2026-10-03,2,2026-10-17,"wk flu hosp rate change","pmf","large_increase",0.00111651152369829
"46",2026-10-03,3,2026-10-24,"wk flu hosp rate change","pmf","large_decrease",0
"46",2026-10-03,3,2026-10-24,"wk flu hosp rate change","pmf","decrease",0
"46",2026-10-03,3,2026-10-24,"wk flu hosp rate change","pmf","stable",0.864355234733893
"46",2026-10-03,3,2026-10-24,"wk flu hosp rate change","pmf","increase",0.131827148981854
"46",2026-10-03,3,2026-10-24,"wk flu hosp rate change","pmf","large_increase",0.00381761628425281
"47",2026-10-03,0,2026-10-03,"wk flu hosp rate change","pmf","large_decrease",8.85058145038127e-28
"47",2026-10-03,0,2026-10-03,"wk flu hosp rate change","pmf","decrease",0.0642947797863268
"47",2026-10-03,0,2026-10-03,"wk flu hosp rate change","pmf","stable",0.669731559803415
"47",2026-10-03,0,2026-10-03,"wk flu hosp rate change","pmf","increase",0.263837832885888
"47",2026-10-03,0,2026-10-03,"wk flu hosp rate change","pmf","large_increase",0.00213582752437003
"47",2026-10-03,1,2026-10-10,"wk flu hosp rate change","pmf","large_decrease",8.5912522881757e-47
"47",2026-10-03,1,2026-10-10,"wk flu hosp rate change","pmf","decrease",0.0214091161758177
"47",2026-10-03,1,2026-10-10,"wk flu hosp rate change","pmf","stable",0.694711289249729
"47",2026-10-03,1,2026-10-10,"wk flu hosp rate change","pmf","increase",0.282766225052103
"47",2026-10-03,1,2026-10-10,"wk flu hosp rate change","pmf","large_increase",0.00111336952234953
"47",2026-10-03,2,2026-10-17,"wk flu hosp rate change","pmf","large_decrease",1.88043856400518e-77
"47",2026-10-03,2,2026-10-17,"wk flu hosp rate change","pmf","decrease",0.00444790808565294
"47",2026-10-03,2,2026-10-17,"wk flu hosp rate change","pmf","stable",0.701965676209886
"47",2026-10-03,2,2026-10-17,"wk flu hosp rate change","pmf","increase",0.291384216296809
"47",2026-10-03,2,2026-10-17,"wk flu hosp rate change","pmf","large_increase",0.00220219940765154
"47",2026-10-03,3,2026-10-24,"wk flu hosp rate change","pmf","large_decrease",0
"47",2026-10-03,3,2026-10-24,"wk flu hosp rate change","pmf","decrease",5.28301701601232e-09
"47",2026-10-03,3,2026-10-24,"wk flu hosp rate change","pmf","stable",0.72477903649901
"47",2026-10-03,3,2026-10-24,"wk flu hosp rate change","pmf","increase",0.271033400303162
"47",2026-10-03,3,2026-10-24,"wk flu hosp rate change","pmf","large_increase",0.0041875579148114
"48",2026-10-03,0,2026-10-03,"wk flu hosp rate change","pmf","large_decrease",1.92181517193752e-55
"48",2026-10-03,0,2026-10-03,"wk flu hosp rate change","pmf","decrease",0.0075648352783024
"48",2026-10-03,0,2026-10-03,"wk flu hosp rate change","pmf","stable",0.815607520676913
"48",2026-10-03,0,2026-10-03,"wk flu hosp rate change","pmf","increase",0.176783702219269
"48",2026-10-03,0,2026-10-03,"wk flu hosp rate change","pmf","large_increase",4.39418255163693e-05
"48",2026-10-03,1,2026-10-10,"wk flu hosp rate change","pmf","large_decrease",2.68432259509408e-57
"48",2026-10-03,1,2026-10-10,"wk flu hosp rate change","pmf","decrease",0.00132053521181673
"48",2026-10-03,1,2026-10-10,"wk flu hosp rate change","pmf","stable",0.786796420782932
"48",2026-10-03,1,2026-10-10,"wk flu hosp rate change","pmf","increase",0.211881765972629
"48",2026-10-03,1,2026-10-10,"wk flu hosp rate change","pmf","large_increase",1.2780326227313e-06
"48",2026-10-03,2,2026-10-17,"wk flu hosp rate change","pmf","large_decrease",6.15901017663165e-74
"48",2026-10-03,2,2026-10-17,"wk flu hosp rate change","pmf","decrease",0.000205200996707179
"48",2026-10-03,2,2026-10-17,"wk flu hosp rate change","pmf","stable",0.797569402149417
"48",2026-10-03,2,2026-10-17,"wk flu hosp rate change","pmf","increase",0.20222407409357
"48",2026-10-03,2,2026-10-17,"wk flu hosp rate change","pmf","large_increase",1.3227603062882e-06
"48",2026-10-03,3,2026-10-24,"wk flu hosp rate change","pmf","large_decrease",8.10589480351545e-88
"48",2026-10-03,3,2026-10-24,"wk flu hosp rate change","pmf","decrease",4.85712789475842e-06
"48",2026-10-03,3,2026-10-24,"wk flu hosp rate change","pmf","stable",0.830448812001697
"48",2026-10-03,3,2026-10-24,"wk flu hosp rate change","pmf","increase",0.169544578868425
"48",2026-10-03,3,2026-10-24,"wk flu hosp rate change","pmf","large_increase",1.75200198315739e-06
"49",2026-10-03,0,2026-10-03,"wk flu hosp rate change","pmf","large_decrease",3.57474416483171e-20
"49",2026-10-03,0,2026-10-03,"wk flu hosp rate change","pmf","decrease",0.0343856292770586
"49",2026-10-03,0,2026-10-03,"wk flu hosp rate change","pmf","stable",0.801537196394357
"49",2026-10-03,0,2026-10-03,"wk flu hosp rate change","pmf","increase",0.163983959996793
"49",2026-10-03,0,2026-10-03,"wk flu hosp rate change","pmf","large_increase",9.32143317909917e-05
"49",2026-10-03,1,2026-10-10,"wk flu hosp rate change","pmf","large_decrease",1.00112579789969e-103
"49",2026-10-03,1,2026-10-10,"wk flu hosp rate change","pmf","decrease",0.00381822756234892
"49",2026-10-03,1,2026-10-10,"wk flu hosp rate change","pmf","stable",0.841856483515196
"49",2026-10-03,1,2026-10-10,"wk flu hosp rate change","pmf","increase",0.154325117513654
"49",2026-10-03,1,2026-10-10,"wk flu hosp rate change","pmf","large_increase",1.71408800819783e-07
"49",2026-10-03,2,2026-10-17,"wk flu hosp rate change","pmf","large_decrease",4.97368532800106e-210
"49",2026-10-03,2,2026-10-17,"wk flu hosp rate change","pmf","decrease",1.00973098148213e-05
"49",2026-10-03,2,2026-10-17,"wk flu hosp rate change","pmf","stable",0.858446481626799
"49",2026-10-03,2,2026-10-17,"wk flu hosp rate change","pmf","increase",0.141541832317646
"49",2026-10-03,2,2026-10-17,"wk flu hosp rate change","pmf","large_increase",1.58874573941148e-06
"49",2026-10-03,3,2026-10-24,"wk flu hosp rate change","pmf","large_decrease",0
"49",2026-10-03,3,2026-10-24,"wk flu hosp rate change","pmf","decrease",2.87651117268486e-12
"49",2026-10-03,3,2026-10-24,"wk flu hosp rate change","pmf","stable",0.887304005488048
"49",2026-10-03,3,2026-10-24,"wk flu hosp rate change","pmf","increase",0.112683011900772
"49",2026-10-03,3,2026-10-24,"wk flu hosp rate change","pmf","large_increase",1.29826083028473e-05
"50",2026-10-03,0,2026-10-03,"wk flu hosp rate change","pmf","large_decrease",1.40547143928158e-223
"50",2026-10-03,0,2026-10-03,"wk flu hosp rate change","pmf","decrease",7.09559091156473e-153
"50",2026-10-03,0,2026-10-03,"wk flu hosp rate change","pmf","stable",0.99087034085113
"50",2026-10-03,0,2026-10-03,"wk flu hosp rate change","pmf","increase",0.004252238949499
"50",2026-10-03,0,2026-10-03,"wk flu hosp rate change","pmf","large_increase",0.00487742019937132
"50",2026-10-03,1,2026-10-10,"wk flu hosp rate change","pmf","large_decrease",0
"50",2026-10-03,1,2026-10-10,"wk flu hosp rate change","pmf","decrease",9.87743345824471e-116
"50",2026-10-03,1,2026-10-10,"wk flu hosp rate change","pmf","stable",0.951832373443436
"50",2026-10-03,1,2026-10-10,"wk flu hosp rate change","pmf","increase",0.0431615462005531
"50",2026-10-03,1,2026-10-10,"wk flu hosp rate change","pmf","large_increase",0.00500608035601124
"50",2026-10-03,2,2026-10-17,"wk flu hosp rate change","pmf","large_decrease",0
"50",2026-10-03,2,2026-10-17,"wk flu hosp rate change","pmf","decrease",2.83522167268411e-112
"50",2026-10-03,2,2026-10-17,"wk flu hosp rate change","pmf","stable",0.883860324212813
"50",2026-10-03,2,2026-10-17,"wk flu hosp rate change","pmf","increase",0.105349586912583
"50",2026-10-03,2,2026-10-17,"wk flu hosp rate change","pmf","large_increase",0.0107900888746039
"50",2026-10-03,3,2026-10-24,"wk flu hosp rate change","pmf","large_decrease",0
"50",2026-10-03,3,2026-10-24,"wk flu hosp rate change","pmf","decrease",9.84535702034882e-114
"50",2026-10-03,3,2026-10-24,"wk flu hosp rate change","pmf","stable",0.823055842766998
"50",2026-10-03,3,2026-10-24,"wk flu hosp rate change","pmf","increase",0.15891770685586
"50",2026-10-03,3,2026-10-24,"wk flu hosp rate change","pmf","large_increase",0.0180264503771413
"51",2026-10-03,0,2026-10-03,"wk flu hosp rate change","pmf","large_decrease",4.6377600803154e-55
"51",2026-10-03,0,2026-10-03,"wk flu hosp rate change","pmf","decrease",0.00611412844585738
"51",2026-10-03,0,2026-10-03,"wk flu hosp rate change","pmf","stable",0.900577122206047
"51",2026-10-03,0,2026-10-03,"wk flu hosp rate change","pmf","increase",0.0932522954355131
"51",2026-10-03,0,2026-10-03,"wk flu hosp rate change","pmf","large_increase",5.64539125825769e-05
"51",2026-10-03,1,2026-10-10,"wk flu hosp rate change","pmf","large_decrease",1.30589553448146e-132
"51",2026-10-03,1,2026-10-10,"wk flu hosp rate change","pmf","decrease",8.60742956220569e-05
"51",2026-10-03,1,2026-10-10,"wk flu hosp rate change","pmf","stable",0.880235435058331
"51",2026-10-03,1,2026-10-10,"wk flu hosp rate change","pmf","increase",0.119614808412284
"51",2026-10-03,1,2026-10-10,"wk flu hosp rate change","pmf","large_increase",6.36822337634069e-05
"51",2026-10-03,2,2026-10-17,"wk flu hosp rate change","pmf","large_decrease",0
"51",2026-10-03,2,2026-10-17,"wk flu hosp rate change","pmf","decrease",7.81292802443901e-34
"51",2026-10-03,2,2026-10-17,"wk flu hosp rate change","pmf","stable",0.861899979775145
"51",2026-10-03,2,2026-10-17,"wk flu hosp rate change","pmf","increase",0.138038730739531
"51",2026-10-03,2,2026-10-17,"wk flu hosp rate change","pmf","large_increase",6.12894853246893e-05
"51",2026-10-03,3,2026-10-24,"wk flu hosp rate change","pmf","large_decrease",0
"51",2026-10-03,3,2026-10-24,"wk flu hosp rate change","pmf","decrease",8.78365946411247e-153
"51",2026-10-03,3,2026-10-24,"wk flu hosp rate change","pmf","stable",0.876913709803741
"51",2026-10-03,3,2026-10-24,"wk flu hosp rate change","pmf","increase",0.123003089022806
"51",2026-10-03,3,2026-10-24,"wk flu hosp rate change","pmf","large_increase",8.32011734528404e-05
"53",2026-10-03,0,2026-10-03,"wk flu hosp rate change","pmf","large_decrease",6.22980896855973e-15
"53",2026-10-03,0,2026-10-03,"wk flu hosp rate change","pmf","decrease",0.0960243170099526
"53",2026-10-03,0,2026-10-03,"wk flu hosp rate change","pmf","stable",0.573518743358928
"53",2026-10-03,0,2026-10-03,"wk flu hosp rate change","pmf","increase",0.326097074638884
"53",2026-10-03,0,2026-10-03,"wk flu hosp rate change","pmf","large_increase",0.00435986499222918
"53",2026-10-03,1,2026-10-10,"wk flu hosp rate change","pmf","large_decrease",3.23613459152522e-26
"53",2026-10-03,1,2026-10-10,"wk flu hosp rate change","pmf","decrease",0.052041011845204
"53",2026-10-03,1,2026-10-10,"wk flu hosp rate change","pmf","stable",0.603191323544507
"53",2026-10-03,1,2026-10-10,"wk flu hosp rate change","pmf","increase",0.343073244722366
"53",2026-10-03,1,2026-10-10,"wk flu hosp rate change","pmf","large_increase",0.00169441988792263
"53",2026-10-03,2,2026-10-17,"wk flu hosp rate change","pmf","large_decrease",7.74923145837716e-40
"53",2026-10-03,2,2026-10-17,"wk flu hosp rate change","pmf","decrease",0.0280211991736498
"53",2026-10-03,2,2026-10-17,"wk flu hosp rate change","pmf","stable",0.663145770899424
"53",2026-10-03,2,2026-10-17,"wk flu hosp rate change","pmf","increase",0.30621760261764
"53",2026-10-03,2,2026-10-17,"wk flu hosp rate change","pmf","large_increase",0.00261542730928632
"53",2026-10-03,3,2026-10-24,"wk flu hosp rate change","pmf","large_decrease",2.85548630123715e-59
"53",2026-10-03,3,2026-10-24,"wk flu hosp rate change","pmf","decrease",0.0034988015514917
"53",2026-10-03,3,2026-10-24,"wk flu hosp rate change","pmf","stable",0.73656762116301
"53",2026-10-03,3,2026-10-24,"wk flu hosp rate change","pmf","increase",0.258147952743858
"53",2026-10-03,3,2026-10-24,"wk flu hosp rate change","pmf","large_increase",0.00178562454164033
"54",2026-10-03,0,2026-10-03,"wk flu hosp rate change","pmf","large_decrease",1.31954382725811e-60
"54",2026-10-03,0,2026-10-03,"wk flu hosp rate change","pmf","decrease",3.91523379346949e-08
"54",2026-10-03,0,2026-10-03,"wk flu hosp rate change","pmf","stable",0.942565457211618
"54",2026-10-03,0,2026-10-03,"wk flu hosp rate change","pmf","increase",0.0564885299501107
"54",2026-10-03,0,2026-10-03,"wk flu hosp rate change","pmf","large_increase",0.00094597368593341
"54",2026-10-03,1,2026-10-10,"wk flu hosp rate change","pmf","large_decrease",4.7376782554401e-163
"54",2026-10-03,1,2026-10-10,"wk flu hosp rate change","pmf","decrease",1.04220044570683e-07
"54",2026-10-03,1,2026-10-10,"wk flu hosp rate change","pmf","stable",0.838191077550191
"54",2026-10-03,1,2026-10-10,"wk flu hosp rate change","pmf","increase",0.161364537067676
"54",2026-10-03,1,2026-10-10,"wk flu hosp rate change","pmf","large_increase",0.000444281162088167
"54",2026-10-03,2,2026-10-17,"wk flu hosp rate change","pmf","large_decrease",1.27315981051039e-258
"54",2026-10-03,2,2026-10-17,"wk flu hosp rate change","pmf","decrease",6.9051061757576e-11
"54",2026-10-03,2,2026-10-17,"wk flu hosp rate change","pmf","stable",0.795133997451068
"54",2026-10-03,2,2026-10-17,"wk flu hosp rate change","pmf","increase",0.202855940578871
"54",2026-10-03,2,2026-10-17,"wk flu hosp rate change","pmf","large_increase",0.00201006190100905
"54",2026-10-03,3,2026-10-24,"wk flu hosp rate change","pmf","large_decrease",0
"54",2026-10-03,3,2026-10-24,"wk flu hosp rate change","pmf","decrease",5.23641696405583e-19
"54",2026-10-03,3,2026-10-24,"wk flu hosp rate change","pmf","stable",0.791047457337499
"54",2026-10-03,3,2026-10-24,"wk flu hosp rate change","pmf","increase",0.205015582488373
"54",2026-10-03,3,2026-10-24,"wk flu hosp rate change","pmf","large_increase",0.00393696017412803
"55",2026-10-03,0,2026-10-03,"wk flu hosp rate change","pmf","large_decrease",4.75444904108141e-31
"55",2026-10-03,0,2026-10-03,"wk flu hosp rate change","pmf","decrease",0.0292228837793898
"55",2026-10-03,0,2026-10-03,"wk flu hosp rate change","pmf","stable",0.775950748840817
"55",2026-10-03,0,2026-10-03,"wk flu hosp rate change","pmf","increase",0.194271146699378
"55",2026-10-03,0,2026-10-03,"wk flu hosp rate change","pmf","large_increase",0.000555220680415802
"55",2026-10-03,1,2026-10-10,"wk flu hosp rate change","pmf","large_decrease",3.4449767147741e-71
"55",2026-10-03,1,2026-10-10,"wk flu hosp rate change","pmf","decrease",0.00337788486391668
"55",2026-10-03,1,2026-10-10,"wk flu hosp rate change","pmf","stable",0.790662302731992
"55",2026-10-03,1,2026-10-10,"wk flu hosp rate change","pmf","increase",0.205894478965522
"55",2026-10-03,1,2026-10-10,"wk flu hosp rate change","pmf","large_increase",6.53334385685156e-05
"55",2026-10-03,2,2026-10-17,"wk flu hosp rate change","pmf","large_decrease",2.50620878385467e-258
"55",2026-10-03,2,2026-10-17,"wk flu hosp rate change","pmf","decrease",2.8560075826284e-06
"55",2026-10-03,2,2026-10-17,"wk flu hosp rate change","pmf","stable",0.800505861433073
"55",2026-10-03,2,2026-10-17,"wk flu hosp rate change","pmf","increase",0.199372470933328
"55",2026-10-03,2,2026-10-17,"wk flu hosp rate change","pmf","large_increase",0.000118811626016346
"55",2026-10-03,3,2026-10-24,"wk flu hosp rate change","pmf","large_decrease",0
"55",2026-10-03,3,2026-10-24,"wk flu hosp rate change","pmf","decrease",2.53941677731365e-17
"55",2026-10-03,3,2026-10-24,"wk flu hosp rate change","pmf","stable",0.831416048481305
"55",2026-10-03,3,2026-10-24,"wk flu hosp rate change","pmf","increase",0.168479071589839
"55",2026-10-03,3,2026-10-24,"wk flu hosp rate change","pmf","large_increase",0.00010487992885555
"56",2026-10-03,0,2026-10-03,"wk flu hosp rate change","pmf","large_decrease",0
"56",2026-10-03,0,2026-10-03,"wk flu hosp rate change","pmf","decrease",0
"56",2026-10-03,0,2026-10-03,"wk flu hosp rate change","pmf","stable",0.983698189434964
"56",2026-10-03,0,2026-10-03,"wk flu hosp rate change","pmf","increase",0.00193818436332116
"56",2026-10-03,0,2026-10-03,"wk flu hosp rate change","pmf","large_increase",0.0143636262017149
"56",2026-10-03,1,2026-10-10,"wk flu hosp rate change","pmf","large_decrease",0
"56",2026-10-03,1,2026-10-10,"wk flu hosp rate change","pmf","decrease",0
"56",2026-10-03,1,2026-10-10,"wk flu hosp rate change","pmf","stable",0.924751017754459
"56",2026-10-03,1,2026-10-10,"wk flu hosp rate change","pmf","increase",0.0579415984791767
"56",2026-10-03,1,2026-10-10,"wk flu hosp rate change","pmf","large_increase",0.0173073837663646
"56",2026-10-03,2,2026-10-17,"wk flu hosp rate change","pmf","large_decrease",0
"56",2026-10-03,2,2026-10-17,"wk flu hosp rate change","pmf","decrease",0
"56",2026-10-03,2,2026-10-17,"wk flu hosp rate change","pmf","stable",0.861238986781663
"56",2026-10-03,2,2026-10-17,"wk flu hosp rate change","pmf","increase",0.110625499338483
"56",2026-10-03,2,2026-10-17,"wk flu hosp rate change","pmf","large_increase",0.0281355138798538
"56",2026-10-03,3,2026-10-24,"wk flu hosp rate change","pmf","large_decrease",0
"56",2026-10-03,3,2026-10-24,"wk flu hosp rate change","pmf","decrease",0
"56",2026-10-03,3,2026-10-24,"wk flu hosp rate change","pmf","stable",0.783150133935795
"56",2026-10-03,3,2026-10-24,"wk flu hosp rate change","pmf","increase",0.179686017095681
"56",2026-10-03,3,2026-10-24,"wk flu hosp rate change","pmf","large_increase",0.0371638489685236
"72",2026-10-03,0,2026-10-03,"wk flu hosp rate change","pmf","large_decrease",0.0120719954242311
"72",2026-10-03,0,2026-10-03,"wk flu hosp rate change","pmf","decrease",0.305407467907518
"72",2026-10-03,0,2026-10-03,"wk flu hosp rate change","pmf","stable",0.238009245191836
"72",2026-10-03,0,2026-10-03,"wk flu hosp rate change","pmf","increase",0.324248450957978
"72",2026-10-03,0,2026-10-03,"wk flu hosp rate change","pmf","large_increase",0.120262840518437
"72",2026-10-03,1,2026-10-10,"wk flu hosp rate change","pmf","large_decrease",0.000111852145421941
"72",2026-10-03,1,2026-10-10,"wk flu hosp rate change","pmf","decrease",0.269268452928366
"72",2026-10-03,1,2026-10-10,"wk flu hosp rate change","pmf","stable",0.280694389791554
"72",2026-10-03,1,2026-10-10,"wk flu hosp rate change","pmf","increase",0.338355500051574
"72",2026-10-03,1,2026-10-10,"wk flu hosp rate change","pmf","large_increase",0.111569805083085
"72",2026-10-03,2,2026-10-17,"wk flu hosp rate change","pmf","large_decrease",3.6857874724549e-06
"72",2026-10-03,2,2026-10-17,"wk flu hosp rate change","pmf","decrease",0.242664610177636
"72",2026-10-03,2,2026-10-17,"wk flu hosp rate change","pmf","stable",0.291776598778586
"72",2026-10-03,2,2026-10-17,"wk flu hosp rate change","pmf","increase",0.359631537578976
"72",2026-10-03,2,2026-10-17,"wk flu hosp rate change","pmf","large_increase",0.105923567677329
"72",2026-10-03,3,2026-10-24,"wk flu hosp rate change","pmf","large_decrease",6.49752608997237e-10
"72",2026-10-03,3,2026-10-24,"wk flu hosp rate change","pmf","decrease",0.188181038923807
"72",2026-10-03,3,2026-10-24,"wk flu hosp rate change","pmf","stable",0.346136861566171
"72",2026-10-03,3,2026-10-24,"wk flu hosp rate change","pmf","increase",0.353292524191951
"72",2026-10-03,3,2026-10-24,"wk flu hosp rate change","pmf","large_increase",0.112389574668318
"US",2026-10-03,0,2026-10-03,"wk flu hosp rate change","pmf","large_decrease",1.05629702417566e-20
"US",2026-10-03,0,2026-10-03,"wk flu hosp rate change","pmf","decrease",0.00377855641605027
"US",2026-10-03,0,2026-10-03,"wk flu hosp rate change","pmf","stable",0.837981533224082
"US",2026-10-03,0,2026-10-03,"wk flu hosp rate change","pmf","increase",0.158235364846691
"US",2026-10-03,0,2026-10-03,"wk flu hosp rate change","pmf","large_increase",4.54551317696783e-06
"US",2026-10-03,1,2026-10-10,"wk flu hosp rate change","pmf","large_decrease",8.81753653786627e-34
"US",2026-10-03,1,2026-10-10,"wk flu hosp rate change","pmf","decrease",0.000883947944765263
"US",2026-10-03,1,2026-10-10,"wk flu hosp rate change","pmf","stable",0.801427972285835
"US",2026-10-03,1,2026-10-10,"wk flu hosp rate change","pmf","increase",0.197687434331751
"US",2026-10-03,1,2026-10-10,"wk flu hosp rate change","pmf","large_increase",6.45437648549851e-07
"US",2026-10-03,2,2026-10-17,"wk flu hosp rate change","pmf","large_decrease",4.03394108324064e-62
"US",2026-10-03,2,2026-10-17,"wk flu hosp rate change","pmf","decrease",5.10436385322499e-05
"US",2026-10-03,2,2026-10-17,"wk flu hosp rate change","pmf","stable",0.810316059533407
"US",2026-10-03,2,2026-10-17,"wk flu hosp rate change","pmf","increase",0.189631197158546
"US",2026-10-03,2,2026-10-17,"wk flu hosp rate change","pmf","large_increase",1.69966951391043e-06
"US",2026-10-03,3,2026-10-24,"wk flu hosp rate change","pmf","large_decrease",8.07871062768082e-73
"US",2026-10-03,3,2026-10-24,"wk flu hosp rate change","pmf","decrease",2.28498418827512e-06
"US",2026-10-03,3,2026-10-24,"wk flu hosp rate change","pmf","stable",0.835512397042581
"US",2026-10-03,3,2026-10-24,"wk flu hosp rate change","pmf","increase",0.164479089254798
"US",2026-10-03,3,2026-10-24,"wk flu hosp rate change","pmf","large_increase",6.22871843258821e-06
